/*--------------------------------*- C++ -*----------------------------------*\
  =========                 |
  \\      /  F ield         | OpenFOAM: The Open Source CFD Toolbox
   \\    /   O peration     | Website:  https://openfoam.org
    \\  /    A nd           | Version:  10
     \\/     M anipulation  |
\*---------------------------------------------------------------------------*/
FoamFile
{
    format      ascii;
    class       surfaceScalarField;
    location    "4000";
    object      phi;
}
// * * * * * * * * * * * * * * * * * * * * * * * * * * * * * * * * * * * * * //

dimensions      [0 3 -1 0 0 0 0];

internalField   nonuniform List<scalar> 
7780
(
7.462686567e-06
1.845064449e-19
7.462686567e-06
2.770999597e-20
7.462686567e-06
8.233451427e-21
7.462686567e-06
2.597462779e-21
7.462686567e-06
-1.642184942e-21
7.462686567e-06
-2.943165162e-21
7.462686567e-06
-1.816547403e-22
7.462686567e-06
3.268513341e-21
7.462686567e-06
-1.935369586e-21
7.462686567e-06
-1.212707877e-21
7.462686567e-06
-6.090393367e-23
7.462686567e-06
6.745900799e-23
7.462686567e-06
-1.191238383e-21
7.462686567e-06
2.03537299e-22
7.462686567e-06
1.744446205e-21
7.462686567e-06
-3.738102639e-21
7.462686567e-06
-2.004595327e-21
7.462686567e-06
2.285783549e-21
7.462686567e-06
-2.597610293e-21
7.462686567e-06
-2.810460148e-22
7.462686567e-06
1.825716768e-21
7.462686567e-06
-4.8641149e-21
7.462686567e-06
-4.010922531e-21
7.462686567e-06
3.958139699e-21
7.462686567e-06
4.546037484e-21
7.462686567e-06
2.673233418e-21
7.462686567e-06
4.906916962e-22
7.462686567e-06
8.073694147e-23
7.462686567e-06
2.544824033e-21
7.462686567e-06
-4.322134298e-21
7.462686567e-06
1.598657747e-21
7.462686567e-06
-8.409524122e-22
7.462686567e-06
-2.178792535e-21
7.462686567e-06
2.470889781e-21
7.462686567e-06
-7.276536945e-21
7.462686567e-06
2.902757734e-21
7.462686567e-06
-3.548863962e-21
7.462686567e-06
-1.800964328e-22
7.462686567e-06
2.579957104e-21
7.462686567e-06
3.065286533e-21
7.462686567e-06
2.454663084e-21
7.462686567e-06
-5.704309332e-21
7.462686567e-06
4.118707251e-21
7.462686567e-06
-7.235733236e-21
7.462686567e-06
2.744578941e-21
7.462686567e-06
4.14474475e-22
7.462686567e-06
-5.361904156e-21
7.462686567e-06
3.899067808e-21
7.462686567e-06
-3.948322366e-21
7.462686567e-06
3.10849699e-21
7.462686567e-06
6.373929077e-21
7.462686567e-06
-4.74890174e-21
7.462686567e-06
-7.658142296e-23
7.462686567e-06
3.74863094e-21
7.462686567e-06
-1.181448742e-21
7.462686567e-06
-2.98206496e-21
7.462686567e-06
7.695847917e-21
7.462686567e-06
-3.91289381e-21
7.462686567e-06
1.995060466e-21
7.462686567e-06
2.856872072e-21
7.462686567e-06
-5.705034069e-21
7.462686567e-06
4.818996658e-21
7.462686567e-06
1.93436748e-22
7.462686567e-06
-7.137580098e-21
7.462686567e-06
-2.041824379e-21
7.462686567e-06
3.403420234e-21
7.462686567e-06
-1.909744068e-21
7.462686567e-06
8.593144848e-22
7.462686567e-06
1.068547109e-20
7.462686567e-06
4.982860302e-22
7.462686567e-06
-1.184170348e-20
7.462686567e-06
8.240169157e-22
7.462686567e-06
1.210937531e-20
7.462686567e-06
-7.38113839e-21
7.462686567e-06
-1.146472938e-20
7.462686567e-06
6.98817855e-21
7.462686567e-06
1.257136328e-20
7.462686567e-06
-1.686218246e-21
7.462686567e-06
-1.906906625e-20
7.462686567e-06
5.168960369e-21
7.462686567e-06
8.679489562e-21
7.462686567e-06
-9.044121055e-21
7.462686567e-06
1.9249993e-22
7.462686567e-06
6.435156208e-21
7.462686567e-06
5.866993475e-21
7.462686567e-06
3.16599838e-21
7.462686567e-06
-3.301854166e-21
7.462686567e-06
-7.350512028e-21
7.462686567e-06
-7.38581835e-21
7.462686567e-06
9.027688956e-21
7.462686567e-06
1.015822283e-20
7.462686567e-06
-8.570926888e-21
7.462686567e-06
-1.085355641e-20
7.462686567e-06
1.233411513e-20
7.462686567e-06
3.739517522e-21
7.462686567e-06
-1.239665755e-20
7.462686567e-06
8.416739495e-21
7.462686567e-06
9.406199788e-21
7.462686567e-06
-1.503548797e-20
7.462686567e-06
-1.19904339e-20
7.462686567e-06
1.152318806e-20
7.462686567e-06
1.248355614e-20
7.462686567e-06
-4.006916146e-21
7.462686567e-06
-6.328146019e-21
7.462686567e-06
5.930730958e-22
7.462686567e-06
7.708795236e-21
7.462686567e-06
-2.461504896e-21
7.462686567e-06
-1.219064234e-20
7.462686567e-06
5.618365957e-21
7.462686567e-06
1.769387045e-20
7.462686567e-06
-1.026457733e-20
7.462686567e-06
-1.511883121e-20
7.462686567e-06
1.121413103e-20
7.462686567e-06
3.888585863e-21
7.462686567e-06
3.932952678e-21
7.462686567e-06
-5.606183858e-21
7.462686567e-06
-1.654395129e-20
7.462686567e-06
1.281990965e-20
7.462686567e-06
1.775111718e-20
7.462686567e-06
-9.250731871e-21
7.462686567e-06
-1.485295926e-20
7.462686567e-06
1.811120063e-21
7.462686567e-06
1.412904327e-20
7.462686567e-06
-2.166711692e-22
7.462686567e-06
1.531637887e-21
7.462686567e-06
3.654652844e-22
7.462686567e-06
1.659867839e-21
7.462686567e-06
-7.799851474e-21
7.462686567e-06
-1.716403688e-20
7.462686567e-06
1.484980939e-20
7.462686567e-06
4.933119146e-21
7.462686567e-06
-8.976745746e-21
7.462686567e-06
6.9833372e-21
7.462686567e-06
-1.110677753e-20
7.462686567e-06
3.483175151e-21
7.462686567e-06
5.912366197e-21
7.462686567e-06
-6.352903592e-21
7.462686567e-06
-1.678216745e-22
7.462686567e-06
9.861601395e-21
7.462686567e-06
1.56687025e-21
7.462686567e-06
-1.49031765e-20
7.462686567e-06
-8.633432032e-21
7.462686567e-06
2.208193362e-21
7.462686567e-06
1.06924158e-20
7.462686567e-06
3.036931321e-21
7.462686567e-06
-4.960606081e-21
7.462686567e-06
1.465791561e-20
7.462686567e-06
7.978752028e-22
7.462686567e-06
-1.733581371e-20
7.462686567e-06
1.908062293e-21
7.462686567e-06
-6.269126316e-22
7.462686567e-06
1.712664078e-20
7.462686567e-06
-1.777368969e-21
7.462686567e-06
-2.245178532e-20
7.462686567e-06
2.476136958e-20
7.462686567e-06
1.003137922e-20
7.462686567e-06
-1.921779348e-20
7.462686567e-06
-1.001279861e-20
7.462686567e-06
-4.614402976e-21
7.462686567e-06
1.951024882e-20
7.462686567e-06
8.685694545e-21
7.462686567e-06
-1.051942002e-20
7.462686567e-06
-2.033499374e-21
7.462686567e-06
2.708802578e-21
7.462686567e-06
-2.403483447e-21
7.462686567e-06
-1.160276202e-20
7.462686567e-06
1.848705945e-21
7.462686567e-06
-1.781436256e-21
7.462686567e-06
8.946562668e-21
7.462686567e-06
1.391759718e-20
7.462686567e-06
-1.459765484e-20
7.462686567e-06
-4.877084232e-22
7.462686567e-06
1.972464756e-20
7.462686567e-06
-2.327925187e-20
7.462686567e-06
8.382492516e-21
7.462686567e-06
-5.044217501e-21
7.462686567e-06
-5.304682829e-21
7.462686567e-06
2.050500022e-20
7.462686567e-06
-2.619780245e-20
7.462686567e-06
2.348810393e-20
7.462686567e-06
7.609277228e-21
7.462686567e-06
-2.32466408e-20
7.462686567e-06
1.234502107e-20
7.462686567e-06
-1.445607974e-20
7.462686567e-06
3.929497618e-21
7.462686567e-06
2.265402044e-20
7.462686567e-06
-2.544467789e-20
7.462686567e-06
9.463823789e-21
7.462686567e-06
1.88502769e-20
7.462686567e-06
-2.016170201e-20
7.462686567e-06
-1.482203834e-20
7.462686567e-06
9.332530045e-21
7.462686567e-06
-5.368278043e-21
7.462686567e-06
-2.487341965e-22
7.462686567e-06
1.657214418e-20
7.462686567e-06
-6.332990027e-21
7.462686567e-06
4.198865175e-21
7.462686567e-06
3.078637274e-21
7.462686567e-06
-2.351165263e-20
1.923973508e-20
2.089552239e-05
1.644458555e-19
2.089552239e-05
5.018907483e-20
2.089552239e-05
2.995788926e-20
2.089552239e-05
1.215069159e-20
2.089552239e-05
-2.631630049e-21
2.089552239e-05
-3.640975787e-21
2.089552239e-05
2.741453262e-23
2.089552239e-05
7.99908042e-21
2.089552239e-05
-5.699646996e-21
2.089552239e-05
1.603875665e-21
2.089552239e-05
9.880801552e-22
2.089552239e-05
-2.972619701e-21
2.089552239e-05
-4.256670681e-21
2.089552239e-05
-6.693633034e-21
2.089552239e-05
3.103448952e-21
2.089552239e-05
-5.307726181e-21
2.089552239e-05
-2.265913307e-21
2.089552239e-05
2.660040681e-21
2.089552239e-05
-3.143389668e-21
2.089552239e-05
3.229165444e-22
2.089552239e-05
-4.504205183e-21
2.089552239e-05
-1.235572064e-20
2.089552239e-05
-4.290083657e-21
2.089552239e-05
1.874639607e-20
2.089552239e-05
1.335445425e-20
2.089552239e-05
4.435306389e-21
2.089552239e-05
3.990367833e-21
2.089552239e-05
6.632138204e-21
2.089552239e-05
2.642104707e-22
2.089552239e-05
-1.13398532e-20
2.089552239e-05
1.611969763e-21
2.089552239e-05
3.267371856e-21
2.089552239e-05
-1.006981638e-20
2.089552239e-05
-3.847767889e-21
2.089552239e-05
-1.25713286e-20
2.089552239e-05
3.440031961e-21
2.089552239e-05
-6.99962397e-21
2.089552239e-05
-4.048604792e-23
2.089552239e-05
3.628033685e-21
2.089552239e-05
7.029775956e-21
2.089552239e-05
-7.07639024e-22
2.089552239e-05
-3.948551937e-21
2.089552239e-05
1.20820651e-20
2.089552239e-05
-1.577265092e-20
2.089552239e-05
-8.416873021e-22
2.089552239e-05
3.409198261e-21
2.089552239e-05
-6.923025483e-21
2.089552239e-05
-4.038042366e-21
2.089552239e-05
-2.462901854e-21
2.089552239e-05
6.821695061e-21
2.089552239e-05
1.272786331e-20
2.089552239e-05
-7.975035407e-21
2.089552239e-05
-2.370271982e-21
2.089552239e-05
1.471374758e-20
2.089552239e-05
-1.571174687e-21
2.089552239e-05
-6.716412477e-21
2.089552239e-05
8.181938687e-21
2.089552239e-05
-3.839203211e-21
2.089552239e-05
9.995179097e-21
2.089552239e-05
6.004945985e-23
2.089552239e-05
-1.294467653e-20
2.089552239e-05
6.967002143e-21
2.089552239e-05
3.127094854e-21
2.089552239e-05
-1.42254341e-20
2.089552239e-05
-1.453422377e-21
2.089552239e-05
6.439732723e-21
2.089552239e-05
-1.951317041e-21
2.089552239e-05
1.24727771e-20
2.089552239e-05
2.433800687e-20
2.089552239e-05
-1.351896095e-20
2.089552239e-05
-2.891230878e-20
2.089552239e-05
1.361265751e-20
2.089552239e-05
1.654306348e-20
2.089552239e-05
-9.588696501e-21
2.089552239e-05
-1.554526515e-20
2.089552239e-05
1.116373212e-20
2.089552239e-05
2.422798854e-20
2.089552239e-05
-1.497481329e-20
2.089552239e-05
-3.545598335e-20
2.089552239e-05
5.242982014e-21
2.089552239e-05
2.068756749e-20
2.089552239e-05
-1.49527907e-20
2.089552239e-05
-5.156611797e-21
2.089552239e-05
2.564601877e-20
2.089552239e-05
1.425856051e-20
2.089552239e-05
2.909425348e-21
2.089552239e-05
-6.061005217e-22
2.089552239e-05
-1.999349677e-20
2.089552239e-05
-1.719991137e-20
2.089552239e-05
2.490510244e-20
2.089552239e-05
1.62050592e-20
2.089552239e-05
-1.822890964e-20
2.089552239e-05
-1.106682275e-20
2.089552239e-05
1.822663069e-20
2.089552239e-05
-4.957183965e-22
2.089552239e-05
-1.322959719e-20
2.089552239e-05
1.640024312e-20
2.089552239e-05
1.344639357e-20
2.089552239e-05
-2.988047464e-20
2.089552239e-05
-2.48207825e-20
2.089552239e-05
2.254065763e-20
2.089552239e-05
2.552610136e-20
2.089552239e-05
5.839253208e-21
2.089552239e-05
-1.475567665e-20
2.089552239e-05
-1.264188885e-20
2.089552239e-05
1.611048389e-20
2.089552239e-05
-6.350899948e-22
2.089552239e-05
-1.815325787e-20
2.089552239e-05
1.21030647e-20
2.089552239e-05
2.007565521e-20
2.089552239e-05
-1.699762177e-20
2.089552239e-05
-2.356131842e-20
2.089552239e-05
1.614282831e-20
2.089552239e-05
1.208003198e-20
2.089552239e-05
3.968540567e-21
2.089552239e-05
-6.792917862e-21
2.089552239e-05
-2.505448938e-20
2.089552239e-05
2.933251267e-20
2.089552239e-05
3.149226307e-20
2.089552239e-05
-2.489395334e-20
2.089552239e-05
-2.664478855e-20
2.089552239e-05
4.806133076e-21
2.089552239e-05
2.602239435e-20
2.089552239e-05
9.761574369e-21
2.089552239e-05
8.117685417e-21
2.089552239e-05
-1.061253248e-20
2.089552239e-05
-1.202965385e-21
2.089552239e-05
-2.938845165e-20
2.089552239e-05
-2.375722221e-20
2.089552239e-05
3.07814806e-20
2.089552239e-05
1.572405291e-20
2.089552239e-05
-8.880588079e-21
2.089552239e-05
-9.46093562e-22
2.089552239e-05
-2.016804309e-20
2.089552239e-05
-9.571649557e-22
2.089552239e-05
9.711935022e-21
2.089552239e-05
-5.241653887e-21
2.089552239e-05
-5.39299723e-21
2.089552239e-05
1.487215158e-20
2.089552239e-05
-7.654773705e-22
2.089552239e-05
-3.802266334e-20
2.089552239e-05
-1.355240213e-20
2.089552239e-05
1.072187708e-20
2.089552239e-05
2.228755369e-20
2.089552239e-05
1.754464541e-20
2.089552239e-05
-5.776009956e-21
2.089552239e-05
2.006129218e-20
2.089552239e-05
5.526594377e-21
2.089552239e-05
-2.08060983e-20
2.089552239e-05
-1.526173078e-20
2.089552239e-05
-6.970734154e-21
2.089552239e-05
4.09947428e-20
2.089552239e-05
6.548183298e-21
2.089552239e-05
-3.586019524e-20
2.089552239e-05
3.713188694e-20
2.089552239e-05
1.59555742e-20
2.089552239e-05
-3.523399201e-20
2.089552239e-05
-2.228251674e-20
2.089552239e-05
-2.03786122e-21
2.089552239e-05
3.697304437e-20
2.089552239e-05
1.319931255e-20
2.089552239e-05
-1.851401052e-20
2.089552239e-05
4.691074644e-21
2.089552239e-05
1.1309897e-20
2.089552239e-05
-2.997231038e-20
2.089552239e-05
-2.512633461e-20
2.089552239e-05
1.070253371e-20
2.089552239e-05
4.753745858e-21
2.089552239e-05
2.488452235e-20
2.089552239e-05
1.583224386e-20
2.089552239e-05
-1.395184673e-20
2.089552239e-05
9.35067614e-22
2.089552239e-05
2.206712424e-20
2.089552239e-05
-3.603004611e-20
2.089552239e-05
8.480100668e-21
2.089552239e-05
-2.032455796e-20
2.089552239e-05
-4.411172876e-21
2.089552239e-05
4.538553641e-20
2.089552239e-05
-3.745031519e-20
2.089552239e-05
3.033423393e-20
2.089552239e-05
2.501714668e-20
2.089552239e-05
-3.461709175e-20
2.089552239e-05
1.227591156e-20
2.089552239e-05
-2.321006471e-20
2.089552239e-05
6.751285812e-22
2.089552239e-05
4.886044627e-20
2.089552239e-05
-3.54183619e-20
2.089552239e-05
1.072401591e-20
2.089552239e-05
2.718252194e-20
2.089552239e-05
-4.685219028e-20
2.089552239e-05
-2.635077137e-20
2.089552239e-05
1.649884949e-20
2.089552239e-05
-1.506582699e-20
2.089552239e-05
7.479784886e-21
2.089552239e-05
3.214211638e-20
2.089552239e-05
-1.027441095e-20
2.089552239e-05
3.740029374e-21
2.089552239e-05
-2.996719473e-21
2.089552239e-05
-5.1533083e-20
2.172875053e-20
3.28358209e-05
1.564454466e-19
3.28358209e-05
7.77755256e-20
3.28358209e-05
3.915217126e-20
3.28358209e-05
2.176452833e-20
3.28358209e-05
1.061237762e-20
3.28358209e-05
3.051607199e-22
3.28358209e-05
-3.127164306e-21
3.28358209e-05
1.985675209e-21
3.28358209e-05
-2.360794473e-21
3.28358209e-05
1.227747865e-20
3.28358209e-05
-5.537053634e-21
3.28358209e-05
4.295241639e-22
3.28358209e-05
-5.004698752e-21
3.28358209e-05
-7.714440886e-21
3.28358209e-05
-1.141815059e-21
3.28358209e-05
-1.085180789e-21
3.28358209e-05
-1.188560401e-20
3.28358209e-05
2.443259657e-21
3.28358209e-05
-4.644884241e-21
3.28358209e-05
-2.953724312e-21
3.28358209e-05
-6.295078904e-21
3.28358209e-05
-1.110574964e-20
3.28358209e-05
-1.171081971e-20
3.28358209e-05
2.13021841e-20
3.28358209e-05
1.843845832e-20
3.28358209e-05
1.40864056e-20
3.28358209e-05
1.364990125e-20
3.28358209e-05
6.393613854e-21
3.28358209e-05
-4.768355447e-21
3.28358209e-05
-1.171671211e-20
3.28358209e-05
6.860102387e-21
3.28358209e-05
1.589284213e-21
3.28358209e-05
-1.314332514e-20
3.28358209e-05
-8.614246079e-21
3.28358209e-05
-2.245921679e-20
3.28358209e-05
-2.746732596e-21
3.28358209e-05
5.380009217e-21
3.28358209e-05
5.218597904e-21
3.28358209e-05
7.502791134e-21
3.28358209e-05
7.818745739e-21
3.28358209e-05
1.879626069e-21
3.28358209e-05
-7.768814022e-21
3.28358209e-05
4.737891059e-21
3.28358209e-05
-1.681162074e-20
3.28358209e-05
-1.078431805e-20
3.28358209e-05
4.208422291e-21
3.28358209e-05
-1.089971796e-20
3.28358209e-05
-1.480639843e-21
3.28358209e-05
-7.165785408e-22
3.28358209e-05
4.386415351e-21
3.28358209e-05
1.675180458e-20
3.28358209e-05
-1.00583218e-20
3.28358209e-05
-2.803751821e-24
3.28358209e-05
2.31733139e-20
3.28358209e-05
-3.106181021e-21
3.28358209e-05
-7.359025284e-21
3.28358209e-05
1.614594104e-20
3.28358209e-05
-1.177152988e-21
3.28358209e-05
1.40009601e-20
3.28358209e-05
-2.747607831e-21
3.28358209e-05
-1.744166883e-20
3.28358209e-05
6.683929569e-21
3.28358209e-05
2.498732041e-21
3.28358209e-05
-1.009603996e-20
3.28358209e-05
5.446810912e-22
3.28358209e-05
7.892023506e-21
3.28358209e-05
-4.435737456e-21
3.28358209e-05
1.828528442e-20
3.28358209e-05
2.436723161e-20
3.28358209e-05
-2.103325883e-20
3.28358209e-05
-3.914688091e-20
3.28358209e-05
1.874834548e-20
3.28358209e-05
1.459915758e-20
3.28358209e-05
-1.1050498e-20
3.28358209e-05
-1.735623599e-20
3.28358209e-05
1.111297232e-20
3.28358209e-05
2.874646488e-20
3.28358209e-05
-1.672703597e-20
3.28358209e-05
-5.292613578e-20
3.28358209e-05
1.729382474e-21
3.28358209e-05
2.714663794e-20
3.28358209e-05
-1.997900711e-20
3.28358209e-05
-2.848183225e-21
3.28358209e-05
4.737943777e-20
3.28358209e-05
1.828715741e-20
3.28358209e-05
2.03906871e-21
3.28358209e-05
9.292839078e-21
3.28358209e-05
-3.193961011e-20
3.28358209e-05
-2.79437882e-20
3.28358209e-05
3.837206831e-20
3.28358209e-05
1.397548913e-21
3.28358209e-05
-2.872721761e-20
3.28358209e-05
-1.073914833e-20
3.28358209e-05
2.677307299e-20
3.28358209e-05
3.904238149e-21
3.28358209e-05
-3.535939667e-20
3.28358209e-05
2.510661317e-20
3.28358209e-05
1.13417867e-20
3.28358209e-05
-3.08342861e-20
3.28358209e-05
-3.767985274e-20
3.28358209e-05
2.297240359e-20
3.28358209e-05
4.731679199e-20
3.28358209e-05
1.279709531e-20
3.28358209e-05
-1.689107298e-20
3.28358209e-05
-4.012460134e-20
3.28358209e-05
2.550181928e-20
3.28358209e-05
9.05709893e-21
3.28358209e-05
-1.83328678e-20
3.28358209e-05
4.080747512e-21
3.28358209e-05
2.822472373e-20
3.28358209e-05
-9.101321749e-21
3.28358209e-05
-2.628512144e-20
3.28358209e-05
6.29008837e-21
3.28358209e-05
1.736225721e-20
3.28358209e-05
1.235383052e-20
3.28358209e-05
-1.929038119e-20
3.28358209e-05
-2.667141552e-20
3.28358209e-05
4.047572381e-20
3.28358209e-05
4.019480398e-20
3.28358209e-05
-2.098785172e-20
3.28358209e-05
-4.027387576e-20
3.28358209e-05
1.211128264e-21
3.28358209e-05
3.248892138e-20
3.28358209e-05
3.035368779e-20
3.28358209e-05
4.747121157e-21
3.28358209e-05
-2.680185013e-20
3.28358209e-05
-4.627803889e-21
3.28358209e-05
-4.945187537e-20
3.28358209e-05
-2.755196549e-20
3.28358209e-05
4.949370733e-20
3.28358209e-05
2.099867018e-20
3.28358209e-05
-1.7039569e-21
3.28358209e-05
-2.192003387e-20
3.28358209e-05
-2.671242016e-20
3.28358209e-05
4.756153613e-21
3.28358209e-05
6.409996149e-21
3.28358209e-05
-1.055358176e-20
3.28358209e-05
-8.116194884e-21
3.28358209e-05
1.664225641e-20
3.28358209e-05
-1.147246531e-20
3.28358209e-05
-5.715545045e-20
3.28358209e-05
-7.987516456e-21
3.28358209e-05
1.595240027e-20
3.28358209e-05
3.488902058e-20
3.28358209e-05
4.233249628e-20
3.28358209e-05
-1.766098091e-20
3.28358209e-05
2.05131323e-20
3.28358209e-05
1.932256544e-20
3.28358209e-05
-1.037353034e-20
3.28358209e-05
-4.413637219e-20
3.28358209e-05
-2.0341949e-20
3.28358209e-05
7.148707474e-20
3.28358209e-05
1.212449552e-20
3.28358209e-05
-3.572715521e-20
3.28358209e-05
4.028663939e-20
3.28358209e-05
1.230430633e-20
3.28358209e-05
-4.438403862e-20
3.28358209e-05
-2.732791935e-20
3.28358209e-05
-1.135955076e-20
3.28358209e-05
4.215145277e-20
3.28358209e-05
1.459961884e-20
3.28358209e-05
-7.111494967e-21
3.28358209e-05
2.331255196e-20
3.28358209e-05
2.319657238e-21
3.28358209e-05
-6.179874536e-20
3.28358209e-05
-3.324633546e-20
3.28358209e-05
1.814579258e-20
3.28358209e-05
1.70154315e-20
3.28358209e-05
3.066220356e-20
3.28358209e-05
3.225136692e-21
3.28358209e-05
-4.719965416e-21
3.28358209e-05
2.753370466e-21
3.28358209e-05
1.551487854e-20
3.28358209e-05
-2.594589328e-20
3.28358209e-05
7.0405604e-22
3.28358209e-05
-5.031765377e-20
3.28358209e-05
-1.307103931e-20
3.28358209e-05
6.621322137e-20
3.28358209e-05
-2.168832203e-20
3.28358209e-05
3.993559773e-20
3.28358209e-05
3.83953635e-20
3.28358209e-05
-4.711663045e-20
3.28358209e-05
-2.09539685e-20
3.28358209e-05
-9.818768526e-21
3.28358209e-05
1.328490846e-20
3.28358209e-05
6.237309288e-20
3.28358209e-05
-3.858404581e-20
3.28358209e-05
5.980033655e-21
3.28358209e-05
3.235513193e-20
3.28358209e-05
-7.769226701e-20
3.28358209e-05
-4.587949415e-20
3.28358209e-05
1.471819027e-20
3.28358209e-05
-1.565073017e-20
3.28358209e-05
2.894288944e-20
3.28358209e-05
3.30293537e-20
3.28358209e-05
-2.236549422e-20
3.28358209e-05
7.608611457e-21
3.28358209e-05
-3.725113182e-21
3.28358209e-05
-7.152327153e-20
2.605317114e-20
4.328358209e-05
1.366470578e-19
4.328358209e-05
8.880973383e-20
4.328358209e-05
5.186551885e-20
4.328358209e-05
3.051218712e-20
4.328358209e-05
1.874050724e-20
4.328358209e-05
2.977009876e-21
4.328358209e-05
1.189777177e-20
4.328358209e-05
3.291885613e-21
4.328358209e-05
-7.053300434e-22
4.328358209e-05
1.245836837e-20
4.328358209e-05
-7.550272834e-21
4.328358209e-05
-9.210033556e-21
4.328358209e-05
7.983190862e-21
4.328358209e-05
-5.455996795e-21
4.328358209e-05
-5.731727086e-21
4.328358209e-05
-9.239774744e-21
4.328358209e-05
-4.980429744e-21
4.328358209e-05
-5.349567902e-21
4.328358209e-05
-9.609101335e-21
4.328358209e-05
-2.827865232e-21
4.328358209e-05
-5.44395983e-21
4.328358209e-05
-2.392291749e-20
4.328358209e-05
-1.490544761e-20
4.328358209e-05
2.109487418e-20
4.328358209e-05
2.558185148e-20
4.328358209e-05
1.871036977e-20
4.328358209e-05
2.081582456e-20
4.328358209e-05
4.13374315e-21
4.328358209e-05
-1.806182641e-20
4.328358209e-05
-1.327916902e-20
4.328358209e-05
3.156866878e-21
4.328358209e-05
-1.43580887e-21
4.328358209e-05
-3.336170488e-20
4.328358209e-05
-1.008386428e-20
4.328358209e-05
-1.97660817e-20
4.328358209e-05
-5.032402296e-21
4.328358209e-05
1.910933092e-20
4.328358209e-05
1.907976498e-20
4.328358209e-05
7.802167635e-21
4.328358209e-05
2.104005423e-21
4.328358209e-05
-6.97074344e-21
4.328358209e-05
-1.460591071e-20
4.328358209e-05
4.072065708e-21
4.328358209e-05
-1.998657302e-20
4.328358209e-05
-9.044008721e-21
4.328358209e-05
1.966568777e-22
4.328358209e-05
-1.673136209e-20
4.328358209e-05
-8.710239159e-21
4.328358209e-05
-4.988609128e-22
4.328358209e-05
8.584355044e-21
4.328358209e-05
3.846464255e-21
4.328358209e-05
-1.409135623e-21
4.328358209e-05
1.229727366e-20
4.328358209e-05
1.570759072e-20
4.328358209e-05
-8.257205271e-21
4.328358209e-05
-1.161057401e-20
4.328358209e-05
2.302290957e-20
4.328358209e-05
1.515070091e-20
4.328358209e-05
8.600237197e-21
4.328358209e-05
-2.213333399e-21
4.328358209e-05
-6.827768383e-21
4.328358209e-05
7.312201767e-21
4.328358209e-05
1.142670064e-20
4.328358209e-05
-1.577494475e-20
4.328358209e-05
-5.669035158e-21
4.328358209e-05
7.197710314e-21
4.328358209e-05
8.071454203e-22
4.328358209e-05
2.608685434e-20
4.328358209e-05
1.515406614e-20
4.328358209e-05
-3.118788423e-20
4.328358209e-05
-4.261973775e-20
4.328358209e-05
2.532661415e-20
4.328358209e-05
4.314585384e-21
4.328358209e-05
-4.728826327e-21
4.328358209e-05
-1.586707072e-20
4.328358209e-05
1.976558291e-21
4.328358209e-05
3.456145258e-20
4.328358209e-05
-2.450101576e-20
4.328358209e-05
-5.654034617e-20
4.328358209e-05
9.427960393e-21
4.328358209e-05
3.0308287e-20
4.328358209e-05
-2.540425201e-20
4.328358209e-05
7.286626549e-21
4.328358209e-05
5.906669384e-20
4.328358209e-05
1.855573419e-20
4.328358209e-05
1.024988479e-20
4.328358209e-05
1.235785469e-21
4.328358209e-05
-2.800183582e-20
4.328358209e-05
-2.799609663e-20
4.328358209e-05
3.498045128e-20
4.328358209e-05
-1.256135068e-20
4.328358209e-05
-3.071148516e-20
4.328358209e-05
-1.463258893e-20
4.328358209e-05
2.303792781e-20
4.328358209e-05
-1.644557504e-21
4.328358209e-05
-4.697484938e-20
4.328358209e-05
2.298673484e-20
4.328358209e-05
2.026918161e-20
4.328358209e-05
-3.368680219e-20
4.328358209e-05
-4.245620434e-20
4.328358209e-05
4.064849895e-20
4.328358209e-05
6.189745881e-20
4.328358209e-05
1.30961732e-20
4.328358209e-05
-2.33618296e-20
4.328358209e-05
-2.758291138e-20
4.328358209e-05
2.161782157e-20
4.328358209e-05
5.94416444e-21
4.328358209e-05
-2.791433932e-20
4.328358209e-05
8.961431018e-21
4.328358209e-05
2.946083189e-20
4.328358209e-05
-7.983736676e-21
4.328358209e-05
-3.659101402e-20
4.328358209e-05
-3.004792991e-22
4.328358209e-05
3.477849005e-20
4.328358209e-05
2.122293477e-20
4.328358209e-05
-3.490352916e-20
4.328358209e-05
-1.856860804e-20
4.328358209e-05
4.949880677e-20
4.328358209e-05
4.151371078e-20
4.328358209e-05
-2.672700978e-20
4.328358209e-05
-4.113106068e-20
4.328358209e-05
1.453542097e-21
4.328358209e-05
4.525401789e-20
4.328358209e-05
3.841256198e-20
4.328358209e-05
-1.431940529e-20
4.328358209e-05
-2.917172508e-20
4.328358209e-05
-5.705250291e-21
4.328358209e-05
-6.800834148e-20
4.328358209e-05
-2.986632545e-20
4.328358209e-05
6.591574702e-20
4.328358209e-05
3.779092012e-20
4.328358209e-05
1.793168683e-21
4.328358209e-05
-3.985079589e-20
4.328358209e-05
-3.27531087e-20
4.328358209e-05
1.23037116e-20
4.328358209e-05
-2.07266236e-21
4.328358209e-05
-1.397026852e-20
4.328358209e-05
-2.123836602e-20
4.328358209e-05
7.927263974e-21
4.328358209e-05
-1.570909466e-21
4.328358209e-05
-6.652950545e-20
4.328358209e-05
-1.042597311e-20
4.328358209e-05
1.706918144e-20
4.328358209e-05
3.965813021e-20
4.328358209e-05
7.07429856e-20
4.328358209e-05
-1.294969708e-20
4.328358209e-05
2.66856079e-20
4.328358209e-05
3.071193812e-20
4.328358209e-05
-1.357744929e-20
4.328358209e-05
-6.462442859e-20
4.328358209e-05
-2.40515791e-20
4.328358209e-05
7.72464053e-20
4.328358209e-05
8.930000874e-21
4.328358209e-05
-3.811644905e-20
4.328358209e-05
5.550520498e-20
4.328358209e-05
1.359976912e-20
4.328358209e-05
-5.442167336e-20
4.328358209e-05
-3.091175772e-20
4.328358209e-05
-1.275131963e-20
4.328358209e-05
4.638642902e-20
4.328358209e-05
4.226770233e-22
4.328358209e-05
6.173666676e-21
4.328358209e-05
4.260154234e-20
4.328358209e-05
2.435132624e-21
4.328358209e-05
-8.343338319e-20
4.328358209e-05
-3.85583721e-20
4.328358209e-05
3.359636244e-20
4.328358209e-05
3.547787825e-20
4.328358209e-05
2.996514709e-20
4.328358209e-05
-5.461745718e-21
4.328358209e-05
5.659549749e-21
4.328358209e-05
1.423464804e-20
4.328358209e-05
-1.304915499e-20
4.328358209e-05
-3.504603393e-20
4.328358209e-05
1.265621768e-20
4.328358209e-05
-7.362093024e-20
4.328358209e-05
-1.204489809e-20
4.328358209e-05
7.265772366e-20
4.328358209e-05
-1.050760686e-20
4.328358209e-05
5.34456081e-20
4.328358209e-05
4.318254046e-20
4.328358209e-05
-4.488066357e-20
4.328358209e-05
-4.44065919e-20
4.328358209e-05
-8.215827099e-22
4.328358209e-05
3.472515345e-20
4.328358209e-05
5.054143842e-20
4.328358209e-05
-5.134679157e-20
4.328358209e-05
1.665240108e-20
4.328358209e-05
3.351357969e-20
4.328358209e-05
-9.550031688e-20
4.328358209e-05
-5.802627988e-20
4.328358209e-05
2.061007935e-20
4.328358209e-05
-8.675149135e-21
4.328358209e-05
2.727306068e-20
4.328358209e-05
2.455569169e-20
4.328358209e-05
-4.247022678e-20
4.328358209e-05
2.025203643e-20
4.328358209e-05
-9.53424446e-21
4.328358209e-05
-7.552256677e-20
1.442435858e-20
5.223880597e-05
1.162656726e-19
5.223880597e-05
9.284204273e-20
5.223880597e-05
6.071980972e-20
5.223880597e-05
4.513988376e-20
5.223880597e-05
2.485765376e-20
5.223880597e-05
1.119458428e-20
5.223880597e-05
1.869519649e-20
5.223880597e-05
1.345982275e-20
5.223880597e-05
-1.288166354e-21
5.223880597e-05
1.711825554e-20
5.223880597e-05
-4.089200556e-21
5.223880597e-05
-1.037101168e-20
5.223880597e-05
3.81150384e-21
5.223880597e-05
2.027124834e-21
5.223880597e-05
-9.698774218e-21
5.223880597e-05
-9.477160452e-21
5.223880597e-05
-2.704769155e-20
5.223880597e-05
-2.224710352e-20
5.223880597e-05
-1.764089953e-21
5.223880597e-05
4.946791917e-21
5.223880597e-05
-1.340369816e-20
5.223880597e-05
-2.769150099e-20
5.223880597e-05
-1.240098775e-20
5.223880597e-05
8.569424825e-21
5.223880597e-05
2.630976702e-20
5.223880597e-05
2.663065412e-20
5.223880597e-05
2.495151294e-20
5.223880597e-05
9.33141092e-21
5.223880597e-05
-2.796607194e-20
5.223880597e-05
-2.985028764e-20
5.223880597e-05
4.422788321e-21
5.223880597e-05
-1.409314512e-20
5.223880597e-05
-3.092210981e-20
5.223880597e-05
-8.054787195e-21
5.223880597e-05
-1.964078601e-20
5.223880597e-05
-8.805319158e-21
5.223880597e-05
2.957740403e-20
5.223880597e-05
2.881338345e-20
5.223880597e-05
1.341721069e-20
5.223880597e-05
-1.419255777e-20
5.223880597e-05
-9.531135702e-21
5.223880597e-05
-2.739104209e-20
5.223880597e-05
-1.230601271e-20
5.223880597e-05
-8.747986466e-21
5.223880597e-05
-2.483661511e-20
5.223880597e-05
-3.026797823e-21
5.223880597e-05
-6.670482909e-21
5.223880597e-05
-2.037636357e-20
5.223880597e-05
2.224140612e-21
5.223880597e-05
5.910200279e-21
5.223880597e-05
4.616569505e-21
5.223880597e-05
-4.102567768e-21
5.223880597e-05
2.866747555e-20
5.223880597e-05
1.614504345e-20
5.223880597e-05
-4.931086317e-21
5.223880597e-05
-3.523847377e-22
5.223880597e-05
2.280913316e-20
5.223880597e-05
1.704641697e-20
5.223880597e-05
1.087547834e-21
5.223880597e-05
8.214704504e-21
5.223880597e-05
-3.599575703e-21
5.223880597e-05
8.46486659e-21
5.223880597e-05
1.340472708e-20
5.223880597e-05
-8.687300124e-21
5.223880597e-05
-1.563683938e-21
5.223880597e-05
1.501316841e-20
5.223880597e-05
8.368720435e-21
5.223880597e-05
1.194521154e-20
5.223880597e-05
8.32342632e-21
5.223880597e-05
-3.44260021e-20
5.223880597e-05
-3.613976133e-20
5.223880597e-05
1.389308811e-20
5.223880597e-05
9.174543225e-21
5.223880597e-05
-1.218689284e-20
5.223880597e-05
-1.161560466e-20
5.223880597e-05
-2.348597494e-21
5.223880597e-05
2.937310689e-20
5.223880597e-05
-1.774798422e-20
5.223880597e-05
-5.833901245e-20
5.223880597e-05
1.35256393e-20
5.223880597e-05
1.957460112e-20
5.223880597e-05
-1.909213636e-20
5.223880597e-05
2.949377914e-20
5.223880597e-05
5.415424261e-20
5.223880597e-05
7.790517918e-21
5.223880597e-05
3.052854979e-21
5.223880597e-05
1.703977621e-20
5.223880597e-05
-2.077090236e-20
5.223880597e-05
-2.152850461e-20
5.223880597e-05
2.192251697e-20
5.223880597e-05
-2.812583239e-20
5.223880597e-05
-4.669654603e-20
5.223880597e-05
-5.398885052e-21
5.223880597e-05
1.815805583e-20
5.223880597e-05
-1.719598491e-20
5.223880597e-05
-3.393954971e-20
5.223880597e-05
1.036280548e-20
5.223880597e-05
1.287880495e-20
5.223880597e-05
-2.085290054e-20
5.223880597e-05
-3.845620115e-20
5.223880597e-05
4.305518884e-20
5.223880597e-05
6.248086821e-20
5.223880597e-05
9.445378306e-21
5.223880597e-05
-1.475818383e-20
5.223880597e-05
-2.093661159e-20
5.223880597e-05
1.380900196e-20
5.223880597e-05
1.195896153e-20
5.223880597e-05
-3.360399974e-20
5.223880597e-05
4.915358399e-21
5.223880597e-05
3.801615361e-20
5.223880597e-05
-1.326101351e-20
5.223880597e-05
-2.751211845e-20
5.223880597e-05
-4.76974329e-21
5.223880597e-05
3.320146651e-20
5.223880597e-05
3.40469912e-20
5.223880597e-05
-2.225630887e-20
5.223880597e-05
-1.48882986e-20
5.223880597e-05
5.748871533e-20
5.223880597e-05
2.868082736e-20
5.223880597e-05
-2.956041816e-20
5.223880597e-05
-4.044543975e-20
5.223880597e-05
1.898037351e-21
5.223880597e-05
4.989539091e-20
5.223880597e-05
2.736092062e-20
5.223880597e-05
-2.896940471e-20
5.223880597e-05
-3.488856942e-20
5.223880597e-05
2.832447131e-22
5.223880597e-05
-7.580045565e-20
5.223880597e-05
-2.849208219e-20
5.223880597e-05
7.536083539e-20
5.223880597e-05
5.059842023e-20
5.223880597e-05
4.164128171e-21
5.223880597e-05
-5.343086378e-20
5.223880597e-05
-4.331009873e-20
5.223880597e-05
1.697579424e-20
5.223880597e-05
6.004892032e-21
5.223880597e-05
-1.856106774e-20
5.223880597e-05
-2.304035455e-20
5.223880597e-05
-1.227899155e-20
5.223880597e-05
-5.287483e-21
5.223880597e-05
-5.64957924e-20
5.223880597e-05
-8.171579714e-21
5.223880597e-05
1.425395693e-20
5.223880597e-05
5.946061108e-20
5.223880597e-05
8.322492209e-20
5.223880597e-05
5.109078958e-21
5.223880597e-05
2.764160633e-20
5.223880597e-05
3.899987062e-20
5.223880597e-05
-2.665635604e-20
5.223880597e-05
-7.160696829e-20
5.223880597e-05
-3.082741394e-20
5.223880597e-05
6.571283518e-20
5.223880597e-05
1.242502818e-20
5.223880597e-05
-3.814564249e-20
5.223880597e-05
5.159888046e-20
5.223880597e-05
2.576584983e-20
5.223880597e-05
-6.032245514e-20
5.223880597e-05
-3.569992578e-20
5.223880597e-05
-3.546090075e-21
5.223880597e-05
4.768703178e-20
5.223880597e-05
2.321566991e-20
5.223880597e-05
1.473786865e-20
5.223880597e-05
3.868218225e-20
5.223880597e-05
-2.432811563e-20
5.223880597e-05
-7.110496477e-20
5.223880597e-05
-3.504877597e-20
5.223880597e-05
4.533977317e-20
5.223880597e-05
2.915322725e-20
5.223880597e-05
1.398956219e-20
5.223880597e-05
3.271028739e-21
5.223880597e-05
1.641144165e-20
5.223880597e-05
1.656025838e-20
5.223880597e-05
-3.093422785e-20
5.223880597e-05
-4.057400646e-20
5.223880597e-05
1.492857201e-20
5.223880597e-05
-6.511020717e-20
5.223880597e-05
-9.386436983e-21
5.223880597e-05
7.666974861e-20
5.223880597e-05
-1.366363406e-20
5.223880597e-05
5.201902129e-20
5.223880597e-05
5.238291538e-20
5.223880597e-05
-3.963910303e-20
5.223880597e-05
-5.822656604e-20
5.223880597e-05
-1.592005769e-20
5.223880597e-05
6.093262867e-20
5.223880597e-05
6.420713108e-20
5.223880597e-05
-5.091410462e-20
5.223880597e-05
4.738242819e-21
5.223880597e-05
1.946663701e-20
5.223880597e-05
-9.87169621e-20
5.223880597e-05
-7.401406722e-20
5.223880597e-05
9.454805708e-21
5.223880597e-05
8.654161301e-21
5.223880597e-05
2.318710711e-20
5.223880597e-05
1.19065582e-20
5.223880597e-05
-3.900693548e-20
5.223880597e-05
2.003258049e-20
5.223880597e-05
-4.671605189e-21
5.223880597e-05
-7.312241455e-20
2.33435877e-20
5.970149254e-05
1.04549272e-19
5.970149254e-05
7.836985283e-20
5.970149254e-05
5.387771853e-20
5.970149254e-05
5.002961674e-20
5.970149254e-05
3.704599867e-20
5.970149254e-05
2.695928685e-20
5.970149254e-05
3.552458082e-20
5.970149254e-05
6.135382062e-21
5.970149254e-05
1.147695988e-20
5.970149254e-05
1.767188638e-20
5.970149254e-05
6.326125332e-21
5.970149254e-05
4.24289391e-21
5.970149254e-05
6.769577734e-22
5.970149254e-05
-3.188752091e-21
5.970149254e-05
-1.934166675e-20
5.970149254e-05
-2.193198264e-20
5.970149254e-05
-2.919116378e-20
5.970149254e-05
-2.451056532e-20
5.970149254e-05
7.916230607e-22
5.970149254e-05
4.670996274e-23
5.970149254e-05
-1.473118263e-20
5.970149254e-05
-2.643459194e-20
5.970149254e-05
-1.820573964e-21
5.970149254e-05
6.560600487e-21
5.970149254e-05
2.267030935e-20
5.970149254e-05
2.892794601e-20
5.970149254e-05
2.587980925e-20
5.970149254e-05
-2.394052052e-21
5.970149254e-05
-2.770014022e-20
5.970149254e-05
-2.504167882e-20
5.970149254e-05
-5.369621774e-21
5.970149254e-05
-6.24821297e-21
5.970149254e-05
-3.117261978e-20
5.970149254e-05
-1.089092029e-20
5.970149254e-05
-2.256286741e-20
5.970149254e-05
-1.643214552e-20
5.970149254e-05
3.188536121e-20
5.970149254e-05
4.293016705e-20
5.970149254e-05
1.137433465e-20
5.970149254e-05
-2.199857313e-20
5.970149254e-05
-1.319483802e-20
5.970149254e-05
-3.867744436e-20
5.970149254e-05
-2.299894799e-20
5.970149254e-05
-2.124405538e-20
5.970149254e-05
-2.858430155e-20
5.970149254e-05
-3.945534291e-21
5.970149254e-05
-5.439114186e-21
5.970149254e-05
-1.194532491e-20
5.970149254e-05
5.078110962e-21
5.970149254e-05
7.124728269e-21
5.970149254e-05
-4.73633799e-22
5.970149254e-05
-6.553572921e-21
5.970149254e-05
2.26419687e-20
5.970149254e-05
2.157016e-20
5.970149254e-05
6.676471209e-21
5.970149254e-05
7.381964068e-21
5.970149254e-05
2.54009903e-20
5.970149254e-05
3.883529696e-20
5.970149254e-05
4.308765224e-21
5.970149254e-05
2.935785514e-21
5.970149254e-05
-1.280306675e-20
5.970149254e-05
1.686469654e-20
5.970149254e-05
6.379237422e-21
5.970149254e-05
4.075257166e-21
5.970149254e-05
-1.078161036e-22
5.970149254e-05
2.581788384e-20
5.970149254e-05
9.376717321e-21
5.970149254e-05
1.028833515e-20
5.970149254e-05
2.960415299e-21
5.970149254e-05
-4.355682394e-20
5.970149254e-05
-3.97075302e-20
5.970149254e-05
1.261416396e-20
5.970149254e-05
1.352794649e-20
5.970149254e-05
-3.502808511e-21
5.970149254e-05
-1.672602075e-20
5.970149254e-05
-5.287791856e-21
5.970149254e-05
2.406011459e-20
5.970149254e-05
-2.800964215e-20
5.970149254e-05
-4.048151254e-20
5.970149254e-05
2.640979702e-20
5.970149254e-05
3.462262535e-20
5.970149254e-05
-1.094664303e-20
5.970149254e-05
1.444907693e-20
5.970149254e-05
4.279728503e-20
5.970149254e-05
6.199762763e-21
5.970149254e-05
6.306247008e-21
5.970149254e-05
8.47263718e-21
5.970149254e-05
-1.828484782e-20
5.970149254e-05
-5.372800643e-21
5.970149254e-05
1.325885502e-20
5.970149254e-05
-3.140352539e-20
5.970149254e-05
-3.531656956e-20
5.970149254e-05
-2.860568795e-20
5.970149254e-05
-4.521855939e-21
5.970149254e-05
-1.994939406e-20
5.970149254e-05
-2.341477465e-20
5.970149254e-05
2.463563079e-21
5.970149254e-05
2.198727155e-20
5.970149254e-05
-1.330932914e-20
5.970149254e-05
-4.36021907e-20
5.970149254e-05
4.326233071e-20
5.970149254e-05
7.871283268e-20
5.970149254e-05
1.204001296e-20
5.970149254e-05
-2.92201226e-20
5.970149254e-05
-1.956497241e-20
5.970149254e-05
1.048827447e-20
5.970149254e-05
3.357981109e-21
5.970149254e-05
-4.324553869e-20
5.970149254e-05
4.362470063e-21
5.970149254e-05
3.809461381e-20
5.970149254e-05
5.772207813e-21
5.970149254e-05
-2.035668547e-20
5.970149254e-05
-5.047168659e-21
5.970149254e-05
3.733619955e-20
5.970149254e-05
3.392943757e-20
5.970149254e-05
-1.584872012e-20
5.970149254e-05
-5.970646282e-21
5.970149254e-05
5.233046645e-20
5.970149254e-05
2.56991197e-20
5.970149254e-05
-1.356803817e-20
5.970149254e-05
-2.876244835e-20
5.970149254e-05
-5.016862378e-21
5.970149254e-05
4.525032899e-20
5.970149254e-05
-1.475480711e-21
5.970149254e-05
-5.497236781e-20
5.970149254e-05
-3.497818809e-20
5.970149254e-05
-1.242965499e-22
5.970149254e-05
-6.955478309e-20
5.970149254e-05
-2.318811387e-20
5.970149254e-05
8.679447072e-20
5.970149254e-05
6.282367366e-20
5.970149254e-05
4.963916489e-21
5.970149254e-05
-5.559617566e-20
5.970149254e-05
-5.197925077e-20
5.970149254e-05
1.661178177e-20
5.970149254e-05
-5.51796902e-21
5.970149254e-05
-1.670928201e-20
5.970149254e-05
-4.131927849e-20
5.970149254e-05
-3.102278829e-20
5.970149254e-05
5.77297612e-21
5.970149254e-05
-3.883888344e-20
5.970149254e-05
-1.979083514e-20
5.970149254e-05
1.863534262e-20
5.970149254e-05
8.454818682e-20
5.970149254e-05
8.766405753e-20
5.970149254e-05
1.998197793e-20
5.970149254e-05
4.559867688e-20
5.970149254e-05
3.933199547e-20
5.970149254e-05
-3.504272013e-20
5.970149254e-05
-6.996000098e-20
5.970149254e-05
-4.437509447e-20
5.970149254e-05
3.65431748e-20
5.970149254e-05
3.030490283e-21
5.970149254e-05
-3.633847042e-20
5.970149254e-05
5.903125876e-20
5.970149254e-05
3.773621352e-20
5.970149254e-05
-4.40262379e-20
5.970149254e-05
-3.912003672e-20
5.970149254e-05
-4.514336812e-21
5.970149254e-05
5.699763895e-20
5.970149254e-05
3.543031137e-20
5.970149254e-05
1.569457558e-20
5.970149254e-05
1.798831653e-20
5.970149254e-05
-2.920473909e-20
5.970149254e-05
-6.01685623e-20
5.970149254e-05
-3.102189744e-20
5.970149254e-05
4.56801305e-20
5.970149254e-05
3.067937222e-20
5.970149254e-05
3.173329495e-20
5.970149254e-05
-8.222808324e-21
5.970149254e-05
-9.975757256e-22
5.970149254e-05
2.185271186e-20
5.970149254e-05
-4.522618097e-20
5.970149254e-05
-5.063439088e-20
5.970149254e-05
6.379753074e-21
5.970149254e-05
-4.216592924e-20
5.970149254e-05
5.317499798e-21
5.970149254e-05
5.752384461e-20
5.970149254e-05
-9.470179904e-21
5.970149254e-05
4.93779688e-20
5.970149254e-05
5.365578205e-20
5.970149254e-05
-3.346345298e-20
5.970149254e-05
-4.786604493e-20
5.970149254e-05
-1.430985908e-20
5.970149254e-05
6.393616162e-20
5.970149254e-05
5.479683228e-20
5.970149254e-05
-6.372900426e-20
5.970149254e-05
-6.21660233e-21
5.970149254e-05
1.27180327e-20
5.970149254e-05
-9.174424786e-20
5.970149254e-05
-6.696957036e-20
5.970149254e-05
-6.896950629e-21
5.970149254e-05
8.013298156e-21
5.970149254e-05
2.653039988e-20
5.970149254e-05
1.225460486e-21
5.970149254e-05
-3.301545017e-20
5.970149254e-05
1.354581151e-20
5.970149254e-05
-1.102244559e-20
5.970149254e-05
-4.911059109e-20
2.177135466e-20
6.567164179e-05
8.152360881e-20
6.567164179e-05
7.737078999e-20
6.567164179e-05
6.922742027e-20
6.567164179e-05
5.343409829e-20
6.567164179e-05
3.567714175e-20
6.567164179e-05
2.868394819e-20
6.567164179e-05
2.110737569e-20
6.567164179e-05
2.359605341e-20
6.567164179e-05
3.697548472e-20
6.567164179e-05
3.102457158e-20
6.567164179e-05
3.309843089e-21
6.567164179e-05
4.46248675e-21
6.567164179e-05
1.351206459e-20
6.567164179e-05
-4.787416765e-21
6.567164179e-05
-3.237605711e-20
6.567164179e-05
-3.06339307e-20
6.567164179e-05
-4.294892568e-20
6.567164179e-05
-3.094119871e-20
6.567164179e-05
-1.357607515e-20
6.567164179e-05
7.572416243e-21
6.567164179e-05
-5.152623731e-21
6.567164179e-05
-1.326554179e-20
6.567164179e-05
8.770269436e-21
6.567164179e-05
-2.404446963e-21
6.567164179e-05
-8.027115727e-21
6.567164179e-05
2.50880905e-20
6.567164179e-05
2.033687358e-20
6.567164179e-05
-1.08610694e-20
6.567164179e-05
-3.724842453e-20
6.567164179e-05
-1.503107128e-20
6.567164179e-05
-1.506014354e-20
6.567164179e-05
-2.652037842e-20
6.567164179e-05
-2.088389679e-20
6.567164179e-05
-2.992608947e-20
6.567164179e-05
-1.368919493e-20
6.567164179e-05
4.242538223e-21
6.567164179e-05
3.42766505e-20
6.567164179e-05
5.505747007e-20
6.567164179e-05
1.058644324e-20
6.567164179e-05
-2.885583604e-20
6.567164179e-05
-3.578333338e-20
6.567164179e-05
-4.832485025e-20
6.567164179e-05
-2.204619452e-20
6.567164179e-05
-1.583240617e-20
6.567164179e-05
-7.260573749e-21
6.567164179e-05
-2.45909048e-20
6.567164179e-05
-1.724590801e-20
6.567164179e-05
2.626801537e-21
6.567164179e-05
9.56764137e-21
6.567164179e-05
1.218411255e-20
6.567164179e-05
-3.286999668e-21
6.567164179e-05
2.645154436e-21
6.567164179e-05
2.142761922e-20
6.567164179e-05
2.657360636e-20
6.567164179e-05
1.47949375e-20
6.567164179e-05
6.661325525e-21
6.567164179e-05
2.691074675e-20
6.567164179e-05
3.605673925e-20
6.567164179e-05
1.02463054e-20
6.567164179e-05
7.306941274e-21
6.567164179e-05
-3.898545235e-21
6.567164179e-05
-2.320930444e-21
6.567164179e-05
8.146971763e-21
6.567164179e-05
1.635185535e-21
6.567164179e-05
3.701596093e-21
6.567164179e-05
2.433805956e-20
6.567164179e-05
2.045476415e-20
6.567164179e-05
5.124289371e-21
6.567164179e-05
-1.954373915e-20
6.567164179e-05
-3.997117449e-20
6.567164179e-05
-4.204590408e-20
6.567164179e-05
4.368244017e-21
6.567164179e-05
8.213100666e-21
6.567164179e-05
-1.562635039e-20
6.567164179e-05
-1.294308628e-20
6.567164179e-05
2.649489412e-21
6.567164179e-05
3.055811049e-20
6.567164179e-05
-1.351841545e-20
6.567164179e-05
-3.33065688e-20
6.567164179e-05
3.719792459e-20
6.567164179e-05
2.160401451e-20
6.567164179e-05
-3.738004558e-21
6.567164179e-05
1.864122147e-20
6.567164179e-05
2.508334595e-20
6.567164179e-05
7.410421891e-21
6.567164179e-05
-1.449491641e-21
6.567164179e-05
6.744957103e-21
6.567164179e-05
-1.826797394e-20
6.567164179e-05
-1.986442712e-21
6.567164179e-05
1.066463928e-20
6.567164179e-05
-1.889696882e-20
6.567164179e-05
-4.019575177e-20
6.567164179e-05
-2.47748468e-20
6.567164179e-05
-2.056881276e-20
6.567164179e-05
-1.551333e-20
6.567164179e-05
-4.350464079e-20
6.567164179e-05
-2.58437752e-21
6.567164179e-05
2.486093841e-20
6.567164179e-05
-8.835059782e-21
6.567164179e-05
-1.927797502e-20
6.567164179e-05
3.322444775e-20
6.567164179e-05
5.384936548e-20
6.567164179e-05
1.980104611e-20
6.567164179e-05
-1.593930376e-20
6.567164179e-05
-3.520372732e-20
6.567164179e-05
6.881858193e-21
6.567164179e-05
-9.043992401e-21
6.567164179e-05
-4.790553126e-20
6.567164179e-05
7.292491855e-21
6.567164179e-05
2.939348392e-20
6.567164179e-05
1.358822719e-20
6.567164179e-05
-8.301904675e-21
6.567164179e-05
9.181213065e-21
6.567164179e-05
4.854617861e-20
6.567164179e-05
3.013838754e-20
6.567164179e-05
-5.199337897e-22
6.567164179e-05
6.501578486e-21
6.567164179e-05
4.399846798e-20
6.567164179e-05
2.449051098e-20
6.567164179e-05
-1.129566646e-20
6.567164179e-05
-1.227615378e-20
6.567164179e-05
1.178908323e-20
6.567164179e-05
2.550037689e-20
6.567164179e-05
-1.211628613e-20
6.567164179e-05
-5.395749051e-20
6.567164179e-05
-4.383665112e-20
6.567164179e-05
-2.266374946e-20
6.567164179e-05
-5.901825851e-20
6.567164179e-05
3.981266988e-21
6.567164179e-05
7.598360134e-20
6.567164179e-05
4.400772141e-20
6.567164179e-05
1.000918286e-20
6.567164179e-05
-3.441953338e-20
6.567164179e-05
-4.682639138e-20
6.567164179e-05
1.091394262e-20
6.567164179e-05
-7.85480076e-21
6.567164179e-05
-3.449243633e-20
6.567164179e-05
-4.533286213e-20
6.567164179e-05
-1.048902232e-20
6.567164179e-05
3.11074245e-21
6.567164179e-05
-3.930573649e-20
6.567164179e-05
-7.973363062e-21
6.567164179e-05
2.312313912e-20
6.567164179e-05
8.163903482e-20
6.567164179e-05
8.203963746e-20
6.567164179e-05
3.229192327e-20
6.567164179e-05
5.659325723e-20
6.567164179e-05
2.975483788e-20
6.567164179e-05
-3.675800938e-20
6.567164179e-05
-5.490705555e-20
6.567164179e-05
-3.104368925e-20
6.567164179e-05
3.902117075e-21
6.567164179e-05
-1.928762655e-20
6.567164179e-05
-3.470700147e-20
6.567164179e-05
4.309501891e-20
6.567164179e-05
4.484251495e-20
6.567164179e-05
-2.739718595e-20
6.567164179e-05
-3.043448726e-20
6.567164179e-05
-3.563768912e-21
6.567164179e-05
5.65897862e-20
6.567164179e-05
2.220417575e-20
6.567164179e-05
8.096529364e-21
6.567164179e-05
6.476287072e-21
6.567164179e-05
-1.343681377e-20
6.567164179e-05
-5.795222948e-20
6.567164179e-05
-3.415951893e-20
6.567164179e-05
3.612361927e-20
6.567164179e-05
3.265168227e-20
6.567164179e-05
3.152666179e-20
6.567164179e-05
-1.179433135e-20
6.567164179e-05
3.599164655e-21
6.567164179e-05
3.683532706e-21
6.567164179e-05
-2.748101486e-20
6.567164179e-05
-5.328784173e-20
6.567164179e-05
-3.75640558e-21
6.567164179e-05
-2.420383438e-20
6.567164179e-05
-2.499394988e-21
6.567164179e-05
4.422193725e-20
6.567164179e-05
-6.395515696e-21
6.567164179e-05
4.821094845e-20
6.567164179e-05
5.581982642e-20
6.567164179e-05
-1.299366905e-20
6.567164179e-05
-2.135961779e-20
6.567164179e-05
-1.681627103e-20
6.567164179e-05
6.312722637e-20
6.567164179e-05
1.205175581e-20
6.567164179e-05
-5.465491482e-20
6.567164179e-05
-1.153954203e-20
6.567164179e-05
1.596768102e-20
6.567164179e-05
-8.224522669e-20
6.567164179e-05
-7.440336306e-20
6.567164179e-05
-1.771279025e-20
6.567164179e-05
-1.212886584e-21
6.567164179e-05
3.224956191e-20
6.567164179e-05
1.59552469e-21
6.567164179e-05
-2.390162611e-20
6.567164179e-05
-3.119267869e-22
6.567164179e-05
-5.796857457e-21
6.567164179e-05
-3.07893688e-20
2.464688933e-20
7.014925373e-05
6.771547092e-20
7.014925373e-05
6.481293948e-20
7.014925373e-05
6.526952448e-20
7.014925373e-05
5.721018162e-20
7.014925373e-05
5.0519288e-20
7.014925373e-05
3.53822109e-20
7.014925373e-05
3.889615211e-20
7.014925373e-05
4.062402129e-20
7.014925373e-05
3.553278327e-20
7.014925373e-05
2.751130202e-20
7.014925373e-05
-1.662617433e-21
7.014925373e-05
8.321323286e-21
7.014925373e-05
1.726005923e-20
7.014925373e-05
-5.334200068e-21
7.014925373e-05
-3.257930545e-20
7.014925373e-05
-4.585618246e-20
7.014925373e-05
-5.007354998e-20
7.014925373e-05
-2.697319819e-20
7.014925373e-05
6.551489858e-21
7.014925373e-05
-1.206499985e-20
7.014925373e-05
-6.936001443e-21
7.014925373e-05
4.404390042e-21
7.014925373e-05
-5.6650983e-21
7.014925373e-05
3.079733207e-21
7.014925373e-05
-6.398734239e-21
7.014925373e-05
1.408391438e-20
7.014925373e-05
-2.470157169e-21
7.014925373e-05
-1.2531865e-20
7.014925373e-05
-2.629027222e-20
7.014925373e-05
-1.821587348e-20
7.014925373e-05
-2.209782277e-20
7.014925373e-05
-3.422819923e-20
7.014925373e-05
-3.073992669e-20
7.014925373e-05
-2.544960776e-20
7.014925373e-05
-1.649688231e-21
7.014925373e-05
1.640624609e-20
7.014925373e-05
2.351426368e-20
7.014925373e-05
4.341991579e-20
7.014925373e-05
1.518189913e-20
7.014925373e-05
-3.502831853e-20
7.014925373e-05
-4.171481067e-20
7.014925373e-05
-3.64444079e-20
7.014925373e-05
-3.515256767e-20
7.014925373e-05
-1.678463848e-20
7.014925373e-05
-7.422488657e-21
7.014925373e-05
-2.676249365e-20
7.014925373e-05
-6.211708346e-22
7.014925373e-05
2.361249635e-20
7.014925373e-05
-5.325445837e-21
7.014925373e-05
-9.455789681e-22
7.014925373e-05
6.739575723e-22
7.014925373e-05
-3.859896987e-21
7.014925373e-05
2.777189986e-20
7.014925373e-05
3.8890263e-20
7.014925373e-05
2.079822328e-20
7.014925373e-05
1.460566061e-20
7.014925373e-05
2.374227739e-20
7.014925373e-05
3.220783656e-20
7.014925373e-05
2.124736923e-20
7.014925373e-05
2.285078997e-20
7.014925373e-05
-6.965179415e-21
7.014925373e-05
-4.990798242e-21
7.014925373e-05
7.327326373e-21
7.014925373e-05
-3.861127432e-21
7.014925373e-05
2.160020824e-20
7.014925373e-05
2.783027713e-20
7.014925373e-05
-3.576120227e-21
7.014925373e-05
4.185838547e-21
7.014925373e-05
-1.475134461e-20
7.014925373e-05
-3.052282165e-20
7.014925373e-05
-2.568689145e-20
7.014925373e-05
7.665618978e-22
7.014925373e-05
4.451629895e-21
7.014925373e-05
-2.03806616e-20
7.014925373e-05
-1.488024169e-20
7.014925373e-05
1.01469867e-20
7.014925373e-05
3.496805946e-20
7.014925373e-05
4.62984742e-21
7.014925373e-05
-1.29438506e-20
7.014925373e-05
2.087720707e-20
7.014925373e-05
6.112912669e-21
7.014925373e-05
1.375389771e-21
7.014925373e-05
9.056750038e-21
7.014925373e-05
1.460240057e-20
7.014925373e-05
9.254308082e-21
7.014925373e-05
-1.538378309e-20
7.014925373e-05
-1.832117068e-20
7.014925373e-05
-7.306907798e-21
7.014925373e-05
-8.990736732e-21
7.014925373e-05
2.0807975e-20
7.014925373e-05
-3.556172499e-21
7.014925373e-05
-3.248497563e-20
7.014925373e-05
-4.560462018e-20
7.014925373e-05
-3.346226847e-20
7.014925373e-05
-1.009906872e-20
7.014925373e-05
-4.650977346e-20
7.014925373e-05
-2.658004649e-20
7.014925373e-05
3.179415239e-20
7.014925373e-05
9.401789735e-21
7.014925373e-05
-1.152471807e-20
7.014925373e-05
2.113171239e-20
7.014925373e-05
6.192614106e-20
7.014925373e-05
1.516765126e-20
7.014925373e-05
-2.592492399e-20
7.014925373e-05
-3.085761218e-20
7.014925373e-05
-1.284265499e-20
7.014925373e-05
-6.934256512e-21
7.014925373e-05
-2.70069199e-20
7.014925373e-05
-8.946007081e-21
7.014925373e-05
7.329606757e-21
7.014925373e-05
4.395415723e-21
7.014925373e-05
2.295136668e-20
7.014925373e-05
2.115583648e-20
7.014925373e-05
2.701212469e-20
7.014925373e-05
5.117663423e-20
7.014925373e-05
2.091582266e-20
7.014925373e-05
-4.132981916e-21
7.014925373e-05
1.47503455e-20
7.014925373e-05
2.327029871e-20
7.014925373e-05
6.181231036e-21
7.014925373e-05
8.222777566e-21
7.014925373e-05
8.516003647e-21
7.014925373e-05
-1.034915092e-21
7.014925373e-05
-3.351799474e-20
7.014925373e-05
-5.827662778e-20
7.014925373e-05
-4.808976277e-20
7.014925373e-05
-1.534126793e-20
7.014925373e-05
-3.476832437e-20
7.014925373e-05
7.578031509e-21
7.014925373e-05
5.860165014e-20
7.014925373e-05
5.20190361e-20
7.014925373e-05
1.57199894e-20
7.014925373e-05
-3.765368576e-20
7.014925373e-05
-4.616340462e-20
7.014925373e-05
-3.136615571e-22
7.014925373e-05
-1.849552341e-20
7.014925373e-05
-3.246315516e-20
7.014925373e-05
-2.69093841e-20
7.014925373e-05
6.445102731e-21
7.014925373e-05
1.572780697e-21
7.014925373e-05
-3.611622632e-20
7.014925373e-05
1.813444423e-21
7.014925373e-05
4.447005909e-20
7.014925373e-05
6.202213892e-20
7.014925373e-05
7.597514098e-20
7.014925373e-05
3.831464552e-20
7.014925373e-05
5.118961746e-20
7.014925373e-05
2.420152905e-20
7.014925373e-05
-1.04452823e-20
7.014925373e-05
-3.647245854e-20
7.014925373e-05
-5.017462987e-20
7.014925373e-05
-3.963931887e-21
7.014925373e-05
-3.840152973e-20
7.014925373e-05
-1.930877049e-20
7.014925373e-05
3.3207148e-20
7.014925373e-05
2.700953591e-20
7.014925373e-05
-2.179671832e-20
7.014925373e-05
-1.778253021e-20
7.014925373e-05
-1.096171096e-20
7.014925373e-05
4.791833053e-20
7.014925373e-05
1.544133801e-20
7.014925373e-05
1.223284172e-20
7.014925373e-05
7.373408841e-21
7.014925373e-05
-1.037279307e-20
7.014925373e-05
-4.700679298e-20
7.014925373e-05
-2.629780649e-20
7.014925373e-05
2.968264131e-20
7.014925373e-05
3.152666108e-20
7.014925373e-05
3.824496309e-20
7.014925373e-05
-5.652804944e-21
7.014925373e-05
2.583943164e-22
7.014925373e-05
3.993853313e-21
7.014925373e-05
-3.814985706e-20
7.014925373e-05
-4.30402468e-20
7.014925373e-05
-1.239350226e-20
7.014925373e-05
-6.262895726e-21
7.014925373e-05
-1.419087302e-20
7.014925373e-05
1.478354939e-20
7.014925373e-05
2.174625923e-20
7.014925373e-05
5.150235847e-20
7.014925373e-05
5.417721286e-20
7.014925373e-05
-7.348974864e-21
7.014925373e-05
-3.177633988e-21
7.014925373e-05
1.354842053e-21
7.014925373e-05
5.105987089e-20
7.014925373e-05
1.000808485e-20
7.014925373e-05
-6.540204157e-20
7.014925373e-05
-4.829354662e-21
7.014925373e-05
-2.139560947e-21
7.014925373e-05
-6.763695047e-20
7.014925373e-05
-8.205388474e-20
7.014925373e-05
-3.304106944e-20
7.014925373e-05
7.23251539e-21
7.014925373e-05
3.557745647e-20
7.014925373e-05
-3.147185952e-21
7.014925373e-05
-9.813003434e-21
7.014925373e-05
-9.240355196e-21
7.014925373e-05
-1.018884953e-20
7.014925373e-05
-2.916131774e-20
2.797928321e-20
7.313432836e-05
4.507050334e-20
7.313432836e-05
5.21529268e-20
7.313432836e-05
6.611635572e-20
7.313432836e-05
6.221100009e-20
7.313432836e-05
4.543390846e-20
7.313432836e-05
5.227992534e-20
7.313432836e-05
4.093753877e-20
7.313432836e-05
4.081601236e-20
7.313432836e-05
3.192416827e-20
7.313432836e-05
3.197765765e-20
7.313432836e-05
6.965330381e-21
7.313432836e-05
6.873053294e-21
7.313432836e-05
1.766639788e-20
7.313432836e-05
-1.369807754e-20
7.313432836e-05
-3.74965296e-20
7.313432836e-05
-3.907738164e-20
7.313432836e-05
-4.91268101e-20
7.313432836e-05
-1.995158871e-20
7.313432836e-05
2.823069523e-21
7.313432836e-05
-1.783962012e-21
7.313432836e-05
8.085473211e-21
7.313432836e-05
3.371816539e-21
7.313432836e-05
-2.739891479e-21
7.313432836e-05
-7.917582042e-21
7.313432836e-05
-1.794967777e-21
7.313432836e-05
-4.041432249e-21
7.313432836e-05
-2.536925624e-20
7.313432836e-05
-1.311650836e-20
7.313432836e-05
-1.004722499e-20
7.313432836e-05
-2.919589296e-21
7.313432836e-05
-4.387065269e-20
7.313432836e-05
-4.586824424e-20
7.313432836e-05
-4.199882708e-20
7.313432836e-05
-2.344408867e-20
7.313432836e-05
-1.878844662e-21
7.313432836e-05
2.959386524e-20
7.313432836e-05
1.853224024e-20
7.313432836e-05
1.554351552e-20
7.313432836e-05
2.680823982e-21
7.313432836e-05
-1.113432444e-20
7.313432836e-05
-2.689183851e-20
7.313432836e-05
-2.88197833e-20
7.313432836e-05
-4.127095395e-20
7.313432836e-05
-2.176364601e-20
7.313432836e-05
-5.551613522e-21
7.313432836e-05
-1.887307715e-20
7.313432836e-05
-8.052140707e-21
7.313432836e-05
2.449468403e-20
7.313432836e-05
1.639881195e-20
7.313432836e-05
-1.487164621e-20
7.313432836e-05
-1.220992462e-20
7.313432836e-05
-3.973145529e-21
7.313432836e-05
3.325229031e-20
7.313432836e-05
3.449748208e-20
7.313432836e-05
1.759310141e-20
7.313432836e-05
4.792891399e-20
7.313432836e-05
2.428885382e-20
7.313432836e-05
1.331938133e-20
7.313432836e-05
3.237716015e-20
7.313432836e-05
1.993022663e-20
7.313432836e-05
9.893853245e-21
7.313432836e-05
-4.709894613e-21
7.313432836e-05
-8.487121866e-21
7.313432836e-05
-9.809224145e-21
7.313432836e-05
1.435673774e-20
7.313432836e-05
1.846055751e-20
7.313432836e-05
-3.013768407e-21
7.313432836e-05
1.442123481e-20
7.313432836e-05
-1.852243404e-20
7.313432836e-05
-2.995088965e-20
7.313432836e-05
-1.051674786e-20
7.313432836e-05
1.331636011e-20
7.313432836e-05
1.544647708e-21
7.313432836e-05
2.504244171e-21
7.313432836e-05
-5.037092342e-21
7.313432836e-05
-3.338613075e-21
7.313432836e-05
2.592510596e-20
7.313432836e-05
9.023708675e-21
7.313432836e-05
1.462811148e-20
7.313432836e-05
6.028494928e-21
7.313432836e-05
-4.886742607e-21
7.313432836e-05
4.540466475e-21
7.313432836e-05
9.172322163e-21
7.313432836e-05
2.510129891e-20
7.313432836e-05
-3.984641435e-21
7.313432836e-05
-4.385719753e-20
7.313432836e-05
-4.089171022e-20
7.313432836e-05
-1.528587013e-21
7.313432836e-05
7.719086019e-21
7.313432836e-05
8.030880938e-21
7.313432836e-05
-1.202677908e-21
7.313432836e-05
-1.543603744e-20
7.313432836e-05
-3.227710172e-20
7.313432836e-05
-3.244593553e-20
7.313432836e-05
-1.970393243e-20
7.313432836e-05
-5.590110908e-20
7.313432836e-05
-2.957011383e-20
7.313432836e-05
1.350651514e-20
7.313432836e-05
1.712298802e-21
7.313432836e-05
-1.630122725e-20
7.313432836e-05
2.291535045e-20
7.313432836e-05
3.926714728e-20
7.313432836e-05
2.416828739e-20
7.313432836e-05
-2.362980815e-20
7.313432836e-05
-2.186785311e-20
7.313432836e-05
-3.113220901e-20
7.313432836e-05
-1.576502397e-21
7.313432836e-05
-7.642434319e-21
7.313432836e-05
-1.427598031e-20
7.313432836e-05
-1.838127284e-22
7.313432836e-05
7.267048676e-21
7.313432836e-05
2.425565389e-20
7.313432836e-05
2.499079011e-20
7.313432836e-05
1.621180578e-20
7.313432836e-05
4.393393278e-20
7.313432836e-05
4.200129802e-20
7.313432836e-05
3.643252614e-21
7.313432836e-05
9.008103734e-21
7.313432836e-05
2.323788618e-20
7.313432836e-05
3.567697444e-21
7.313432836e-05
1.092205611e-20
7.313432836e-05
7.70055747e-21
7.313432836e-05
-9.414091505e-21
7.313432836e-05
-2.992586262e-20
7.313432836e-05
-5.057265386e-20
7.313432836e-05
-4.981351922e-20
7.313432836e-05
-1.058656033e-20
7.313432836e-05
-1.479354735e-20
7.313432836e-05
3.152304415e-21
7.313432836e-05
4.448684347e-20
7.313432836e-05
5.129231118e-20
7.313432836e-05
1.693064495e-20
7.313432836e-05
-3.757995859e-20
7.313432836e-05
-4.267902242e-20
7.313432836e-05
-1.483327451e-20
7.313432836e-05
-2.139937716e-20
7.313432836e-05
-2.18588836e-20
7.313432836e-05
-2.930372644e-20
7.313432836e-05
1.569857227e-20
7.313432836e-05
6.441015746e-21
7.313432836e-05
-2.285285597e-20
7.313432836e-05
2.059966068e-20
7.313432836e-05
5.057018253e-20
7.313432836e-05
5.388214947e-20
7.313432836e-05
5.985663222e-20
7.313432836e-05
3.078061247e-20
7.313432836e-05
5.081584249e-20
7.313432836e-05
3.479303781e-20
7.313432836e-05
-4.864919915e-21
7.313432836e-05
-4.362970295e-20
7.313432836e-05
-3.026113399e-20
7.313432836e-05
-3.095406615e-20
7.313432836e-05
-5.432290473e-20
7.313432836e-05
-1.135517331e-20
7.313432836e-05
1.659939832e-20
7.313432836e-05
1.008171228e-20
7.313432836e-05
1.483998362e-22
7.313432836e-05
-1.482974036e-21
7.313432836e-05
-4.389056924e-21
7.313432836e-05
2.905892387e-21
7.313432836e-05
1.349776207e-20
7.313432836e-05
1.124789792e-20
7.313432836e-05
3.008396849e-21
7.313432836e-05
-1.308594815e-20
7.313432836e-05
-3.160715202e-20
7.313432836e-05
-6.450298326e-21
7.313432836e-05
2.541416207e-20
7.313432836e-05
4.419484282e-20
7.313432836e-05
3.018051748e-20
7.313432836e-05
-1.401675841e-20
7.313432836e-05
4.438369529e-21
7.313432836e-05
2.366487333e-21
7.313432836e-05
-3.446445842e-20
7.313432836e-05
-4.054936381e-20
7.313432836e-05
-1.252812942e-20
7.313432836e-05
-1.113672894e-20
7.313432836e-05
-4.470711655e-20
7.313432836e-05
1.182422819e-20
7.313432836e-05
2.324984121e-20
7.313432836e-05
4.448466761e-20
7.313432836e-05
4.913366782e-20
7.313432836e-05
2.939040176e-20
7.313432836e-05
7.669595228e-21
7.313432836e-05
2.198892615e-20
7.313432836e-05
2.594013891e-20
7.313432836e-05
-5.976039736e-21
7.313432836e-05
-4.669764937e-20
7.313432836e-05
-1.688205278e-20
7.313432836e-05
-1.135862598e-20
7.313432836e-05
-6.629798575e-20
7.313432836e-05
-6.138802288e-20
7.313432836e-05
-2.445592e-20
7.313432836e-05
2.054452442e-21
7.313432836e-05
3.722395173e-20
7.313432836e-05
2.160653406e-20
7.313432836e-05
-1.363746017e-20
7.313432836e-05
-2.17628583e-20
7.313432836e-05
-1.14650871e-20
7.313432836e-05
-2.671832649e-20
1.58962969e-20
7.462686567e-05
3.350889714e-20
7.462686567e-05
4.673775715e-20
7.462686567e-05
6.004354675e-20
7.462686567e-05
5.038849866e-20
7.462686567e-05
3.907318858e-20
7.462686567e-05
6.351675343e-20
7.462686567e-05
3.639895488e-20
7.462686567e-05
3.057954122e-20
7.462686567e-05
3.46083788e-20
7.462686567e-05
1.19364334e-20
7.462686567e-05
2.804868835e-20
7.462686567e-05
7.663940993e-21
7.462686567e-05
1.253762869e-20
7.462686567e-05
-1.092391203e-20
7.462686567e-05
-3.118586254e-20
7.462686567e-05
-2.812067475e-20
7.462686567e-05
-3.51196058e-20
7.462686567e-05
-2.097641969e-20
7.462686567e-05
-7.551981162e-21
7.462686567e-05
-7.482887177e-21
7.462686567e-05
1.439907076e-20
7.462686567e-05
7.027102693e-21
7.462686567e-05
-4.721179896e-21
7.462686567e-05
1.117131809e-20
7.462686567e-05
3.191435893e-21
7.462686567e-05
-2.466380858e-20
7.462686567e-05
-3.267075e-20
7.462686567e-05
-1.979667033e-20
7.462686567e-05
-1.133178223e-20
7.462686567e-05
-1.034263333e-20
7.462686567e-05
-3.778514532e-20
7.462686567e-05
-5.521464573e-20
7.462686567e-05
-4.976986014e-20
7.462686567e-05
-2.536859427e-20
7.462686567e-05
-1.772204608e-21
7.462686567e-05
2.481394468e-20
7.462686567e-05
1.283689921e-20
7.462686567e-05
1.383732183e-20
7.462686567e-05
6.420611409e-21
7.462686567e-05
-5.580478369e-21
7.462686567e-05
-4.049433848e-20
7.462686567e-05
-1.712638369e-20
7.462686567e-05
-3.652430686e-20
7.462686567e-05
-4.021512439e-20
7.462686567e-05
-2.262564165e-20
7.462686567e-05
-2.103557993e-20
7.462686567e-05
-4.128534533e-21
7.462686567e-05
2.231225007e-20
7.462686567e-05
2.289809025e-20
7.462686567e-05
-1.753286316e-20
7.462686567e-05
-1.782705345e-20
7.462686567e-05
1.139385032e-20
7.462686567e-05
3.230829253e-20
7.462686567e-05
4.440073727e-20
7.462686567e-05
2.500947896e-20
7.462686567e-05
4.526821991e-20
7.462686567e-05
3.695793788e-20
7.462686567e-05
8.526513278e-21
7.462686567e-05
2.85857753e-20
7.462686567e-05
2.746530222e-20
7.462686567e-05
1.489099548e-20
7.462686567e-05
-2.932863093e-21
7.462686567e-05
-9.640887717e-21
7.462686567e-05
1.936856144e-22
7.462686567e-05
1.554133028e-20
7.462686567e-05
1.498901858e-20
7.462686567e-05
3.333836117e-21
7.462686567e-05
-9.747246584e-21
7.462686567e-05
-8.290359012e-21
7.462686567e-05
-2.365461255e-20
7.462686567e-05
-5.074694046e-21
7.462686567e-05
2.013735853e-20
7.462686567e-05
-6.816391347e-21
7.462686567e-05
1.506320181e-20
7.462686567e-05
1.00335771e-20
7.462686567e-05
1.955215125e-22
7.462686567e-05
2.856283039e-21
7.462686567e-05
2.210599356e-20
7.462686567e-05
1.856162013e-20
7.462686567e-05
-2.850811876e-21
7.462686567e-05
-1.368249912e-20
7.462686567e-05
6.288002633e-21
7.462686567e-05
2.04014108e-21
7.462686567e-05
-3.03549097e-22
7.462686567e-05
-1.021633063e-20
7.462686567e-05
-3.890155314e-20
7.462686567e-05
-3.169800556e-20
7.462686567e-05
-4.61385074e-21
7.462686567e-05
9.206124251e-21
7.462686567e-05
1.054811341e-20
7.462686567e-05
4.264346588e-21
7.462686567e-05
-2.201331807e-20
7.462686567e-05
-2.563499474e-20
7.462686567e-05
-1.043924074e-20
7.462686567e-05
-3.34559736e-20
7.462686567e-05
-4.793205322e-20
7.462686567e-05
-1.280292578e-20
7.462686567e-05
-1.8030925e-20
7.462686567e-05
-1.36114959e-20
7.462686567e-05
-8.568748626e-21
7.462686567e-05
2.16916255e-20
7.462686567e-05
1.099801514e-20
7.462686567e-05
1.947247785e-20
7.462686567e-05
-5.199369255e-21
7.462686567e-05
-2.61021792e-20
7.462686567e-05
-2.036508278e-20
7.462686567e-05
-8.214281566e-21
7.462686567e-05
-4.482903175e-21
7.462686567e-05
-1.581494516e-20
7.462686567e-05
-1.239886894e-20
7.462686567e-05
2.057600018e-20
7.462686567e-05
2.944684228e-20
7.462686567e-05
1.719820903e-20
7.462686567e-05
1.677889489e-20
7.462686567e-05
4.080208293e-20
7.462686567e-05
5.175934514e-20
7.462686567e-05
1.91191909e-20
7.462686567e-05
-1.575732355e-20
7.462686567e-05
2.980971997e-21
7.462686567e-05
2.54479329e-20
7.462686567e-05
1.696517048e-20
7.462686567e-05
1.492086661e-20
7.462686567e-05
-1.316343671e-20
7.462686567e-05
-3.389665458e-20
7.462686567e-05
-4.989553294e-20
7.462686567e-05
-4.08633945e-20
7.462686567e-05
-8.336340355e-21
7.462686567e-05
-9.455391869e-22
7.462686567e-05
-2.075863714e-21
7.462686567e-05
2.450171342e-20
7.462686567e-05
2.925069737e-20
7.462686567e-05
2.895835902e-20
7.462686567e-05
-1.939859097e-20
7.462686567e-05
-3.772625729e-20
7.462686567e-05
-3.293288166e-20
7.462686567e-05
-3.229347957e-20
7.462686567e-05
-1.90458327e-20
7.462686567e-05
-1.428026303e-20
7.462686567e-05
6.280072781e-21
7.462686567e-05
1.057310343e-20
7.462686567e-05
-1.026336544e-20
7.462686567e-05
2.883402e-20
7.462686567e-05
6.111160125e-20
7.462686567e-05
5.337214675e-20
7.462686567e-05
4.08421314e-20
7.462686567e-05
4.032301151e-20
7.462686567e-05
4.541537143e-20
7.462686567e-05
4.049451739e-20
7.462686567e-05
1.759942205e-20
7.462686567e-05
-1.093490292e-20
7.462686567e-05
-1.167768653e-20
7.462686567e-05
-6.119472143e-20
7.462686567e-05
-6.099746969e-20
7.462686567e-05
-1.055009533e-20
7.462686567e-05
3.436799481e-21
7.462686567e-05
6.667019644e-21
7.462686567e-05
2.058348144e-20
7.462686567e-05
1.015033831e-20
7.462686567e-05
-1.515259296e-20
7.462686567e-05
-2.594751136e-20
7.462686567e-05
1.247380362e-20
7.462686567e-05
1.940203913e-20
7.462686567e-05
2.703478515e-22
7.462686567e-05
-1.587341665e-20
7.462686567e-05
-1.511967976e-20
7.462686567e-05
1.08637032e-20
7.462686567e-05
3.680770333e-20
7.462686567e-05
4.876639614e-20
7.462686567e-05
4.993588085e-20
7.462686567e-05
-2.431216131e-20
7.462686567e-05
-1.73871773e-20
7.462686567e-05
-2.642965559e-20
7.462686567e-05
-3.588795947e-20
7.462686567e-05
-2.564643047e-20
7.462686567e-05
-1.455868169e-20
7.462686567e-05
-2.870655071e-20
7.462686567e-05
-4.79799792e-20
7.462686567e-05
-3.711262671e-21
7.462686567e-05
3.963556462e-20
7.462686567e-05
2.249208026e-20
7.462686567e-05
4.622858884e-20
7.462686567e-05
3.994386001e-20
7.462686567e-05
3.666975964e-20
7.462686567e-05
2.657928174e-20
7.462686567e-05
-3.019245814e-21
7.462686567e-05
-5.912901877e-21
7.462686567e-05
-1.334322785e-20
7.462686567e-05
-3.19590674e-20
7.462686567e-05
-3.218141254e-20
7.462686567e-05
-6.073749805e-20
7.462686567e-05
-3.161894566e-20
7.462686567e-05
-1.432415118e-20
7.462686567e-05
8.867105679e-21
7.462686567e-05
2.538511324e-20
7.462686567e-05
3.342457809e-20
7.462686567e-05
-1.478861868e-21
7.462686567e-05
-2.683050517e-20
7.462686567e-05
-2.562303511e-20
7.462686567e-05
-7.127735062e-21
2.390634261e-20
7.462686567e-05
3.546361509e-20
7.462686567e-05
4.481158269e-20
7.462686567e-05
3.921817197e-20
7.462686567e-05
4.232157014e-20
7.462686567e-05
4.071179013e-20
7.462686567e-05
5.712916364e-20
7.462686567e-05
3.450781422e-20
7.462686567e-05
2.119132813e-20
7.462686567e-05
9.383256997e-21
7.462686567e-05
2.451327303e-21
7.462686567e-05
3.46335242e-20
7.462686567e-05
2.206175681e-20
7.462686567e-05
1.732094653e-20
7.462686567e-05
-6.634265543e-21
7.462686567e-05
-1.384392682e-20
7.462686567e-05
-2.013728754e-20
7.462686567e-05
-1.843434063e-20
7.462686567e-05
-1.764169975e-20
7.462686567e-05
-2.279208206e-20
7.462686567e-05
-1.049936058e-20
7.462686567e-05
-2.691639929e-21
7.462686567e-05
1.027608189e-21
7.462686567e-05
4.515219616e-21
7.462686567e-05
-1.233184357e-20
7.462686567e-05
2.900989371e-21
7.462686567e-05
-2.357930788e-20
7.462686567e-05
-3.246549377e-20
7.462686567e-05
-2.328532053e-20
7.462686567e-05
-3.442839439e-21
7.462686567e-05
-1.527724463e-20
7.462686567e-05
-2.355607098e-20
7.462686567e-05
-4.573132554e-20
7.462686567e-05
-4.553662433e-20
7.462686567e-05
-1.76272311e-20
7.462686567e-05
1.275977819e-21
7.462686567e-05
1.14672335e-20
7.462686567e-05
2.050896413e-20
7.462686567e-05
8.809489507e-21
7.462686567e-05
1.668164924e-21
7.462686567e-05
-2.504876992e-20
7.462686567e-05
-6.354052785e-21
7.462686567e-05
-6.727062336e-21
7.462686567e-05
-4.594438e-20
7.462686567e-05
-5.986608348e-20
7.462686567e-05
-3.146063287e-20
7.462686567e-05
-1.181072508e-20
7.462686567e-05
-3.457539576e-21
7.462686567e-05
3.766627445e-20
7.462686567e-05
2.958756945e-20
7.462686567e-05
-6.568942185e-21
7.462686567e-05
-8.591571872e-21
7.462686567e-05
1.779113282e-20
7.462686567e-05
2.525470559e-20
7.462686567e-05
1.137255344e-20
7.462686567e-05
4.395667828e-20
7.462686567e-05
5.009684527e-20
7.462686567e-05
3.938238603e-20
7.462686567e-05
8.867360936e-21
7.462686567e-05
2.814618791e-20
7.462686567e-05
6.504808545e-21
7.462686567e-05
7.725664535e-21
7.462686567e-05
5.995888314e-21
7.462686567e-05
6.388474246e-22
7.462686567e-05
8.914119292e-21
7.462686567e-05
9.735552373e-21
7.462686567e-05
5.418529918e-21
7.462686567e-05
-2.622240199e-21
7.462686567e-05
-1.028959857e-20
7.462686567e-05
-1.835098801e-20
7.462686567e-05
-2.156086839e-20
7.462686567e-05
2.433247983e-20
7.462686567e-05
2.654518439e-20
7.462686567e-05
-6.725893447e-22
7.462686567e-05
-4.760394493e-21
7.462686567e-05
9.909432628e-21
7.462686567e-05
-7.437191488e-21
7.462686567e-05
3.711631069e-22
7.462686567e-05
3.972109852e-20
7.462686567e-05
2.386301881e-20
7.462686567e-05
-5.956001558e-21
7.462686567e-05
-1.428320429e-20
7.462686567e-05
-1.37648548e-20
7.462686567e-05
-1.021973101e-20
7.462686567e-05
-1.153151684e-21
7.462686567e-05
2.010173441e-20
7.462686567e-05
-4.407721377e-20
7.462686567e-05
-4.206805715e-20
7.462686567e-05
-1.343498977e-20
7.462686567e-05
1.648856553e-20
7.462686567e-05
1.37825155e-20
7.462686567e-05
-1.700338254e-21
7.462686567e-05
-3.255623638e-20
7.462686567e-05
-1.407682e-20
7.462686567e-05
-1.129704844e-20
7.462686567e-05
-2.98042951e-20
7.462686567e-05
-2.943211468e-20
7.462686567e-05
-2.048700409e-20
7.462686567e-05
-2.65020075e-20
7.462686567e-05
-1.973805444e-20
7.462686567e-05
-4.397833185e-21
7.462686567e-05
-4.646042897e-21
7.462686567e-05
-2.009322562e-21
7.462686567e-05
1.715499809e-20
7.462686567e-05
1.470279331e-20
7.462686567e-05
-1.986657223e-20
7.462686567e-05
-2.591181576e-20
7.462686567e-05
4.285417284e-21
7.462686567e-05
1.528013815e-20
7.462686567e-05
-3.47260005e-20
7.462686567e-05
-2.204872091e-20
7.462686567e-05
2.457358875e-20
7.462686567e-05
4.862720479e-20
7.462686567e-05
2.567403597e-20
7.462686567e-05
9.394708837e-21
7.462686567e-05
2.266140863e-20
7.462686567e-05
3.751836259e-20
7.462686567e-05
1.086894224e-20
7.462686567e-05
-1.122547187e-20
7.462686567e-05
3.071511282e-20
7.462686567e-05
3.383896895e-20
7.462686567e-05
1.323173852e-20
7.462686567e-05
1.80792884e-21
7.462686567e-05
-1.523751239e-20
7.462686567e-05
-2.937228355e-20
7.462686567e-05
-2.84068724e-20
7.462686567e-05
-3.426838548e-20
7.462686567e-05
-1.229320235e-20
7.462686567e-05
-2.072258183e-20
7.462686567e-05
4.314477437e-21
7.462686567e-05
3.018551436e-21
7.462686567e-05
1.435706707e-20
7.462686567e-05
2.320591225e-20
7.462686567e-05
-1.65511982e-20
7.462686567e-05
-2.639799905e-20
7.462686567e-05
-3.854684538e-20
7.462686567e-05
-3.886598046e-20
7.462686567e-05
-4.702018614e-21
7.462686567e-05
-1.061998254e-21
7.462686567e-05
3.033075912e-21
7.462686567e-05
-2.962325916e-21
7.462686567e-05
-1.017128072e-20
7.462686567e-05
5.971548249e-20
7.462686567e-05
8.519850043e-20
7.462686567e-05
4.144376244e-20
7.462686567e-05
2.592802941e-20
7.462686567e-05
4.340104596e-20
7.462686567e-05
4.033893553e-20
7.462686567e-05
3.409383117e-20
7.462686567e-05
4.139011848e-20
7.462686567e-05
7.884531911e-21
7.462686567e-05
-2.11312635e-20
7.462686567e-05
-7.269197328e-20
7.462686567e-05
-6.182376716e-20
7.462686567e-05
6.904258829e-21
7.462686567e-05
-9.918000368e-21
7.462686567e-05
-1.975607418e-20
7.462686567e-05
2.712053366e-20
7.462686567e-05
2.132444324e-20
7.462686567e-05
-1.99746265e-20
7.462686567e-05
-3.385802995e-20
7.462686567e-05
1.975410815e-21
7.462686567e-05
7.430754711e-21
7.462686567e-05
-5.335026939e-22
7.462686567e-05
1.184102893e-20
7.462686567e-05
-5.467836797e-22
7.462686567e-05
7.503932063e-21
7.462686567e-05
3.608532895e-20
7.462686567e-05
5.207078606e-20
7.462686567e-05
3.217545875e-20
7.462686567e-05
-1.441105207e-20
7.462686567e-05
-3.052829842e-21
7.462686567e-05
-4.800151918e-20
7.462686567e-05
-5.613672008e-20
7.462686567e-05
-2.759925244e-20
7.462686567e-05
-2.417015035e-20
7.462686567e-05
-9.679860338e-21
7.462686567e-05
-6.672682989e-20
7.462686567e-05
-2.333734693e-20
7.462686567e-05
5.788699563e-20
7.462686567e-05
1.468759483e-20
7.462686567e-05
3.253963708e-20
7.462686567e-05
5.647292326e-20
7.462686567e-05
5.300562622e-20
7.462686567e-05
4.774277323e-20
7.462686567e-05
-3.463819606e-20
7.462686567e-05
-1.665429828e-20
7.462686567e-05
1.254809231e-20
7.462686567e-05
-2.24040273e-20
7.462686567e-05
-3.861122939e-20
7.462686567e-05
-5.999607924e-20
7.462686567e-05
-3.603685573e-20
7.462686567e-05
-1.070381015e-21
7.462686567e-05
1.133542014e-20
7.462686567e-05
1.204910995e-20
7.462686567e-05
3.465106778e-20
7.462686567e-05
-3.019732975e-21
7.462686567e-05
-1.905840181e-20
7.462686567e-05
-1.238367529e-20
7.462686567e-05
2.075853309e-21
1.180541482e-20
7.313432836e-05
2.229764739e-20
7.313432836e-05
2.619140892e-20
7.313432836e-05
4.284802405e-20
7.313432836e-05
2.205224045e-20
7.313432836e-05
1.69624517e-20
7.313432836e-05
4.101928749e-20
7.313432836e-05
4.217936928e-20
7.313432836e-05
1.711970289e-20
7.313432836e-05
4.382388847e-21
7.313432836e-05
6.151780576e-21
7.313432836e-05
3.237991563e-20
7.313432836e-05
1.315790634e-20
7.313432836e-05
4.690308405e-21
7.313432836e-05
5.108487947e-22
7.313432836e-05
7.154152464e-21
7.313432836e-05
-1.445551638e-20
7.313432836e-05
-2.61322018e-20
7.313432836e-05
-1.847654312e-20
7.313432836e-05
-3.887943291e-20
7.313432836e-05
-2.529769113e-20
7.313432836e-05
-8.459708248e-21
7.313432836e-05
2.454601173e-21
7.313432836e-05
2.744038077e-21
7.313432836e-05
-4.29944044e-22
7.313432836e-05
3.049619245e-21
7.313432836e-05
-3.162155235e-20
7.313432836e-05
-3.753686312e-20
7.313432836e-05
-1.983731745e-20
7.313432836e-05
9.982376172e-21
7.313432836e-05
-1.136069521e-20
7.313432836e-05
-2.556549797e-20
7.313432836e-05
-5.445032323e-20
7.313432836e-05
-2.9250602e-20
7.313432836e-05
-6.420495461e-21
7.313432836e-05
1.382323125e-20
7.313432836e-05
-4.916811075e-23
7.313432836e-05
3.099180056e-20
7.313432836e-05
8.135898942e-21
7.313432836e-05
-1.9321731e-20
7.313432836e-05
-2.6554071e-20
7.313432836e-05
-1.384122982e-20
7.313432836e-05
1.475312725e-20
7.313432836e-05
-3.390929988e-20
7.313432836e-05
-7.80620213e-20
7.313432836e-05
-3.715967451e-20
7.313432836e-05
-1.656784866e-20
7.313432836e-05
1.238560741e-20
7.313432836e-05
3.972993181e-20
7.313432836e-05
2.623746366e-20
7.313432836e-05
1.3809932e-20
7.313432836e-05
-3.422851558e-21
7.313432836e-05
1.830841846e-20
7.313432836e-05
9.063642615e-22
7.313432836e-05
2.435140547e-20
7.313432836e-05
3.093362701e-20
7.313432836e-05
5.41225087e-20
7.313432836e-05
3.858516748e-20
7.313432836e-05
1.360841966e-21
7.313432836e-05
1.191585291e-20
7.313432836e-05
1.632359153e-20
7.313432836e-05
1.816333601e-21
7.313432836e-05
-5.395855958e-21
7.313432836e-05
2.005904023e-20
7.313432836e-05
2.146216447e-20
7.313432836e-05
2.296266658e-20
7.313432836e-05
2.647112019e-21
7.313432836e-05
-1.791849729e-20
7.313432836e-05
-7.91446605e-21
7.313432836e-05
-1.216071688e-20
7.313432836e-05
-1.852981212e-20
7.313432836e-05
3.420834928e-20
7.313432836e-05
2.25640129e-20
7.313432836e-05
-9.653705031e-22
7.313432836e-05
3.670313416e-21
7.313432836e-05
6.692358905e-21
7.313432836e-05
-9.708531471e-21
7.313432836e-05
-1.378025704e-20
7.313432836e-05
1.398683282e-20
7.313432836e-05
2.653525309e-20
7.313432836e-05
2.618973092e-21
7.313432836e-05
-1.432015406e-20
7.313432836e-05
-1.541570089e-20
7.313432836e-05
-1.905902356e-20
7.313432836e-05
2.067627613e-21
7.313432836e-05
1.235656468e-20
7.313432836e-05
-1.473162562e-20
7.313432836e-05
-4.105478489e-20
7.313432836e-05
-1.649561454e-20
7.313432836e-05
1.591422767e-20
7.313432836e-05
1.448587282e-20
7.313432836e-05
1.107138364e-21
7.313432836e-05
-2.203938872e-20
7.313432836e-05
-1.664118505e-20
7.313432836e-05
-5.342611808e-21
7.313432836e-05
-2.19618862e-20
7.313432836e-05
-2.912196262e-20
7.313432836e-05
-1.833101263e-20
7.313432836e-05
-3.487677952e-20
7.313432836e-05
-1.764136987e-20
7.313432836e-05
9.013336434e-21
7.313432836e-05
-6.076776641e-21
7.313432836e-05
-1.925754623e-20
7.313432836e-05
1.187125012e-20
7.313432836e-05
1.139021542e-20
7.313432836e-05
-2.237709933e-20
7.313432836e-05
-3.744095168e-20
7.313432836e-05
5.519618061e-21
7.313432836e-05
2.224881533e-20
7.313432836e-05
-4.163446013e-20
7.313432836e-05
-3.088099658e-20
7.313432836e-05
1.694127458e-20
7.313432836e-05
5.456321851e-20
7.313432836e-05
4.019317446e-20
7.313432836e-05
1.541717104e-20
7.313432836e-05
3.18171423e-21
7.313432836e-05
3.157894015e-20
7.313432836e-05
2.573774014e-20
7.313432836e-05
4.531981301e-21
7.313432836e-05
3.053349667e-20
7.313432836e-05
3.885516733e-20
7.313432836e-05
8.7742911e-21
7.313432836e-05
-1.566497444e-20
7.313432836e-05
-3.041492915e-20
7.313432836e-05
-2.242547275e-20
7.313432836e-05
-1.55713028e-20
7.313432836e-05
-1.856089327e-20
7.313432836e-05
-2.18131975e-20
7.313432836e-05
-3.507297712e-20
7.313432836e-05
-5.524632511e-21
7.313432836e-05
4.636273067e-22
7.313432836e-05
7.999677286e-21
7.313432836e-05
3.552373838e-20
7.313432836e-05
-1.228578977e-20
7.313432836e-05
-9.662516405e-21
7.313432836e-05
-6.21935193e-20
7.313432836e-05
-2.334447214e-20
7.313432836e-05
4.933277308e-21
7.313432836e-05
1.167333982e-20
7.313432836e-05
-1.765861247e-20
7.313432836e-05
-3.34298994e-20
7.313432836e-05
8.539055948e-21
7.313432836e-05
8.81794957e-20
7.313432836e-05
9.517049796e-20
7.313432836e-05
8.740208365e-21
7.313432836e-05
-5.350436098e-22
7.313432836e-05
5.651632909e-20
7.313432836e-05
4.595749769e-20
7.313432836e-05
2.927551465e-20
7.313432836e-05
4.689891936e-20
7.313432836e-05
3.457244536e-20
7.313432836e-05
1.103539356e-20
7.313432836e-05
-7.983048402e-20
7.313432836e-05
-6.771976233e-20
7.313432836e-05
2.139042184e-20
7.313432836e-05
-1.687397908e-20
7.313432836e-05
-2.399422799e-20
7.313432836e-05
1.705715587e-20
7.313432836e-05
9.224096638e-21
7.313432836e-05
-9.935672893e-21
7.313432836e-05
-4.416960502e-20
7.313432836e-05
-1.575037388e-20
7.313432836e-05
1.149629932e-20
7.313432836e-05
1.562897637e-20
7.313432836e-05
1.704181765e-20
7.313432836e-05
-2.36284948e-21
7.313432836e-05
1.448480651e-20
7.313432836e-05
3.063505262e-20
7.313432836e-05
5.347446298e-20
7.313432836e-05
1.684550399e-20
7.313432836e-05
-4.36676453e-22
7.313432836e-05
2.275364274e-20
7.313432836e-05
-7.95218186e-20
7.313432836e-05
-7.641536379e-20
7.313432836e-05
-1.558550962e-20
7.313432836e-05
-2.740043322e-20
7.313432836e-05
-1.02049644e-21
7.313432836e-05
-8.221724659e-20
7.313432836e-05
-2.106536736e-20
7.313432836e-05
8.188404673e-20
7.313432836e-05
-2.093313177e-21
7.313432836e-05
1.573406831e-20
7.313432836e-05
8.180075647e-20
7.313432836e-05
5.515865986e-20
7.313432836e-05
4.860909983e-20
7.313432836e-05
-6.449058638e-20
7.313432836e-05
-1.662332582e-20
7.313432836e-05
3.081074353e-20
7.313432836e-05
-1.621900211e-20
7.313432836e-05
-6.598456645e-20
7.313432836e-05
-6.102917405e-20
7.313432836e-05
1.194655137e-21
7.313432836e-05
1.634594034e-20
7.313432836e-05
1.879499274e-20
7.313432836e-05
-1.410983453e-20
7.313432836e-05
-2.27341498e-21
7.313432836e-05
1.801737285e-21
7.313432836e-05
-8.300839458e-21
7.313432836e-05
-1.515427838e-21
7.313432836e-05
5.666567817e-21
1.467817342e-20
7.014925373e-05
7.144498026e-21
7.014925373e-05
1.588391358e-20
7.014925373e-05
1.297266152e-20
7.014925373e-05
2.480459554e-21
7.014925373e-05
3.105367141e-20
7.014925373e-05
4.138389813e-20
7.014925373e-05
3.411351328e-20
7.014925373e-05
9.017492867e-21
7.014925373e-05
1.08242105e-20
7.014925373e-05
1.299688135e-20
7.014925373e-05
1.852776559e-20
7.014925373e-05
3.146158961e-20
7.014925373e-05
8.255140013e-21
7.014925373e-05
-1.160057378e-22
7.014925373e-05
1.660098904e-20
7.014925373e-05
-1.869747679e-20
7.014925373e-05
-2.82730788e-20
7.014925373e-05
-1.410396781e-20
7.014925373e-05
-4.069540124e-20
7.014925373e-05
-3.289957365e-20
7.014925373e-05
3.901063485e-22
7.014925373e-05
1.945503204e-21
7.014925373e-05
1.113189545e-20
7.014925373e-05
1.215339215e-20
7.014925373e-05
-2.202281027e-20
7.014925373e-05
-2.107062987e-20
7.014925373e-05
-3.639883462e-20
7.014925373e-05
-3.274376566e-20
7.014925373e-05
1.703436435e-21
7.014925373e-05
3.910351239e-21
7.014925373e-05
-1.567372376e-20
7.014925373e-05
-2.893637633e-20
7.014925373e-05
-2.358953559e-20
7.014925373e-05
1.331677276e-21
7.014925373e-05
1.836264409e-20
7.014925373e-05
-7.712130948e-22
7.014925373e-05
2.575582248e-20
7.014925373e-05
-6.343649929e-21
7.014925373e-05
-1.850711633e-20
7.014925373e-05
1.225358543e-21
7.014925373e-05
-1.361464661e-20
7.014925373e-05
1.053483775e-20
7.014925373e-05
-2.587043852e-20
7.014925373e-05
-7.287776674e-20
7.014925373e-05
-3.384110898e-20
7.014925373e-05
-3.213466474e-21
7.014925373e-05
7.962127004e-21
7.014925373e-05
2.19394327e-20
7.014925373e-05
4.884399691e-20
7.014925373e-05
4.099074486e-21
7.014925373e-05
9.623304735e-21
7.014925373e-05
-3.399510479e-22
7.014925373e-05
9.01009469e-21
7.014925373e-05
3.124306795e-21
7.014925373e-05
8.905260004e-21
7.014925373e-05
5.77395025e-20
7.014925373e-05
5.509196655e-20
7.014925373e-05
8.475962443e-21
7.014925373e-05
1.548402495e-21
7.014925373e-05
1.582770643e-20
7.014925373e-05
1.062959904e-20
7.014925373e-05
-1.391518575e-20
7.014925373e-05
2.383356093e-20
7.014925373e-05
1.786754041e-20
7.014925373e-05
1.97998317e-20
7.014925373e-05
1.334938462e-20
7.014925373e-05
-1.758096361e-20
7.014925373e-05
-3.862016021e-21
7.014925373e-05
-1.453332307e-20
7.014925373e-05
-1.087484219e-20
7.014925373e-05
3.657606703e-20
7.014925373e-05
-2.76972668e-21
7.014925373e-05
-2.356352051e-21
7.014925373e-05
2.184901699e-20
7.014925373e-05
2.653722619e-20
7.014925373e-05
-2.608087113e-20
7.014925373e-05
-5.326681996e-20
7.014925373e-05
1.708542138e-20
7.014925373e-05
3.23432351e-20
7.014925373e-05
2.598103881e-21
7.014925373e-05
-1.384123078e-20
7.014925373e-05
-2.140289131e-20
7.014925373e-05
-2.59728334e-20
7.014925373e-05
2.29283348e-21
7.014925373e-05
2.574878793e-20
7.014925373e-05
1.333081229e-20
7.014925373e-05
-3.911660577e-20
7.014925373e-05
-4.995026003e-20
7.014925373e-05
5.965359232e-21
7.014925373e-05
3.44616062e-20
7.014925373e-05
-6.624731869e-21
7.014925373e-05
-1.034334074e-20
7.014925373e-05
-1.19701453e-22
7.014925373e-05
-4.392091421e-21
7.014925373e-05
-3.073003071e-20
7.014925373e-05
1.64298083e-21
7.014925373e-05
-2.526460302e-20
7.014925373e-05
-4.944935876e-20
7.014925373e-05
-1.268311294e-20
7.014925373e-05
2.131035184e-20
7.014925373e-05
-1.794749627e-20
7.014925373e-05
-3.516006173e-20
7.014925373e-05
1.328209414e-20
7.014925373e-05
1.872347021e-20
7.014925373e-05
-3.143061084e-20
7.014925373e-05
-5.688938672e-20
7.014925373e-05
1.520660994e-20
7.014925373e-05
5.171083002e-20
7.014925373e-05
-4.893593353e-20
7.014925373e-05
-4.370186668e-20
7.014925373e-05
1.075745431e-20
7.014925373e-05
6.774396689e-20
7.014925373e-05
5.27925349e-20
7.014925373e-05
9.818655798e-21
7.014925373e-05
-7.543258727e-21
7.014925373e-05
1.624072757e-20
7.014925373e-05
3.577468443e-20
7.014925373e-05
2.833918278e-20
7.014925373e-05
1.920393309e-20
7.014925373e-05
3.494431561e-20
7.014925373e-05
7.350227131e-21
7.014925373e-05
-3.185262501e-20
7.014925373e-05
-4.75072457e-20
7.014925373e-05
4.23479799e-21
7.014925373e-05
1.256912474e-20
7.014925373e-05
-2.261427838e-20
7.014925373e-05
-2.671982187e-20
7.014925373e-05
-5.064578242e-20
7.014925373e-05
-2.02275e-20
7.014925373e-05
-1.348078741e-21
7.014925373e-05
7.684269337e-21
7.014925373e-05
2.734114409e-20
7.014925373e-05
1.118307656e-20
7.014925373e-05
1.359074325e-20
7.014925373e-05
-6.807588084e-20
7.014925373e-05
-2.141141369e-20
7.014925373e-05
2.574917675e-20
7.014925373e-05
5.909714596e-21
7.014925373e-05
-3.985405871e-20
7.014925373e-05
-7.588877454e-20
7.014925373e-05
1.764978345e-20
7.014925373e-05
9.996973882e-20
7.014925373e-05
8.507124848e-20
7.014925373e-05
-2.946843308e-20
7.014925373e-05
-1.063474689e-20
7.014925373e-05
8.379671034e-20
7.014925373e-05
3.696119029e-20
7.014925373e-05
2.668579727e-20
7.014925373e-05
4.752121646e-20
7.014925373e-05
5.927279641e-20
7.014925373e-05
4.170295726e-20
7.014925373e-05
-9.755218928e-20
7.014925373e-05
-6.986141795e-20
7.014925373e-05
3.118267883e-20
7.014925373e-05
-3.309935296e-20
7.014925373e-05
-1.834591225e-20
7.014925373e-05
1.408322963e-20
7.014925373e-05
-1.265391919e-20
7.014925373e-05
7.207236245e-22
7.014925373e-05
-4.33157509e-20
7.014925373e-05
-6.577053193e-21
7.014925373e-05
1.750878993e-20
7.014925373e-05
2.103836643e-20
7.014925373e-05
9.677080349e-21
7.014925373e-05
-8.979654472e-21
7.014925373e-05
1.83581458e-20
7.014925373e-05
3.696198132e-20
7.014925373e-05
7.5212932e-20
7.014925373e-05
-6.549241479e-21
7.014925373e-05
-7.532439142e-21
7.014925373e-05
4.153536044e-20
7.014925373e-05
-9.50007367e-20
7.014925373e-05
-8.7901394e-20
7.014925373e-05
-7.091679848e-21
7.014925373e-05
-3.390611161e-20
7.014925373e-05
-8.264963706e-21
7.014925373e-05
-1.100673868e-19
7.014925373e-05
-8.407249081e-21
7.014925373e-05
1.141455522e-19
7.014925373e-05
-1.135237417e-20
7.014925373e-05
9.623874478e-21
7.014925373e-05
9.55004143e-20
7.014925373e-05
5.9248585e-20
7.014925373e-05
3.879759612e-20
7.014925373e-05
-6.293402311e-20
7.014925373e-05
-3.818916404e-20
7.014925373e-05
4.961121401e-20
7.014925373e-05
1.14411193e-22
7.014925373e-05
-8.313437102e-20
7.014925373e-05
-5.351040173e-20
7.014925373e-05
2.10549644e-20
7.014925373e-05
3.821932695e-20
7.014925373e-05
2.899377865e-20
7.014925373e-05
-4.024669912e-20
7.014925373e-05
-2.77221499e-20
7.014925373e-05
-2.520857198e-20
7.014925373e-05
-1.105748201e-20
7.014925373e-05
3.385044465e-20
7.014925373e-05
3.226430383e-20
2.185195529e-20
6.567164179e-05
3.739669661e-22
6.567164179e-05
-3.072688974e-21
6.567164179e-05
-4.085255956e-21
6.567164179e-05
-5.147873462e-21
6.567164179e-05
4.282726996e-20
6.567164179e-05
3.504130511e-20
6.567164179e-05
2.226679443e-20
6.567164179e-05
-2.553686362e-21
6.567164179e-05
-8.935370218e-22
6.567164179e-05
2.769343785e-20
6.567164179e-05
3.182482749e-20
6.567164179e-05
2.939359958e-20
6.567164179e-05
-1.131241465e-20
6.567164179e-05
9.050582889e-21
6.567164179e-05
1.561870222e-20
6.567164179e-05
-1.85563473e-20
6.567164179e-05
-1.341854636e-20
6.567164179e-05
-2.22481548e-20
6.567164179e-05
-4.395352084e-20
6.567164179e-05
-2.728118912e-20
6.567164179e-05
-3.095068266e-21
6.567164179e-05
1.330012171e-20
6.567164179e-05
1.726247728e-20
6.567164179e-05
-5.031082017e-22
6.567164179e-05
-1.036078148e-20
6.567164179e-05
-3.33037412e-20
6.567164179e-05
-3.747548069e-20
6.567164179e-05
-2.290258815e-20
6.567164179e-05
5.581380249e-21
6.567164179e-05
-2.008527323e-22
6.567164179e-05
-2.59946655e-20
6.567164179e-05
-9.029374949e-21
6.567164179e-05
-4.626523755e-21
6.567164179e-05
1.175980126e-23
6.567164179e-05
1.974415883e-20
6.567164179e-05
-1.439443083e-21
6.567164179e-05
1.36863293e-20
6.567164179e-05
-9.276189476e-21
6.567164179e-05
-3.370750326e-21
6.567164179e-05
4.780742347e-21
6.567164179e-05
-2.798976139e-20
6.567164179e-05
1.201942214e-20
6.567164179e-05
-3.625696548e-21
6.567164179e-05
-5.138434231e-20
6.567164179e-05
-3.783830201e-20
6.567164179e-05
-1.739196234e-20
6.567164179e-05
7.35880173e-21
6.567164179e-05
2.260556229e-20
6.567164179e-05
2.793009034e-20
6.567164179e-05
5.33769308e-21
6.567164179e-05
7.596519701e-21
6.567164179e-05
1.191212863e-20
6.567164179e-05
-1.01700021e-21
6.567164179e-05
-9.632745331e-21
6.567164179e-05
5.766318928e-21
6.567164179e-05
4.758983075e-20
6.567164179e-05
4.120479992e-20
6.567164179e-05
1.804754053e-20
6.567164179e-05
-4.783149865e-21
6.567164179e-05
2.896138456e-20
6.567164179e-05
7.041106662e-21
6.567164179e-05
-1.905846695e-20
6.567164179e-05
1.350499278e-20
6.567164179e-05
2.016685362e-20
6.567164179e-05
1.123122735e-20
6.567164179e-05
2.072153288e-20
6.567164179e-05
-2.282733615e-20
6.567164179e-05
-5.60088187e-21
6.567164179e-05
-6.337731646e-22
6.567164179e-05
-1.336866971e-20
6.567164179e-05
4.738519746e-20
6.567164179e-05
-1.481785195e-21
6.567164179e-05
-1.973143935e-20
6.567164179e-05
2.807158792e-20
6.567164179e-05
4.373798666e-20
6.567164179e-05
-2.790297131e-20
6.567164179e-05
-6.732286942e-20
6.567164179e-05
1.801452897e-20
6.567164179e-05
3.738184874e-20
6.567164179e-05
4.669913e-21
6.567164179e-05
-2.049141546e-20
6.567164179e-05
-1.559150863e-20
6.567164179e-05
-1.493845573e-20
6.567164179e-05
-7.108221069e-22
6.567164179e-05
2.320396127e-20
6.567164179e-05
1.697918022e-21
6.567164179e-05
-2.933489449e-20
6.567164179e-05
-5.58635626e-20
6.567164179e-05
4.935754588e-21
6.567164179e-05
3.102869907e-20
6.567164179e-05
-7.903701834e-21
6.567164179e-05
-1.728636507e-20
6.567164179e-05
7.336996572e-21
6.567164179e-05
4.076222963e-21
6.567164179e-05
-3.14945158e-20
6.567164179e-05
1.995825292e-20
6.567164179e-05
-1.701120844e-20
6.567164179e-05
-5.343997536e-20
6.567164179e-05
2.145408888e-21
6.567164179e-05
3.453530797e-20
6.567164179e-05
-2.659268897e-20
6.567164179e-05
-4.898213715e-20
6.567164179e-05
1.487195074e-20
6.567164179e-05
2.977505636e-20
6.567164179e-05
-3.004145954e-20
6.567164179e-05
-5.72457815e-20
6.567164179e-05
2.376637229e-20
6.567164179e-05
4.244329708e-20
6.567164179e-05
-4.642507539e-20
6.567164179e-05
-4.232665205e-20
6.567164179e-05
-4.968482056e-21
6.567164179e-05
5.025051234e-20
6.567164179e-05
5.155066373e-20
6.567164179e-05
3.080513331e-20
6.567164179e-05
-1.39994578e-20
6.567164179e-05
9.143394767e-21
6.567164179e-05
4.268258308e-20
6.567164179e-05
1.766291578e-20
6.567164179e-05
2.823875821e-20
6.567164179e-05
3.971347332e-20
6.567164179e-05
5.353122561e-21
6.567164179e-05
-6.035618075e-20
6.567164179e-05
-4.526260152e-20
6.567164179e-05
2.815335713e-20
6.567164179e-05
1.462800682e-20
6.567164179e-05
-2.456074248e-20
6.567164179e-05
-1.911269141e-20
6.567164179e-05
-4.936551024e-20
6.567164179e-05
-2.317285606e-20
6.567164179e-05
-2.495205352e-21
6.567164179e-05
1.202473797e-20
6.567164179e-05
3.559361951e-20
6.567164179e-05
1.125088319e-20
6.567164179e-05
-3.204191649e-21
6.567164179e-05
-7.512845434e-20
6.567164179e-05
4.213126094e-21
6.567164179e-05
3.78491104e-20
6.567164179e-05
2.306962467e-21
6.567164179e-05
-3.989098283e-20
6.567164179e-05
-8.190552416e-20
6.567164179e-05
2.007649967e-20
6.567164179e-05
8.663374754e-20
6.567164179e-05
7.403374522e-20
6.567164179e-05
-3.380922101e-20
6.567164179e-05
-1.686108401e-20
6.567164179e-05
9.480230871e-20
6.567164179e-05
3.384934665e-20
6.567164179e-05
2.221643422e-20
6.567164179e-05
5.196205323e-20
6.567164179e-05
6.928721978e-20
6.567164179e-05
4.558796147e-20
6.567164179e-05
-1.00593681e-19
6.567164179e-05
-6.159300467e-20
6.567164179e-05
2.926576842e-20
6.567164179e-05
-3.899362584e-20
6.567164179e-05
-3.329592305e-20
6.567164179e-05
3.416403209e-20
6.567164179e-05
-5.301163899e-21
6.567164179e-05
-6.997150976e-21
6.567164179e-05
-3.909984385e-20
6.567164179e-05
7.179803212e-21
6.567164179e-05
-2.924804594e-21
6.567164179e-05
1.724062258e-21
6.567164179e-05
1.107037533e-20
6.567164179e-05
-5.743031148e-21
6.567164179e-05
2.768708916e-20
6.567164179e-05
3.885249137e-20
6.567164179e-05
7.935862654e-20
6.567164179e-05
-4.846272572e-21
6.567164179e-05
-1.190037839e-20
6.567164179e-05
4.767807279e-20
6.567164179e-05
-1.005210596e-19
6.567164179e-05
-9.341360541e-20
6.567164179e-05
-5.875526742e-21
6.567164179e-05
-3.841343828e-20
6.567164179e-05
-1.176825827e-20
6.567164179e-05
-1.191903942e-19
6.567164179e-05
-1.876712285e-20
6.567164179e-05
1.343778004e-19
6.567164179e-05
-2.23403709e-20
6.567164179e-05
1.049106651e-20
6.567164179e-05
9.484476593e-20
6.567164179e-05
5.141288283e-20
6.567164179e-05
4.178754199e-20
6.567164179e-05
-7.337695657e-20
6.567164179e-05
-3.417628395e-20
6.567164179e-05
7.99177758e-20
6.567164179e-05
-4.784001423e-21
6.567164179e-05
-8.193343687e-20
6.567164179e-05
-5.845412303e-20
6.567164179e-05
2.689255677e-20
6.567164179e-05
7.482562514e-20
6.567164179e-05
3.888495495e-20
6.567164179e-05
-4.477046713e-20
6.567164179e-05
-5.09981689e-20
6.567164179e-05
-4.080012898e-20
6.567164179e-05
-3.865773438e-22
6.567164179e-05
5.316319806e-20
6.567164179e-05
2.477401921e-20
1.280881966e-20
5.970149254e-05
6.508515514e-21
5.970149254e-05
-2.748845548e-21
5.970149254e-05
-6.351846966e-21
5.970149254e-05
-3.022115605e-21
5.970149254e-05
3.4659979e-20
5.970149254e-05
1.467940614e-20
5.970149254e-05
1.382191994e-20
5.970149254e-05
2.3421649e-20
5.970149254e-05
-1.600871629e-21
5.970149254e-05
5.624658129e-21
5.970149254e-05
3.278210772e-20
5.970149254e-05
1.698677824e-20
5.970149254e-05
-1.428821323e-20
5.970149254e-05
2.244657707e-20
5.970149254e-05
2.91116638e-20
5.970149254e-05
-2.747956004e-20
5.970149254e-05
-2.818926135e-21
5.970149254e-05
-2.134326314e-20
5.970149254e-05
-4.613317646e-20
5.970149254e-05
-2.64969952e-20
5.970149254e-05
-9.999906776e-21
5.970149254e-05
1.79632782e-21
5.970149254e-05
2.002357774e-20
5.970149254e-05
1.842605741e-20
5.970149254e-05
-7.29167778e-21
5.970149254e-05
-2.999906849e-20
5.970149254e-05
-3.390942303e-20
5.970149254e-05
-1.352952981e-20
5.970149254e-05
-6.104779187e-21
5.970149254e-05
-2.059338841e-20
5.970149254e-05
-2.892174893e-20
5.970149254e-05
-4.586814977e-21
5.970149254e-05
-3.783914918e-21
5.970149254e-05
4.623379586e-21
5.970149254e-05
3.558543582e-20
5.970149254e-05
-1.333286047e-21
5.970149254e-05
8.075851951e-21
5.970149254e-05
-2.042073931e-20
5.970149254e-05
-1.241213915e-20
5.970149254e-05
2.050928869e-20
5.970149254e-05
-2.456507747e-20
5.970149254e-05
2.495691985e-21
5.970149254e-05
2.322957942e-20
5.970149254e-05
-1.087914287e-20
5.970149254e-05
-4.403443799e-20
5.970149254e-05
-1.251060615e-20
5.970149254e-05
-1.322525589e-20
5.970149254e-05
-4.077485113e-21
5.970149254e-05
1.777231414e-20
5.970149254e-05
-3.844700985e-21
5.970149254e-05
1.942557914e-20
5.970149254e-05
1.182371135e-20
5.970149254e-05
1.431624665e-20
5.970149254e-05
-7.610683762e-21
5.970149254e-05
-1.4265613e-20
5.970149254e-05
3.833560366e-20
5.970149254e-05
5.596924057e-20
5.970149254e-05
7.386629114e-21
5.970149254e-05
-1.184655685e-20
5.970149254e-05
8.305126522e-21
5.970149254e-05
1.108482577e-20
5.970149254e-05
5.89389714e-22
5.970149254e-05
2.083631873e-20
5.970149254e-05
3.506935802e-21
5.970149254e-05
8.740594441e-21
5.970149254e-05
8.964287951e-21
5.970149254e-05
-1.349846927e-20
5.970149254e-05
-9.53625747e-22
5.970149254e-05
-1.593016463e-21
5.970149254e-05
-1.422535587e-20
5.970149254e-05
4.723813806e-20
5.970149254e-05
4.303899775e-21
5.970149254e-05
-2.541595458e-20
5.970149254e-05
3.027458437e-20
5.970149254e-05
3.894625574e-20
5.970149254e-05
-3.544570877e-20
5.970149254e-05
-7.169053305e-20
5.970149254e-05
3.11520218e-20
5.970149254e-05
5.638881965e-20
5.970149254e-05
-3.17475857e-21
5.970149254e-05
-1.589124615e-20
5.970149254e-05
-1.739003148e-20
5.970149254e-05
-3.047571726e-20
5.970149254e-05
1.241593673e-21
5.970149254e-05
4.110551347e-20
5.970149254e-05
-5.928609906e-21
5.970149254e-05
-3.361226589e-20
5.970149254e-05
-5.191313205e-20
5.970149254e-05
-2.793076239e-21
5.970149254e-05
2.302466149e-20
5.970149254e-05
-6.028079415e-21
5.970149254e-05
-8.4853228e-22
5.970149254e-05
2.123416481e-20
5.970149254e-05
2.581517582e-21
5.970149254e-05
-3.53264628e-20
5.970149254e-05
3.451844438e-20
5.970149254e-05
-1.497049897e-20
5.970149254e-05
-6.216208447e-20
5.970149254e-05
4.924576398e-21
5.970149254e-05
3.460167364e-20
5.970149254e-05
-2.966028007e-20
5.970149254e-05
-5.439341472e-20
5.970149254e-05
2.386846782e-20
5.970149254e-05
4.343692905e-20
5.970149254e-05
-3.324844063e-20
5.970149254e-05
-5.154984231e-20
5.970149254e-05
2.289019581e-20
5.970149254e-05
4.105252078e-20
5.970149254e-05
-2.954492616e-20
5.970149254e-05
-4.519195904e-20
5.970149254e-05
-2.543678778e-20
5.970149254e-05
5.126206359e-20
5.970149254e-05
4.670491562e-20
5.970149254e-05
1.605004817e-20
5.970149254e-05
-1.042925063e-20
5.970149254e-05
4.936028277e-21
5.970149254e-05
3.274161008e-20
5.970149254e-05
1.928258334e-20
5.970149254e-05
9.079902596e-21
5.970149254e-05
2.940131328e-20
5.970149254e-05
1.779925524e-20
5.970149254e-05
-4.20742301e-20
5.970149254e-05
-3.457186705e-20
5.970149254e-05
4.142518229e-20
5.970149254e-05
9.675419419e-21
5.970149254e-05
-2.268460627e-20
5.970149254e-05
-2.408042539e-20
5.970149254e-05
-4.835736799e-20
5.970149254e-05
-1.26512413e-20
5.970149254e-05
-6.27446135e-21
5.970149254e-05
-8.053356483e-21
5.970149254e-05
4.04433441e-20
5.970149254e-05
2.001314568e-20
5.970149254e-05
-1.803150568e-20
5.970149254e-05
-8.515013027e-20
5.970149254e-05
2.14770442e-20
5.970149254e-05
7.299646027e-20
5.970149254e-05
1.886924527e-21
5.970149254e-05
-5.898317067e-20
5.970149254e-05
-8.335615083e-20
5.970149254e-05
1.931539797e-20
5.970149254e-05
7.866086283e-20
5.970149254e-05
6.273386026e-20
5.970149254e-05
-5.694225933e-20
5.970149254e-05
-2.986259924e-20
5.970149254e-05
9.315466957e-20
5.970149254e-05
2.800206493e-20
5.970149254e-05
1.591791961e-20
5.970149254e-05
6.610573084e-20
5.970149254e-05
7.876789228e-20
5.970149254e-05
4.37469955e-20
5.970149254e-05
-1.164209692e-19
5.970149254e-05
-6.541043967e-20
5.970149254e-05
3.900163737e-20
5.970149254e-05
-5.452370556e-20
5.970149254e-05
-9.193882225e-21
5.970149254e-05
4.295335257e-20
5.970149254e-05
-3.668161382e-21
5.970149254e-05
-2.263921847e-21
5.970149254e-05
-3.194300124e-20
5.970149254e-05
7.082544625e-21
5.970149254e-05
-4.742976488e-21
5.970149254e-05
-1.165505758e-21
5.970149254e-05
1.479703283e-20
5.970149254e-05
-3.628139525e-21
5.970149254e-05
1.424975692e-20
5.970149254e-05
3.315179767e-20
5.970149254e-05
7.89650274e-20
5.970149254e-05
-9.095492987e-22
5.970149254e-05
-8.919964379e-21
5.970149254e-05
4.217088406e-20
5.970149254e-05
-1.122252293e-19
5.970149254e-05
-8.015171735e-20
5.970149254e-05
1.947187084e-20
5.970149254e-05
-3.305926944e-20
5.970149254e-05
-1.6900336e-21
5.970149254e-05
-1.156275472e-19
5.970149254e-05
-3.273251698e-20
5.970149254e-05
1.329791439e-19
5.970149254e-05
-3.276833013e-20
5.970149254e-05
1.196507868e-20
5.970149254e-05
1.113012374e-19
5.970149254e-05
4.377927895e-20
5.970149254e-05
3.439544907e-20
5.970149254e-05
-9.40719573e-20
5.970149254e-05
-4.687047397e-20
5.970149254e-05
1.09036491e-19
5.970149254e-05
5.050259992e-21
5.970149254e-05
-1.005553398e-19
5.970149254e-05
-5.083515275e-20
5.970149254e-05
3.163663669e-20
5.970149254e-05
7.79766973e-20
5.970149254e-05
4.741364903e-20
5.970149254e-05
-5.014926068e-20
5.970149254e-05
-5.301904482e-20
5.970149254e-05
-4.80296131e-20
5.970149254e-05
-7.249517512e-21
5.970149254e-05
6.000771169e-20
5.970149254e-05
1.898551592e-20
8.858082249e-21
5.223880597e-05
1.736214136e-21
5.223880597e-05
-7.204966379e-21
5.223880597e-05
4.644033849e-21
5.223880597e-05
-5.945091279e-21
5.223880597e-05
1.30476123e-20
5.223880597e-05
8.534998832e-21
5.223880597e-05
1.476014496e-20
5.223880597e-05
1.17457384e-20
5.223880597e-05
-6.113890708e-21
5.223880597e-05
1.622361362e-20
5.223880597e-05
2.041051409e-20
5.223880597e-05
7.296768319e-21
5.223880597e-05
8.683492141e-21
5.223880597e-05
3.44217384e-20
5.223880597e-05
2.13012084e-20
5.223880597e-05
-2.366882396e-20
5.223880597e-05
-1.425060048e-21
5.223880597e-05
-1.391334242e-20
5.223880597e-05
-4.691892097e-20
5.223880597e-05
-2.787652488e-20
5.223880597e-05
-3.574141688e-21
5.223880597e-05
5.319589198e-21
5.223880597e-05
1.853791006e-20
5.223880597e-05
2.19703905e-20
5.223880597e-05
4.351688796e-21
5.223880597e-05
-2.670605377e-20
5.223880597e-05
-3.800457725e-20
5.223880597e-05
-6.711183756e-21
5.223880597e-05
-1.105978131e-20
5.223880597e-05
-3.008017014e-20
5.223880597e-05
-1.286136098e-20
5.223880597e-05
-6.033167119e-21
5.223880597e-05
-2.119644327e-21
5.223880597e-05
1.08270598e-20
5.223880597e-05
2.320660662e-20
5.223880597e-05
1.425874151e-21
5.223880597e-05
8.769017068e-21
5.223880597e-05
-1.457220427e-20
5.223880597e-05
-1.72084505e-20
5.223880597e-05
1.185042906e-20
5.223880597e-05
-1.564785294e-20
5.223880597e-05
1.596489316e-20
5.223880597e-05
2.434599444e-20
5.223880597e-05
-3.09055868e-21
5.223880597e-05
-2.234934583e-20
5.223880597e-05
-1.26508875e-20
5.223880597e-05
-1.379045274e-20
5.223880597e-05
-1.411450223e-20
5.223880597e-05
8.409237194e-21
5.223880597e-05
-6.100989397e-21
5.223880597e-05
7.893988714e-21
5.223880597e-05
6.890675237e-21
5.223880597e-05
-1.715873538e-21
5.223880597e-05
-6.351289037e-21
5.223880597e-05
-4.404824415e-21
5.223880597e-05
4.689177816e-20
5.223880597e-05
2.869128922e-20
5.223880597e-05
-1.381955523e-20
5.223880597e-05
-1.494584025e-20
5.223880597e-05
-2.103711909e-21
5.223880597e-05
1.6583097e-20
5.223880597e-05
1.136188786e-20
5.223880597e-05
1.279036285e-20
5.223880597e-05
-2.448200936e-22
5.223880597e-05
8.987526378e-21
5.223880597e-05
1.694791255e-20
5.223880597e-05
-1.661938631e-20
5.223880597e-05
2.053271206e-20
5.223880597e-05
6.379142151e-21
5.223880597e-05
-1.723497786e-20
5.223880597e-05
5.101932967e-20
5.223880597e-05
-1.726002301e-20
5.223880597e-05
-3.826029795e-20
5.223880597e-05
3.417847532e-20
5.223880597e-05
5.394924745e-20
5.223880597e-05
-1.930667e-20
5.223880597e-05
-8.206045778e-20
5.223880597e-05
2.590498522e-20
5.223880597e-05
5.878825009e-20
5.223880597e-05
-6.188828909e-21
5.223880597e-05
-1.154252532e-20
5.223880597e-05
-2.804746137e-20
5.223880597e-05
-3.744342866e-20
5.223880597e-05
6.649879448e-21
5.223880597e-05
5.063019918e-20
5.223880597e-05
-9.551035731e-21
5.223880597e-05
-3.73087787e-20
5.223880597e-05
-3.64048617e-20
5.223880597e-05
1.717421046e-20
5.223880597e-05
-8.04317338e-22
5.223880597e-05
-1.26444323e-20
5.223880597e-05
1.717732954e-20
5.223880597e-05
4.348323721e-20
5.223880597e-05
-8.767582223e-22
5.223880597e-05
-5.336093936e-20
5.223880597e-05
2.978885898e-20
5.223880597e-05
-2.044102132e-20
5.223880597e-05
-5.866063373e-20
5.223880597e-05
2.172863455e-20
5.223880597e-05
4.253529618e-20
5.223880597e-05
-3.862322758e-20
5.223880597e-05
-6.00751542e-20
5.223880597e-05
3.160290754e-20
5.223880597e-05
5.554581309e-20
5.223880597e-05
-3.076624561e-20
5.223880597e-05
-5.967510536e-20
5.223880597e-05
2.45672005e-20
5.223880597e-05
4.559148123e-20
5.223880597e-05
-3.738874218e-20
5.223880597e-05
-3.56466061e-20
5.223880597e-05
-2.103754314e-20
5.223880597e-05
4.138775155e-20
5.223880597e-05
4.517545877e-20
5.223880597e-05
-9.791280121e-22
5.223880597e-05
-6.280413948e-21
5.223880597e-05
9.786457187e-21
5.223880597e-05
2.599109274e-20
5.223880597e-05
-1.505919148e-21
5.223880597e-05
2.565063434e-21
5.223880597e-05
3.081015884e-20
5.223880597e-05
3.340402835e-20
5.223880597e-05
-4.492355175e-20
5.223880597e-05
-4.528929383e-20
5.223880597e-05
4.115702738e-20
5.223880597e-05
1.128342988e-20
5.223880597e-05
-3.308567009e-20
5.223880597e-05
-4.326719099e-21
5.223880597e-05
-3.082935813e-20
5.223880597e-05
6.516006163e-22
5.223880597e-05
-2.173990406e-20
5.223880597e-05
-1.341128549e-20
5.223880597e-05
3.659694895e-20
5.223880597e-05
7.686545809e-23
5.223880597e-05
-3.666839202e-21
5.223880597e-05
-8.997421914e-20
5.223880597e-05
2.97066869e-20
5.223880597e-05
1.059946402e-19
5.223880597e-05
1.159127411e-20
5.223880597e-05
-8.739673294e-20
5.223880597e-05
-9.750239394e-20
5.223880597e-05
3.501336867e-20
5.223880597e-05
8.014843747e-20
5.223880597e-05
3.727461127e-20
5.223880597e-05
-8.03785587e-20
5.223880597e-05
-1.001753357e-20
5.223880597e-05
1.089376582e-19
5.223880597e-05
-1.356486449e-20
5.223880597e-05
-1.316689261e-20
5.223880597e-05
6.219269268e-20
5.223880597e-05
1.043687893e-19
5.223880597e-05
3.265915038e-20
5.223880597e-05
-1.41327741e-19
5.223880597e-05
-6.098657241e-20
5.223880597e-05
7.321086662e-20
5.223880597e-05
-5.913920783e-20
5.223880597e-05
-2.24658181e-20
5.223880597e-05
5.034172899e-20
5.223880597e-05
1.00836838e-20
5.223880597e-05
2.808453525e-21
5.223880597e-05
-3.72443143e-20
5.223880597e-05
3.354603563e-20
5.223880597e-05
6.238623173e-21
5.223880597e-05
-8.833868806e-21
5.223880597e-05
2.09527308e-21
5.223880597e-05
-1.131646813e-20
5.223880597e-05
2.003833978e-21
5.223880597e-05
3.466757322e-20
5.223880597e-05
8.27300907e-20
5.223880597e-05
-2.960772248e-20
5.223880597e-05
1.21094162e-21
5.223880597e-05
6.360170412e-20
5.223880597e-05
-1.183585463e-19
5.223880597e-05
-7.03431389e-20
5.223880597e-05
2.574105938e-20
5.223880597e-05
-2.157044708e-20
5.223880597e-05
6.828871396e-21
5.223880597e-05
-1.287647094e-19
5.223880597e-05
-2.045047445e-20
5.223880597e-05
1.529964312e-19
5.223880597e-05
-6.108278655e-20
5.223880597e-05
-2.963169527e-21
5.223880597e-05
1.175176488e-19
5.223880597e-05
3.219420924e-20
5.223880597e-05
1.856074361e-20
5.223880597e-05
-1.015998446e-19
5.223880597e-05
-2.060943441e-20
5.223880597e-05
1.093046956e-19
5.223880597e-05
-1.48888384e-21
5.223880597e-05
-1.07924076e-19
5.223880597e-05
-5.344035463e-20
5.223880597e-05
5.550795267e-20
5.223880597e-05
7.299411523e-20
5.223880597e-05
2.323332565e-20
5.223880597e-05
-5.384309816e-20
5.223880597e-05
-2.124204107e-20
5.223880597e-05
-7.003044142e-21
5.223880597e-05
-3.540471595e-20
5.223880597e-05
3.31652916e-20
5.223880597e-05
2.193144774e-20
2.408420655e-20
4.328358209e-05
-1.39815804e-20
4.328358209e-05
-2.678311994e-21
4.328358209e-05
8.353650376e-21
4.328358209e-05
2.599687966e-21
4.328358209e-05
-6.415292558e-21
4.328358209e-05
-1.816551477e-20
4.328358209e-05
1.177938811e-20
4.328358209e-05
1.262235037e-20
4.328358209e-05
-6.453003168e-21
4.328358209e-05
6.180361924e-21
4.328358209e-05
1.02440703e-20
4.328358209e-05
1.374558525e-20
4.328358209e-05
1.68575677e-20
4.328358209e-05
2.393030061e-20
4.328358209e-05
6.86466172e-21
4.328358209e-05
-1.263642273e-20
4.328358209e-05
1.147304947e-20
4.328358209e-05
-2.209397194e-20
4.328358209e-05
-3.819771143e-20
4.328358209e-05
-2.250178124e-20
4.328358209e-05
1.060508964e-20
4.328358209e-05
1.086379512e-20
4.328358209e-05
9.549661126e-21
4.328358209e-05
6.496508078e-21
4.328358209e-05
-1.505994771e-20
4.328358209e-05
-1.479929276e-20
4.328358209e-05
-1.232691074e-20
4.328358209e-05
3.159559e-21
4.328358209e-05
-2.103250054e-20
4.328358209e-05
-3.731101893e-20
4.328358209e-05
-8.201545464e-21
4.328358209e-05
8.354353177e-21
4.328358209e-05
4.489007365e-21
4.328358209e-05
1.3060373e-20
4.328358209e-05
1.665661436e-20
4.328358209e-05
-9.497071804e-21
4.328358209e-05
-5.743813989e-21
4.328358209e-05
-1.398181866e-20
4.328358209e-05
1.268625999e-21
4.328358209e-05
1.996881054e-20
4.328358209e-05
-2.009946569e-20
4.328358209e-05
1.362582832e-20
4.328358209e-05
3.090765433e-20
4.328358209e-05
-3.489841498e-21
4.328358209e-05
-2.02858483e-20
4.328358209e-05
-1.344367829e-20
4.328358209e-05
-6.599251792e-21
4.328358209e-05
-1.140499764e-20
4.328358209e-05
8.16569995e-21
4.328358209e-05
-1.549729223e-20
4.328358209e-05
-1.341466234e-20
4.328358209e-05
9.8750648e-21
4.328358209e-05
1.593183287e-21
4.328358209e-05
-8.608142264e-21
4.328358209e-05
-2.476627149e-22
4.328358209e-05
4.04830694e-20
4.328358209e-05
8.935758053e-21
4.328358209e-05
-1.836555595e-20
4.328358209e-05
-8.133150676e-21
4.328358209e-05
-2.335801431e-22
4.328358209e-05
9.442938684e-21
4.328358209e-05
2.20285716e-20
4.328358209e-05
7.762021469e-21
4.328358209e-05
4.18891806e-22
4.328358209e-05
7.755208076e-21
4.328358209e-05
4.462801052e-21
4.328358209e-05
-3.598118062e-21
4.328358209e-05
2.377269403e-20
4.328358209e-05
1.187769562e-20
4.328358209e-05
-1.427711935e-20
4.328358209e-05
2.847175623e-20
4.328358209e-05
-2.36861837e-20
4.328358209e-05
-2.875489152e-20
4.328358209e-05
3.919270732e-20
4.328358209e-05
4.20313605e-20
4.328358209e-05
-3.202743128e-20
4.328358209e-05
-6.44619897e-20
4.328358209e-05
4.530315409e-20
4.328358209e-05
5.16436476e-20
4.328358209e-05
-7.219580688e-21
4.328358209e-05
-1.458534788e-20
4.328358209e-05
-2.272678112e-20
4.328358209e-05
-2.190960562e-20
4.328358209e-05
-1.117345301e-21
4.328358209e-05
3.143679881e-20
4.328358209e-05
5.628897883e-22
4.328358209e-05
-2.030907396e-20
4.328358209e-05
-2.111777869e-20
4.328358209e-05
2.521892291e-20
4.328358209e-05
2.093934827e-20
4.328358209e-05
-2.946881324e-20
4.328358209e-05
2.898866863e-21
4.328358209e-05
2.786017885e-20
4.328358209e-05
1.394238487e-23
4.328358209e-05
-3.723579924e-20
4.328358209e-05
1.223519377e-20
4.328358209e-05
-2.029651541e-20
4.328358209e-05
-3.122083465e-20
4.328358209e-05
2.337157318e-20
4.328358209e-05
3.117543783e-20
4.328358209e-05
-3.159697375e-20
4.328358209e-05
-5.823485172e-20
4.328358209e-05
3.766275299e-20
4.328358209e-05
5.566550653e-20
4.328358209e-05
-3.011716464e-20
4.328358209e-05
-4.59212737e-20
4.328358209e-05
2.664652103e-20
4.328358209e-05
3.147230077e-20
4.328358209e-05
-3.490465664e-20
4.328358209e-05
-3.343163686e-20
4.328358209e-05
-1.235620852e-20
4.328358209e-05
3.841499918e-20
4.328358209e-05
3.426931209e-20
4.328358209e-05
-6.88068911e-21
4.328358209e-05
-2.007913632e-20
4.328358209e-05
-1.726051092e-22
4.328358209e-05
3.546310628e-20
4.328358209e-05
-7.318821492e-21
4.328358209e-05
-1.571406415e-20
4.328358209e-05
2.082721624e-20
4.328358209e-05
4.736736774e-20
4.328358209e-05
-3.052857396e-20
4.328358209e-05
-3.945602834e-20
4.328358209e-05
2.673599993e-20
4.328358209e-05
1.165348029e-20
4.328358209e-05
-2.267395626e-20
4.328358209e-05
-9.090943383e-21
4.328358209e-05
-2.493510701e-20
4.328358209e-05
1.94539702e-20
4.328358209e-05
-2.059064535e-20
4.328358209e-05
-3.282377482e-20
4.328358209e-05
2.257706975e-20
4.328358209e-05
1.763817617e-20
4.328358209e-05
1.594188579e-21
4.328358209e-05
-8.820855909e-20
4.328358209e-05
1.609564398e-20
4.328358209e-05
9.864771999e-20
4.328358209e-05
2.980590398e-20
4.328358209e-05
-6.62087195e-20
4.328358209e-05
-8.756243205e-20
4.328358209e-05
3.595728312e-20
4.328358209e-05
7.286336578e-20
4.328358209e-05
1.672631228e-20
4.328358209e-05
-8.092127995e-20
4.328358209e-05
-1.082373114e-20
4.328358209e-05
9.386224123e-20
4.328358209e-05
-1.929381498e-20
4.328358209e-05
-1.689816539e-20
4.328358209e-05
5.729840327e-20
4.328358209e-05
7.156508666e-20
4.328358209e-05
2.169408805e-20
4.328358209e-05
-1.267015821e-19
4.328358209e-05
-4.438146685e-20
4.328358209e-05
8.521958842e-20
4.328358209e-05
-4.748723428e-20
4.328358209e-05
-2.59739181e-20
4.328358209e-05
5.027369316e-20
4.328358209e-05
1.399731921e-20
4.328358209e-05
1.64801424e-20
4.328358209e-05
-4.459638584e-20
4.328358209e-05
2.209859082e-20
4.328358209e-05
6.032192604e-21
4.328358209e-05
3.856650362e-21
4.328358209e-05
-7.985619335e-21
4.328358209e-05
-2.098609691e-20
4.328358209e-05
1.022213347e-20
4.328358209e-05
2.13801434e-20
4.328358209e-05
6.747225198e-20
4.328358209e-05
-1.884212438e-20
4.328358209e-05
-1.58328217e-20
4.328358209e-05
4.280543677e-20
4.328358209e-05
-9.08163222e-20
4.328358209e-05
-4.68975027e-20
4.328358209e-05
2.958203967e-20
4.328358209e-05
-8.709589222e-21
4.328358209e-05
1.151132831e-20
4.328358209e-05
-1.244598479e-19
4.328358209e-05
-3.199398749e-20
4.328358209e-05
1.321676504e-19
4.328358209e-05
-5.377820289e-20
4.328358209e-05
-2.11996708e-21
4.328358209e-05
1.018269477e-19
4.328358209e-05
3.434702568e-20
4.328358209e-05
1.309885921e-20
4.328358209e-05
-1.05780261e-19
4.328358209e-05
-7.514391373e-21
4.328358209e-05
1.126385537e-19
4.328358209e-05
5.598240608e-21
4.328358209e-05
-9.263260925e-20
4.328358209e-05
-6.662487965e-20
4.328358209e-05
5.028769477e-20
4.328358209e-05
7.974717502e-20
4.328358209e-05
1.31746327e-20
4.328358209e-05
-4.648665757e-20
4.328358209e-05
-1.700017649e-20
4.328358209e-05
-2.374058087e-20
4.328358209e-05
-1.448131097e-20
4.328358209e-05
2.418789433e-20
4.328358209e-05
2.867460725e-20
1.813176873e-20
3.28358209e-05
6.356341443e-21
3.28358209e-05
-1.322650314e-20
3.28358209e-05
1.07327999e-20
3.28358209e-05
8.60215077e-21
3.28358209e-05
-1.707625415e-20
3.28358209e-05
-2.085409123e-20
3.28358209e-05
1.792151488e-20
3.28358209e-05
3.495861999e-20
3.28358209e-05
-1.381271678e-20
3.28358209e-05
-3.707690729e-21
3.28358209e-05
1.175861456e-20
3.28358209e-05
-1.239398321e-20
3.28358209e-05
1.953691681e-21
3.28358209e-05
2.453846908e-20
3.28358209e-05
9.332101979e-21
3.28358209e-05
-1.268807688e-20
3.28358209e-05
1.759512461e-20
3.28358209e-05
-2.145502373e-20
3.28358209e-05
-3.769707068e-20
3.28358209e-05
-2.153925308e-21
3.28358209e-05
8.665276508e-21
3.28358209e-05
4.276206503e-21
3.28358209e-05
2.000828392e-20
3.28358209e-05
8.96189415e-21
3.28358209e-05
-2.440295434e-20
3.28358209e-05
-2.198748493e-20
3.28358209e-05
-1.382785848e-20
3.28358209e-05
5.303032731e-21
3.28358209e-05
-1.114522794e-20
3.28358209e-05
-3.389023339e-20
3.28358209e-05
-1.182443731e-20
3.28358209e-05
8.994444902e-21
3.28358209e-05
1.996031224e-20
3.28358209e-05
1.813643344e-20
3.28358209e-05
1.136713218e-20
3.28358209e-05
-2.401353521e-20
3.28358209e-05
-1.285416282e-20
3.28358209e-05
-7.398927188e-21
3.28358209e-05
2.243625516e-20
3.28358209e-05
3.34702185e-20
3.28358209e-05
-3.944048228e-20
3.28358209e-05
-1.779189618e-21
3.28358209e-05
2.17927262e-20
3.28358209e-05
-8.758120068e-21
3.28358209e-05
-6.591690693e-21
3.28358209e-05
4.655935413e-21
3.28358209e-05
4.122596092e-21
3.28358209e-05
-1.050521518e-20
3.28358209e-05
-2.876207572e-21
3.28358209e-05
-1.600612084e-20
3.28358209e-05
-4.289122105e-22
3.28358209e-05
1.55561963e-20
3.28358209e-05
-5.148298967e-21
3.28358209e-05
-5.658060627e-21
3.28358209e-05
2.243326341e-21
3.28358209e-05
3.531822376e-20
3.28358209e-05
-2.860707198e-23
3.28358209e-05
-1.781167635e-20
3.28358209e-05
-1.29297708e-21
3.28358209e-05
-2.682662333e-21
3.28358209e-05
1.991306988e-21
3.28358209e-05
1.753848491e-20
3.28358209e-05
6.668556425e-21
3.28358209e-05
-7.600999891e-21
3.28358209e-05
4.637622419e-21
3.28358209e-05
1.22078878e-20
3.28358209e-05
3.980224881e-21
3.28358209e-05
2.313413675e-20
3.28358209e-05
2.120384655e-21
3.28358209e-05
-2.394256036e-20
3.28358209e-05
2.437394553e-20
3.28358209e-05
-2.118708452e-20
3.28358209e-05
-2.332180019e-20
3.28358209e-05
3.422065495e-20
3.28358209e-05
2.861645055e-20
3.28358209e-05
-2.770011727e-20
3.28358209e-05
-4.378604216e-20
3.28358209e-05
2.754116099e-20
3.28358209e-05
2.773373436e-20
3.28358209e-05
-8.330141981e-23
3.28358209e-05
8.738534067e-21
3.28358209e-05
-1.585848298e-20
3.28358209e-05
-3.63696043e-20
3.28358209e-05
-4.967509298e-21
3.28358209e-05
3.90488622e-20
3.28358209e-05
-3.460465581e-21
3.28358209e-05
-1.400018502e-20
3.28358209e-05
-1.257930992e-20
3.28358209e-05
1.901608984e-20
3.28358209e-05
1.536304588e-20
3.28358209e-05
-1.645518838e-20
3.28358209e-05
-1.20869317e-20
3.28358209e-05
1.871734849e-20
3.28358209e-05
8.528019864e-21
3.28358209e-05
-3.325253222e-20
3.28358209e-05
1.165325856e-20
3.28358209e-05
-1.331165492e-21
3.28358209e-05
-2.905394279e-20
3.28358209e-05
1.613339339e-20
3.28358209e-05
2.070542851e-20
3.28358209e-05
-2.822140311e-20
3.28358209e-05
-3.593315922e-20
3.28358209e-05
2.838138304e-20
3.28358209e-05
3.902101395e-20
3.28358209e-05
-1.15422453e-20
3.28358209e-05
-2.804521724e-20
3.28358209e-05
1.508517346e-20
3.28358209e-05
1.665824964e-20
3.28358209e-05
-1.967777894e-20
3.28358209e-05
-1.72938604e-20
3.28358209e-05
-2.917549058e-20
3.28358209e-05
4.75598099e-20
3.28358209e-05
3.070341898e-20
3.28358209e-05
-2.605937736e-20
3.28358209e-05
-2.011867844e-20
3.28358209e-05
-1.300770072e-20
3.28358209e-05
1.96591753e-20
3.28358209e-05
1.098309138e-20
3.28358209e-05
-1.530222728e-20
3.28358209e-05
-3.171080441e-22
3.28358209e-05
2.620729665e-20
3.28358209e-05
-1.990201135e-20
3.28358209e-05
-2.397210011e-20
3.28358209e-05
3.395043921e-20
3.28358209e-05
1.281821828e-20
3.28358209e-05
-1.016000068e-20
3.28358209e-05
-9.398082969e-21
3.28358209e-05
-1.486270334e-20
3.28358209e-05
1.364497453e-20
3.28358209e-05
-1.962179675e-20
3.28358209e-05
-1.801541475e-20
3.28358209e-05
1.838421791e-20
3.28358209e-05
-1.32487602e-21
3.28358209e-05
3.950394921e-21
3.28358209e-05
-5.686007738e-20
3.28358209e-05
1.829736682e-20
3.28358209e-05
9.657509748e-20
3.28358209e-05
1.739742623e-20
3.28358209e-05
-7.081011972e-20
3.28358209e-05
-7.282562053e-20
3.28358209e-05
2.621890088e-20
3.28358209e-05
5.318906803e-20
3.28358209e-05
1.775187752e-20
3.28358209e-05
-8.18754942e-20
3.28358209e-05
-1.251801755e-20
3.28358209e-05
9.275877195e-20
3.28358209e-05
-1.681637167e-20
3.28358209e-05
-3.876329337e-20
3.28358209e-05
4.563783314e-20
3.28358209e-05
7.084262241e-20
3.28358209e-05
1.548901448e-20
3.28358209e-05
-1.092506204e-19
3.28358209e-05
-3.560686333e-20
3.28358209e-05
6.9421502e-20
3.28358209e-05
-3.941913062e-20
3.28358209e-05
-1.922967202e-20
3.28358209e-05
5.000158434e-20
3.28358209e-05
1.472695337e-20
3.28358209e-05
1.479632741e-20
3.28358209e-05
-4.553413086e-20
3.28358209e-05
1.38570071e-20
3.28358209e-05
2.252540976e-20
3.28358209e-05
-3.2032362e-21
3.28358209e-05
-7.976640647e-21
3.28358209e-05
-1.960835382e-20
3.28358209e-05
6.091331325e-21
3.28358209e-05
2.018851884e-20
3.28358209e-05
4.627520613e-20
3.28358209e-05
-2.095566394e-20
3.28358209e-05
-2.036687685e-20
3.28358209e-05
3.770064077e-20
3.28358209e-05
-6.047276574e-20
3.28358209e-05
-3.344651936e-20
3.28358209e-05
4.092957158e-20
3.28358209e-05
-3.454873496e-21
3.28358209e-05
7.731690601e-22
3.28358209e-05
-9.475384526e-20
3.28358209e-05
-6.164948386e-21
3.28358209e-05
1.078380582e-19
3.28358209e-05
-5.465540913e-20
3.28358209e-05
-1.230671195e-20
3.28358209e-05
8.699659924e-20
3.28358209e-05
1.364450977e-20
3.28358209e-05
-1.111160842e-20
3.28358209e-05
-8.832789364e-20
3.28358209e-05
2.448466723e-21
3.28358209e-05
1.139707085e-19
3.28358209e-05
-7.548907616e-22
3.28358209e-05
-8.581718461e-20
3.28358209e-05
-2.601193937e-20
3.28358209e-05
3.666569937e-20
3.28358209e-05
3.616444347e-20
3.28358209e-05
2.489718672e-20
3.28358209e-05
-3.116746424e-20
3.28358209e-05
-1.497110827e-20
3.28358209e-05
-2.252964405e-20
3.28358209e-05
-1.83689346e-20
3.28358209e-05
2.502712672e-20
3.28358209e-05
1.510614675e-20
3.243553306e-20
2.089552239e-05
1.146717615e-20
2.089552239e-05
5.52764628e-22
2.089552239e-05
-3.471585825e-21
2.089552239e-05
-1.379223315e-20
2.089552239e-05
-1.96531646e-20
2.089552239e-05
-2.417463288e-20
2.089552239e-05
1.142863577e-20
2.089552239e-05
2.545960109e-20
2.089552239e-05
-2.556712673e-21
2.089552239e-05
2.141242631e-22
2.089552239e-05
1.199825908e-20
2.089552239e-05
-5.735788495e-21
2.089552239e-05
1.311941416e-21
2.089552239e-05
1.995664285e-20
2.089552239e-05
-1.116680295e-20
2.089552239e-05
-9.682230422e-21
2.089552239e-05
5.833696107e-21
2.089552239e-05
-9.782838342e-21
2.089552239e-05
-1.39955391e-20
2.089552239e-05
3.62187548e-21
2.089552239e-05
1.768503891e-20
2.089552239e-05
2.657483873e-21
2.089552239e-05
5.164315038e-21
2.089552239e-05
1.082060413e-20
2.089552239e-05
-5.832773643e-21
2.089552239e-05
-2.058249335e-20
2.089552239e-05
-2.20185851e-20
2.089552239e-05
2.127722832e-21
2.089552239e-05
7.003836648e-22
2.089552239e-05
-2.846381774e-20
2.089552239e-05
-1.389552397e-20
2.089552239e-05
2.045882305e-20
2.089552239e-05
1.07660162e-20
2.089552239e-05
1.192244801e-20
2.089552239e-05
9.241234737e-21
2.089552239e-05
-3.061107881e-20
2.089552239e-05
-4.839400557e-21
2.089552239e-05
1.17952269e-20
2.089552239e-05
2.70449431e-21
2.089552239e-05
1.963307893e-20
2.089552239e-05
-1.546746992e-20
2.089552239e-05
-8.582411736e-21
2.089552239e-05
4.058601536e-21
2.089552239e-05
2.121490437e-21
2.089552239e-05
-1.048607627e-20
2.089552239e-05
2.983120731e-21
2.089552239e-05
1.03783045e-20
2.089552239e-05
-2.750295681e-21
2.089552239e-05
-1.044692663e-21
2.089552239e-05
-1.887016987e-20
2.089552239e-05
5.890093877e-21
2.089552239e-05
1.42278384e-20
2.089552239e-05
-4.776842305e-21
2.089552239e-05
-4.399357255e-22
2.089552239e-05
3.846422729e-21
2.089552239e-05
8.600622087e-21
2.089552239e-05
5.803201726e-22
2.089552239e-05
-5.483212611e-21
2.089552239e-05
1.536853649e-21
2.089552239e-05
-5.962844575e-22
2.089552239e-05
-3.922332756e-21
2.089552239e-05
2.684419172e-21
2.089552239e-05
3.036251001e-21
2.089552239e-05
-3.606440747e-22
2.089552239e-05
2.340934666e-21
2.089552239e-05
6.478612924e-21
2.089552239e-05
8.900664427e-21
2.089552239e-05
4.361598311e-21
2.089552239e-05
-1.009787193e-20
2.089552239e-05
-1.324539675e-20
2.089552239e-05
5.48313509e-21
2.089552239e-05
-1.985666983e-20
2.089552239e-05
3.590662658e-21
2.089552239e-05
2.896583815e-20
2.089552239e-05
2.134974638e-21
2.089552239e-05
-2.883382786e-20
2.089552239e-05
-8.001211808e-21
2.089552239e-05
4.446267605e-20
2.089552239e-05
6.625753413e-21
2.089552239e-05
-1.315820172e-21
2.089552239e-05
1.078920561e-20
2.089552239e-05
-1.496956978e-20
2.089552239e-05
-2.224888627e-20
2.089552239e-05
6.565614338e-21
2.089552239e-05
1.527668832e-20
2.089552239e-05
-5.910278041e-21
2.089552239e-05
-8.997114622e-21
2.089552239e-05
-1.169206955e-20
2.089552239e-05
1.965559177e-20
2.089552239e-05
1.103860404e-20
2.089552239e-05
-2.021026909e-20
2.089552239e-05
-2.488162101e-20
2.089552239e-05
1.52770896e-20
2.089552239e-05
2.840986832e-20
2.089552239e-05
-4.072020577e-21
2.089552239e-05
2.09902142e-21
2.089552239e-05
-5.222944826e-21
2.089552239e-05
-1.362305858e-20
2.089552239e-05
-7.863536707e-21
2.089552239e-05
1.901173789e-20
2.089552239e-05
8.095707866e-21
2.089552239e-05
-2.803912874e-20
2.089552239e-05
-3.54284253e-21
2.089552239e-05
1.14017071e-20
2.089552239e-05
9.044419993e-21
2.089552239e-05
1.630307112e-21
2.089552239e-05
-4.819400037e-21
2.089552239e-05
-5.456272773e-21
2.089552239e-05
2.186366231e-21
2.089552239e-05
-2.533245146e-22
2.089552239e-05
-2.170423305e-20
2.089552239e-05
1.14929676e-20
2.089552239e-05
9.446438932e-21
2.089552239e-05
3.698417239e-21
2.089552239e-05
2.026471451e-21
2.089552239e-05
-1.254807111e-20
2.089552239e-05
-4.302306514e-21
2.089552239e-05
9.910725832e-21
2.089552239e-05
6.080969973e-21
2.089552239e-05
-5.131316217e-21
2.089552239e-05
-1.62428715e-21
2.089552239e-05
-1.415596321e-20
2.089552239e-05
-1.539447437e-20
2.089552239e-05
1.259730919e-20
2.089552239e-05
1.055743503e-20
2.089552239e-05
9.346764523e-21
2.089552239e-05
1.084871769e-20
2.089552239e-05
-1.234179625e-20
2.089552239e-05
-1.805538934e-21
2.089552239e-05
-1.321688276e-20
2.089552239e-05
-7.015867545e-21
2.089552239e-05
1.068851689e-20
2.089552239e-05
-8.010470429e-21
2.089552239e-05
1.111742841e-20
2.089552239e-05
-3.299275744e-20
2.089552239e-05
2.60312547e-21
2.089552239e-05
5.701664869e-20
2.089552239e-05
1.912835663e-20
2.089552239e-05
-3.130878376e-20
2.089552239e-05
-5.276265999e-20
2.089552239e-05
8.471303576e-21
2.089552239e-05
2.412268939e-20
2.089552239e-05
1.403867096e-20
2.089552239e-05
-4.164100169e-20
2.089552239e-05
-1.095751476e-20
2.089552239e-05
6.301440898e-20
2.089552239e-05
-1.09652373e-20
2.089552239e-05
-3.67506963e-20
2.089552239e-05
2.960196046e-20
2.089552239e-05
4.981069214e-20
2.089552239e-05
1.29758298e-20
2.089552239e-05
-5.371829981e-20
2.089552239e-05
-3.162568322e-20
2.089552239e-05
2.69329369e-20
2.089552239e-05
-1.961831488e-20
2.089552239e-05
3.758185575e-21
2.089552239e-05
1.942569387e-20
2.089552239e-05
-7.019473341e-21
2.089552239e-05
1.701661689e-20
2.089552239e-05
-1.700356169e-20
2.089552239e-05
2.048386127e-21
2.089552239e-05
-1.147132242e-22
2.089552239e-05
9.769261116e-21
2.089552239e-05
1.462665002e-21
2.089552239e-05
-1.078384411e-20
2.089552239e-05
-1.049565891e-20
2.089552239e-05
9.252516734e-21
2.089552239e-05
4.907740624e-20
2.089552239e-05
-1.71416838e-20
2.089552239e-05
-1.714233782e-20
2.089552239e-05
2.56303951e-20
2.089552239e-05
-4.24997158e-20
2.089552239e-05
-1.948216803e-20
2.089552239e-05
4.52276931e-20
2.089552239e-05
-9.238462897e-21
2.089552239e-05
-5.135302702e-21
2.089552239e-05
-5.086051846e-20
2.089552239e-05
-6.143866678e-21
2.089552239e-05
7.58822771e-20
2.089552239e-05
-2.536429697e-20
2.089552239e-05
-1.493454741e-20
2.089552239e-05
4.256550002e-20
2.089552239e-05
-3.814807694e-21
2.089552239e-05
-6.247068183e-21
2.089552239e-05
-4.282358063e-20
2.089552239e-05
-5.573459966e-21
2.089552239e-05
4.85797482e-20
2.089552239e-05
-8.882204203e-21
2.089552239e-05
-2.757023874e-20
2.089552239e-05
-1.293597292e-21
2.089552239e-05
1.401989888e-20
2.089552239e-05
5.788300393e-21
2.089552239e-05
2.038269036e-20
2.089552239e-05
-4.861001771e-21
2.089552239e-05
-1.036030519e-20
2.089552239e-05
-3.481843099e-20
2.089552239e-05
-2.329583743e-20
2.089552239e-05
3.806628846e-20
2.089552239e-05
2.410232892e-20
1.521538308e-20
7.462686567e-06
7.462686567e-06
7.462686567e-06
7.462686567e-06
7.462686567e-06
7.462686567e-06
7.462686567e-06
7.462686567e-06
7.462686567e-06
7.462686567e-06
7.462686567e-06
7.462686567e-06
7.462686567e-06
7.462686567e-06
7.462686567e-06
7.462686567e-06
7.462686567e-06
7.462686567e-06
7.462686567e-06
7.462686567e-06
7.462686567e-06
7.462686567e-06
7.462686567e-06
7.462686567e-06
7.462686567e-06
7.462686567e-06
7.462686567e-06
7.462686567e-06
7.462686567e-06
7.462686567e-06
7.462686567e-06
7.462686567e-06
7.462686567e-06
7.462686567e-06
7.462686567e-06
7.462686567e-06
7.462686567e-06
7.462686567e-06
7.462686567e-06
7.462686567e-06
7.462686567e-06
7.462686567e-06
7.462686567e-06
7.462686567e-06
7.462686567e-06
7.462686567e-06
7.462686567e-06
7.462686567e-06
7.462686567e-06
7.462686567e-06
7.462686567e-06
7.462686567e-06
7.462686567e-06
7.462686567e-06
7.462686567e-06
7.462686567e-06
7.462686567e-06
7.462686567e-06
7.462686567e-06
7.462686567e-06
7.462686567e-06
7.462686567e-06
7.462686567e-06
7.462686567e-06
7.462686567e-06
7.462686567e-06
7.462686567e-06
7.462686567e-06
7.462686567e-06
7.462686567e-06
7.462686567e-06
7.462686567e-06
7.462686567e-06
7.462686567e-06
7.462686567e-06
7.462686567e-06
7.462686567e-06
7.462686567e-06
7.462686567e-06
7.462686567e-06
7.462686567e-06
7.462686567e-06
7.462686567e-06
7.462686567e-06
7.462686567e-06
7.462686567e-06
7.462686567e-06
7.462686567e-06
7.462686567e-06
7.462686567e-06
7.462686567e-06
7.462686567e-06
7.462686567e-06
7.462686567e-06
7.462686567e-06
7.462686567e-06
7.462686567e-06
7.462686567e-06
7.462686567e-06
7.462686567e-06
7.462686567e-06
7.462686567e-06
7.462686567e-06
7.462686567e-06
7.462686567e-06
7.462686567e-06
7.462686567e-06
7.462686567e-06
7.462686567e-06
7.462686567e-06
7.462686567e-06
7.462686567e-06
7.462686567e-06
7.462686567e-06
7.462686567e-06
7.462686567e-06
7.462686567e-06
7.462686567e-06
7.462686567e-06
7.462686567e-06
7.462686567e-06
7.462686567e-06
7.462686567e-06
7.462686567e-06
7.462686567e-06
7.462686567e-06
7.462686567e-06
7.462686567e-06
7.462686567e-06
7.462686567e-06
7.462686567e-06
7.462686567e-06
7.462686567e-06
7.462686567e-06
7.462686567e-06
7.462686567e-06
7.462686567e-06
7.462686567e-06
7.462686567e-06
7.462686567e-06
7.462686567e-06
7.462686567e-06
7.462686567e-06
7.462686567e-06
7.462686567e-06
7.462686567e-06
7.462686567e-06
7.462686567e-06
7.462686567e-06
7.462686567e-06
7.462686567e-06
7.462686567e-06
7.462686567e-06
7.462686567e-06
7.462686567e-06
7.462686567e-06
7.462686567e-06
7.462686567e-06
7.462686567e-06
7.462686567e-06
7.462686567e-06
7.462686567e-06
7.462686567e-06
7.462686567e-06
7.462686567e-06
7.462686567e-06
7.462686567e-06
7.462686567e-06
7.462686567e-06
7.462686567e-06
7.462686567e-06
7.462686567e-06
7.462686567e-06
7.462686567e-06
7.462686567e-06
7.462686567e-06
7.462686567e-06
7.462686567e-06
7.462686567e-06
7.462686567e-06
7.462686567e-06
7.462686567e-06
7.462686567e-06
7.462686567e-06
7.462686567e-06
7.462686567e-06
7.462686567e-06
7.462686567e-06
7.462686567e-06
7.462686567e-06
7.462686567e-06
7.462686567e-06
7.462686567e-06
7.462686567e-06
7.462686567e-06
7.462686567e-06
7.462686567e-06
7.462686567e-06
7.462686567e-06
)
;

boundaryField
{
    inlet
    {
        type            cyclic;
        value           nonuniform List<scalar> 
20
(
-5.970149254e-05
-6.567164179e-05
-7.014925373e-05
-7.313432836e-05
-7.462686567e-05
-7.462686567e-05
-7.313432836e-05
-7.014925373e-05
-6.567164179e-05
-5.970149254e-05
-5.223880597e-05
-4.328358209e-05
-3.28358209e-05
-2.089552239e-05
-7.462686567e-06
-5.223880597e-05
-4.328358209e-05
-3.28358209e-05
-2.089552239e-05
-7.462686567e-06
)
;
    }
    outlet
    {
        type            cyclic;
        value           nonuniform List<scalar> 
20
(
5.970149254e-05
6.567164179e-05
7.014925373e-05
7.313432836e-05
7.462686567e-05
7.462686567e-05
7.313432836e-05
7.014925373e-05
6.567164179e-05
5.970149254e-05
5.223880597e-05
4.328358209e-05
3.28358209e-05
2.089552239e-05
7.462686567e-06
5.223880597e-05
4.328358209e-05
3.28358209e-05
2.089552239e-05
7.462686567e-06
)
;
    }
    topWall
    {
        type            calculated;
        value           uniform 0;
    }
    bottomWall
    {
        type            calculated;
        value           uniform 0;
    }
    frontAndBack
    {
        type            empty;
        value           nonuniform List<scalar> 0();
    }
}


// ************************************************************************* //
