/*--------------------------------*- C++ -*----------------------------------*\
  =========                 |
  \\      /  F ield         | OpenFOAM: The Open Source CFD Toolbox
   \\    /   O peration     | Website:  https://openfoam.org
    \\  /    A nd           | Version:  10
     \\/     M anipulation  |
\*---------------------------------------------------------------------------*/
FoamFile
{
    format      ascii;
    class       volVectorField;
    location    "4000";
    object      U;
}
// * * * * * * * * * * * * * * * * * * * * * * * * * * * * * * * * * * * * * //

dimensions      [0 1 -1 0 0 0 0];

internalField   nonuniform List<vector> 
4000
(
(0.1492537313 8.553174005e-16 0)
(0.1492537313 1.277511514e-16 0)
(0.1492537313 -5.908023493e-18 0)
(0.1492537313 -7.526380302e-18 0)
(0.1492537313 -7.503676379e-18 0)
(0.1492537313 -5.104116393e-18 0)
(0.1492537313 -2.039377808e-18 0)
(0.1492537313 -2.063450138e-18 0)
(0.1492537313 -1.432321863e-17 0)
(0.1492537313 1.204031317e-17 0)
(0.1492537313 -1.486558734e-19 0)
(0.1492537313 -1.92680672e-17 0)
(0.1492537313 -1.578672978e-17 0)
(0.1492537313 1.871303002e-17 0)
(0.1492537313 1.5156539e-17 0)
(0.1492537313 -3.238363373e-17 0)
(0.1492537313 -1.572572655e-17 0)
(0.1492537313 1.425029619e-17 0)
(0.1492537313 7.964457241e-18 0)
(0.1492537313 2.026162809e-17 0)
(0.1492537313 1.595555812e-17 0)
(0.1492537313 -5.36362758e-17 0)
(0.1492537313 -1.581559146e-17 0)
(0.1492537313 3.886383124e-17 0)
(0.1492537313 1.883134735e-17 0)
(0.1492537313 1.997668927e-17 0)
(0.1492537313 -1.176502461e-17 0)
(0.1492537313 3.31208984e-18 0)
(0.1492537313 2.712105263e-17 0)
(0.1492537313 -3.220751907e-17 0)
(0.1492537313 6.48923462e-18 0)
(0.1492537313 -1.894528591e-17 0)
(0.1492537313 1.650747532e-17 0)
(0.1492537313 4.742505174e-18 0)
(0.1492537313 -4.061578991e-17 0)
(0.1492537313 8.543421922e-17 0)
(0.1492537313 -5.356908556e-17 0)
(0.1492537313 -2.554771679e-17 0)
(0.1492537313 -2.33282053e-18 0)
(0.1492537313 7.82081421e-18 0)
(0.1492537313 7.612330796e-17 0)
(0.1492537313 -5.56318422e-17 0)
(0.1492537313 1.419419752e-17 0)
(0.1492537313 -3.998795925e-17 0)
(0.1492537313 -5.17824221e-18 0)
(0.1492537313 2.689792571e-17 0)
(0.1492537313 -5.974660325e-18 0)
(0.1492537313 5.87972795e-17 0)
(0.1492537313 -5.176714482e-17 0)
(0.1492537313 -1.847712359e-17 0)
(0.1492537313 3.67181904e-17 0)
(0.1492537313 -1.295134159e-17 0)
(0.1492537313 4.916058403e-17 0)
(0.1492537313 -3.087999852e-17 0)
(0.1492537313 -5.251564514e-17 0)
(0.1492537313 2.804702322e-17 0)
(0.1492537313 5.979541995e-17 0)
(0.1492537313 -4.860697942e-17 0)
(0.1492537313 1.090376637e-18 0)
(0.1492537313 5.922151901e-18 0)
(0.1492537313 -1.619993485e-17 0)
(0.1492537313 6.690493548e-18 0)
(0.1492537313 1.117814444e-17 0)
(0.1492537313 -1.441417519e-17 0)
(0.1492537313 -5.806103174e-17 0)
(0.1492537313 4.296010348e-17 0)
(0.1492537313 5.406174264e-17 0)
(0.1492537313 -4.113466601e-17 0)
(0.1492537313 -4.17088717e-17 0)
(0.1492537313 1.045149602e-16 0)
(0.1492537313 -6.613314587e-17 0)
(0.1492537313 -4.846746081e-17 0)
(0.1492537313 1.606941754e-16 0)
(0.1492537313 -1.002642191e-16 0)
(0.1492537313 -1.134820341e-16 0)
(0.1492537313 1.035130233e-16 0)
(0.1492537313 7.052179715e-17 0)
(0.1492537313 -4.677424789e-18 0)
(0.1492537313 -1.719565918e-16 0)
(0.1492537313 3.87048528e-17 0)
(0.1492537313 1.170986185e-16 0)
(0.1492537313 -2.078739502e-17 0)
(0.1492537313 1.967052362e-18 0)
(0.1492537313 -7.410876518e-17 0)
(0.1492537313 -2.681793021e-18 0)
(0.1492537313 4.235367507e-17 0)
(0.1492537313 5.780571293e-17 0)
(0.1492537313 2.291020315e-18 0)
(0.1492537313 -1.696358799e-16 0)
(0.1492537313 5.869015886e-17 0)
(0.1492537313 1.06385424e-16 0)
(0.1492537313 -2.498063878e-18 0)
(0.1492537313 -1.098138975e-16 0)
(0.1492537313 6.448175672e-17 0)
(0.1492537313 4.967243644e-17 0)
(0.1492537313 -1.145059554e-16 0)
(0.1492537313 1.047846636e-16 0)
(0.1492537313 2.069492556e-17 0)
(0.1492537313 -1.12909457e-16 0)
(0.1492537313 -3.099374857e-17 0)
(0.1492537313 4.689075066e-17 0)
(0.1492537313 1.278356784e-16 0)
(0.1492537313 -1.023513755e-16 0)
(0.1492537313 -9.251201251e-17 0)
(0.1492537313 9.608271833e-17 0)
(0.1492537313 1.108598974e-16 0)
(0.1492537313 1.371958083e-18 0)
(0.1492537313 -2.103955624e-16 0)
(0.1492537313 1.652139302e-17 0)
(0.1492537313 2.248260198e-16 0)
(0.1492537313 -9.943000701e-17 0)
(0.1492537313 -1.12986124e-16 0)
(0.1492537313 9.768047109e-17 0)
(0.1492537313 -2.772343328e-18 0)
(0.1492537313 1.078127127e-16 0)
(0.1492537313 -9.72880903e-17 0)
(0.1492537313 -1.252790308e-16 0)
(0.1492537313 1.194728848e-16 0)
(0.1492537313 1.236326355e-16 0)
(0.1492537313 -1.804522771e-17 0)
(0.1492537313 -2.133777667e-16 0)
(0.1492537313 7.536697665e-18 0)
(0.1492537313 2.226146973e-16 0)
(0.1492537313 -9.151595287e-17 0)
(0.1492537313 -9.650780315e-17 0)
(0.1492537313 8.899361331e-17 0)
(0.1492537313 1.103368562e-16 0)
(0.1492537313 -2.329209903e-17 0)
(0.1492537313 -2.165536117e-16 0)
(0.1492537313 1.254596505e-16 0)
(0.1492537313 7.560783578e-18 0)
(0.1492537313 -1.334490218e-16 0)
(0.1492537313 1.039674547e-16 0)
(0.1492537313 -1.104053792e-16 0)
(0.1492537313 2.024443857e-16 0)
(0.1492537313 -5.132570919e-18 0)
(0.1492537313 -2.070741001e-16 0)
(0.1492537313 8.889230621e-17 0)
(0.1492537313 9.512482605e-18 0)
(0.1492537313 1.271185017e-16 0)
(0.1492537313 -1.698684068e-17 0)
(0.1492537313 -2.012964544e-16 0)
(0.1492537313 -7.599826548e-18 0)
(0.1492537313 1.107467239e-16 0)
(0.1492537313 -4.344477731e-18 0)
(0.1492537313 -3.398339511e-17 0)
(0.1492537313 2.285893933e-16 0)
(0.1492537313 -7.606809562e-17 0)
(0.1492537313 -3.073338807e-16 0)
(0.1492537313 9.83382069e-17 0)
(0.1492537313 8.840658677e-17 0)
(0.1492537313 1.198596407e-16 0)
(0.1492537313 -1.0532787e-16 0)
(0.1492537313 -2.340744636e-16 0)
(0.1492537313 3.368554007e-16 0)
(0.1492537313 1.105561732e-16 0)
(0.1492537313 -2.180309863e-16 0)
(0.1492537313 -1.032984597e-16 0)
(0.1492537313 -1.091180571e-16 0)
(0.1492537313 2.093534161e-16 0)
(0.1492537313 9.092365877e-17 0)
(0.1492537313 6.339125284e-18 0)
(0.1492537313 -9.086093729e-17 0)
(0.1492537313 -9.541729291e-17 0)
(0.1492537313 1.84046433e-16 0)
(0.1492537313 -9.959081043e-17 0)
(0.1492537313 7.996981435e-18 0)
(0.1492537313 -1.083471398e-16 0)
(0.1492537313 -2.362981421e-18 0)
(0.1492537313 2.879427658e-16 0)
(0.1492537313 -2.075376886e-16 0)
(0.1492537313 3.711443894e-18 0)
(0.1492537313 2.456559631e-17 0)
(0.1492537313 -2.131735337e-16 0)
(0.1492537313 3.505824881e-16 0)
(0.1492537313 -3.782210816e-17 0)
(0.1492537313 -1.369933187e-16 0)
(0.1492537313 4.87461126e-17 0)
(0.1492537313 -2.495756186e-16 0)
(0.1492537313 3.16583208e-16 0)
(0.1492537313 3.511050425e-17 0)
(0.1492537313 -1.445981037e-16 0)
(0.1492537313 2.562077876e-17 0)
(0.1492537313 -2.161388797e-17 0)
(0.1492537313 9.491094086e-17 0)
(0.1492537313 -1.594441862e-16 0)
(0.1492537313 -1.508996972e-16 0)
(0.1492537313 3.225624197e-16 0)
(0.1492537313 1.297848852e-16 0)
(0.1492537313 -2.492420888e-16 0)
(0.1492537313 -1.129104397e-16 0)
(0.1492537313 1.228618982e-16 0)
(0.1492537313 -2.427678943e-17 0)
(0.1492537313 -8.719977939e-17 0)
(0.1492537313 2.033125695e-16 0)
(0.1492537313 -2.331516107e-16 0)
(0.1492537313 1.167312269e-16 0)
(0.1492537313 2.179044151e-16 0)
(0.1492537313 -3.345175619e-16 0)
(0.1492537313 8.591346459e-17 0)
(0.4179104478 1.921167407e-15 0)
(0.4179104478 4.12212287e-16 0)
(0.4179104478 1.942611433e-16 0)
(0.4179104478 7.128204114e-17 0)
(0.4179104478 -2.93672242e-17 0)
(0.4179104478 -4.171214791e-17 0)
(0.4179104478 -9.104735478e-18 0)
(0.4179104478 5.648827802e-17 0)
(0.4179104478 -3.906288765e-17 0)
(0.4179104478 3.258653641e-18 0)
(0.4179104478 1.293590667e-18 0)
(0.4179104478 -5.57644538e-18 0)
(0.4179104478 -2.695726332e-17 0)
(0.4179104478 -3.77355805e-17 0)
(0.4179104478 2.778666329e-17 0)
(0.4179104478 -4.486453008e-17 0)
(0.4179104478 -1.873363704e-17 0)
(0.4179104478 3.432076833e-17 0)
(0.4179104478 -4.15535166e-17 0)
(0.4179104478 -1.57427731e-18 0)
(0.4179104478 7.278753777e-18 0)
(0.4179104478 -7.202130898e-17 0)
(0.4179104478 -6.764239406e-17 0)
(0.4179104478 8.769779565e-17 0)
(0.4179104478 1.218956929e-16 0)
(0.4179104478 4.368297255e-17 0)
(0.4179104478 -2.016516087e-17 0)
(0.4179104478 2.902196408e-17 0)
(0.4179104478 3.595298543e-17 0)
(0.4179104478 -8.449972395e-17 0)
(0.4179104478 1.880799571e-17 0)
(0.4179104478 2.227839736e-18 0)
(0.4179104478 -4.263521778e-17 0)
(0.4179104478 1.754131054e-17 0)
(0.4179104478 -1.064600366e-16 0)
(0.4179104478 4.650453231e-17 0)
(0.4179104478 -7.714409177e-17 0)
(0.4179104478 -2.766789588e-17 0)
(0.4179104478 2.675902663e-17 0)
(0.4179104478 5.777136302e-17 0)
(0.4179104478 4.636191504e-17 0)
(0.4179104478 -4.009483345e-17 0)
(0.4179104478 5.504763453e-17 0)
(0.4179104478 -1.363093156e-16 0)
(0.4179104478 6.189097175e-17 0)
(0.4179104478 -2.187555983e-17 0)
(0.4179104478 -8.850275801e-17 0)
(0.4179104478 4.942448811e-17 0)
(0.4179104478 -5.756523103e-17 0)
(0.4179104478 1.012577022e-16 0)
(0.4179104478 1.106272352e-16 0)
(0.4179104478 -1.020540791e-16 0)
(0.4179104478 -2.553329842e-17 0)
(0.4179104478 8.51948228e-17 0)
(0.4179104478 -4.297578856e-17 0)
(0.4179104478 -4.867362563e-17 0)
(0.4179104478 1.594401901e-16 0)
(0.4179104478 -5.447249677e-17 0)
(0.4179104478 3.053870312e-17 0)
(0.4179104478 4.754765528e-17 0)
(0.4179104478 -1.069825138e-16 0)
(0.4179104478 3.462291193e-17 0)
(0.4179104478 7.59962519e-18 0)
(0.4179104478 -1.183772941e-16 0)
(0.4179104478 -1.802702705e-17 0)
(0.4179104478 1.001571156e-16 0)
(0.4179104478 -5.044396152e-17 0)
(0.4179104478 2.66340855e-17 0)
(0.4179104478 2.309497811e-16 0)
(0.4179104478 -3.624768862e-17 0)
(0.4179104478 -2.341954101e-16 0)
(0.4179104478 3.199309929e-17 0)
(0.4179104478 2.172607235e-16 0)
(0.4179104478 -1.090235002e-16 0)
(0.4179104478 -1.63225039e-16 0)
(0.4179104478 1.144551679e-16 0)
(0.4179104478 1.813686182e-16 0)
(0.4179104478 -3.945718702e-17 0)
(0.4179104478 -3.321591422e-16 0)
(0.4179104478 7.827037846e-17 0)
(0.4179104478 1.468080346e-16 0)
(0.4179104478 -1.125634089e-16 0)
(0.4179104478 -5.925565242e-18 0)
(0.4179104478 8.520707182e-17 0)
(0.4179104478 1.674144963e-16 0)
(0.4179104478 8.855941283e-17 0)
(0.4179104478 -1.313927899e-16 0)
(0.4179104478 -1.746236838e-16 0)
(0.4179104478 -9.650863239e-17 0)
(0.4179104478 1.612572532e-16 0)
(0.4179104478 2.520419941e-16 0)
(0.4179104478 -2.119955817e-16 0)
(0.4179104478 -2.090000834e-16 0)
(0.4179104478 2.790146047e-16 0)
(0.4179104478 3.424169125e-17 0)
(0.4179104478 -1.669297625e-16 0)
(0.4179104478 1.085413998e-16 0)
(0.4179104478 1.827211568e-16 0)
(0.4179104478 -2.864595782e-16 0)
(0.4179104478 -2.31583518e-16 0)
(0.4179104478 3.202174726e-16 0)
(0.4179104478 1.477221874e-16 0)
(0.4179104478 -6.661431654e-17 0)
(0.4179104478 -1.442034943e-16 0)
(0.4179104478 4.643525943e-17 0)
(0.4179104478 1.310806123e-16 0)
(0.4179104478 -9.690880102e-17 0)
(0.4179104478 -1.000997172e-16 0)
(0.4179104478 7.917750222e-17 0)
(0.4179104478 1.947248766e-16 0)
(0.4179104478 -2.521913021e-16 0)
(0.4179104478 -2.087990218e-16 0)
(0.4179104478 2.383154754e-16 0)
(0.4179104478 1.401468118e-16 0)
(0.4179104478 3.687592233e-17 0)
(0.4179104478 -1.423542334e-16 0)
(0.4179104478 -2.263411666e-16 0)
(0.4179104478 2.501366314e-16 0)
(0.4179104478 2.22975455e-16 0)
(0.4179104478 -2.131912035e-16 0)
(0.4179104478 -1.194518412e-16 0)
(0.4179104478 4.124035212e-17 0)
(0.4179104478 1.286445829e-16 0)
(0.4179104478 -2.418357252e-17 0)
(0.4179104478 1.40224765e-16 0)
(0.4179104478 4.308953408e-17 0)
(0.4179104478 -9.921139703e-17 0)
(0.4179104478 -1.637196354e-16 0)
(0.4179104478 -2.183506634e-16 0)
(0.4179104478 2.294599506e-16 0)
(0.4179104478 7.724751795e-17 0)
(0.4179104478 -1.265845785e-16 0)
(0.4179104478 1.949252212e-16 0)
(0.4179104478 -1.979185958e-16 0)
(0.4179104478 -1.18986071e-16 0)
(0.4179104478 1.25500937e-16 0)
(0.4179104478 -1.47594795e-18 0)
(0.4179104478 -4.291536566e-17 0)
(0.4179104478 1.625194339e-16 0)
(0.4179104478 2.767511792e-17 0)
(0.4179104478 -2.674836774e-16 0)
(0.4179104478 -1.602247639e-16 0)
(0.4179104478 3.054472728e-17 0)
(0.4179104478 1.986513741e-16 0)
(0.4179104478 6.598572171e-17 0)
(0.4179104478 4.177196256e-17 0)
(0.4179104478 2.020582374e-16 0)
(0.4179104478 -1.122247958e-16 0)
(0.4179104478 -2.568884063e-16 0)
(0.4179104478 3.296190619e-17 0)
(0.4179104478 4.327254543e-17 0)
(0.4179104478 2.735779992e-16 0)
(0.4179104478 -6.733616928e-17 0)
(0.4179104478 -3.610013707e-16 0)
(0.4179104478 4.531927496e-16 0)
(0.4179104478 1.906726792e-16 0)
(0.4179104478 -3.236843577e-16 0)
(0.4179104478 -2.148696163e-16 0)
(0.4179104478 -9.920302924e-17 0)
(0.4179104478 3.476501743e-16 0)
(0.4179104478 2.255947943e-16 0)
(0.4179104478 -2.609318312e-16 0)
(0.4179104478 -7.838973271e-17 0)
(0.4179104478 1.380504764e-16 0)
(0.4179104478 -1.611486329e-17 0)
(0.4179104478 -2.227015523e-16 0)
(0.4179104478 -4.867753641e-17 0)
(0.4179104478 1.02542119e-17 0)
(0.4179104478 1.758341128e-16 0)
(0.4179104478 2.642463481e-16 0)
(0.4179104478 -1.347664302e-16 0)
(0.4179104478 -6.618419698e-17 0)
(0.4179104478 2.908054316e-16 0)
(0.4179104478 -5.125024612e-16 0)
(0.4179104478 7.458812621e-17 0)
(0.4179104478 5.550726886e-17 0)
(0.4179104478 -3.489337477e-17 0)
(0.4179104478 3.205773203e-16 0)
(0.4179104478 -4.531643597e-16 0)
(0.4179104478 4.222553442e-16 0)
(0.4179104478 1.136414119e-16 0)
(0.4179104478 -3.581712064e-16 0)
(0.4179104478 3.032705593e-16 0)
(0.4179104478 -4.92494189e-16 0)
(0.4179104478 3.332766286e-17 0)
(0.4179104478 6.139864036e-16 0)
(0.4179104478 -4.409980361e-16 0)
(0.4179104478 1.591846686e-16 0)
(0.4179104478 3.349475603e-16 0)
(0.4179104478 -3.328859132e-16 0)
(0.4179104478 -3.35735413e-16 0)
(0.4179104478 1.52332886e-16 0)
(0.4179104478 -7.553983196e-17 0)
(0.4179104478 -3.667956943e-17 0)
(0.4179104478 2.280029322e-16 0)
(0.4179104478 1.241871809e-16 0)
(0.4179104478 6.056194988e-17 0)
(0.4179104478 -1.770068551e-16 0)
(0.4179104478 -2.886504534e-16 0)
(0.4179104478 2.512074148e-16 0)
(0.6567164179 1.816295933e-15 0)
(0.6567164179 6.73812378e-16 0)
(0.6567164179 3.400038924e-16 0)
(0.6567164179 1.697188009e-16 0)
(0.6567164179 3.717836838e-17 0)
(0.6567164179 -2.542332853e-17 0)
(0.6567164179 -2.165010304e-17 0)
(0.6567164179 5.280133944e-17 0)
(0.6567164179 -5.014698725e-17 0)
(0.6567164179 6.185659366e-17 0)
(0.6567164179 -1.501340378e-17 0)
(0.6567164179 -1.294699382e-17 0)
(0.6567164179 -5.176079101e-17 0)
(0.6567164179 -7.071725385e-17 0)
(0.6567164179 7.866419488e-19 0)
(0.6567164179 -5.158800404e-17 0)
(0.6567164179 -5.467390162e-17 0)
(0.6567164179 2.240882721e-17 0)
(0.6567164179 -3.218073049e-17 0)
(0.6567164179 -1.480502224e-17 0)
(0.6567164179 -5.892666191e-17 0)
(0.6567164179 -1.086641449e-16 0)
(0.6567164179 -6.566981345e-17 0)
(0.6567164179 2.010925776e-16 0)
(0.6567164179 1.413534716e-16 0)
(0.6567164179 6.847156038e-17 0)
(0.6567164179 1.109590042e-16 0)
(0.6567164179 6.949645564e-17 0)
(0.6567164179 -1.533408508e-17 0)
(0.6567164179 -1.174929054e-16 0)
(0.6567164179 3.519788305e-17 0)
(0.6567164179 4.888401578e-17 0)
(0.6567164179 -1.411269784e-16 0)
(0.6567164179 -3.960319198e-17 0)
(0.6567164179 -1.72380738e-16 0)
(0.6567164179 -2.476191245e-17 0)
(0.6567164179 -4.759118534e-18 0)
(0.6567164179 3.541001521e-17 0)
(0.6567164179 7.672979015e-17 0)
(0.6567164179 9.329229722e-17 0)
(0.6567164179 -4.699200381e-17 0)
(0.6567164179 -6.738715842e-17 0)
(0.6567164179 1.580527928e-16 0)
(0.6567164179 -1.608678354e-16 0)
(0.6567164179 -7.385038082e-17 0)
(0.6567164179 5.305338853e-17 0)
(0.6567164179 -1.202855295e-16 0)
(0.6567164179 -6.335637217e-17 0)
(0.6567164179 2.025654531e-17 0)
(0.6567164179 2.632424964e-17 0)
(0.6567164179 1.719725541e-16 0)
(0.6567164179 -6.72044288e-17 0)
(0.6567164179 -7.02258463e-17 0)
(0.6567164179 2.05690038e-16 0)
(0.6567164179 3.477368221e-17 0)
(0.6567164179 -6.929109905e-17 0)
(0.6567164179 2.236080736e-17 0)
(0.6567164179 -4.855618131e-17 0)
(0.6567164179 2.001256294e-16 0)
(0.6567164179 -2.33894848e-17 0)
(0.6567164179 -1.978172134e-16 0)
(0.6567164179 1.140975281e-16 0)
(0.6567164179 3.751544452e-17 0)
(0.6567164179 -1.757850924e-16 0)
(0.6567164179 2.309396719e-17 0)
(0.6567164179 4.295787159e-17 0)
(0.6567164179 -5.039903161e-17 0)
(0.6567164179 1.777795794e-16 0)
(0.6567164179 3.040631851e-16 0)
(0.6567164179 -2.006538695e-16 0)
(0.6567164179 -3.958843977e-16 0)
(0.6567164179 2.104777902e-16 0)
(0.6567164179 1.309836936e-16 0)
(0.6567164179 -9.689655088e-17 0)
(0.6567164179 -1.866668187e-16 0)
(0.6567164179 1.463908487e-16 0)
(0.6567164179 2.820192597e-16 0)
(0.6567164179 -2.345207681e-16 0)
(0.6567164179 -3.698296089e-16 0)
(0.6567164179 6.242384726e-17 0)
(0.6567164179 2.222760562e-16 0)
(0.6567164179 -2.401147194e-16 0)
(0.6567164179 -1.015166368e-16 0)
(0.6567164179 4.795818626e-16 0)
(0.6567164179 1.622710077e-16 0)
(0.6567164179 1.110239587e-17 0)
(0.6567164179 3.057333831e-17 0)
(0.6567164179 -3.136355216e-16 0)
(0.6567164179 -1.618412779e-16 0)
(0.6567164179 3.279981719e-16 0)
(0.6567164179 6.816381108e-17 0)
(0.6567164179 -2.039740047e-16 0)
(0.6567164179 -5.639828003e-17 0)
(0.6567164179 1.290364322e-16 0)
(0.6567164179 -4.097078703e-18 0)
(0.6567164179 -1.708495602e-16 0)
(0.6567164179 1.994177399e-16 0)
(0.6567164179 6.547179993e-17 0)
(0.6567164179 -2.675135561e-16 0)
(0.6567164179 -2.732479524e-16 0)
(0.6567164179 1.004977849e-16 0)
(0.6567164179 3.830115974e-16 0)
(0.6567164179 2.094860527e-16 0)
(0.6567164179 -1.183023513e-16 0)
(0.6567164179 -3.764488838e-16 0)
(0.6567164179 2.093806968e-16 0)
(0.6567164179 3.907344407e-17 0)
(0.6567164179 -2.022925477e-16 0)
(0.6567164179 1.524601382e-16 0)
(0.6567164179 2.730329107e-16 0)
(0.6567164179 -6.912798233e-17 0)
(0.6567164179 -3.392262492e-16 0)
(0.6567164179 1.394192314e-16 0)
(0.6567164179 9.845262517e-17 0)
(0.6567164179 -1.737313784e-17 0)
(0.6567164179 5.146405231e-17 0)
(0.6567164179 -3.420735228e-16 0)
(0.6567164179 2.583040942e-16 0)
(0.6567164179 5.155368188e-16 0)
(0.6567164179 -2.245376933e-16 0)
(0.6567164179 -4.299554931e-16 0)
(0.6567164179 -1.326677482e-17 0)
(0.6567164179 3.255504453e-16 0)
(0.6567164179 3.035616571e-16 0)
(0.6567164179 7.909710489e-17 0)
(0.6567164179 -3.162916259e-16 0)
(0.6567164179 1.609552673e-17 0)
(0.6567164179 -3.262432041e-16 0)
(0.6567164179 -3.029617029e-16 0)
(0.6567164179 3.574392786e-16 0)
(0.6567164179 2.62870595e-16 0)
(0.6567164179 -9.797607308e-18 0)
(0.6567164179 -2.55249401e-16 0)
(0.6567164179 -2.117208244e-16 0)
(0.6567164179 5.996877643e-17 0)
(0.6567164179 1.10862294e-16 0)
(0.6567164179 -1.424482408e-16 0)
(0.6567164179 -3.377408277e-17 0)
(0.6567164179 2.614060989e-16 0)
(0.6567164179 -2.003376805e-16 0)
(0.6567164179 -5.122218105e-16 0)
(0.6567164179 -4.12860564e-17 0)
(0.6567164179 1.626547988e-16 0)
(0.6567164179 2.296454848e-16 0)
(0.6567164179 3.179534697e-16 0)
(0.6567164179 -1.380655396e-16 0)
(0.6567164179 1.68753579e-16 0)
(0.6567164179 2.270649657e-16 0)
(0.6567164179 -1.738982686e-16 0)
(0.6567164179 -3.383545924e-16 0)
(0.6567164179 -2.20079873e-16 0)
(0.6567164179 5.748239374e-16 0)
(0.6567164179 2.979433714e-16 0)
(0.6567164179 -3.268578353e-16 0)
(0.6567164179 1.65068788e-16 0)
(0.6567164179 1.168823017e-16 0)
(0.6567164179 -3.530460236e-16 0)
(0.6567164179 -2.041948155e-16 0)
(0.6567164179 2.698618659e-17 0)
(0.6567164179 3.347186788e-16 0)
(0.6567164179 9.74203046e-17 0)
(0.6567164179 -1.336947905e-16 0)
(0.6567164179 2.093122397e-16 0)
(0.6567164179 1.394723657e-16 0)
(0.6567164179 -6.863988584e-16 0)
(0.6567164179 -2.755836689e-16 0)
(0.6567164179 1.520992858e-16 0)
(0.6567164179 9.38796622e-17 0)
(0.6567164179 4.573549218e-16 0)
(0.6567164179 1.467288521e-17 0)
(0.6567164179 -2.150890934e-16 0)
(0.6567164179 1.979667107e-17 0)
(0.6567164179 3.985638892e-16 0)
(0.6567164179 -1.908811161e-16 0)
(0.6567164179 -2.254992457e-16 0)
(0.6567164179 -3.846973112e-16 0)
(0.6567164179 -1.688275462e-17 0)
(0.6567164179 5.647661746e-16 0)
(0.6567164179 -2.441711994e-16 0)
(0.6567164179 1.662480569e-16 0)
(0.6567164179 3.933471645e-16 0)
(0.6567164179 -4.151605695e-16 0)
(0.6567164179 5.06336514e-18 0)
(0.6567164179 4.145039791e-17 0)
(0.6567164179 -1.063614956e-16 0)
(0.6567164179 5.723011545e-16 0)
(0.6567164179 -3.056658121e-16 0)
(0.6567164179 -1.866219432e-16 0)
(0.6567164179 2.678373033e-16 0)
(0.6567164179 -4.727716657e-16 0)
(0.6567164179 -2.31768257e-16 0)
(0.6567164179 9.743386125e-17 0)
(0.6567164179 -2.086151208e-16 0)
(0.6567164179 2.037582039e-16 0)
(0.6567164179 4.014729017e-16 0)
(0.6567164179 -1.729044252e-16 0)
(0.6567164179 -1.173297055e-16 0)
(0.6567164179 3.711715249e-17 0)
(0.6567164179 -6.832086959e-16 0)
(0.6567164179 2.225300796e-16 0)
(0.8656716418 1.428307953e-15 0)
(0.8656716418 8.502376775e-16 0)
(0.8656716418 4.808758839e-16 0)
(0.8656716418 2.745919376e-16 0)
(0.8656716418 1.42207374e-16 0)
(0.8656716418 8.479128583e-18 0)
(0.8656716418 5.228895912e-17 0)
(0.8656716418 1.67195026e-17 0)
(0.8656716418 -2.546846277e-17 0)
(0.8656716418 1.170983086e-16 0)
(0.8656716418 -8.387252612e-17 0)
(0.8656716418 -5.179949194e-17 0)
(0.8656716418 2.419090755e-17 0)
(0.8656716418 -7.438448422e-17 0)
(0.8656716418 -3.420191215e-17 0)
(0.8656716418 -4.009783569e-17 0)
(0.8656716418 -8.765571221e-17 0)
(0.8656716418 3.059760606e-18 0)
(0.8656716418 -6.886937519e-17 0)
(0.8656716418 -3.670102611e-17 0)
(0.8656716418 -5.913056114e-17 0)
(0.8656716418 -1.898158943e-16 0)
(0.8656716418 -1.393950301e-16 0)
(0.8656716418 2.322967995e-16 0)
(0.8656716418 2.281413629e-16 0)
(0.8656716418 1.658863004e-16 0)
(0.8656716418 1.71136465e-16 0)
(0.8656716418 5.621909804e-17 0)
(0.8656716418 -1.10919628e-16 0)
(0.8656716418 -1.248613662e-16 0)
(0.8656716418 4.938385425e-17 0)
(0.8656716418 -2.257773541e-18 0)
(0.8656716418 -2.391778689e-16 0)
(0.8656716418 -1.001417624e-16 0)
(0.8656716418 -2.180935417e-16 0)
(0.8656716418 -3.051237923e-17 0)
(0.8656716418 1.357485681e-16 0)
(0.8656716418 1.303563843e-16 0)
(0.8656716418 6.554063591e-17 0)
(0.8656716418 3.245383948e-17 0)
(0.8656716418 -3.21613129e-18 0)
(0.8656716418 -9.127674627e-17 0)
(0.8656716418 4.493856717e-17 0)
(0.8656716418 -1.792801176e-16 0)
(0.8656716418 -1.112933156e-16 0)
(0.8656716418 3.596794322e-17 0)
(0.8656716418 -1.242437304e-16 0)
(0.8656716418 -5.388333644e-17 0)
(0.8656716418 -1.172848638e-17 0)
(0.8656716418 6.856486984e-17 0)
(0.8656716418 9.793393444e-17 0)
(0.8656716418 -6.174739182e-17 0)
(0.8656716418 9.282531051e-17 0)
(0.8656716418 1.989291558e-16 0)
(0.8656716418 -9.011466865e-17 0)
(0.8656716418 -1.182063098e-16 0)
(0.8656716418 2.11110496e-16 0)
(0.8656716418 6.734100544e-17 0)
(0.8656716418 9.308916922e-17 0)
(0.8656716418 -2.876923926e-17 0)
(0.8656716418 -1.103864253e-16 0)
(0.8656716418 7.512327568e-17 0)
(0.8656716418 6.365799428e-17 0)
(0.8656716418 -1.202814201e-16 0)
(0.8656716418 -4.316006452e-17 0)
(0.8656716418 5.724065294e-17 0)
(0.8656716418 -1.966517477e-17 0)
(0.8656716418 2.416125959e-16 0)
(0.8656716418 1.835532088e-16 0)
(0.8656716418 -3.135689932e-16 0)
(0.8656716418 -3.595210169e-16 0)
(0.8656716418 2.605548884e-16 0)
(0.8656716418 5.761832748e-17 0)
(0.8656716418 -7.351743448e-17 0)
(0.8656716418 -1.424249653e-16 0)
(0.8656716418 -4.582971799e-19 0)
(0.8656716418 3.597861906e-16 0)
(0.8656716418 -1.818074861e-16 0)
(0.8656716418 -6.007874529e-16 0)
(0.8656716418 1.619689362e-17 0)
(0.8656716418 3.056585891e-16 0)
(0.8656716418 -2.202867571e-16 0)
(0.8656716418 4.493676709e-17 0)
(0.8656716418 5.560067156e-16 0)
(0.8656716418 1.623557112e-16 0)
(0.8656716418 2.521711153e-17 0)
(0.8656716418 1.126435363e-16 0)
(0.8656716418 -2.900300384e-16 0)
(0.8656716418 -3.440497674e-16 0)
(0.8656716418 4.123068963e-16 0)
(0.8656716418 -8.199522779e-17 0)
(0.8656716418 -3.056069046e-16 0)
(0.8656716418 -1.104122217e-16 0)
(0.8656716418 2.916980837e-16 0)
(0.8656716418 1.664354135e-17 0)
(0.8656716418 -4.533071295e-16 0)
(0.8656716418 2.888773487e-16 0)
(0.8656716418 1.803002485e-16 0)
(0.8656716418 -3.65554777e-16 0)
(0.8656716418 -4.529667462e-16 0)
(0.8656716418 3.510965729e-16 0)
(0.8656716418 5.589306652e-16 0)
(0.8656716418 9.647509478e-17 0)
(0.8656716418 -2.011581854e-16 0)
(0.8656716418 -3.532197324e-16 0)
(0.8656716418 2.610155155e-16 0)
(0.8656716418 1.350113775e-16 0)
(0.8656716418 -2.307907364e-16 0)
(0.8656716418 3.445451526e-17 0)
(0.8656716418 2.559202645e-16 0)
(0.8656716418 -6.900036778e-17 0)
(0.8656716418 -2.520051261e-16 0)
(0.8656716418 -3.747808786e-17 0)
(0.8656716418 2.676947626e-16 0)
(0.8656716418 2.193327437e-16 0)
(0.8656716418 -3.597048507e-16 0)
(0.8656716418 -1.815043235e-16 0)
(0.8656716418 5.147540144e-16 0)
(0.8656716418 3.522478836e-16 0)
(0.8656716418 -2.65330047e-16 0)
(0.8656716418 -4.092805519e-16 0)
(0.8656716418 7.660879053e-17 0)
(0.8656716418 4.147242166e-16 0)
(0.8656716418 3.569719389e-16 0)
(0.8656716418 -6.40537736e-17 0)
(0.8656716418 -2.705646357e-16 0)
(0.8656716418 -4.895843763e-17 0)
(0.8656716418 -7.007555912e-16 0)
(0.8656716418 -2.341278313e-16 0)
(0.8656716418 6.467748056e-16 0)
(0.8656716418 2.362330299e-16 0)
(0.8656716418 -2.874897864e-17 0)
(0.8656716418 -3.147024755e-16 0)
(0.8656716418 -2.919071402e-16 0)
(0.8656716418 9.571026213e-17 0)
(0.8656716418 1.198911892e-17 0)
(0.8656716418 -5.310253667e-17 0)
(0.8656716418 -1.938747315e-16 0)
(0.8656716418 8.152712716e-17 0)
(0.8656716418 9.110177634e-18 0)
(0.8656716418 -6.84134875e-16 0)
(0.8656716418 -6.324789035e-17 0)
(0.8656716418 1.87115509e-16 0)
(0.8656716418 3.716108185e-16 0)
(0.8656716418 5.779823916e-16 0)
(0.8656716418 -2.579598988e-16 0)
(0.8656716418 1.958989576e-16 0)
(0.8656716418 2.835708266e-16 0)
(0.8656716418 -1.758963429e-17 0)
(0.8656716418 -5.917755464e-16 0)
(0.8656716418 -2.233390245e-16 0)
(0.8656716418 8.27643095e-16 0)
(0.8656716418 1.045461108e-17 0)
(0.8656716418 -3.694712329e-16 0)
(0.8656716418 5.80151194e-16 0)
(0.8656716418 8.875406758e-17 0)
(0.8656716418 -5.316126579e-16 0)
(0.8656716418 -3.028723164e-16 0)
(0.8656716418 -1.399672381e-16 0)
(0.8656716418 4.684524848e-16 0)
(0.8656716418 4.730458001e-17 0)
(0.8656716418 2.124138692e-17 0)
(0.8656716418 3.568596234e-16 0)
(0.8656716418 -3.347773561e-17 0)
(0.8656716418 -7.268925097e-16 0)
(0.8656716418 -3.563613994e-16 0)
(0.8656716418 3.429464762e-16 0)
(0.8656716418 2.936743401e-16 0)
(0.8656716418 1.925758695e-16 0)
(0.8656716418 -5.640416249e-17 0)
(0.8656716418 8.389292057e-17 0)
(0.8656716418 1.145715919e-16 0)
(0.8656716418 -1.247390897e-16 0)
(0.8656716418 -2.820725626e-16 0)
(0.8656716418 2.327006759e-16 0)
(0.8656716418 -7.591699346e-16 0)
(0.8656716418 -1.537771151e-16 0)
(0.8656716418 8.007555682e-16 0)
(0.8656716418 -1.871581144e-16 0)
(0.8656716418 4.899491106e-16 0)
(0.8656716418 4.167485589e-16 0)
(0.8656716418 -4.695371952e-16 0)
(0.8656716418 -4.403752566e-16 0)
(0.8656716418 -6.808384012e-17 0)
(0.8656716418 3.227179302e-16 0)
(0.8656716418 5.245054057e-16 0)
(0.8656716418 -4.603388806e-16 0)
(0.8656716418 2.487040713e-16 0)
(0.8656716418 3.296469197e-16 0)
(0.8656716418 -1.00576282e-15 0)
(0.8656716418 -5.289981343e-16 0)
(0.8656716418 2.221485074e-16 0)
(0.8656716418 -1.358401118e-16 0)
(0.8656716418 3.520458569e-16 0)
(0.8656716418 2.85638038e-16 0)
(0.8656716418 -4.328889485e-16 0)
(0.8656716418 2.321482724e-16 0)
(0.8656716418 -6.348677975e-17 0)
(0.8656716418 -7.781581677e-16 0)
(0.8656716418 2.285595798e-16 0)
(1.044776119 1.259522616e-15 0)
(1.044776119 9.307382189e-16 0)
(1.044776119 5.857747824e-16 0)
(1.044776119 3.661452159e-16 0)
(1.044776119 2.269898963e-16 0)
(1.044776119 7.162020204e-17 0)
(1.044776119 1.565358927e-16 0)
(1.044776119 8.868460314e-17 0)
(1.044776119 -1.812595652e-17 0)
(1.044776119 1.394410031e-16 0)
(1.044776119 -6.432489392e-17 0)
(1.044776119 -1.096248273e-16 0)
(1.044776119 5.128443117e-17 0)
(1.044776119 -1.703222575e-17 0)
(1.044776119 -6.729989182e-17 0)
(1.044776119 -9.217911565e-17 0)
(1.044776119 -1.789093214e-16 0)
(1.044776119 -1.282361592e-16 0)
(1.044776119 -4.956715423e-17 0)
(1.044776119 -9.3738961e-19 0)
(1.044776119 -1.064147348e-16 0)
(1.044776119 -2.82755465e-16 0)
(1.044776119 -1.453942036e-16 0)
(1.044776119 1.719008201e-16 0)
(1.044776119 2.689679343e-16 0)
(1.044776119 2.530796313e-16 0)
(1.044776119 2.416583529e-16 0)
(1.044776119 7.191172282e-17 0)
(1.044776119 -2.267958239e-16 0)
(1.044776119 -2.19658918e-16 0)
(1.044776119 3.971204657e-17 0)
(1.044776119 -5.644410625e-17 0)
(1.044776119 -3.472252262e-16 0)
(1.044776119 -1.099822859e-16 0)
(1.044776119 -1.798583294e-16 0)
(1.044776119 -7.98018475e-17 0)
(1.044776119 2.490844044e-16 0)
(1.044776119 2.296224431e-16 0)
(1.044776119 8.420152376e-17 0)
(1.044776119 -4.542186197e-17 0)
(1.044776119 -5.191551524e-17 0)
(1.044776119 -1.922976484e-16 0)
(1.044776119 -3.049586865e-17 0)
(1.044776119 -1.644383131e-16 0)
(1.044776119 -1.738188493e-16 0)
(1.044776119 5.094022575e-18 0)
(1.044776119 -1.209091095e-16 0)
(1.044776119 -1.445657797e-16 0)
(1.044776119 1.835555946e-17 0)
(1.044776119 5.941904677e-17 0)
(1.044776119 3.071362077e-17 0)
(1.044776119 -3.540361627e-17 0)
(1.044776119 2.30671433e-16 0)
(1.044776119 1.686953413e-16 0)
(1.044776119 -8.424703145e-17 0)
(1.044776119 -5.411389976e-17 0)
(1.044776119 2.342600385e-16 0)
(1.044776119 1.566123561e-16 0)
(1.044776119 5.137966266e-17 0)
(1.044776119 1.003147171e-17 0)
(1.044776119 -7.498631933e-17 0)
(1.044776119 1.039806995e-16 0)
(1.044776119 1.265796189e-16 0)
(1.044776119 -1.097465629e-16 0)
(1.044776119 -3.719324126e-17 0)
(1.044776119 9.670444211e-17 0)
(1.044776119 2.993385336e-17 0)
(1.044776119 2.318959368e-16 0)
(1.044776119 1.126518898e-16 0)
(1.044776119 -3.748839894e-16 0)
(1.044776119 -3.876397932e-16 0)
(1.044776119 2.355472804e-16 0)
(1.044776119 4.985081556e-17 0)
(1.044776119 -9.032543977e-17 0)
(1.044776119 -1.342218854e-16 0)
(1.044776119 -2.899383954e-17 0)
(1.044776119 3.449842709e-16 0)
(1.044776119 -2.068147177e-16 0)
(1.044776119 -6.302745467e-16 0)
(1.044776119 1.128995829e-16 0)
(1.044776119 2.643468132e-16 0)
(1.044776119 -2.462864566e-16 0)
(1.044776119 1.786987904e-16 0)
(1.044776119 6.017871666e-16 0)
(1.044776119 1.446046327e-16 0)
(1.044776119 4.312551818e-17 0)
(1.044776119 1.243881903e-16 0)
(1.044776119 -2.591730389e-16 0)
(1.044776119 -2.959466585e-16 0)
(1.044776119 3.254698345e-16 0)
(1.044776119 -1.976576763e-16 0)
(1.044776119 -3.98395089e-16 0)
(1.044776119 -8.250369704e-17 0)
(1.044776119 2.328695644e-16 0)
(1.044776119 -9.807548e-17 0)
(1.044776119 -4.533008307e-16 0)
(1.044776119 2.257067352e-16 0)
(1.044776119 2.071244271e-16 0)
(1.044776119 -3.232114412e-16 0)
(1.044776119 -4.451283529e-16 0)
(1.044776119 4.482180934e-16 0)
(1.044776119 6.387521293e-16 0)
(1.044776119 9.816236038e-17 0)
(1.044776119 -1.571544058e-16 0)
(1.044776119 -2.932615527e-16 0)
(1.044776119 1.795510759e-16 0)
(1.044776119 1.432115613e-16 0)
(1.044776119 -3.189527596e-16 0)
(1.044776119 5.172083303e-17 0)
(1.044776119 3.307279654e-16 0)
(1.044776119 -7.834394705e-17 0)
(1.044776119 -2.809932056e-16 0)
(1.044776119 -4.874606862e-17 0)
(1.044776119 3.305187457e-16 0)
(1.044776119 2.854656612e-16 0)
(1.044776119 -3.485625941e-16 0)
(1.044776119 -1.596528405e-16 0)
(1.044776119 5.79353275e-16 0)
(1.044776119 3.657488119e-16 0)
(1.044776119 -3.01850245e-16 0)
(1.044776119 -4.490095632e-16 0)
(1.044776119 4.60867272e-17 0)
(1.044776119 4.865626166e-16 0)
(1.044776119 3.499556602e-16 0)
(1.044776119 -1.997047833e-16 0)
(1.044776119 -3.113397494e-16 0)
(1.044776119 -3.300009395e-17 0)
(1.044776119 -8.107345733e-16 0)
(1.044776119 -2.646426025e-16 0)
(1.044776119 7.61040666e-16 0)
(1.044776119 3.968732261e-16 0)
(1.044776119 2.349106111e-17 0)
(1.044776119 -4.653239321e-16 0)
(1.044776119 -3.767044779e-16 0)
(1.044776119 1.491127402e-16 0)
(1.044776119 1.605348085e-17 0)
(1.044776119 -1.005056119e-16 0)
(1.044776119 -2.71031853e-16 0)
(1.044776119 -5.704145851e-17 0)
(1.044776119 8.152420763e-18 0)
(1.044776119 -6.862580596e-16 0)
(1.044776119 -7.375384809e-17 0)
(1.044776119 1.72840636e-16 0)
(1.044776119 4.974872257e-16 0)
(1.044776119 8.082127198e-16 0)
(1.044776119 -9.743365746e-17 0)
(1.044776119 2.282590932e-16 0)
(1.044776119 3.47576268e-16 0)
(1.044776119 -1.034464278e-16 0)
(1.044776119 -7.109287907e-16 0)
(1.044776119 -3.132070328e-16 0)
(1.044776119 7.840196932e-16 0)
(1.044776119 5.183628337e-17 0)
(1.044776119 -3.854292172e-16 0)
(1.044776119 6.203562196e-16 0)
(1.044776119 1.609748699e-16 0)
(1.044776119 -6.021485122e-16 0)
(1.044776119 -3.671152615e-16 0)
(1.044776119 -1.106231324e-16 0)
(1.044776119 5.275096461e-16 0)
(1.044776119 1.180001359e-16 0)
(1.044776119 1.206642246e-16 0)
(1.044776119 4.222917752e-16 0)
(1.044776119 -1.250223273e-16 0)
(1.044776119 -8.008993614e-16 0)
(1.044776119 -4.058150587e-16 0)
(1.044776119 4.334664379e-16 0)
(1.044776119 3.962696314e-16 0)
(1.044776119 1.910462797e-16 0)
(1.044776119 -7.0719049e-17 0)
(1.044776119 1.287600915e-16 0)
(1.044776119 1.49415955e-16 0)
(1.044776119 -2.80579758e-16 0)
(1.044776119 -3.515234622e-16 0)
(1.044776119 2.179561008e-16 0)
(1.044776119 -7.822901324e-16 0)
(1.044776119 -1.102822545e-16 0)
(1.044776119 8.278342711e-16 0)
(1.044776119 -1.715445558e-16 0)
(1.044776119 5.368809288e-16 0)
(1.044776119 5.239446886e-16 0)
(1.044776119 -4.452640689e-16 0)
(1.044776119 -6.059136731e-16 0)
(1.044776119 -8.084864585e-17 0)
(1.044776119 5.086889194e-16 0)
(1.044776119 5.742105057e-16 0)
(1.044776119 -4.899065841e-16 0)
(1.044776119 1.380752169e-16 0)
(1.044776119 2.516092551e-16 0)
(1.044776119 -1.041036194e-15 0)
(1.044776119 -6.63236256e-16 0)
(1.044776119 1.693361344e-16 0)
(1.044776119 -2.115165209e-17 0)
(1.044776119 3.075803254e-16 0)
(1.044776119 2.432033603e-16 0)
(1.044776119 -5.06052285e-16 0)
(1.044776119 1.821196855e-16 0)
(1.044776119 -6.115115858e-17 0)
(1.044776119 -7.810098133e-16 0)
(1.044776119 2.222185751e-16 0)
(1.194029851 1.149057072e-15 0)
(1.194029851 8.891270652e-16 0)
(1.194029851 5.765952492e-16 0)
(1.194029851 4.798232007e-16 0)
(1.194029851 3.051628503e-16 0)
(1.194029851 1.891119024e-16 0)
(1.194029851 2.639465537e-16 0)
(1.194029851 9.977344133e-17 0)
(1.194029851 4.746297133e-17 0)
(1.194029851 1.835447905e-16 0)
(1.194029851 3.996205566e-17 0)
(1.194029851 -4.755777633e-17 0)
(1.194029851 9.757948612e-18 0)
(1.194029851 -1.711883508e-17 0)
(1.194029851 -1.554448017e-16 0)
(1.194029851 -1.524582798e-16 0)
(1.194029851 -2.740607463e-16 0)
(1.194029851 -2.717525595e-16 0)
(1.194029851 -1.990757889e-17 0)
(1.194029851 3.140780946e-17 0)
(1.194029851 -1.457659082e-16 0)
(1.194029851 -2.511399266e-16 0)
(1.194029851 -6.098358903e-17 0)
(1.194029851 7.590637913e-17 0)
(1.194029851 2.477784405e-16 0)
(1.194029851 2.934770464e-16 0)
(1.194029851 2.772526766e-16 0)
(1.194029851 5.947451945e-17 0)
(1.194029851 -2.909383343e-16 0)
(1.194029851 -2.817057815e-16 0)
(1.194029851 1.662850818e-17 0)
(1.194029851 -1.348896305e-16 0)
(1.194029851 -3.00802167e-16 0)
(1.194029851 -9.358026129e-17 0)
(1.194029851 -2.082444337e-16 0)
(1.194029851 -1.197648038e-16 0)
(1.194029851 2.989102004e-16 0)
(1.194029851 3.547962868e-16 0)
(1.194029851 1.344469085e-16 0)
(1.194029851 -1.559602729e-16 0)
(1.194029851 -1.325360243e-16 0)
(1.194029851 -3.394525937e-16 0)
(1.194029851 -1.838949535e-16 0)
(1.194029851 -1.280953848e-16 0)
(1.194029851 -2.632123423e-16 0)
(1.194029851 -6.682995979e-17 0)
(1.194029851 -3.183155773e-17 0)
(1.194029851 -1.81378759e-16 0)
(1.194029851 4.833941522e-17 0)
(1.194029851 1.038751901e-16 0)
(1.194029851 -1.642043406e-17 0)
(1.194029851 -4.8771259e-17 0)
(1.194029851 2.762448023e-16 0)
(1.194029851 1.854766531e-16 0)
(1.194029851 -4.242545155e-18 0)
(1.194029851 -2.058817613e-17 0)
(1.194029851 2.610382022e-16 0)
(1.194029851 3.007783035e-16 0)
(1.194029851 -1.153171913e-17 0)
(1.194029851 7.83402603e-17 0)
(1.194029851 -5.104961597e-17 0)
(1.194029851 9.08869294e-17 0)
(1.194029851 1.184408427e-16 0)
(1.194029851 -2.710341255e-17 0)
(1.194029851 -1.003463763e-17 0)
(1.194029851 2.226648742e-16 0)
(1.194029851 1.035020297e-16 0)
(1.194029851 9.283601184e-17 0)
(1.194029851 3.144052231e-17 0)
(1.194029851 -3.572452084e-16 0)
(1.194029851 -4.334512292e-16 0)
(1.194029851 7.959718299e-17 0)
(1.194029851 1.464254062e-16 0)
(1.194029851 -7.60560033e-17 0)
(1.194029851 -1.524074382e-16 0)
(1.194029851 -3.772059437e-18 0)
(1.194029851 2.17480557e-16 0)
(1.194029851 -2.478240535e-16 0)
(1.194029851 -4.266253093e-16 0)
(1.194029851 2.031650793e-16 0)
(1.194029851 2.563858621e-16 0)
(1.194029851 -1.616230568e-16 0)
(1.194029851 2.138229309e-16 0)
(1.194029851 4.644027863e-16 0)
(1.194029851 1.061713275e-16 0)
(1.194029851 8.615110804e-17 0)
(1.194029851 9.530014376e-17 0)
(1.194029851 -1.958290168e-16 0)
(1.194029851 -7.342928938e-17 0)
(1.194029851 1.514079295e-16 0)
(1.194029851 -3.749633003e-16 0)
(1.194029851 -4.019657638e-16 0)
(1.194029851 -1.689772979e-16 0)
(1.194029851 9.202449546e-17 0)
(1.194029851 -1.376892095e-16 0)
(1.194029851 -2.213210318e-16 0)
(1.194029851 -1.105373253e-17 0)
(1.194029851 1.332438406e-16 0)
(1.194029851 -1.277137963e-16 0)
(1.194029851 -3.738333397e-16 0)
(1.194029851 4.30775672e-16 0)
(1.194029851 6.910482642e-16 0)
(1.194029851 1.061101754e-16 0)
(1.194029851 -2.683675198e-16 0)
(1.194029851 -1.235201782e-16 0)
(1.194029851 1.057355954e-16 0)
(1.194029851 4.94720064e-17 0)
(1.194029851 -3.76312434e-16 0)
(1.194029851 5.637920276e-17 0)
(1.194029851 4.205539263e-16 0)
(1.194029851 -6.559900092e-17 0)
(1.194029851 -2.84833832e-16 0)
(1.194029851 -6.36040059e-17 0)
(1.194029851 4.101222015e-16 0)
(1.194029851 3.883819334e-16 0)
(1.194029851 -2.005219424e-16 0)
(1.194029851 -1.294946891e-16 0)
(1.194029851 5.778728593e-16 0)
(1.194029851 2.013557154e-16 0)
(1.194029851 -2.152267197e-16 0)
(1.194029851 -2.563645701e-16 0)
(1.194029851 -1.002687602e-16 0)
(1.194029851 4.980531252e-16 0)
(1.194029851 1.80365654e-16 0)
(1.194029851 -4.679996448e-16 0)
(1.194029851 -3.47965686e-16 0)
(1.194029851 3.697244466e-17 0)
(1.194029851 -7.386012618e-16 0)
(1.194029851 -3.124796085e-16 0)
(1.194029851 7.943667315e-16 0)
(1.194029851 6.220208094e-16 0)
(1.194029851 7.697346051e-17 0)
(1.194029851 -5.90455278e-16 0)
(1.194029851 -4.752678675e-16 0)
(1.194029851 2.001711953e-16 0)
(1.194029851 -1.885687241e-17 0)
(1.194029851 -2.280704e-16 0)
(1.194029851 -2.397753142e-16 0)
(1.194029851 -2.369847957e-16 0)
(1.194029851 -9.284163057e-17 0)
(1.194029851 -3.942693542e-16 0)
(1.194029851 -1.889399025e-16 0)
(1.194029851 1.224371163e-16 0)
(1.194029851 7.494114684e-16 0)
(1.194029851 7.922568593e-16 0)
(1.194029851 1.963698699e-16 0)
(1.194029851 4.457729588e-16 0)
(1.194029851 3.973896773e-16 0)
(1.194029851 -4.355571488e-16 0)
(1.194029851 -7.110097204e-16 0)
(1.194029851 -2.919586774e-16 0)
(1.194029851 4.161376028e-16 0)
(1.194029851 1.606250587e-16 0)
(1.194029851 -3.476745788e-16 0)
(1.194029851 4.672876393e-16 0)
(1.194029851 3.716864705e-16 0)
(1.194029851 -5.226882319e-16 0)
(1.194029851 -3.916441897e-16 0)
(1.194029851 -2.411236508e-17 0)
(1.194029851 5.092393401e-16 0)
(1.194029851 2.779568404e-16 0)
(1.194029851 1.736519052e-16 0)
(1.194029851 3.128874891e-16 0)
(1.194029851 -2.892522334e-16 0)
(1.194029851 -6.541553747e-16 0)
(1.194029851 -3.283714969e-16 0)
(1.194029851 4.18065117e-16 0)
(1.194029851 2.492088299e-16 0)
(1.194029851 2.022771904e-16 0)
(1.194029851 1.345137035e-17 0)
(1.194029851 1.70941075e-16 0)
(1.194029851 1.980702451e-16 0)
(1.194029851 -4.242995861e-16 0)
(1.194029851 -4.781862487e-16 0)
(1.194029851 8.528469528e-17 0)
(1.194029851 -4.650299469e-16 0)
(1.194029851 -9.789732712e-17 0)
(1.194029851 6.333178927e-16 0)
(1.194029851 3.875747072e-17 0)
(1.194029851 4.590428695e-16 0)
(1.194029851 4.368388802e-16 0)
(1.194029851 -3.726496226e-16 0)
(1.194029851 -5.080205949e-16 0)
(1.194029851 -1.28490526e-16 0)
(1.194029851 6.072031723e-16 0)
(1.194029851 5.970689592e-16 0)
(1.194029851 -5.786905419e-16 0)
(1.194029851 2.227238989e-17 0)
(1.194029851 1.534390737e-16 0)
(1.194029851 -9.555140301e-16 0)
(1.194029851 -7.105118882e-16 0)
(1.194029851 5.237848896e-17 0)
(1.194029851 1.36191624e-16 0)
(1.194029851 1.27128396e-16 0)
(1.194029851 -9.113748427e-17 0)
(1.194029851 -2.793417101e-16 0)
(1.194029851 2.524694007e-16 0)
(1.194029851 -9.100964058e-17 0)
(1.194029851 -6.546030862e-16 0)
(1.194029851 1.789244853e-16 0)
(1.313432836 8.737811132e-16 0)
(1.313432836 7.707293459e-16 0)
(1.313432836 6.122755496e-16 0)
(1.313432836 5.237388613e-16 0)
(1.313432836 3.44146914e-16 0)
(1.313432836 2.84939391e-16 0)
(1.313432836 2.862450706e-16 0)
(1.313432836 1.51639372e-16 0)
(1.313432836 2.579446368e-16 0)
(1.313432836 2.286807094e-16 0)
(1.313432836 4.956710185e-17 0)
(1.313432836 3.906326756e-17 0)
(1.313432836 6.536254642e-17 0)
(1.313432836 -3.203869485e-17 0)
(1.313432836 -2.691233215e-16 0)
(1.313432836 -2.836141391e-16 0)
(1.313432836 -3.506345038e-16 0)
(1.313432836 -2.730269059e-16 0)
(1.313432836 -7.827271345e-17 0)
(1.313432836 3.209542441e-17 0)
(1.313432836 -1.064666494e-16 0)
(1.313432836 -2.129510703e-16 0)
(1.313432836 4.484353959e-17 0)
(1.313432836 3.392464763e-17 0)
(1.313432836 7.972516495e-17 0)
(1.313432836 2.838745052e-16 0)
(1.313432836 2.767490124e-16 0)
(1.313432836 -7.074776827e-17 0)
(1.313432836 -3.573922335e-16 0)
(1.313432836 -1.793795587e-16 0)
(1.313432836 -8.182602157e-17 0)
(1.313432836 -1.572374217e-16 0)
(1.313432836 -2.723482978e-16 0)
(1.313432836 -2.177504023e-16 0)
(1.313432836 -1.820218106e-16 0)
(1.313432836 -4.318052696e-17 0)
(1.313432836 3.333108569e-16 0)
(1.313432836 5.034153887e-16 0)
(1.313432836 1.119975181e-16 0)
(1.313432836 -2.824119503e-16 0)
(1.313432836 -2.481460535e-16 0)
(1.313432836 -4.706244437e-16 0)
(1.313432836 -2.413926181e-16 0)
(1.313432836 -1.651206666e-16 0)
(1.313432836 -1.688115632e-16 0)
(1.313432836 -9.962113684e-17 0)
(1.313432836 -1.167399312e-16 0)
(1.313432836 -6.973180229e-17 0)
(1.313432836 6.476278299e-17 0)
(1.313432836 7.919596136e-17 0)
(1.313432836 -8.951353685e-18 0)
(1.313432836 -1.897209307e-17 0)
(1.313432836 2.02852218e-16 0)
(1.313432836 2.654712513e-16 0)
(1.313432836 1.497881891e-16 0)
(1.313432836 4.867564282e-17 0)
(1.313432836 2.177294752e-16 0)
(1.313432836 3.908716575e-16 0)
(1.313432836 8.293830452e-17 0)
(1.313432836 2.556431863e-17 0)
(1.313432836 -7.027453609e-17 0)
(1.313432836 7.084412659e-17 0)
(1.313432836 8.152350389e-17 0)
(1.313432836 6.067273853e-17 0)
(1.313432836 3.04551045e-17 0)
(1.313432836 2.360623709e-16 0)
(1.313432836 1.672903239e-16 0)
(1.313432836 7.194032778e-17 0)
(1.313432836 -8.601116571e-17 0)
(1.313432836 -4.336879986e-16 0)
(1.313432836 -4.198383918e-16 0)
(1.313432836 7.581992204e-17 0)
(1.313432836 1.122849569e-16 0)
(1.313432836 -1.163610709e-16 0)
(1.313432836 -1.373606244e-16 0)
(1.313432836 -6.421056859e-18 0)
(1.313432836 2.778659608e-16 0)
(1.313432836 -2.357546832e-16 0)
(1.313432836 -4.028621214e-16 0)
(1.313432836 3.045036003e-16 0)
(1.313432836 3.165239957e-16 0)
(1.313432836 -5.245193421e-17 0)
(1.313432836 1.969615935e-16 0)
(1.313432836 3.182779924e-16 0)
(1.313432836 5.054725361e-18 0)
(1.313432836 8.720383438e-17 0)
(1.313432836 1.267059707e-16 0)
(1.313432836 -1.780488714e-16 0)
(1.313432836 -6.856955523e-17 0)
(1.313432836 1.075721603e-16 0)
(1.313432836 -2.360983473e-16 0)
(1.313432836 -3.93178181e-16 0)
(1.313432836 -2.559724599e-16 0)
(1.313432836 -1.257124427e-16 0)
(1.313432836 -1.959750733e-16 0)
(1.313432836 -3.544879567e-16 0)
(1.313432836 2.688949252e-17 0)
(1.313432836 2.750038424e-16 0)
(1.313432836 -8.369761224e-17 0)
(1.313432836 -3.525974738e-16 0)
(1.313432836 3.598130526e-16 0)
(1.313432836 6.992721516e-16 0)
(1.313432836 1.54579038e-16 0)
(1.313432836 -2.217930581e-16 0)
(1.313432836 -2.630487307e-16 0)
(1.313432836 1.159871957e-16 0)
(1.313432836 -6.451028124e-17 0)
(1.313432836 -4.83699425e-16 0)
(1.313432836 7.841473541e-17 0)
(1.313432836 3.443531317e-16 0)
(1.313432836 1.375051071e-16 0)
(1.313432836 -1.367057134e-16 0)
(1.313432836 1.146010353e-17 0)
(1.313432836 4.276195296e-16 0)
(1.313432836 2.897713703e-16 0)
(1.313432836 -7.025482577e-17 0)
(1.313432836 5.906397565e-17 0)
(1.313432836 4.394530937e-16 0)
(1.313432836 2.495066319e-16 0)
(1.313432836 -1.003872024e-16 0)
(1.313432836 -2.431878497e-16 0)
(1.313432836 4.504902148e-17 0)
(1.313432836 3.456319297e-16 0)
(1.313432836 -1.062522099e-16 0)
(1.313432836 -5.116859001e-16 0)
(1.313432836 -3.622394626e-16 0)
(1.313432836 -1.757654658e-16 0)
(1.313432836 -6.003500007e-16 0)
(1.313432836 -1.010106882e-16 0)
(1.313432836 7.735441898e-16 0)
(1.313432836 5.384874711e-16 0)
(1.313432836 4.518885602e-17 0)
(1.313432836 -3.938792579e-16 0)
(1.313432836 -5.028044183e-16 0)
(1.313432836 1.491244687e-16 0)
(1.313432836 -4.724120939e-17 0)
(1.313432836 -2.969427673e-16 0)
(1.313432836 -4.505961278e-16 0)
(1.313432836 -1.810190454e-16 0)
(1.313432836 7.383202329e-17 0)
(1.313432836 -4.089876038e-16 0)
(1.313432836 -2.041666591e-16 0)
(1.313432836 1.929247742e-16 0)
(1.313432836 8.771845046e-16 0)
(1.313432836 9.095827723e-16 0)
(1.313432836 2.438597401e-16 0)
(1.313432836 4.615650265e-16 0)
(1.313432836 3.470336654e-16 0)
(1.313432836 -3.616380846e-16 0)
(1.313432836 -6.458001748e-16 0)
(1.313432836 -4.149951195e-16 0)
(1.313432836 2.986048028e-16 0)
(1.313432836 -6.856034353e-17 0)
(1.313432836 -4.227287045e-16 0)
(1.313432836 5.197575987e-16 0)
(1.313432836 4.241299721e-16 0)
(1.313432836 -3.522963062e-16 0)
(1.313432836 -3.557246148e-16 0)
(1.313432836 -4.058738392e-17 0)
(1.313432836 5.81839248e-16 0)
(1.313432836 2.802514359e-16 0)
(1.313432836 9.048111812e-17 0)
(1.313432836 1.405079195e-16 0)
(1.313432836 -1.846245037e-16 0)
(1.313432836 -6.210046194e-16 0)
(1.313432836 -3.116824426e-16 0)
(1.313432836 4.100157153e-16 0)
(1.313432836 2.574639242e-16 0)
(1.313432836 3.519456032e-16 0)
(1.313432836 -7.195171923e-17 0)
(1.313432836 -8.745128259e-17 0)
(1.313432836 1.925505662e-16 0)
(1.313432836 -2.955477728e-16 0)
(1.313432836 -5.74211774e-16 0)
(1.313432836 -1.167544942e-17 0)
(1.313432836 -3.533949904e-16 0)
(1.313432836 1.103905746e-16 0)
(1.313432836 4.969918157e-16 0)
(1.313432836 -1.676513707e-16 0)
(1.313432836 5.779664551e-16 0)
(1.313432836 5.447086508e-16 0)
(1.313432836 -2.499859172e-16 0)
(1.313432836 -3.567239554e-16 0)
(1.313432836 -2.05533861e-16 0)
(1.313432836 7.146209817e-16 0)
(1.313432836 3.490775282e-16 0)
(1.313432836 -6.221313313e-16 0)
(1.313432836 -1.335199873e-16 0)
(1.313432836 1.585177484e-16 0)
(1.313432836 -8.62804598e-16 0)
(1.313432836 -7.564332103e-16 0)
(1.313432836 -1.43489409e-16 0)
(1.313432836 4.148498472e-17 0)
(1.313432836 3.325529079e-16 0)
(1.313432836 -1.663037883e-17 0)
(1.313432836 -2.618504167e-16 0)
(1.313432836 4.623813187e-17 0)
(1.313432836 -1.55321726e-16 0)
(1.313432836 -3.219122194e-16 0)
(1.313432836 2.633917483e-16 0)
(1.402985075 7.616019737e-16 0)
(1.402985075 7.227962764e-16 0)
(1.402985075 6.774641684e-16 0)
(1.402985075 5.425195029e-16 0)
(1.402985075 4.315016229e-16 0)
(1.402985075 3.295611823e-16 0)
(1.402985075 2.909624326e-16 0)
(1.402985075 2.94646975e-16 0)
(1.402985075 3.801433235e-16 0)
(1.402985075 2.984426088e-16 0)
(1.402985075 -6.887484469e-18 0)
(1.402985075 9.881176483e-17 0)
(1.402985075 1.723198899e-16 0)
(1.402985075 -6.845732615e-17 0)
(1.402985075 -3.303451138e-16 0)
(1.402985075 -3.914664426e-16 0)
(1.402985075 -5.068470892e-16 0)
(1.402985075 -3.014839968e-16 0)
(1.402985075 -3.692395323e-17 0)
(1.402985075 -4.117366789e-17 0)
(1.402985075 -5.407961326e-17 0)
(1.402985075 -1.968519983e-17 0)
(1.402985075 4.153394336e-17 0)
(1.402985075 1.896712297e-17 0)
(1.402985075 -5.023854293e-17 0)
(1.402985075 1.813390119e-16 0)
(1.402985075 5.954866497e-17 0)
(1.402985075 -1.2608486e-16 0)
(1.402985075 -2.905337663e-16 0)
(1.402985075 -1.462752474e-16 0)
(1.402985075 -1.957467516e-16 0)
(1.402985075 -2.920526444e-16 0)
(1.402985075 -2.656728138e-16 0)
(1.402985075 -2.766688149e-16 0)
(1.402985075 -1.08780064e-16 0)
(1.402985075 1.008940832e-16 0)
(1.402985075 3.091867169e-16 0)
(1.402985075 5.058893335e-16 0)
(1.402985075 1.474157989e-16 0)
(1.402985075 -3.352170299e-16 0)
(1.402985075 -4.08368905e-16 0)
(1.402985075 -4.248491648e-16 0)
(1.402985075 -2.857515097e-16 0)
(1.402985075 -1.682990943e-16 0)
(1.402985075 -6.641828166e-17 0)
(1.402985075 -2.689642876e-16 0)
(1.402985075 -7.722448888e-17 0)
(1.402985075 1.695742485e-16 0)
(1.402985075 -7.641444733e-18 0)
(1.402985075 3.018802654e-17 0)
(1.402985075 1.420607455e-20 0)
(1.402985075 -2.288227789e-17 0)
(1.402985075 2.491846685e-16 0)
(1.402985075 3.207104188e-16 0)
(1.402985075 1.660919679e-16 0)
(1.402985075 1.43534499e-16 0)
(1.402985075 2.559580163e-16 0)
(1.402985075 3.22119732e-16 0)
(1.402985075 1.867407206e-16 0)
(1.402985075 1.458095157e-16 0)
(1.402985075 -8.940634906e-17 0)
(1.402985075 -2.757970866e-17 0)
(1.402985075 1.052832599e-16 0)
(1.402985075 -2.568545355e-18 0)
(1.402985075 1.41304649e-16 0)
(1.402985075 2.704643241e-16 0)
(1.402985075 5.903192567e-17 0)
(1.402985075 5.700701547e-17 0)
(1.402985075 -1.880133572e-16 0)
(1.402985075 -3.635030771e-16 0)
(1.402985075 -3.363245038e-16 0)
(1.402985075 1.041989183e-17 0)
(1.402985075 5.181075326e-17 0)
(1.402985075 -1.620976984e-16 0)
(1.402985075 -1.422527559e-16 0)
(1.402985075 6.356374921e-17 0)
(1.402985075 3.477932735e-16 0)
(1.402985075 -8.066475327e-17 0)
(1.402985075 -2.289795135e-16 0)
(1.402985075 3.368485819e-16 0)
(1.402985075 1.256157604e-16 0)
(1.402985075 -4.519971911e-18 0)
(1.402985075 1.545427974e-16 0)
(1.402985075 2.044023567e-16 0)
(1.402985075 9.759312373e-17 0)
(1.402985075 -1.027726025e-16 0)
(1.402985075 -1.018260879e-16 0)
(1.402985075 -1.084513029e-16 0)
(1.402985075 -4.51449445e-17 0)
(1.402985075 1.730004533e-16 0)
(1.402985075 -8.643312263e-17 0)
(1.402985075 -3.68371355e-16 0)
(1.402985075 -3.655468842e-16 0)
(1.402985075 -3.047152263e-16 0)
(1.402985075 -1.180086732e-16 0)
(1.402985075 -4.420424378e-16 0)
(1.402985075 -1.314289134e-16 0)
(1.402985075 2.744505512e-16 0)
(1.402985075 2.271433348e-18 0)
(1.402985075 -1.47167923e-16 0)
(1.402985075 2.83355671e-16 0)
(1.402985075 5.950903691e-16 0)
(1.402985075 1.852330657e-16 0)
(1.402985075 -2.509668565e-16 0)
(1.402985075 -3.494010609e-16 0)
(1.402985075 -9.167799623e-18 0)
(1.402985075 -6.408770557e-17 0)
(1.402985075 -3.850109695e-16 0)
(1.402985075 -4.793217853e-17 0)
(1.402985075 2.185177155e-16 0)
(1.402985075 1.02147496e-16 0)
(1.402985075 6.836833908e-17 0)
(1.402985075 1.752188479e-16 0)
(1.402985075 3.57717371e-16 0)
(1.402985075 4.028329608e-16 0)
(1.402985075 1.279690264e-16 0)
(1.402985075 -3.519149673e-17 0)
(1.402985075 3.070242752e-16 0)
(1.402985075 2.913497002e-16 0)
(1.402985075 -4.373362146e-17 0)
(1.402985075 -2.169523451e-17 0)
(1.402985075 1.197901512e-16 0)
(1.402985075 9.021050517e-17 0)
(1.402985075 -2.523650207e-16 0)
(1.402985075 -5.469433709e-16 0)
(1.402985075 -4.986290883e-16 0)
(1.402985075 -1.774655753e-16 0)
(1.402985075 -4.82932988e-16 0)
(1.402985075 4.399276871e-17 0)
(1.402985075 7.046762366e-16 0)
(1.402985075 4.958300264e-16 0)
(1.402985075 1.333464744e-16 0)
(1.402985075 -3.982984067e-16 0)
(1.402985075 -4.454261427e-16 0)
(1.402985075 7.784101066e-17 0)
(1.402985075 -1.531517971e-16 0)
(1.402985075 -3.414906332e-16 0)
(1.402985075 -3.707393095e-16 0)
(1.402985075 -3.039085099e-17 0)
(1.402985075 3.712459228e-17 0)
(1.402985075 -3.929924447e-16 0)
(1.402985075 1.041276412e-18 0)
(1.402985075 3.472647377e-16 0)
(1.402985075 6.894600851e-16 0)
(1.402985075 7.921473601e-16 0)
(1.402985075 3.259614419e-16 0)
(1.402985075 5.738709152e-16 0)
(1.402985075 2.765722612e-16 0)
(1.402985075 -2.538073066e-16 0)
(1.402985075 -4.517179769e-16 0)
(1.402985075 -4.350794862e-16 0)
(1.402985075 -3.516800564e-17 0)
(1.402985075 -2.853542614e-16 0)
(1.402985075 -2.393014784e-16 0)
(1.402985075 3.934695554e-16 0)
(1.402985075 3.486222352e-16 0)
(1.402985075 -2.673636923e-16 0)
(1.402985075 -2.15635335e-16 0)
(1.402985075 -4.195330497e-17 0)
(1.402985075 5.056600087e-16 0)
(1.402985075 1.953088854e-16 0)
(1.402985075 9.9926414e-17 0)
(1.402985075 2.230132458e-17 0)
(1.402985075 -1.159379082e-16 0)
(1.402985075 -4.969907456e-16 0)
(1.402985075 -3.329814575e-16 0)
(1.402985075 3.293055388e-16 0)
(1.402985075 3.638624868e-16 0)
(1.402985075 3.695733216e-16 0)
(1.402985075 -1.219009718e-16 0)
(1.402985075 2.518828135e-17 0)
(1.402985075 8.269313812e-18 0)
(1.402985075 -3.471038694e-16 0)
(1.402985075 -4.455166787e-16 0)
(1.402985075 -9.838973388e-17 0)
(1.402985075 -1.129539226e-16 0)
(1.402985075 -9.321045368e-17 0)
(1.402985075 2.922435586e-16 0)
(1.402985075 7.634420844e-17 0)
(1.402985075 4.767167958e-16 0)
(1.402985075 5.68719027e-16 0)
(1.402985075 -1.02362671e-16 0)
(1.402985075 -1.042678578e-16 0)
(1.402985075 -7.780016873e-17 0)
(1.402985075 5.597122173e-16 0)
(1.402985075 1.056626642e-16 0)
(1.402985075 -6.339140759e-16 0)
(1.402985075 -7.750279405e-17 0)
(1.402985075 1.011540292e-16 0)
(1.402985075 -7.29603524e-16 0)
(1.402985075 -7.911490244e-16 0)
(1.402985075 -3.006313909e-16 0)
(1.402985075 1.511650854e-17 0)
(1.402985075 3.485408013e-16 0)
(1.402985075 6.197744591e-18 0)
(1.402985075 -2.173071137e-16 0)
(1.402985075 -7.711750006e-17 0)
(1.402985075 -3.648029832e-17 0)
(1.402985075 -3.135887965e-16 0)
(1.402985075 2.429055552e-16 0)
(1.462686567 5.698397164e-16 0)
(1.462686567 5.855693746e-16 0)
(1.462686567 6.54995414e-16 0)
(1.462686567 5.862446828e-16 0)
(1.462686567 4.724367059e-16 0)
(1.462686567 4.352788863e-16 0)
(1.462686567 4.055109191e-16 0)
(1.462686567 4.088264215e-16 0)
(1.462686567 3.227042737e-16 0)
(1.462686567 3.197429439e-16 0)
(1.462686567 4.967471734e-17 0)
(1.462686567 5.952275619e-17 0)
(1.462686567 1.537854289e-16 0)
(1.462686567 -8.242625622e-17 0)
(1.462686567 -3.620749431e-16 0)
(1.462686567 -4.53600556e-16 0)
(1.462686567 -5.219648711e-16 0)
(1.462686567 -2.401611471e-16 0)
(1.462686567 5.752727573e-17 0)
(1.462686567 -7.059715291e-17 0)
(1.462686567 1.580714152e-17 0)
(1.462686567 4.897084078e-17 0)
(1.462686567 -1.438280123e-17 0)
(1.462686567 -1.53306702e-17 0)
(1.462686567 -4.596264772e-17 0)
(1.462686567 5.298759733e-17 0)
(1.462686567 -1.098433591e-16 0)
(1.462686567 -1.371003704e-16 0)
(1.462686567 -1.963022819e-16 0)
(1.462686567 -1.204395824e-16 0)
(1.462686567 -3.154452436e-16 0)
(1.462686567 -4.032709545e-16 0)
(1.462686567 -3.745893985e-16 0)
(1.462686567 -2.536604282e-16 0)
(1.462686567 -1.759706801e-17 0)
(1.462686567 2.220063096e-16 0)
(1.462686567 2.056765702e-16 0)
(1.462686567 3.072439391e-16 0)
(1.462686567 7.523262433e-17 0)
(1.462686567 -2.278471783e-16 0)
(1.462686567 -3.576673751e-16 0)
(1.462686567 -3.472202265e-16 0)
(1.462686567 -3.900077791e-16 0)
(1.462686567 -1.992976845e-16 0)
(1.462686567 -4.346692709e-17 0)
(1.462686567 -2.111536346e-16 0)
(1.462686567 -5.460466656e-17 0)
(1.462686567 2.509694918e-16 0)
(1.462686567 6.33661236e-17 0)
(1.462686567 -7.950666875e-17 0)
(1.462686567 -5.647809186e-17 0)
(1.462686567 -3.552472886e-17 0)
(1.462686567 3.011824629e-16 0)
(1.462686567 3.818219467e-16 0)
(1.462686567 2.082738917e-16 0)
(1.462686567 2.981829792e-16 0)
(1.462686567 2.274063503e-16 0)
(1.462686567 2.117824743e-16 0)
(1.462686567 2.612720014e-16 0)
(1.462686567 2.151478729e-16 0)
(1.462686567 4.171245725e-17 0)
(1.462686567 -3.516788904e-17 0)
(1.462686567 -1.333868528e-17 0)
(1.462686567 -5.43501063e-17 0)
(1.462686567 1.661901406e-16 0)
(1.462686567 2.569263254e-16 0)
(1.462686567 -2.260721945e-17 0)
(1.462686567 8.235134755e-17 0)
(1.462686567 -1.561682363e-16 0)
(1.462686567 -2.996646761e-16 0)
(1.462686567 -1.823963974e-16 0)
(1.462686567 6.904193112e-17 0)
(1.462686567 2.682151502e-17 0)
(1.462686567 -9.55059479e-17 0)
(1.462686567 -1.326357008e-16 0)
(1.462686567 2.797967249e-17 0)
(1.462686567 3.027297958e-16 0)
(1.462686567 1.153063366e-16 0)
(1.462686567 2.89935198e-18 0)
(1.462686567 1.236398528e-16 0)
(1.462686567 8.995837648e-18 0)
(1.462686567 6.290343751e-17 0)
(1.462686567 8.550024607e-17 0)
(1.462686567 1.775057309e-16 0)
(1.462686567 4.329076285e-17 0)
(1.462686567 -3.086161592e-16 0)
(1.462686567 -3.027573921e-16 0)
(1.462686567 -2.197391044e-17 0)
(1.462686567 1.412048927e-17 0)
(1.462686567 1.278948073e-16 0)
(1.462686567 -2.850067354e-17 0)
(1.462686567 -2.333398389e-16 0)
(1.462686567 -3.877044421e-16 0)
(1.462686567 -3.363842519e-16 0)
(1.462686567 -1.345089807e-16 0)
(1.462686567 -4.985487543e-16 0)
(1.462686567 -2.975060511e-16 0)
(1.462686567 2.273353508e-16 0)
(1.462686567 6.306788247e-17 0)
(1.462686567 -1.332367232e-16 0)
(1.462686567 2.110526265e-16 0)
(1.462686567 5.09245683e-16 0)
(1.462686567 2.273499218e-16 0)
(1.462686567 -2.530702967e-16 0)
(1.462686567 -2.771695049e-16 0)
(1.462686567 -2.5333577e-16 0)
(1.462686567 -6.040268044e-17 0)
(1.462686567 -1.603181672e-16 0)
(1.462686567 -9.888358178e-17 0)
(1.462686567 3.327186996e-17 0)
(1.462686567 6.762050631e-17 0)
(1.462686567 2.454389388e-16 0)
(1.462686567 2.257478389e-16 0)
(1.462686567 2.286941992e-16 0)
(1.462686567 4.890618192e-16 0)
(1.462686567 3.188242816e-16 0)
(1.462686567 -1.568359535e-17 0)
(1.462686567 1.103264153e-16 0)
(1.462686567 2.341332666e-16 0)
(1.462686567 5.091470157e-17 0)
(1.462686567 9.6228624e-17 0)
(1.462686567 7.177096981e-17 0)
(1.462686567 -5.93892037e-17 0)
(1.462686567 -3.293071239e-16 0)
(1.462686567 -5.707086075e-16 0)
(1.462686567 -5.062711242e-16 0)
(1.462686567 -1.382058918e-16 0)
(1.462686567 -2.560109925e-16 0)
(1.462686567 7.224651619e-17 0)
(1.462686567 5.411345354e-16 0)
(1.462686567 5.347569964e-16 0)
(1.462686567 1.734908231e-16 0)
(1.462686567 -3.656903632e-16 0)
(1.462686567 -4.665282942e-16 0)
(1.462686567 -8.549014485e-17 0)
(1.462686567 -1.885276401e-16 0)
(1.462686567 -2.742104063e-16 0)
(1.462686567 -2.971551874e-16 0)
(1.462686567 9.606947274e-17 0)
(1.462686567 5.853943998e-17 0)
(1.462686567 -2.951196794e-16 0)
(1.462686567 1.253360059e-16 0)
(1.462686567 4.788549721e-16 0)
(1.462686567 5.652438139e-16 0)
(1.462686567 6.66494259e-16 0)
(1.462686567 3.826780421e-16 0)
(1.462686567 5.257160497e-16 0)
(1.462686567 2.622882325e-16 0)
(1.462686567 -9.062367347e-17 0)
(1.462686567 -4.204883722e-16 0)
(1.462686567 -3.911026578e-16 0)
(1.462686567 -1.905772148e-16 0)
(1.462686567 -4.59041127e-16 0)
(1.462686567 -1.494250174e-16 0)
(1.462686567 2.522316963e-16 0)
(1.462686567 1.976422857e-16 0)
(1.462686567 -1.222280607e-16 0)
(1.462686567 -9.911404254e-17 0)
(1.462686567 -6.754376008e-17 0)
(1.462686567 2.606055823e-16 0)
(1.462686567 1.367259789e-16 0)
(1.462686567 1.194683607e-16 0)
(1.462686567 3.817312317e-17 0)
(1.462686567 -1.216511237e-16 0)
(1.462686567 -3.680864254e-16 0)
(1.462686567 -1.725444735e-16 0)
(1.462686567 2.749414298e-16 0)
(1.462686567 3.788613356e-16 0)
(1.462686567 3.111072813e-16 0)
(1.462686567 -1.122949736e-16 0)
(1.462686567 3.832207443e-17 0)
(1.462686567 2.829947081e-17 0)
(1.462686567 -3.775536285e-16 0)
(1.462686567 -3.977214256e-16 0)
(1.462686567 -9.103217849e-17 0)
(1.462686567 -4.606952317e-17 0)
(1.462686567 -3.281154401e-16 0)
(1.462686567 7.650701492e-17 0)
(1.462686567 2.249010468e-16 0)
(1.462686567 5.001559037e-16 0)
(1.462686567 5.57734292e-16 0)
(1.462686567 1.004856958e-16 0)
(1.462686567 6.032680801e-18 0)
(1.462686567 1.066281464e-16 0)
(1.462686567 3.940358423e-16 0)
(1.462686567 2.013758886e-17 0)
(1.462686567 -5.865480865e-16 0)
(1.462686567 -1.20122757e-16 0)
(1.462686567 -7.105055478e-17 0)
(1.462686567 -6.585320182e-16 0)
(1.462686567 -7.350928309e-16 0)
(1.462686567 -2.959038779e-16 0)
(1.462686567 4.919860222e-17 0)
(1.462686567 3.57636085e-16 0)
(1.462686567 1.107255272e-16 0)
(1.462686567 -1.515153151e-16 0)
(1.462686567 -1.693685811e-16 0)
(1.462686567 -8.64583613e-17 0)
(1.462686567 -2.925284923e-16 0)
(1.462686567 2.045346773e-16 0)
(1.492537313 3.858400809e-16 0)
(1.492537313 4.885016917e-16 0)
(1.492537313 6.224536618e-16 0)
(1.492537313 5.9987352e-16 0)
(1.492537313 4.387595683e-16 0)
(1.492537313 5.627716206e-16 0)
(1.492537313 3.692337996e-16 0)
(1.492537313 3.586282223e-16 0)
(1.492537313 3.410231498e-16 0)
(1.492537313 2.080976819e-16 0)
(1.492537313 1.591997812e-16 0)
(1.492537313 8.262521494e-17 0)
(1.492537313 1.55101532e-16 0)
(1.492537313 -1.249941525e-16 0)
(1.492537313 -3.456937206e-16 0)
(1.492537313 -3.497608251e-16 0)
(1.492537313 -4.405102644e-16 0)
(1.492537313 -2.088340133e-16 0)
(1.492537313 -2.896126823e-17 0)
(1.492537313 -3.320606692e-17 0)
(1.492537313 1.258498209e-16 0)
(1.492537313 9.08854201e-17 0)
(1.492537313 -4.100694262e-17 0)
(1.492537313 4.935290932e-19 0)
(1.492537313 1.773285586e-17 0)
(1.492537313 -1.503030001e-16 0)
(1.492537313 -3.279861789e-16 0)
(1.492537313 -1.522632595e-16 0)
(1.492537313 -9.116904284e-17 0)
(1.492537313 -6.347369917e-17 0)
(1.492537313 -4.288948501e-16 0)
(1.492537313 -5.348350201e-16 0)
(1.492537313 -4.464296315e-16 0)
(1.492537313 -2.323126529e-16 0)
(1.492537313 -1.477468309e-17 0)
(1.492537313 2.555025691e-16 0)
(1.492537313 1.536584191e-16 0)
(1.492537313 1.282023363e-16 0)
(1.492537313 4.858684265e-17 0)
(1.492537313 -9.352670422e-17 0)
(1.492537313 -3.540695385e-16 0)
(1.492537313 -2.531957214e-16 0)
(1.492537313 -3.87017426e-16 0)
(1.492537313 -2.910252761e-16 0)
(1.492537313 -1.398933164e-16 0)
(1.492537313 -1.894940581e-16 0)
(1.492537313 -4.457170395e-17 0)
(1.492537313 2.190760451e-16 0)
(1.492537313 1.705671834e-16 0)
(1.492537313 -1.70479256e-16 0)
(1.492537313 -1.372383617e-16 0)
(1.492537313 6.167239643e-17 0)
(1.492537313 3.280094337e-16 0)
(1.492537313 4.081951612e-16 0)
(1.492537313 2.275752592e-16 0)
(1.492537313 4.622093767e-16 0)
(1.492537313 3.121252558e-16 0)
(1.492537313 1.146671483e-16 0)
(1.492537313 3.062951285e-16 0)
(1.492537313 2.725383007e-16 0)
(1.492537313 1.428998774e-16 0)
(1.492537313 -3.062129776e-17 0)
(1.492537313 -1.169690723e-16 0)
(1.492537313 -6.161944945e-17 0)
(1.492537313 1.448087118e-16 0)
(1.492537313 1.624826311e-16 0)
(1.492537313 2.17625785e-17 0)
(1.492537313 2.7818656e-17 0)
(1.492537313 -1.362957001e-16 0)
(1.492537313 -2.598620102e-16 0)
(1.492537313 -7.647739195e-17 0)
(1.492537313 1.766626099e-16 0)
(1.492537313 -2.621712435e-17 0)
(1.492537313 8.494764405e-17 0)
(1.492537313 2.087441057e-17 0)
(1.492537313 -3.428353228e-17 0)
(1.492537313 1.705152983e-16 0)
(1.492537313 1.577056194e-16 0)
(1.492537313 1.274564165e-16 0)
(1.492537313 3.109135403e-17 0)
(1.492537313 -6.137789565e-17 0)
(1.492537313 5.437921318e-17 0)
(1.492537313 3.924268216e-17 0)
(1.492537313 1.285630023e-16 0)
(1.492537313 -7.333524379e-17 0)
(1.492537313 -4.171473891e-16 0)
(1.492537313 -3.56492883e-16 0)
(1.492537313 -3.319994983e-17 0)
(1.492537313 7.563029228e-17 0)
(1.492537313 8.926240683e-17 0)
(1.492537313 4.562174016e-17 0)
(1.492537313 -1.729878485e-16 0)
(1.492537313 -2.995297162e-16 0)
(1.492537313 -2.134875021e-16 0)
(1.492537313 -2.691806256e-16 0)
(1.492537313 -5.506040867e-16 0)
(1.492537313 -2.196409013e-16 0)
(1.492537313 -9.511208683e-18 0)
(1.492537313 -5.95743809e-17 0)
(1.492537313 -1.013003598e-16 0)
(1.492537313 2.192266547e-16 0)
(1.492537313 2.535852995e-16 0)
(1.492537313 1.949601136e-16 0)
(1.492537313 -1.614336825e-16 0)
(1.492537313 -2.48749886e-16 0)
(1.492537313 -2.595676777e-16 0)
(1.492537313 -6.14952636e-17 0)
(1.492537313 -6.56072808e-17 0)
(1.492537313 -1.046701591e-16 0)
(1.492537313 -4.318657249e-17 0)
(1.492537313 1.238753697e-16 0)
(1.492537313 2.784252841e-16 0)
(1.492537313 2.15525783e-16 0)
(1.492537313 1.483718435e-16 0)
(1.492537313 4.364092934e-16 0)
(1.492537313 4.934678996e-16 0)
(1.492537313 1.272944603e-16 0)
(1.492537313 -5.762451476e-17 0)
(1.492537313 9.845472517e-17 0)
(1.492537313 1.528346374e-16 0)
(1.492537313 1.281013346e-16 0)
(1.492537313 1.175752171e-16 0)
(1.492537313 -1.130166854e-16 0)
(1.492537313 -3.38286527e-16 0)
(1.492537313 -5.50414536e-16 0)
(1.492537313 -4.696431347e-16 0)
(1.492537313 -7.407602623e-17 0)
(1.492537313 -4.593683059e-17 0)
(1.492537313 1.851591057e-17 0)
(1.492537313 3.210234172e-16 0)
(1.492537313 4.178112916e-16 0)
(1.492537313 2.435207553e-16 0)
(1.492537313 -2.927320331e-16 0)
(1.492537313 -4.045524722e-16 0)
(1.492537313 -2.321202689e-16 0)
(1.492537313 -2.763722176e-16 0)
(1.492537313 -2.3252316e-16 0)
(1.492537313 -2.395078363e-16 0)
(1.492537313 1.338547091e-16 0)
(1.492537313 1.003757024e-16 0)
(1.492537313 -1.579185407e-16 0)
(1.492537313 2.267652351e-16 0)
(1.492537313 5.445950414e-16 0)
(1.492537313 5.756548463e-16 0)
(1.492537313 5.127878376e-16 0)
(1.492537313 3.558682517e-16 0)
(1.492537313 4.723133139e-16 0)
(1.492537313 3.760878939e-16 0)
(1.492537313 6.69309224e-17 0)
(1.492537313 -2.972324723e-16 0)
(1.492537313 -2.357742084e-16 0)
(1.492537313 -4.618020464e-16 0)
(1.492537313 -5.880682772e-16 0)
(1.492537313 -1.141064403e-16 0)
(1.492537313 1.044716445e-16 0)
(1.492537313 9.665805757e-17 0)
(1.492537313 1.253412119e-16 0)
(1.492537313 3.661492534e-17 0)
(1.492537313 -1.156658094e-16 0)
(1.492537313 -1.014791522e-16 0)
(1.492537313 1.331802891e-16 0)
(1.492537313 1.417966335e-16 0)
(1.492537313 3.156758986e-17 0)
(1.492537313 -1.508412072e-16 0)
(1.492537313 -2.553940387e-16 0)
(1.492537313 4.801974674e-17 0)
(1.492537313 3.185655106e-16 0)
(1.492537313 4.536515851e-16 0)
(1.492537313 4.116237579e-16 0)
(1.492537313 -2.074741369e-16 0)
(1.492537313 -1.101398066e-16 0)
(1.492537313 -1.115924349e-16 0)
(1.492537313 -3.272167377e-16 0)
(1.492537313 -3.204731172e-16 0)
(1.492537313 -1.446441094e-16 0)
(1.492537313 -2.286797067e-16 0)
(1.492537313 -4.608325577e-16 0)
(1.492537313 4.899982545e-17 0)
(1.492537313 3.176831303e-16 0)
(1.492537313 3.248082945e-16 0)
(1.492537313 4.753142622e-16 0)
(1.492537313 3.352807745e-16 0)
(1.492537313 2.190387158e-16 0)
(1.492537313 2.41417006e-16 0)
(1.492537313 1.31615074e-16 0)
(1.492537313 -3.310891303e-17 0)
(1.492537313 -3.174105766e-16 0)
(1.492537313 -2.680746836e-16 0)
(1.492537313 -2.171757162e-16 0)
(1.492537313 -6.385302118e-16 0)
(1.492537313 -4.788867929e-16 0)
(1.492537313 -2.129421713e-16 0)
(1.492537313 4.131623611e-17 0)
(1.492537313 3.383175767e-16 0)
(1.492537313 2.824595326e-16 0)
(1.492537313 -5.976370202e-17 0)
(1.492537313 -2.419962497e-16 0)
(1.492537313 -2.062733886e-16 0)
(1.492537313 -1.625695245e-16 0)
(1.492537313 1.666801231e-16 0)
(1.492537313 3.291243878e-16 0)
(1.492537313 4.365493012e-16 0)
(1.492537313 5.155774747e-16 0)
(1.492537313 4.544076189e-16 0)
(1.492537313 4.021688275e-16 0)
(1.492537313 6.02053927e-16 0)
(1.492537313 3.428026372e-16 0)
(1.492537313 2.370257446e-16 0)
(1.492537313 1.964889066e-16 0)
(1.492537313 7.994170327e-17 0)
(1.492537313 3.150562958e-16 0)
(1.492537313 1.710587039e-16 0)
(1.492537313 1.519214952e-16 0)
(1.492537313 -9.062737978e-17 0)
(1.492537313 -2.36069184e-16 0)
(1.492537313 -2.492255323e-16 0)
(1.492537313 -2.547595024e-16 0)
(1.492537313 -1.942286429e-16 0)
(1.492537313 -1.558022198e-16 0)
(1.492537313 -5.145757203e-17 0)
(1.492537313 6.480424163e-17 0)
(1.492537313 1.649164904e-17 0)
(1.492537313 -6.817190582e-18 0)
(1.492537313 -1.936078909e-17 0)
(1.492537313 2.878986327e-17 0)
(1.492537313 -2.210982606e-16 0)
(1.492537313 -3.235296728e-16 0)
(1.492537313 -2.135947248e-16 0)
(1.492537313 -5.457798242e-17 0)
(1.492537313 -1.437455495e-16 0)
(1.492537313 -3.313296368e-16 0)
(1.492537313 -5.049412469e-16 0)
(1.492537313 -4.859064541e-16 0)
(1.492537313 -2.295217352e-16 0)
(1.492537313 -2.710893214e-17 0)
(1.492537313 1.789407702e-16 0)
(1.492537313 1.803128644e-16 0)
(1.492537313 9.706430671e-17 0)
(1.492537313 2.66368851e-17 0)
(1.492537313 -1.698903241e-16 0)
(1.492537313 -2.383864824e-16 0)
(1.492537313 -9.783052147e-17 0)
(1.492537313 -4.223791871e-16 0)
(1.492537313 -5.232029839e-16 0)
(1.492537313 -2.727257226e-16 0)
(1.492537313 -1.725973302e-16 0)
(1.492537313 -3.808880497e-17 0)
(1.492537313 3.138867137e-16 0)
(1.492537313 2.727885011e-16 0)
(1.492537313 -1.275830228e-16 0)
(1.492537313 -1.49087525e-16 0)
(1.492537313 1.635356112e-16 0)
(1.492537313 3.328918632e-16 0)
(1.492537313 2.906551447e-16 0)
(1.492537313 3.522237213e-16 0)
(1.492537313 4.830374163e-16 0)
(1.492537313 3.873075305e-16 0)
(1.492537313 9.648038061e-17 0)
(1.492537313 2.691436933e-16 0)
(1.492537313 1.744811552e-16 0)
(1.492537313 1.419861693e-16 0)
(1.492537313 1.996830204e-17 0)
(1.492537313 -4.680949399e-17 0)
(1.492537313 2.272997574e-17 0)
(1.492537313 1.245090484e-16 0)
(1.492537313 9.330469524e-17 0)
(1.492537313 7.035417687e-18 0)
(1.492537313 -8.656388798e-17 0)
(1.492537313 -1.228997745e-16 0)
(1.492537313 -1.914143158e-16 0)
(1.492537313 1.032025522e-16 0)
(1.492537313 2.133960218e-16 0)
(1.492537313 -3.846570788e-17 0)
(1.492537313 4.007353889e-17 0)
(1.492537313 1.121917364e-16 0)
(1.492537313 -1.00815242e-17 0)
(1.492537313 -1.650963622e-17 0)
(1.492537313 2.928323782e-16 0)
(1.492537313 2.517358859e-16 0)
(1.492537313 -5.101077097e-17 0)
(1.492537313 -1.64678282e-16 0)
(1.492537313 -3.323882859e-17 0)
(1.492537313 -3.164145215e-17 0)
(1.492537313 5.537588707e-18 0)
(1.492537313 2.336706303e-17 0)
(1.492537313 -4.474350195e-16 0)
(1.492537313 -3.635317242e-16 0)
(1.492537313 -7.460676602e-17 0)
(1.492537313 1.296652169e-16 0)
(1.492537313 1.015065615e-16 0)
(1.492537313 1.784531383e-17 0)
(1.492537313 -2.573303229e-16 0)
(1.492537313 -1.98928006e-16 0)
(1.492537313 -9.041312419e-17 0)
(1.492537313 -3.200736523e-16 0)
(1.492537313 -3.929865454e-16 0)
(1.492537313 -1.708983588e-16 0)
(1.492537313 -2.07459888e-16 0)
(1.492537313 -1.692839344e-16 0)
(1.492537313 -6.788207841e-17 0)
(1.492537313 8.953611493e-17 0)
(1.492537313 3.502952774e-17 0)
(1.492537313 1.922078859e-16 0)
(1.492537313 4.565609287e-17 0)
(1.492537313 -2.202399035e-16 0)
(1.492537313 -2.415403269e-16 0)
(1.492537313 -4.401062253e-17 0)
(1.492537313 5.710109554e-17 0)
(1.492537313 -2.284886641e-16 0)
(1.492537313 -1.645601e-16 0)
(1.492537313 2.245151394e-16 0)
(1.492537313 3.544566404e-16 0)
(1.492537313 1.942722275e-16 0)
(1.492537313 1.673852689e-16 0)
(1.492537313 3.343553605e-16 0)
(1.492537313 4.470763234e-16 0)
(1.492537313 1.444030242e-16 0)
(1.492537313 -1.333294264e-16 0)
(1.492537313 1.57862506e-16 0)
(1.492537313 2.82930423e-16 0)
(1.492537313 1.461486154e-16 0)
(1.492537313 9.462656868e-17 0)
(1.492537313 -1.121901103e-16 0)
(1.492537313 -3.341804388e-16 0)
(1.492537313 -3.970445364e-16 0)
(1.492537313 -3.860738123e-16 0)
(1.492537313 -1.42091631e-16 0)
(1.492537313 -8.234527111e-17 0)
(1.492537313 1.989061672e-17 0)
(1.492537313 1.157646729e-16 0)
(1.492537313 2.044032906e-16 0)
(1.492537313 2.83559102e-16 0)
(1.492537313 -1.610219338e-16 0)
(1.492537313 -3.323592442e-16 0)
(1.492537313 -3.805443382e-16 0)
(1.492537313 -3.895679691e-16 0)
(1.492537313 -1.468060438e-16 0)
(1.492537313 -7.215570701e-17 0)
(1.492537313 6.253520867e-17 0)
(1.492537313 4.261045702e-17 0)
(1.492537313 -8.777246393e-17 0)
(1.492537313 4.474816333e-16 0)
(1.492537313 7.457367596e-16 0)
(1.492537313 4.742864058e-16 0)
(1.492537313 3.432678913e-16 0)
(1.492537313 4.116322631e-16 0)
(1.492537313 4.235716751e-16 0)
(1.492537313 3.960602728e-16 0)
(1.492537313 2.86233091e-16 0)
(1.492537313 -1.787049711e-17 0)
(1.492537313 -1.865280205e-16 0)
(1.492537313 -6.917107719e-16 0)
(1.492537313 -6.456707409e-16 0)
(1.492537313 -5.460757823e-17 0)
(1.492537313 -2.464449483e-17 0)
(1.492537313 -5.101002665e-17 0)
(1.492537313 2.617451054e-16 0)
(1.492537313 1.734395499e-16 0)
(1.492537313 -1.952334114e-16 0)
(1.492537313 -3.09195797e-16 0)
(1.492537313 8.650869023e-17 0)
(1.492537313 1.372722098e-16 0)
(1.492537313 -2.1627535e-17 0)
(1.492537313 -2.765424388e-17 0)
(1.492537313 -4.834765185e-17 0)
(1.492537313 9.792033465e-17 0)
(1.492537313 3.628500238e-16 0)
(1.492537313 5.129151814e-16 0)
(1.492537313 4.15656813e-16 0)
(1.492537313 -1.787455918e-16 0)
(1.492537313 -1.200717688e-16 0)
(1.492537313 -3.901512754e-16 0)
(1.492537313 -4.611832125e-16 0)
(1.492537313 -2.937478628e-16 0)
(1.492537313 -2.060238353e-16 0)
(1.492537313 -2.062526826e-16 0)
(1.492537313 -5.697133342e-16 0)
(1.492537313 -1.404119213e-16 0)
(1.492537313 4.887764139e-16 0)
(1.492537313 2.053696379e-16 0)
(1.492537313 3.707275374e-16 0)
(1.492537313 4.992834909e-16 0)
(1.492537313 4.761367127e-16 0)
(1.492537313 3.642541753e-16 0)
(1.492537313 -2.07568955e-16 0)
(1.492537313 -1.38742219e-16 0)
(1.492537313 1.461188829e-17 0)
(1.492537313 -2.472470238e-16 0)
(1.492537313 -3.687818956e-16 0)
(1.492537313 -6.357611617e-16 0)
(1.492537313 -3.463440415e-16 0)
(1.492537313 -9.153197253e-17 0)
(1.492537313 8.909380818e-17 0)
(1.492537313 1.988606833e-16 0)
(1.492537313 3.584337948e-16 0)
(1.492537313 1.210661471e-18 0)
(1.492537313 -2.313915445e-16 0)
(1.492537313 -2.170622633e-16 0)
(1.492537313 -3.321187584e-17 0)
(1.492537313 1.903809886e-16 0)
(1.462686567 2.284370556e-16 0)
(1.462686567 3.394961712e-16 0)
(1.462686567 4.294076204e-16 0)
(1.462686567 3.338456909e-16 0)
(1.462686567 2.811426676e-16 0)
(1.462686567 4.940052683e-16 0)
(1.462686567 3.939082508e-16 0)
(1.462686567 1.658611419e-16 0)
(1.462686567 5.450642842e-17 0)
(1.462686567 6.675952707e-17 0)
(1.462686567 3.109768879e-16 0)
(1.462686567 1.604706294e-16 0)
(1.462686567 1.365870169e-16 0)
(1.462686567 -3.493723598e-17 0)
(1.462686567 -7.009902644e-17 0)
(1.462686567 -1.650668416e-16 0)
(1.462686567 -1.901480512e-16 0)
(1.462686567 -1.816333364e-16 0)
(1.462686567 -3.009575942e-16 0)
(1.462686567 -1.678226825e-16 0)
(1.462686567 -5.331998951e-17 0)
(1.462686567 -6.494462687e-18 0)
(1.462686567 2.66921419e-17 0)
(1.462686567 -4.202590909e-17 0)
(1.462686567 3.369596726e-17 0)
(1.462686567 -2.947260273e-16 0)
(1.462686567 -3.464441582e-16 0)
(1.462686567 -2.150827091e-16 0)
(1.462686567 4.255039756e-17 0)
(1.462686567 -1.288947419e-16 0)
(1.462686567 -2.59272066e-16 0)
(1.462686567 -4.869674091e-16 0)
(1.462686567 -3.643420826e-16 0)
(1.462686567 -1.422171124e-16 0)
(1.462686567 7.708067543e-17 0)
(1.462686567 5.998007898e-17 0)
(1.462686567 2.459841516e-16 0)
(1.462686567 8.511797553e-17 0)
(1.462686567 -1.039183689e-16 0)
(1.462686567 -2.71732665e-16 0)
(1.462686567 -7.75117693e-17 0)
(1.462686567 5.755501087e-17 0)
(1.462686567 -4.196896387e-16 0)
(1.462686567 -7.262239043e-16 0)
(1.462686567 -3.732869528e-16 0)
(1.462686567 -1.397731205e-16 0)
(1.462686567 3.84789483e-17 0)
(1.462686567 3.946296727e-16 0)
(1.462686567 2.869905464e-16 0)
(1.462686567 5.894682706e-17 0)
(1.462686567 -6.207550494e-17 0)
(1.462686567 1.792629458e-16 0)
(1.462686567 1.533858761e-16 0)
(1.462686567 1.91335881e-16 0)
(1.462686567 3.933908701e-16 0)
(1.462686567 5.558321961e-16 0)
(1.462686567 3.842020217e-16 0)
(1.462686567 4.252792085e-17 0)
(1.462686567 2.06295053e-16 0)
(1.462686567 9.427982518e-17 0)
(1.462686567 4.617971298e-17 0)
(1.462686567 -7.683762588e-18 0)
(1.462686567 1.14636651e-16 0)
(1.462686567 1.912374034e-16 0)
(1.462686567 1.784861601e-16 0)
(1.462686567 3.572066387e-17 0)
(1.462686567 -9.897347317e-17 0)
(1.462686567 -9.68774047e-17 0)
(1.462686567 -1.440271441e-16 0)
(1.462686567 -2.118295706e-16 0)
(1.462686567 2.7127074e-16 0)
(1.462686567 2.669372407e-16 0)
(1.462686567 7.213283173e-18 0)
(1.462686567 -1.809120201e-17 0)
(1.462686567 6.556341314e-17 0)
(1.462686567 -9.709249085e-17 0)
(1.462686567 -6.463546034e-17 0)
(1.462686567 2.730778712e-16 0)
(1.462686567 2.238377678e-16 0)
(1.462686567 -2.445365301e-17 0)
(1.462686567 -1.453927561e-16 0)
(1.462686567 -1.551556762e-16 0)
(1.462686567 -1.435501155e-16 0)
(1.462686567 3.206888322e-18 0)
(1.462686567 1.637265282e-16 0)
(1.462686567 -2.881405465e-16 0)
(1.462686567 -4.26114292e-16 0)
(1.462686567 -1.420887948e-16 0)
(1.462686567 1.487702511e-16 0)
(1.462686567 1.534342501e-16 0)
(1.462686567 3.651514127e-17 0)
(1.462686567 -2.459963152e-16 0)
(1.462686567 -1.684117514e-16 0)
(1.462686567 -8.636131592e-17 0)
(1.462686567 -2.445129728e-16 0)
(1.462686567 -2.992516488e-16 0)
(1.462686567 -1.826411065e-16 0)
(1.462686567 -3.033591115e-16 0)
(1.462686567 -2.227081177e-16 0)
(1.462686567 -1.682708753e-17 0)
(1.462686567 -5.079686075e-17 0)
(1.462686567 -9.829086887e-17 0)
(1.462686567 1.455324852e-16 0)
(1.462686567 1.478951603e-16 0)
(1.462686567 -2.224866099e-16 0)
(1.462686567 -3.171807437e-16 0)
(1.462686567 4.996281427e-17 0)
(1.462686567 1.92133755e-16 0)
(1.462686567 -3.876276777e-16 0)
(1.462686567 -2.941157681e-16 0)
(1.462686567 2.34153313e-16 0)
(1.462686567 5.328278147e-16 0)
(1.462686567 3.497719871e-16 0)
(1.462686567 9.814334871e-17 0)
(1.462686567 1.019216246e-16 0)
(1.462686567 3.736769241e-16 0)
(1.462686567 2.045890949e-16 0)
(1.462686567 -6.39076929e-17 0)
(1.462686567 3.187600119e-16 0)
(1.462686567 3.499805527e-16 0)
(1.462686567 9.961140514e-17 0)
(1.462686567 -5.066884385e-17 0)
(1.462686567 -2.28189971e-16 0)
(1.462686567 -2.885582679e-16 0)
(1.462686567 -2.321486928e-16 0)
(1.462686567 -2.637670942e-16 0)
(1.462686567 -1.74975269e-16 0)
(1.462686567 -2.59471188e-16 0)
(1.462686567 -5.665058037e-18 0)
(1.462686567 -7.912862378e-18 0)
(1.462686567 9.042007289e-17 0)
(1.462686567 2.814541388e-16 0)
(1.462686567 -1.185675764e-16 0)
(1.462686567 -1.793064155e-16 0)
(1.462686567 -5.217753671e-16 0)
(1.462686567 -3.243172921e-16 0)
(1.462686567 -3.45086214e-17 0)
(1.462686567 2.629046863e-17 0)
(1.462686567 -4.119876018e-17 0)
(1.462686567 -1.265415216e-16 0)
(1.462686567 -2.83888163e-17 0)
(1.462686567 7.078130028e-16 0)
(1.462686567 9.056156972e-16 0)
(1.462686567 2.974548294e-16 0)
(1.462686567 1.487524124e-16 0)
(1.462686567 4.735731322e-16 0)
(1.462686567 4.397565321e-16 0)
(1.462686567 3.06554317e-16 0)
(1.462686567 4.457832278e-16 0)
(1.462686567 2.081128003e-16 0)
(1.462686567 -6.145014998e-17 0)
(1.462686567 -7.685855585e-16 0)
(1.462686567 -6.755793656e-16 0)
(1.462686567 1.277963803e-16 0)
(1.462686567 -1.200364426e-16 0)
(1.462686567 -2.488424709e-16 0)
(1.462686567 2.095318188e-16 0)
(1.462686567 1.759853422e-16 0)
(1.462686567 -1.526322602e-16 0)
(1.462686567 -3.926123669e-16 0)
(1.462686567 -6.372664404e-17 0)
(1.462686567 1.148534184e-16 0)
(1.462686567 5.711520979e-17 0)
(1.462686567 1.457272073e-16 0)
(1.462686567 -6.050659345e-18 0)
(1.462686567 1.400504116e-16 0)
(1.462686567 3.294669616e-16 0)
(1.462686567 4.869753556e-16 0)
(1.462686567 2.665012328e-16 0)
(1.462686567 -8.796637918e-17 0)
(1.462686567 5.147000699e-17 0)
(1.462686567 -5.939268204e-16 0)
(1.462686567 -6.49601345e-16 0)
(1.462686567 -2.846503666e-16 0)
(1.462686567 -2.896422278e-16 0)
(1.462686567 -8.471995562e-17 0)
(1.462686567 -6.646209068e-16 0)
(1.462686567 -2.086065115e-16 0)
(1.462686567 6.018106191e-16 0)
(1.462686567 9.149085586e-17 0)
(1.462686567 2.870136224e-16 0)
(1.462686567 6.957191018e-16 0)
(1.462686567 5.508493915e-16 0)
(1.462686567 4.693757431e-16 0)
(1.462686567 -4.684022348e-16 0)
(1.462686567 -1.86996479e-16 0)
(1.462686567 1.898393196e-16 0)
(1.462686567 -2.156416092e-16 0)
(1.462686567 -5.32750103e-16 0)
(1.462686567 -5.689700551e-16 0)
(1.462686567 -1.5800709e-16 0)
(1.462686567 6.725849248e-17 0)
(1.462686567 1.321851721e-16 0)
(1.462686567 1.287011533e-17 0)
(1.462686567 2.122166126e-16 0)
(1.462686567 3.557566293e-18 0)
(1.462686567 -1.694398945e-16 0)
(1.462686567 -8.91138049e-17 0)
(1.462686567 4.866691477e-17 0)
(1.462686567 1.236676119e-16 0)
(1.402985075 1.634366237e-16 0)
(1.402985075 2.189778936e-16 0)
(1.402985075 2.569604517e-16 0)
(1.402985075 1.026170779e-16 0)
(1.402985075 2.414851025e-16 0)
(1.402985075 3.976779106e-16 0)
(1.402985075 3.669385177e-16 0)
(1.402985075 1.429733305e-16 0)
(1.402985075 7.819402875e-17 0)
(1.402985075 8.898424733e-17 0)
(1.402985075 2.643536375e-16 0)
(1.402985075 2.148545524e-16 0)
(1.402985075 4.420551161e-17 0)
(1.402985075 5.635402012e-18 0)
(1.402985075 1.4720781e-16 0)
(1.402985075 -1.450902105e-16 0)
(1.402985075 -2.892512457e-16 0)
(1.402985075 -1.56532807e-16 0)
(1.402985075 -3.752429219e-16 0)
(1.402985075 -2.986882166e-16 0)
(1.402985075 -6.696695913e-17 0)
(1.402985075 3.38380122e-17 0)
(1.402985075 6.699671966e-17 0)
(1.402985075 3.315867796e-17 0)
(1.402985075 -7.792636022e-17 0)
(1.402985075 -2.302365137e-16 0)
(1.402985075 -3.612800703e-16 0)
(1.402985075 -2.640528244e-16 0)
(1.402985075 5.68610349e-17 0)
(1.402985075 -3.628573432e-17 0)
(1.402985075 -1.944462277e-16 0)
(1.402985075 -4.290677773e-16 0)
(1.402985075 -2.647993861e-16 0)
(1.402985075 -2.475922501e-17 0)
(1.402985075 1.553691272e-16 0)
(1.402985075 -1.421268066e-17 0)
(1.402985075 2.737989498e-16 0)
(1.402985075 2.092049569e-17 0)
(1.402985075 -2.044127555e-16 0)
(1.402985075 -1.238831765e-16 0)
(1.402985075 -1.526889285e-16 0)
(1.402985075 1.392898865e-16 0)
(1.402985075 -2.993168451e-16 0)
(1.402985075 -7.779302698e-16 0)
(1.402985075 -3.666245301e-16 0)
(1.402985075 -1.208765594e-16 0)
(1.402985075 9.09788913e-17 0)
(1.402985075 3.240404132e-16 0)
(1.402985075 3.896773039e-16 0)
(1.402985075 1.103840373e-16 0)
(1.402985075 6.623260534e-17 0)
(1.402985075 6.980536856e-17 0)
(1.402985075 1.108685527e-17 0)
(1.402985075 1.235050136e-16 0)
(1.402985075 2.147155729e-16 0)
(1.402985075 5.73373696e-16 0)
(1.402985075 4.717055348e-16 0)
(1.402985075 6.755447006e-17 0)
(1.402985075 6.796155096e-17 0)
(1.402985075 1.85980342e-16 0)
(1.402985075 3.099353582e-17 0)
(1.402985075 -9.063841446e-17 0)
(1.402985075 2.33572069e-16 0)
(1.402985075 1.832136108e-16 0)
(1.402985075 2.210241673e-16 0)
(1.402985075 8.995485975e-17 0)
(1.402985075 -1.826663588e-16 0)
(1.402985075 -7.010517249e-17 0)
(1.402985075 -1.40169881e-16 0)
(1.402985075 -1.308445999e-16 0)
(1.402985075 3.702713396e-16 0)
(1.402985075 8.84353704e-17 0)
(1.402985075 -4.028255115e-17 0)
(1.402985075 1.418090168e-16 0)
(1.402985075 1.814183051e-16 0)
(1.402985075 -1.812313731e-16 0)
(1.402985075 -3.323649324e-16 0)
(1.402985075 1.519913663e-16 0)
(1.402985075 3.081299468e-16 0)
(1.402985075 2.815487246e-17 0)
(1.402985075 -1.459924037e-16 0)
(1.402985075 -1.773812427e-16 0)
(1.402985075 -2.483777437e-16 0)
(1.402985075 1.653019497e-18 0)
(1.402985075 1.912659327e-16 0)
(1.402985075 7.892261041e-19 0)
(1.402985075 -3.953979105e-16 0)
(1.402985075 -3.408853354e-16 0)
(1.402985075 1.340234555e-16 0)
(1.402985075 2.514318303e-16 0)
(1.402985075 -7.47153008e-17 0)
(1.402985075 -1.888267162e-16 0)
(1.402985075 -5.461568679e-17 0)
(1.402985075 -1.894229961e-17 0)
(1.402985075 -2.482183336e-16 0)
(1.402985075 -1.177294393e-16 0)
(1.402985075 -2.514702989e-16 0)
(1.402985075 -4.290422544e-16 0)
(1.402985075 -1.32177175e-16 0)
(1.402985075 1.804308341e-16 0)
(1.402985075 -1.24489633e-16 0)
(1.402985075 -2.909452985e-16 0)
(1.402985075 1.16167281e-16 0)
(1.402985075 1.681171373e-16 0)
(1.402985075 -2.68402656e-16 0)
(1.402985075 -4.852970342e-16 0)
(1.402985075 1.221199409e-16 0)
(1.402985075 3.812108172e-16 0)
(1.402985075 -4.785786998e-16 0)
(1.402985075 -3.917365977e-16 0)
(1.402985075 1.202956971e-16 0)
(1.402985075 6.305261481e-16 0)
(1.402985075 4.705491707e-16 0)
(1.402985075 1.25612148e-16 0)
(1.402985075 4.299451678e-18 0)
(1.402985075 2.139991282e-16 0)
(1.402985075 2.998890716e-16 0)
(1.402985075 1.816014271e-16 0)
(1.402985075 2.384129115e-16 0)
(1.402985075 3.667458758e-16 0)
(1.402985075 1.040396929e-16 0)
(1.402985075 -2.370005099e-16 0)
(1.402985075 -4.251055068e-16 0)
(1.402985075 -7.352979101e-17 0)
(1.402985075 -2.243043969e-17 0)
(1.402985075 -2.338138383e-16 0)
(1.402985075 -2.34478846e-16 0)
(1.402985075 -4.458942459e-16 0)
(1.402985075 -1.62840339e-16 0)
(1.402985075 5.19287739e-20 0)
(1.402985075 9.732284238e-17 0)
(1.402985075 3.073207561e-16 0)
(1.402985075 -1.687904221e-17 0)
(1.402985075 4.506877939e-17 0)
(1.402985075 -6.656608742e-16 0)
(1.402985075 -2.528335416e-16 0)
(1.402985075 1.57193791e-16 0)
(1.402985075 9.996910025e-17 0)
(1.402985075 -3.172767481e-16 0)
(1.402985075 -5.584335398e-16 0)
(1.402985075 1.467799102e-16 0)
(1.402985075 9.732310403e-16 0)
(1.402985075 9.380263394e-16 0)
(1.402985075 -1.204301005e-16 0)
(1.402985075 -8.409318098e-17 0)
(1.402985075 7.052041589e-16 0)
(1.402985075 3.996708219e-16 0)
(1.402985075 2.659891247e-16 0)
(1.402985075 4.923244458e-16 0)
(1.402985075 4.918085755e-16 0)
(1.402985075 2.401363808e-16 0)
(1.402985075 -9.251622818e-16 0)
(1.402985075 -6.692005878e-16 0)
(1.402985075 2.613233567e-16 0)
(1.402985075 -2.919778999e-16 0)
(1.402985075 -2.153684204e-16 0)
(1.402985075 1.79972162e-16 0)
(1.402985075 5.373488473e-18 0)
(1.402985075 -3.106143601e-17 0)
(1.402985075 -4.588080742e-16 0)
(1.402985075 -1.298593298e-16 0)
(1.402985075 1.404686833e-16 0)
(1.402985075 1.949137776e-16 0)
(1.402985075 1.240590768e-16 0)
(1.402985075 -6.601212766e-17 0)
(1.402985075 1.431134458e-16 0)
(1.402985075 3.402798519e-16 0)
(1.402985075 6.836091241e-16 0)
(1.402985075 2.825620816e-17 0)
(1.402985075 -4.04335738e-17 0)
(1.402985075 3.562849019e-16 0)
(1.402985075 -9.025375532e-16 0)
(1.402985075 -8.756393271e-16 0)
(1.402985075 -1.166571678e-16 0)
(1.402985075 -3.123662653e-16 0)
(1.402985075 -3.239514971e-17 0)
(1.402985075 -1.000805262e-15 0)
(1.402985075 -1.51882882e-16 0)
(1.402985075 1.036559378e-15 0)
(1.402985075 -1.026303893e-16 0)
(1.402985075 9.442723573e-17 0)
(1.402985075 8.9574013e-16 0)
(1.402985075 5.845150295e-16 0)
(1.402985075 4.752939372e-16 0)
(1.402985075 -6.642695323e-16 0)
(1.402985075 -2.811192076e-16 0)
(1.402985075 4.095854045e-16 0)
(1.402985075 -7.239722639e-17 0)
(1.402985075 -7.516510603e-16 0)
(1.402985075 -5.738998029e-16 0)
(1.402985075 1.099583888e-16 0)
(1.402985075 2.770917513e-16 0)
(1.402985075 2.470438221e-16 0)
(1.402985075 -2.988452832e-16 0)
(1.402985075 -1.5043706e-16 0)
(1.402985075 -9.258138326e-17 0)
(1.402985075 -7.93707071e-17 0)
(1.402985075 1.784351758e-16 0)
(1.402985075 1.527038571e-16 0)
(1.402985075 1.376427571e-16 0)
(1.313432836 9.593522555e-17 0)
(1.313432836 5.398327699e-17 0)
(1.313432836 3.000422654e-17 0)
(1.313432836 -3.128315922e-17 0)
(1.313432836 3.643882977e-16 0)
(1.313432836 3.990328779e-16 0)
(1.313432836 2.864051452e-16 0)
(1.313432836 4.685206582e-17 0)
(1.313432836 5.605805991e-17 0)
(1.313432836 1.760095383e-16 0)
(1.313432836 2.445513518e-16 0)
(1.313432836 3.020705692e-16 0)
(1.313432836 -1.491291643e-17 0)
(1.313432836 3.136131054e-17 0)
(1.313432836 1.881756594e-16 0)
(1.313432836 -1.825083657e-16 0)
(1.313432836 -2.05272959e-16 0)
(1.313432836 -1.822638093e-16 0)
(1.313432836 -4.231114106e-16 0)
(1.313432836 -2.935779265e-16 0)
(1.313432836 -6.93777258e-18 0)
(1.313432836 7.5198938e-17 0)
(1.313432836 1.379828697e-16 0)
(1.313432836 5.09540559e-17 0)
(1.313432836 -1.598994002e-16 0)
(1.313432836 -2.749139722e-16 0)
(1.313432836 -3.843284106e-16 0)
(1.313432836 -2.713867038e-16 0)
(1.313432836 2.809400682e-17 0)
(1.313432836 3.506015194e-17 0)
(1.313432836 -1.845213376e-16 0)
(1.313432836 -1.669999256e-16 0)
(1.313432836 -1.422351085e-16 0)
(1.313432836 -6.386508282e-18 0)
(1.313432836 1.934271912e-16 0)
(1.313432836 1.840401923e-18 0)
(1.313432836 1.822471821e-16 0)
(1.313432836 -8.329938439e-17 0)
(1.313432836 -1.110008449e-16 0)
(1.313432836 -7.111001707e-18 0)
(1.313432836 -2.114993766e-16 0)
(1.313432836 1.18063275e-16 0)
(1.313432836 -1.505465618e-16 0)
(1.313432836 -6.16227139e-16 0)
(1.313432836 -3.921642814e-16 0)
(1.313432836 -1.387847491e-16 0)
(1.313432836 1.097568656e-16 0)
(1.313432836 2.43869887e-16 0)
(1.313432836 3.927749268e-16 0)
(1.313432836 7.266813843e-17 0)
(1.313432836 8.655435393e-17 0)
(1.313432836 4.735218249e-17 0)
(1.313432836 5.194343474e-17 0)
(1.313432836 -2.395522371e-17 0)
(1.313432836 2.400323525e-17 0)
(1.313432836 5.012996989e-16 0)
(1.313432836 5.209423863e-16 0)
(1.313432836 1.261185366e-16 0)
(1.313432836 -2.135819005e-17 0)
(1.313432836 2.283708747e-16 0)
(1.313432836 7.533825759e-17 0)
(1.313432836 -1.456206394e-16 0)
(1.313432836 1.943521079e-16 0)
(1.313432836 1.868388451e-16 0)
(1.313432836 1.655264818e-16 0)
(1.313432836 1.565565675e-16 0)
(1.313432836 -2.047677259e-16 0)
(1.313432836 -5.188942302e-17 0)
(1.313432836 -1.200176725e-16 0)
(1.313432836 -1.283958267e-16 0)
(1.313432836 4.686811511e-16 0)
(1.313432836 -3.555844864e-18 0)
(1.313432836 -1.298940476e-16 0)
(1.313432836 2.524796177e-16 0)
(1.313432836 3.288944683e-16 0)
(1.313432836 -2.666013961e-16 0)
(1.313432836 -5.758265909e-16 0)
(1.313432836 1.69030533e-16 0)
(1.313432836 3.50394269e-16 0)
(1.313432836 2.366680531e-17 0)
(1.313432836 -1.684609444e-16 0)
(1.313432836 -1.697946934e-16 0)
(1.313432836 -2.173652808e-16 0)
(1.313432836 -1.883253242e-17 0)
(1.313432836 2.693930138e-16 0)
(1.313432836 7.016215826e-17 0)
(1.313432836 -3.194611702e-16 0)
(1.313432836 -4.992573071e-16 0)
(1.313432836 3.636602763e-17 0)
(1.313432836 2.894937333e-16 0)
(1.313432836 -5.635484967e-17 0)
(1.313432836 -1.306930347e-16 0)
(1.313432836 1.554005297e-17 0)
(1.313432836 -2.237318634e-17 0)
(1.313432836 -2.958638838e-16 0)
(1.313432836 1.766904091e-16 0)
(1.313432836 -1.929068105e-16 0)
(1.313432836 -5.546786727e-16 0)
(1.313432836 -7.718622217e-17 0)
(1.313432836 3.391447742e-16 0)
(1.313432836 -2.096449892e-16 0)
(1.313432836 -4.627717883e-16 0)
(1.313432836 1.167697595e-16 0)
(1.313432836 2.474800464e-16 0)
(1.313432836 -3.050634912e-16 0)
(1.313432836 -5.665187073e-16 0)
(1.313432836 2.112214882e-16 0)
(1.313432836 4.822292547e-16 0)
(1.313432836 -4.69423541e-16 0)
(1.313432836 -4.316152179e-16 0)
(1.313432836 -4.199386412e-17 0)
(1.313432836 5.686375992e-16 0)
(1.313432836 5.725452041e-16 0)
(1.313432836 2.055809146e-16 0)
(1.313432836 -9.498779006e-17 0)
(1.313432836 1.146691108e-16 0)
(1.313432836 3.902760392e-16 0)
(1.313432836 2.843754178e-16 0)
(1.313432836 2.517376573e-16 0)
(1.313432836 3.499928203e-16 0)
(1.313432836 2.500351043e-17 0)
(1.313432836 -5.023882276e-16 0)
(1.313432836 -4.593322384e-16 0)
(1.313432836 1.860571654e-16 0)
(1.313432836 1.581093643e-16 0)
(1.313432836 -2.092752933e-16 0)
(1.313432836 -2.559167425e-16 0)
(1.313432836 -5.474743253e-16 0)
(1.313432836 -2.169624019e-16 0)
(1.313432836 -3.093799345e-18 0)
(1.313432836 1.132449399e-16 0)
(1.313432836 3.081268496e-16 0)
(1.313432836 7.133417519e-17 0)
(1.313432836 5.045213828e-17 0)
(1.313432836 -7.293165386e-16 0)
(1.313432836 -9.100247711e-17 0)
(1.313432836 3.472950634e-16 0)
(1.313432836 6.393736098e-17 0)
(1.313432836 -4.3989263e-16 0)
(1.313432836 -8.225398762e-16 0)
(1.313432836 1.868386754e-16 0)
(1.313432836 9.297452714e-16 0)
(1.313432836 8.371781266e-16 0)
(1.313432836 -3.186714871e-16 0)
(1.313432836 -1.598988584e-16 0)
(1.313432836 9.088791281e-16 0)
(1.313432836 3.816683396e-16 0)
(1.313432836 2.512078454e-16 0)
(1.313432836 5.258572088e-16 0)
(1.313432836 6.215739904e-16 0)
(1.313432836 3.918679248e-16 0)
(1.313432836 -9.737043122e-16 0)
(1.313432836 -6.460001308e-16 0)
(1.313432836 3.215273884e-16 0)
(1.313432836 -3.8626177e-16 0)
(1.313432836 -2.982993755e-16 0)
(1.313432836 2.249604215e-16 0)
(1.313432836 -4.140555745e-17 0)
(1.313432836 -3.406489796e-17 0)
(1.313432836 -4.779113177e-16 0)
(1.313432836 1.165592077e-17 0)
(1.313432836 8.975070003e-17 0)
(1.313432836 1.368527804e-16 0)
(1.313432836 7.453058843e-17 0)
(1.313432836 -8.619130106e-17 0)
(1.313432836 1.840123597e-16 0)
(1.313432836 3.562392842e-16 0)
(1.313432836 8.460851423e-16 0)
(1.313432836 -6.934442168e-17 0)
(1.313432836 -5.794149233e-17 0)
(1.313432836 4.442353774e-16 0)
(1.313432836 -1.044160136e-15 0)
(1.313432836 -9.298475351e-16 0)
(1.313432836 -4.104571477e-17 0)
(1.313432836 -3.680626787e-16 0)
(1.313432836 -1.08660368e-16 0)
(1.313432836 -1.154376093e-15 0)
(1.313432836 -1.5482005e-16 0)
(1.313432836 1.226846444e-15 0)
(1.313432836 -1.823452375e-16 0)
(1.313432836 1.033771878e-16 0)
(1.313432836 9.716028459e-16 0)
(1.313432836 5.922092951e-16 0)
(1.313432836 4.110283736e-16 0)
(1.313432836 -7.461556855e-16 0)
(1.313432836 -3.613237133e-16 0)
(1.313432836 7.007107019e-16 0)
(1.313432836 -3.150427155e-17 0)
(1.313432836 -8.580718959e-16 0)
(1.313432836 -5.199621078e-16 0)
(1.313432836 2.601161656e-16 0)
(1.313432836 5.758963173e-16 0)
(1.313432836 3.583598858e-16 0)
(1.313432836 -4.74008671e-16 0)
(1.313432836 -3.798859951e-16 0)
(1.313432836 -3.464329441e-16 0)
(1.313432836 -7.809494575e-17 0)
(1.313432836 4.838936807e-16 0)
(1.313432836 2.11457425e-16 0)
(1.313432836 1.507801564e-16 0)
(1.194029851 -1.445468637e-16 0)
(1.194029851 -6.403034492e-17 0)
(1.194029851 -8.271454409e-17 0)
(1.194029851 -6.84771179e-17 0)
(1.194029851 3.71217056e-16 0)
(1.194029851 2.585342991e-16 0)
(1.194029851 1.795679879e-16 0)
(1.194029851 9.567550885e-17 0)
(1.194029851 1.381574272e-17 0)
(1.194029851 1.507560809e-16 0)
(1.194029851 3.153667774e-16 0)
(1.194029851 2.11960383e-16 0)
(1.194029851 -1.489984779e-16 0)
(1.194029851 1.647488182e-16 0)
(1.194029851 2.427266616e-16 0)
(1.194029851 -2.163291634e-16 0)
(1.194029851 -5.747702225e-17 0)
(1.194029851 -1.961219509e-16 0)
(1.194029851 -4.419202613e-16 0)
(1.194029851 -2.946351181e-16 0)
(1.194029851 -8.291347252e-17 0)
(1.194029851 8.75600748e-17 0)
(1.194029851 1.687097501e-16 0)
(1.194029851 1.185335149e-16 0)
(1.194029851 -9.809652853e-17 0)
(1.194029851 -3.320779194e-16 0)
(1.194029851 -3.493022272e-16 0)
(1.194029851 -2.070966808e-16 0)
(1.194029851 -3.548333957e-18 0)
(1.194029851 -4.290329905e-17 0)
(1.194029851 -2.806677954e-16 0)
(1.194029851 -1.076354545e-16 0)
(1.194029851 -3.288758569e-17 0)
(1.194029851 4.260945887e-17 0)
(1.194029851 2.556393672e-16 0)
(1.194029851 -3.164326628e-17 0)
(1.194029851 1.051796434e-16 0)
(1.194029851 -1.584517745e-16 0)
(1.194029851 -7.918218145e-17 0)
(1.194029851 1.372106879e-16 0)
(1.194029851 -2.415452989e-16 0)
(1.194029851 5.234443611e-17 0)
(1.194029851 8.697166283e-17 0)
(1.194029851 -3.143421526e-16 0)
(1.194029851 -4.089286378e-16 0)
(1.194029851 -1.417281762e-16 0)
(1.194029851 -7.587297843e-17 0)
(1.194029851 6.627642504e-17 0)
(1.194029851 2.638272224e-16 0)
(1.194029851 -2.190091897e-17 0)
(1.194029851 1.333801956e-16 0)
(1.194029851 1.691075418e-16 0)
(1.194029851 4.513816012e-17 0)
(1.194029851 -1.223241707e-16 0)
(1.194029851 -2.118507021e-17 0)
(1.194029851 4.463005216e-16 0)
(1.194029851 4.728477102e-16 0)
(1.194029851 1.68412084e-16 0)
(1.194029851 -9.359824517e-17 0)
(1.194029851 1.708091891e-16 0)
(1.194029851 1.427405464e-16 0)
(1.194029851 -1.504497881e-16 0)
(1.194029851 1.374635815e-16 0)
(1.194029851 1.553434134e-16 0)
(1.194029851 1.033768503e-16 0)
(1.194029851 1.855040858e-16 0)
(1.194029851 -1.80975369e-16 0)
(1.194029851 -6.192765675e-17 0)
(1.194029851 4.026525257e-17 0)
(1.194029851 -1.180542756e-16 0)
(1.194029851 4.233381117e-16 0)
(1.194029851 1.457259723e-17 0)
(1.194029851 -1.85795403e-16 0)
(1.194029851 2.477538366e-16 0)
(1.194029851 4.652256587e-16 0)
(1.194029851 -2.723347058e-16 0)
(1.194029851 -7.595660711e-16 0)
(1.194029851 2.600797585e-16 0)
(1.194029851 4.670460713e-16 0)
(1.194029851 -1.273500212e-17 0)
(1.194029851 -2.227482435e-16 0)
(1.194029851 -2.024104628e-16 0)
(1.194029851 -1.450766003e-16 0)
(1.194029851 5.866620291e-17 0)
(1.194029851 2.506101996e-16 0)
(1.194029851 -7.85694462e-18 0)
(1.194029851 -3.316990171e-16 0)
(1.194029851 -6.132007843e-16 0)
(1.194029851 2.177370994e-17 0)
(1.194029851 3.385104963e-16 0)
(1.194029851 -8.157213369e-17 0)
(1.194029851 -9.721848152e-17 0)
(1.194029851 1.70238739e-16 0)
(1.194029851 5.72781124e-17 0)
(1.194029851 -3.489153861e-16 0)
(1.194029851 2.465745819e-16 0)
(1.194029851 -1.305141617e-16 0)
(1.194029851 -5.366585837e-16 0)
(1.194029851 1.059407722e-16 0)
(1.194029851 2.507402777e-16 0)
(1.194029851 -3.442813791e-16 0)
(1.194029851 -4.108871204e-16 0)
(1.194029851 2.484312737e-16 0)
(1.194029851 3.281574415e-16 0)
(1.194029851 -3.276378381e-16 0)
(1.194029851 -5.538720678e-16 0)
(1.194029851 2.146423014e-16 0)
(1.194029851 4.028025567e-16 0)
(1.194029851 -3.856628566e-16 0)
(1.194029851 -4.515577362e-16 0)
(1.194029851 -4.328905196e-17 0)
(1.194029851 5.18158306e-16 0)
(1.194029851 3.938609643e-16 0)
(1.194029851 2.639651959e-16 0)
(1.194029851 -1.638619243e-16 0)
(1.194029851 9.716741604e-17 0)
(1.194029851 4.214820805e-16 0)
(1.194029851 1.280842193e-16 0)
(1.194029851 1.718187932e-16 0)
(1.194029851 4.142859928e-16 0)
(1.194029851 1.410186173e-16 0)
(1.194029851 -5.196764065e-16 0)
(1.194029851 -4.203442224e-16 0)
(1.194029851 2.848487128e-16 0)
(1.194029851 1.045055802e-16 0)
(1.194029851 -1.924033062e-16 0)
(1.194029851 -1.662308689e-16 0)
(1.194029851 -4.708013552e-16 0)
(1.194029851 -2.196865215e-16 0)
(1.194029851 -6.226047257e-17 0)
(1.194029851 5.600373316e-18 0)
(1.194029851 3.85291419e-16 0)
(1.194029851 1.658322761e-16 0)
(1.194029851 -1.799877798e-16 0)
(1.194029851 -7.893181889e-16 0)
(1.194029851 1.762572833e-16 0)
(1.194029851 5.13691152e-16 0)
(1.194029851 -3.426733997e-17 0)
(1.194029851 -4.067119328e-16 0)
(1.194029851 -8.377158209e-16 0)
(1.194029851 1.744403772e-16 0)
(1.194029851 8.685255539e-16 0)
(1.194029851 6.236876025e-16 0)
(1.194029851 -4.447442477e-16 0)
(1.194029851 -2.189983188e-16 0)
(1.194029851 9.184248632e-16 0)
(1.194029851 3.16483338e-16 0)
(1.194029851 2.407820479e-16 0)
(1.194029851 4.773306121e-16 0)
(1.194029851 7.455244926e-16 0)
(1.194029851 6.248537501e-16 0)
(1.194029851 -1.111553181e-15 0)
(1.194029851 -7.080583829e-16 0)
(1.194029851 2.883358897e-16 0)
(1.194029851 -4.363666281e-16 0)
(1.194029851 -1.500874596e-16 0)
(1.194029851 3.857109936e-16 0)
(1.194029851 -1.633968251e-16 0)
(1.194029851 -6.240519795e-17 0)
(1.194029851 -2.53980017e-16 0)
(1.194029851 4.323575625e-17 0)
(1.194029851 -1.122472504e-16 0)
(1.194029851 -5.861973474e-17 0)
(1.194029851 1.808181704e-16 0)
(1.194029851 -1.787517839e-17 0)
(1.194029851 3.342667861e-16 0)
(1.194029851 3.80851343e-16 0)
(1.194029851 6.424530987e-16 0)
(1.194029851 1.66938837e-17 0)
(1.194029851 -1.542384675e-16 0)
(1.194029851 4.398268296e-16 0)
(1.194029851 -9.817210156e-16 0)
(1.194029851 -8.647068788e-16 0)
(1.194029851 -3.409946818e-17 0)
(1.194029851 -4.232165043e-16 0)
(1.194029851 -5.421441654e-17 0)
(1.194029851 -1.20872575e-15 0)
(1.194029851 -2.724639282e-16 0)
(1.194029851 1.41820188e-15 0)
(1.194029851 -2.061774264e-16 0)
(1.194029851 1.267073904e-16 0)
(1.194029851 1.035094318e-15 0)
(1.194029851 3.946323966e-16 0)
(1.194029851 3.389196664e-16 0)
(1.194029851 -7.277865311e-16 0)
(1.194029851 -4.214875781e-16 0)
(1.194029851 8.542691118e-16 0)
(1.194029851 8.984562826e-18 0)
(1.194029851 -8.214204824e-16 0)
(1.194029851 -6.276410592e-16 0)
(1.194029851 2.756944688e-16 0)
(1.194029851 8.17425387e-16 0)
(1.194029851 4.595227222e-16 0)
(1.194029851 -4.095625843e-16 0)
(1.194029851 -6.452028695e-16 0)
(1.194029851 -4.383244427e-16 0)
(1.194029851 8.344453743e-18 0)
(1.194029851 4.663268013e-16 0)
(1.194029851 4.266661378e-16 0)
(1.194029851 2.171447201e-16 0)
(1.044776119 9.117835577e-17 0)
(1.044776119 -4.437229246e-17 0)
(1.044776119 -1.029623711e-17 0)
(1.044776119 -4.862137405e-17 0)
(1.044776119 2.561857761e-16 0)
(1.044776119 9.827777502e-17 0)
(1.044776119 1.243527741e-16 0)
(1.044776119 1.608691638e-16 0)
(1.044776119 -7.874065061e-17 0)
(1.044776119 1.193461922e-16 0)
(1.044776119 2.834680349e-16 0)
(1.044776119 1.4204668e-16 0)
(1.044776119 -1.113102666e-17 0)
(1.044776119 2.926871215e-16 0)
(1.044776119 2.391263132e-16 0)
(1.044776119 -2.749766857e-16 0)
(1.044776119 -9.80593456e-18 0)
(1.044776119 -1.646736742e-16 0)
(1.044776119 -4.820717594e-16 0)
(1.044776119 -2.496240801e-16 0)
(1.044776119 -4.983233959e-17 0)
(1.044776119 1.798613161e-17 0)
(1.044776119 1.965962984e-16 0)
(1.044776119 1.951566283e-16 0)
(1.044776119 -3.014611215e-17 0)
(1.044776119 -2.658681055e-16 0)
(1.044776119 -3.382160801e-16 0)
(1.044776119 -7.325227981e-17 0)
(1.044776119 -9.071821347e-17 0)
(1.044776119 -3.166307292e-16 0)
(1.044776119 -1.940703249e-16 0)
(1.044776119 -3.293942586e-17 0)
(1.044776119 -5.408894867e-17 0)
(1.044776119 6.935918539e-17 0)
(1.044776119 2.989784577e-16 0)
(1.044776119 6.112246514e-18 0)
(1.044776119 7.366730291e-17 0)
(1.044776119 -1.890694223e-16 0)
(1.044776119 -1.561193029e-16 0)
(1.044776119 1.645943661e-16 0)
(1.044776119 -2.138516926e-16 0)
(1.044776119 9.56164005e-17 0)
(1.044776119 2.608629414e-16 0)
(1.044776119 -6.631464237e-17 0)
(1.044776119 -3.344451239e-16 0)
(1.044776119 -1.251596157e-16 0)
(1.044776119 -1.23601888e-16 0)
(1.044776119 -1.091094432e-16 0)
(1.044776119 9.8313194e-17 0)
(1.044776119 -1.010814006e-17 0)
(1.044776119 1.346445524e-16 0)
(1.044776119 6.432285608e-17 0)
(1.044776119 7.345560091e-17 0)
(1.044776119 -7.953429397e-17 0)
(1.044776119 -1.278233527e-16 0)
(1.044776119 4.478240938e-16 0)
(1.044776119 4.468764984e-16 0)
(1.044776119 -7.491071836e-17 0)
(1.044776119 -1.210218582e-16 0)
(1.044776119 3.648296891e-17 0)
(1.044776119 1.148702443e-16 0)
(1.044776119 9.390861551e-17 0)
(1.044776119 1.754307831e-16 0)
(1.044776119 -2.692344546e-18 0)
(1.044776119 8.782887511e-17 0)
(1.044776119 1.369423564e-16 0)
(1.044776119 -1.449122907e-16 0)
(1.044776119 1.285325905e-16 0)
(1.044776119 2.350307528e-17 0)
(1.044776119 -1.813602665e-16 0)
(1.044776119 5.154301598e-16 0)
(1.044776119 -8.179299746e-17 0)
(1.044776119 -3.501180182e-16 0)
(1.044776119 3.758589233e-16 0)
(1.044776119 4.682285304e-16 0)
(1.044776119 -3.01848741e-16 0)
(1.044776119 -7.61838257e-16 0)
(1.044776119 2.741961099e-16 0)
(1.044776119 6.087540318e-16 0)
(1.044776119 -3.822029838e-17 0)
(1.044776119 -1.365745684e-16 0)
(1.044776119 -2.315683899e-16 0)
(1.044776119 -3.943013563e-16 0)
(1.044776119 1.766122275e-17 0)
(1.044776119 5.012154435e-16 0)
(1.044776119 -6.879033924e-17 0)
(1.044776119 -3.601811757e-16 0)
(1.044776119 -4.197296852e-16 0)
(1.044776119 6.511513605e-17 0)
(1.044776119 9.364341445e-17 0)
(1.044776119 -1.044842743e-16 0)
(1.044776119 9.512194263e-17 0)
(1.044776119 3.71010228e-16 0)
(1.044776119 -1.334756386e-18 0)
(1.044776119 -4.619758466e-16 0)
(1.044776119 3.27482087e-16 0)
(1.044776119 -1.918716105e-16 0)
(1.044776119 -6.176083004e-16 0)
(1.044776119 1.255633729e-16 0)
(1.044776119 4.624994911e-16 0)
(1.044776119 -2.948057623e-16 0)
(1.044776119 -6.687833197e-16 0)
(1.044776119 2.548490126e-16 0)
(1.044776119 5.56691256e-16 0)
(1.044776119 -3.274411119e-16 0)
(1.044776119 -5.87085967e-16 0)
(1.044776119 2.708073376e-16 0)
(1.044776119 4.829235107e-16 0)
(1.044776119 -3.490958407e-16 0)
(1.044776119 -4.398717906e-16 0)
(1.044776119 -2.884686692e-16 0)
(1.044776119 4.731505391e-16 0)
(1.044776119 5.370195836e-16 0)
(1.044776119 3.871753493e-17 0)
(1.044776119 -7.68369087e-17 0)
(1.044776119 7.248965481e-17 0)
(1.044776119 2.828334654e-16 0)
(1.044776119 1.17298973e-16 0)
(1.044776119 5.250627783e-17 0)
(1.044776119 2.970767615e-16 0)
(1.044776119 2.636686856e-16 0)
(1.044776119 -4.65179844e-16 0)
(1.044776119 -4.18650057e-16 0)
(1.044776119 4.643672693e-16 0)
(1.044776119 1.446662741e-16 0)
(1.044776119 -3.131421003e-16 0)
(1.044776119 -1.812313079e-16 0)
(1.044776119 -3.880985446e-16 0)
(1.044776119 -2.840626357e-17 0)
(1.044776119 -1.414424114e-16 0)
(1.044776119 -1.140943494e-16 0)
(1.044776119 3.647924479e-16 0)
(1.044776119 1.043206885e-16 0)
(1.044776119 -7.162390514e-17 0)
(1.044776119 -9.295959052e-16 0)
(1.044776119 2.368607105e-16 0)
(1.044776119 9.569658926e-16 0)
(1.044776119 9.934972088e-17 0)
(1.044776119 -8.031959308e-16 0)
(1.044776119 -9.342802642e-16 0)
(1.044776119 3.024368016e-16 0)
(1.044776119 7.983352803e-16 0)
(1.044776119 5.204654065e-16 0)
(1.044776119 -7.221339441e-16 0)
(1.044776119 -2.112756032e-16 0)
(1.044776119 1.036822921e-15 0)
(1.044776119 5.567356523e-17 0)
(1.044776119 -4.169376789e-19 0)
(1.044776119 7.157014538e-16 0)
(1.044776119 9.186005923e-16 0)
(1.044776119 2.971552643e-16 0)
(1.044776119 -1.285708023e-15 0)
(1.044776119 -5.998779017e-16 0)
(1.044776119 6.008867925e-16 0)
(1.044776119 -5.870303795e-16 0)
(1.044776119 -2.215072415e-16 0)
(1.044776119 4.548402333e-16 0)
(1.044776119 8.639233925e-17 0)
(1.044776119 -5.714497185e-18 0)
(1.044776119 -4.203316747e-16 0)
(1.044776119 2.343930002e-16 0)
(1.044776119 6.197767748e-17 0)
(1.044776119 -2.248603612e-17 0)
(1.044776119 5.703921573e-17 0)
(1.044776119 -9.360319651e-17 0)
(1.044776119 -2.321942427e-17 0)
(1.044776119 3.41732916e-16 0)
(1.044776119 9.004815506e-16 0)
(1.044776119 -1.808790273e-16 0)
(1.044776119 -4.217191603e-18 0)
(1.044776119 5.588866617e-16 0)
(1.044776119 -1.261228813e-15 0)
(1.044776119 -7.830712432e-16 0)
(1.044776119 2.808943457e-16 0)
(1.044776119 -2.362278992e-16 0)
(1.044776119 -1.703903392e-18 0)
(1.044776119 -1.26991627e-15 0)
(1.044776119 -2.704179308e-16 0)
(1.044776119 1.426758741e-15 0)
(1.044776119 -5.118680397e-16 0)
(1.044776119 5.014428053e-17 0)
(1.044776119 1.177068048e-15 0)
(1.044776119 4.391147407e-16 0)
(1.044776119 3.156936315e-16 0)
(1.044776119 -1.080456729e-15 0)
(1.044776119 -3.420160791e-16 0)
(1.044776119 1.176498284e-15 0)
(1.044776119 3.188933081e-17 0)
(1.044776119 -1.134420208e-15 0)
(1.044776119 -4.967147849e-16 0)
(1.044776119 4.828007699e-16 0)
(1.044776119 7.761051154e-16 0)
(1.044776119 3.365001814e-16 0)
(1.044776119 -5.856669071e-16 0)
(1.044776119 -3.174268657e-16 0)
(1.044776119 -2.893267596e-16 0)
(1.044776119 -2.263710079e-16 0)
(1.044776119 5.234848133e-16 0)
(1.044776119 1.320300042e-16 0)
(1.044776119 1.01618756e-16 0)
(0.8656716418 -6.179044209e-18 0)
(0.8656716418 -5.413605593e-17 0)
(0.8656716418 5.820215176e-17 0)
(0.8656716418 -3.904872552e-18 0)
(0.8656716418 2.390443375e-17 0)
(0.8656716418 -3.692791855e-17 0)
(0.8656716418 1.38474795e-16 0)
(0.8656716418 1.466039819e-16 0)
(0.8656716418 -6.969942693e-17 0)
(0.8656716418 8.848040652e-17 0)
(0.8656716418 1.40860277e-16 0)
(0.8656716418 1.220977774e-16 0)
(0.8656716418 1.426093238e-16 0)
(0.8656716418 2.927468378e-16 0)
(0.8656716418 1.688223244e-16 0)
(0.8656716418 -1.541607669e-16 0)
(0.8656716418 3.690375113e-17 0)
(0.8656716418 -1.920476128e-16 0)
(0.8656716418 -4.208673972e-16 0)
(0.8656716418 -2.730518339e-16 0)
(0.8656716418 2.844827683e-17 0)
(0.8656716418 9.641366622e-17 0)
(0.8656716418 1.355587662e-16 0)
(0.8656716418 1.289421458e-16 0)
(0.8656716418 -4.235525856e-17 0)
(0.8656716418 -1.821977248e-16 0)
(0.8656716418 -2.589823386e-16 0)
(0.8656716418 -2.615120981e-17 0)
(0.8656716418 -1.705853125e-16 0)
(0.8656716418 -3.676475581e-16 0)
(0.8656716418 -1.184736434e-16 0)
(0.8656716418 3.319374061e-17 0)
(0.8656716418 1.365715995e-17 0)
(0.8656716418 1.048806394e-16 0)
(0.8656716418 2.20888296e-16 0)
(0.8656716418 -4.719269208e-17 0)
(0.8656716418 -6.49500955e-18 0)
(0.8656716418 -1.533965638e-16 0)
(0.8656716418 -6.127594524e-17 0)
(0.8656716418 1.753904798e-16 0)
(0.8656716418 -2.143076002e-16 0)
(0.8656716418 1.450945918e-16 0)
(0.8656716418 3.103173617e-16 0)
(0.8656716418 -1.663500379e-17 0)
(0.8656716418 -2.034330116e-16 0)
(0.8656716418 -1.672124575e-16 0)
(0.8656716418 -1.021960061e-16 0)
(0.8656716418 -1.122543693e-16 0)
(0.8656716418 5.317154079e-17 0)
(0.8656716418 -9.622531274e-17 0)
(0.8656716418 -2.617023199e-18 0)
(0.8656716418 7.439309347e-17 0)
(0.8656716418 8.638928141e-18 0)
(0.8656716418 -5.847988928e-17 0)
(0.8656716418 -5.573979546e-17 0)
(0.8656716418 3.952882101e-16 0)
(0.8656716418 2.141316709e-16 0)
(0.8656716418 -1.532402476e-16 0)
(0.8656716418 -1.238040987e-16 0)
(0.8656716418 -1.130342424e-17 0)
(0.8656716418 9.694866784e-17 0)
(0.8656716418 2.148564584e-16 0)
(0.8656716418 1.456720667e-16 0)
(0.8656716418 -4.350362037e-17 0)
(0.8656716418 7.405795537e-17 0)
(0.8656716418 1.041520576e-16 0)
(0.8656716418 -9.894864375e-17 0)
(0.8656716418 2.294862005e-16 0)
(0.8656716418 8.97177145e-17 0)
(0.8656716418 -1.591003911e-16 0)
(0.8656716418 4.302397385e-16 0)
(0.8656716418 -2.045605693e-16 0)
(0.8656716418 -3.520311907e-16 0)
(0.8656716418 3.996472743e-16 0)
(0.8656716418 4.444860903e-16 0)
(0.8656716418 -2.824611411e-16 0)
(0.8656716418 -7.047150754e-16 0)
(0.8656716418 3.443315051e-16 0)
(0.8656716418 5.643242116e-16 0)
(0.8656716418 -5.379180498e-17 0)
(0.8656716418 -1.189086316e-16 0)
(0.8656716418 -2.465047569e-16 0)
(0.8656716418 -3.666431951e-16 0)
(0.8656716418 -1.631096043e-17 0)
(0.8656716418 5.138248591e-16 0)
(0.8656716418 -5.237373384e-17 0)
(0.8656716418 -2.954459333e-16 0)
(0.8656716418 -2.623882577e-16 0)
(0.8656716418 1.714493263e-16 0)
(0.8656716418 6.620637392e-17 0)
(0.8656716418 -1.793196526e-16 0)
(0.8656716418 1.208000529e-16 0)
(0.8656716418 3.133889247e-16 0)
(0.8656716418 -8.316819014e-18 0)
(0.8656716418 -4.285361142e-16 0)
(0.8656716418 2.426835799e-16 0)
(0.8656716418 -1.998507576e-16 0)
(0.8656716418 -4.734301255e-16 0)
(0.8656716418 1.694310849e-16 0)
(0.8656716418 4.294321361e-16 0)
(0.8656716418 -2.718919053e-16 0)
(0.8656716418 -6.469580446e-16 0)
(0.8656716418 3.28354453e-16 0)
(0.8656716418 5.957709995e-16 0)
(0.8656716418 -2.893574492e-16 0)
(0.8656716418 -5.266840134e-16 0)
(0.8656716418 2.569302753e-16 0)
(0.8656716418 4.026091186e-16 0)
(0.8656716418 -3.558479148e-16 0)
(0.8656716418 -3.429640281e-16 0)
(0.8656716418 -2.778972043e-16 0)
(0.8656716418 3.725375126e-16 0)
(0.8656716418 4.69169747e-16 0)
(0.8656716418 -2.912382205e-17 0)
(0.8656716418 -1.150823424e-16 0)
(0.8656716418 6.502055419e-18 0)
(0.8656716418 2.981022106e-16 0)
(0.8656716418 1.863524443e-17 0)
(0.8656716418 -8.240103866e-17 0)
(0.8656716418 1.831011605e-16 0)
(0.8656716418 4.112497206e-16 0)
(0.8656716418 -3.46552191e-16 0)
(0.8656716418 -4.04159016e-16 0)
(0.8656716418 4.05822428e-16 0)
(0.8656716418 1.370087248e-16 0)
(0.8656716418 -3.105577777e-16 0)
(0.8656716418 -1.089415392e-16 0)
(0.8656716418 -3.185917976e-16 0)
(0.8656716418 1.421375995e-16 0)
(0.8656716418 -1.964446755e-16 0)
(0.8656716418 -2.494403229e-16 0)
(0.8656716418 2.891563896e-16 0)
(0.8656716418 8.951114641e-17 0)
(0.8656716418 3.265922235e-17 0)
(0.8656716418 -9.239540777e-16 0)
(0.8656716418 1.900410394e-16 0)
(0.8656716418 1.078876368e-15 0)
(0.8656716418 2.567979414e-16 0)
(0.8656716418 -8.471300549e-16 0)
(0.8656716418 -9.359259758e-16 0)
(0.8656716418 3.81811239e-16 0)
(0.8656716418 7.432418682e-16 0)
(0.8656716418 3.184942768e-16 0)
(0.8656716418 -8.780860542e-16 0)
(0.8656716418 -1.574857622e-16 0)
(0.8656716418 1.066538109e-15 0)
(0.8656716418 -1.53587141e-16 0)
(0.8656716418 -2.070462148e-16 0)
(0.8656716418 6.919032913e-16 0)
(0.8656716418 9.063520804e-16 0)
(0.8656716418 1.615906893e-16 0)
(0.8656716418 -1.347422583e-15 0)
(0.8656716418 -5.303539299e-16 0)
(0.8656716418 8.345278458e-16 0)
(0.8656716418 -5.50157553e-16 0)
(0.8656716418 -2.560044323e-16 0)
(0.8656716418 5.128702398e-16 0)
(0.8656716418 1.611235208e-16 0)
(0.8656716418 1.083842275e-16 0)
(0.8656716418 -4.754755641e-16 0)
(0.8656716418 2.872373818e-16 0)
(0.8656716418 7.573009721e-17 0)
(0.8656716418 8.427119578e-18 0)
(0.8656716418 -4.109880639e-17 0)
(0.8656716418 -1.64105204e-16 0)
(0.8656716418 -3.174658317e-17 0)
(0.8656716418 2.621714616e-16 0)
(0.8656716418 8.522026493e-16 0)
(0.8656716418 -2.677344703e-16 0)
(0.8656716418 -4.855496421e-17 0)
(0.8656716418 5.51364433e-16 0)
(0.8656716418 -1.136326154e-15 0)
(0.8656716418 -6.071689953e-16 0)
(0.8656716418 3.640385032e-16 0)
(0.8656716418 -1.155954263e-16 0)
(0.8656716418 7.626412769e-17 0)
(0.8656716418 -1.26922167e-15 0)
(0.8656716418 -2.801627713e-16 0)
(0.8656716418 1.399776414e-15 0)
(0.8656716418 -6.316866068e-16 0)
(0.8656716418 -4.081024741e-17 0)
(0.8656716418 1.141576377e-15 0)
(0.8656716418 4.147929738e-16 0)
(0.8656716418 1.78985974e-16 0)
(0.8656716418 -1.170478533e-15 0)
(0.8656716418 -1.624337753e-16 0)
(0.8656716418 1.220154012e-15 0)
(0.8656716418 3.504840542e-17 0)
(0.8656716418 -1.08486593e-15 0)
(0.8656716418 -5.279253913e-16 0)
(0.8656716418 5.620240555e-16 0)
(0.8656716418 7.195782112e-16 0)
(0.8656716418 1.973179799e-16 0)
(0.8656716418 -5.486730604e-16 0)
(0.8656716418 -1.402743167e-16 0)
(0.8656716418 -1.67257416e-16 0)
(0.8656716418 -2.757339708e-16 0)
(0.8656716418 3.714103743e-16 0)
(0.8656716418 1.573163855e-16 0)
(0.8656716418 1.269256817e-16 0)
(0.6567164179 -1.034810461e-16 0)
(0.6567164179 -1.025355803e-16 0)
(0.6567164179 9.883308056e-17 0)
(0.6567164179 5.876523149e-17 0)
(0.6567164179 -1.428864765e-16 0)
(0.6567164179 -2.553159594e-16 0)
(0.6567164179 1.321641043e-16 0)
(0.6567164179 2.616992547e-16 0)
(0.6567164179 -9.849157787e-17 0)
(0.6567164179 2.074470326e-17 0)
(0.6567164179 1.335235731e-16 0)
(0.6567164179 -3.523473092e-17 0)
(0.6567164179 7.415641169e-17 0)
(0.6567164179 2.817270565e-16 0)
(0.6567164179 6.47830042e-17 0)
(0.6567164179 -1.188396361e-16 0)
(0.6567164179 1.636032346e-16 0)
(0.6567164179 -2.111361381e-16 0)
(0.6567164179 -4.001453345e-16 0)
(0.6567164179 -1.111593374e-16 0)
(0.6567164179 1.01278178e-16 0)
(0.6567164179 5.02270745e-17 0)
(0.6567164179 1.792068792e-16 0)
(0.6567164179 1.204046355e-16 0)
(0.6567164179 -2.258594773e-16 0)
(0.6567164179 -2.384170356e-16 0)
(0.6567164179 -1.44684123e-16 0)
(0.6567164179 3.709059291e-17 0)
(0.6567164179 -1.575328448e-16 0)
(0.6567164179 -3.482093765e-16 0)
(0.6567164179 -1.417087841e-16 0)
(0.6567164179 6.821593617e-17 0)
(0.6567164179 1.6675565e-16 0)
(0.6567164179 1.945132685e-16 0)
(0.6567164179 1.325777827e-16 0)
(0.6567164179 -2.081841945e-16 0)
(0.6567164179 -8.01558466e-17 0)
(0.6567164179 -1.11216936e-16 0)
(0.6567164179 9.889398184e-17 0)
(0.6567164179 2.839615252e-16 0)
(0.6567164179 -2.591092378e-16 0)
(0.6567164179 3.581224913e-17 0)
(0.6567164179 2.108966697e-16 0)
(0.6567164179 -3.74833127e-17 0)
(0.6567164179 -1.031400561e-16 0)
(0.6567164179 1.801867522e-17 0)
(0.6567164179 -3.871317946e-17 0)
(0.6567164179 -1.584851101e-16 0)
(0.6567164179 7.709533668e-17 0)
(0.6567164179 -2.359505152e-16 0)
(0.6567164179 -8.972752779e-17 0)
(0.6567164179 1.994346913e-16 0)
(0.6567164179 -6.052961913e-17 0)
(0.6567164179 -8.929228227e-17 0)
(0.6567164179 8.073221204e-17 0)
(0.6567164179 3.964285976e-16 0)
(0.6567164179 -4.148748262e-17 0)
(0.6567164179 -1.561683665e-16 0)
(0.6567164179 -4.342290054e-17 0)
(0.6567164179 -2.372079085e-17 0)
(0.6567164179 1.061499951e-16 0)
(0.6567164179 1.037514035e-16 0)
(0.6567164179 3.830591394e-17 0)
(0.6567164179 3.685393128e-17 0)
(0.6567164179 7.178905979e-17 0)
(0.6567164179 1.068219604e-16 0)
(0.6567164179 1.697087812e-17 0)
(0.6567164179 2.074924428e-16 0)
(0.6567164179 1.09471079e-16 0)
(0.6567164179 -1.904808519e-16 0)
(0.6567164179 1.931633026e-16 0)
(0.6567164179 -2.363666223e-16 0)
(0.6567164179 -2.296964372e-16 0)
(0.6567164179 3.06356398e-16 0)
(0.6567164179 4.2149401e-16 0)
(0.6567164179 -2.481738263e-16 0)
(0.6567164179 -6.139329538e-16 0)
(0.6567164179 4.266873326e-16 0)
(0.6567164179 3.772778186e-16 0)
(0.6567164179 -6.665512685e-17 0)
(0.6567164179 -4.705806698e-17 0)
(0.6567164179 -2.274394917e-16 0)
(0.6567164179 -1.69917832e-16 0)
(0.6567164179 4.197076473e-17 0)
(0.6567164179 2.11880606e-16 0)
(0.6567164179 -1.994143726e-17 0)
(0.6567164179 -1.892654299e-16 0)
(0.6567164179 -2.568270732e-16 0)
(0.6567164179 3.04868677e-16 0)
(0.6567164179 2.681864499e-16 0)
(0.6567164179 -2.661647155e-16 0)
(0.6567164179 -6.194366906e-17 0)
(0.6567164179 2.825084595e-16 0)
(0.6567164179 7.306993678e-17 0)
(0.6567164179 -4.097341963e-16 0)
(0.6567164179 5.131738132e-17 0)
(0.6567164179 -8.837956977e-17 0)
(0.6567164179 -2.680336222e-16 0)
(0.6567164179 3.087678104e-16 0)
(0.6567164179 1.588924869e-16 0)
(0.6567164179 -4.192202328e-16 0)
(0.6567164179 -3.332064473e-16 0)
(0.6567164179 3.879659666e-16 0)
(0.6567164179 4.123110339e-16 0)
(0.6567164179 -1.911359141e-16 0)
(0.6567164179 -3.471102181e-16 0)
(0.6567164179 1.876382897e-16 0)
(0.6567164179 1.631802015e-16 0)
(0.6567164179 -2.702216719e-16 0)
(0.6567164179 -2.227873244e-16 0)
(0.6567164179 -5.859161245e-17 0)
(0.6567164179 4.469729622e-16 0)
(0.6567164179 1.343351452e-16 0)
(0.6567164179 -1.315618648e-16 0)
(0.6567164179 -2.231027788e-16 0)
(0.6567164179 -1.552212862e-17 0)
(0.6567164179 2.839862437e-16 0)
(0.6567164179 -9.035104558e-17 0)
(0.6567164179 -1.259019339e-16 0)
(0.6567164179 2.188596525e-16 0)
(0.6567164179 3.549187811e-16 0)
(0.6567164179 -2.592656584e-16 0)
(0.6567164179 -3.174744675e-16 0)
(0.6567164179 1.939589831e-16 0)
(0.6567164179 5.851028657e-17 0)
(0.6567164179 -9.505333802e-17 0)
(0.6567164179 1.559030907e-17 0)
(0.6567164179 -1.455988179e-16 0)
(0.6567164179 8.480846379e-17 0)
(0.6567164179 -2.090772283e-16 0)
(0.6567164179 -2.345481618e-16 0)
(0.6567164179 2.213082448e-16 0)
(0.6567164179 8.678085844e-17 0)
(0.6567164179 -7.166094649e-17 0)
(0.6567164179 -6.62635954e-16 0)
(0.6567164179 2.360177167e-16 0)
(0.6567164179 9.224449524e-16 0)
(0.6567164179 1.917664179e-16 0)
(0.6567164179 -5.470064223e-16 0)
(0.6567164179 -8.503049031e-16 0)
(0.6567164179 2.418036403e-16 0)
(0.6567164179 6.856843699e-16 0)
(0.6567164179 7.276861065e-17 0)
(0.6567164179 -7.682810222e-16 0)
(0.6567164179 -5.537713129e-17 0)
(0.6567164179 9.233306327e-16 0)
(0.6567164179 -2.085110186e-16 0)
(0.6567164179 -2.743081235e-16 0)
(0.6567164179 3.350932354e-16 0)
(0.6567164179 7.564448793e-16 0)
(0.6567164179 4.47978526e-16 0)
(0.6567164179 -1.257731316e-15 0)
(0.6567164179 -5.029337537e-16 0)
(0.6567164179 7.141454624e-16 0)
(0.6567164179 -3.844176252e-16 0)
(0.6567164179 -1.479817907e-16 0)
(0.6567164179 5.142992387e-16 0)
(0.6567164179 8.246519166e-18 0)
(0.6567164179 1.675283821e-16 0)
(0.6567164179 -3.211224602e-16 0)
(0.6567164179 1.351338436e-16 0)
(0.6567164179 7.948110652e-17 0)
(0.6567164179 -5.589427973e-17 0)
(0.6567164179 -2.099897503e-17 0)
(0.6567164179 -2.002094041e-16 0)
(0.6567164179 2.8975907e-16 0)
(0.6567164179 2.107237824e-16 0)
(0.6567164179 3.650173322e-16 0)
(0.6567164179 -1.23731224e-16 0)
(0.6567164179 -2.893025406e-16 0)
(0.6567164179 3.627903609e-16 0)
(0.6567164179 -5.587908005e-16 0)
(0.6567164179 -3.886339998e-16 0)
(0.6567164179 2.154852135e-16 0)
(0.6567164179 -1.347054568e-16 0)
(0.6567164179 1.160295308e-16 0)
(0.6567164179 -1.104649703e-15 0)
(0.6567164179 -1.987776334e-16 0)
(0.6567164179 1.294134694e-15 0)
(0.6567164179 -4.322874437e-16 0)
(0.6567164179 -6.561514113e-17 0)
(0.6567164179 9.065750204e-16 0)
(0.6567164179 7.724257139e-17 0)
(0.6567164179 -7.028538751e-17 0)
(0.6567164179 -7.348796291e-16 0)
(0.6567164179 -2.098854947e-17 0)
(0.6567164179 9.788994794e-16 0)
(0.6567164179 4.39333143e-18 0)
(0.6567164179 -7.336066288e-16 0)
(0.6567164179 -6.195186713e-16 0)
(0.6567164179 3.675722016e-16 0)
(0.6567164179 6.686663437e-16 0)
(0.6567164179 2.076955818e-16 0)
(0.6567164179 -2.471054407e-16 0)
(0.6567164179 -3.265003943e-16 0)
(0.6567164179 -2.533379693e-16 0)
(0.6567164179 -9.285219236e-17 0)
(0.6567164179 1.120738564e-16 0)
(0.6567164179 3.387079764e-16 0)
(0.6567164179 4.212002226e-16 0)
(0.4179104478 1.607099983e-16 0)
(0.4179104478 -4.623986002e-17 0)
(0.4179104478 2.391479381e-17 0)
(0.4179104478 -5.069774059e-17 0)
(0.4179104478 -2.062118218e-16 0)
(0.4179104478 -2.399388726e-16 0)
(0.4179104478 1.555725577e-16 0)
(0.4179104478 2.968522542e-16 0)
(0.4179104478 -8.338465081e-17 0)
(0.4179104478 -9.403926566e-18 0)
(0.4179104478 1.11810622e-16 0)
(0.4179104478 -7.19262596e-17 0)
(0.4179104478 2.526367375e-17 0)
(0.4179104478 2.135267489e-16 0)
(0.4179104478 -1.818038237e-17 0)
(0.4179104478 -1.383565746e-16 0)
(0.4179104478 1.102922356e-16 0)
(0.4179104478 -1.45509231e-16 0)
(0.4179104478 -2.488162871e-16 0)
(0.4179104478 -1.316338774e-17 0)
(0.4179104478 1.594343016e-16 0)
(0.4179104478 6.949356567e-17 0)
(0.4179104478 9.464260481e-17 0)
(0.4179104478 7.830034175e-17 0)
(0.4179104478 -1.232538092e-16 0)
(0.4179104478 -2.116035295e-16 0)
(0.4179104478 -1.895188916e-16 0)
(0.4179104478 3.697931905e-17 0)
(0.4179104478 -4.85273085e-17 0)
(0.4179104478 -3.269989184e-16 0)
(0.4179104478 -1.11031403e-16 0)
(0.4179104478 1.817640632e-16 0)
(0.4179104478 1.223026456e-16 0)
(0.4179104478 1.390434779e-16 0)
(0.4179104478 1.242450116e-16 0)
(0.4179104478 -2.721135129e-16 0)
(0.4179104478 -9.838156344e-17 0)
(0.4179104478 2.674652539e-17 0)
(0.4179104478 1.232342106e-16 0)
(0.4179104478 2.830863844e-16 0)
(0.4179104478 -2.929701774e-16 0)
(0.4179104478 -4.165627927e-17 0)
(0.4179104478 1.485569854e-16 0)
(0.4179104478 -2.4692584e-17 0)
(0.4179104478 -1.075037401e-16 0)
(0.4179104478 1.380768873e-17 0)
(0.4179104478 9.282818883e-17 0)
(0.4179104478 -4.247525889e-17 0)
(0.4179104478 -4.586626827e-17 0)
(0.4179104478 -1.692951731e-16 0)
(0.4179104478 3.392832981e-17 0)
(0.4179104478 1.228074652e-16 0)
(0.4179104478 -3.209655716e-17 0)
(0.4179104478 -2.419283591e-17 0)
(0.4179104478 9.470287847e-18 0)
(0.4179104478 2.334624028e-16 0)
(0.4179104478 3.784667949e-17 0)
(0.4179104478 -1.685411686e-16 0)
(0.4179104478 2.674866361e-18 0)
(0.4179104478 -1.761274893e-17 0)
(0.4179104478 -3.997865026e-17 0)
(0.4179104478 1.50798399e-16 0)
(0.4179104478 5.65428223e-17 0)
(0.4179104478 -6.690986741e-17 0)
(0.4179104478 3.153330221e-17 0)
(0.4179104478 7.925007701e-17 0)
(0.4179104478 6.397637398e-17 0)
(0.4179104478 1.752760031e-16 0)
(0.4179104478 -8.099952502e-17 0)
(0.4179104478 -2.139263802e-16 0)
(0.4179104478 1.967513736e-16 0)
(0.4179104478 -2.388082596e-16 0)
(0.4179104478 -1.365771354e-16 0)
(0.4179104478 3.883916409e-16 0)
(0.4179104478 1.641203842e-16 0)
(0.4179104478 -3.571641365e-16 0)
(0.4179104478 -2.684376674e-16 0)
(0.4179104478 4.065247581e-16 0)
(0.4179104478 2.28972856e-16 0)
(0.4179104478 -3.306757843e-18 0)
(0.4179104478 1.113064251e-16 0)
(0.4179104478 -1.40347734e-16 0)
(0.4179104478 -3.648162796e-16 0)
(0.4179104478 -1.190685683e-17 0)
(0.4179104478 3.330024832e-16 0)
(0.4179104478 -7.027726899e-17 0)
(0.4179104478 -1.163442613e-16 0)
(0.4179104478 -7.158590216e-17 0)
(0.4179104478 2.033510825e-16 0)
(0.4179104478 9.855497199e-17 0)
(0.4179104478 -2.065170504e-16 0)
(0.4179104478 -2.010017924e-16 0)
(0.4179104478 1.886141159e-16 0)
(0.4179104478 1.704681536e-16 0)
(0.4179104478 -1.962552229e-16 0)
(0.4179104478 1.367542052e-16 0)
(0.4179104478 -5.250678744e-17 0)
(0.4179104478 -2.583106196e-16 0)
(0.4179104478 1.123020403e-18 0)
(0.4179104478 2.864687687e-16 0)
(0.4179104478 -7.323443914e-17 0)
(0.4179104478 -4.406729447e-16 0)
(0.4179104478 1.196011418e-16 0)
(0.4179104478 3.250768763e-16 0)
(0.4179104478 -2.51133249e-17 0)
(0.4179104478 -1.682364112e-16 0)
(0.4179104478 7.454349281e-17 0)
(0.4179104478 1.14168921e-16 0)
(0.4179104478 -9.690049633e-17 0)
(0.4179104478 -1.331059634e-16 0)
(0.4179104478 -3.226803185e-16 0)
(0.4179104478 3.391535743e-16 0)
(0.4179104478 3.12348179e-16 0)
(0.4179104478 -1.773866238e-16 0)
(0.4179104478 -1.107129937e-16 0)
(0.4179104478 -1.540794014e-16 0)
(0.4179104478 8.211204051e-17 0)
(0.4179104478 1.396708585e-16 0)
(0.4179104478 -7.822624753e-17 0)
(0.4179104478 -6.305151567e-17 0)
(0.4179104478 1.507931685e-16 0)
(0.4179104478 -2.044206783e-16 0)
(0.4179104478 -2.279055477e-16 0)
(0.4179104478 3.022526275e-16 0)
(0.4179104478 1.772091273e-16 0)
(0.4179104478 -2.938567889e-17 0)
(0.4179104478 -3.625769151e-17 0)
(0.4179104478 -1.679212992e-16 0)
(0.4179104478 1.278285692e-16 0)
(0.4179104478 -1.712288508e-16 0)
(0.4179104478 -1.782648297e-16 0)
(0.4179104478 1.556671491e-16 0)
(0.4179104478 -4.348428902e-17 0)
(0.4179104478 1.399171992e-16 0)
(0.4179104478 -5.411485597e-16 0)
(0.4179104478 1.020097213e-16 0)
(0.4179104478 8.972872495e-16 0)
(0.4179104478 2.297520356e-16 0)
(0.4179104478 -6.436815858e-16 0)
(0.4179104478 -6.965877042e-16 0)
(0.4179104478 2.301186914e-16 0)
(0.4179104478 4.096972657e-16 0)
(0.4179104478 2.016263188e-16 0)
(0.4179104478 -7.159853414e-16 0)
(0.4179104478 -1.326238761e-16 0)
(0.4179104478 8.763258088e-16 0)
(0.4179104478 -1.85085729e-16 0)
(0.4179104478 -4.388655811e-16 0)
(0.4179104478 4.816325251e-16 0)
(0.4179104478 6.497381028e-16 0)
(0.4179104478 3.378969687e-17 0)
(0.4179104478 -8.820491434e-16 0)
(0.4179104478 -2.88606714e-16 0)
(0.4179104478 5.959969671e-16 0)
(0.4179104478 -3.763010692e-16 0)
(0.4179104478 -1.276355752e-16 0)
(0.4179104478 3.848206843e-16 0)
(0.4179104478 1.175372999e-16 0)
(0.4179104478 1.620446651e-16 0)
(0.4179104478 -4.202884782e-16 0)
(0.4179104478 1.361870029e-16 0)
(0.4179104478 1.672299719e-16 0)
(0.4179104478 7.940402615e-17 0)
(0.4179104478 -8.794353597e-17 0)
(0.4179104478 -1.930374369e-16 0)
(0.4179104478 -1.367688909e-16 0)
(0.4179104478 1.658193818e-16 0)
(0.4179104478 6.375125333e-16 0)
(0.4179104478 -2.934607631e-16 0)
(0.4179104478 -1.310893814e-16 0)
(0.4179104478 3.93873671e-16 0)
(0.4179104478 -7.003640526e-16 0)
(0.4179104478 -2.750605204e-16 0)
(0.4179104478 5.651041475e-16 0)
(0.4179104478 -7.572514956e-19 0)
(0.4179104478 -2.559009145e-17 0)
(0.4179104478 -8.235959043e-16 0)
(0.4179104478 -3.97569271e-17 0)
(0.4179104478 9.923543832e-16 0)
(0.4179104478 -5.395877846e-16 0)
(0.4179104478 -1.75867819e-16 0)
(0.4179104478 7.182741904e-16 0)
(0.4179104478 1.298287522e-16 0)
(0.4179104478 -5.324455194e-17 0)
(0.4179104478 -8.588871615e-16 0)
(0.4179104478 9.560700661e-18 0)
(0.4179104478 9.867696567e-16 0)
(0.4179104478 -5.220635845e-17 0)
(0.4179104478 -7.01400829e-16 0)
(0.4179104478 -9.333587255e-17 0)
(0.4179104478 3.165954419e-16 0)
(0.4179104478 2.056887621e-16 0)
(0.4179104478 2.100151103e-16 0)
(0.4179104478 -2.949333449e-16 0)
(0.4179104478 -1.248776327e-17 0)
(0.4179104478 -2.724635732e-16 0)
(0.4179104478 -3.004763359e-16 0)
(0.4179104478 3.964096189e-16 0)
(0.4179104478 1.848963605e-16 0)
(0.4179104478 2.109433047e-16 0)
(0.1492537313 6.174508188e-17 0)
(0.1492537313 -5.799918005e-19 0)
(0.1492537313 2.16747337e-18 0)
(0.1492537313 -3.88975444e-17 0)
(0.1492537313 -9.573480579e-17 0)
(0.1492537313 -1.113427134e-16 0)
(0.1492537313 8.124388292e-17 0)
(0.1492537313 1.288627061e-16 0)
(0.1492537313 -3.352517056e-17 0)
(0.1492537313 -2.609515417e-17 0)
(0.1492537313 3.674608915e-17 0)
(0.1492537313 -1.95276719e-17 0)
(0.1492537313 3.240041867e-17 0)
(0.1492537313 1.045107444e-16 0)
(0.1492537313 -2.299987631e-17 0)
(0.1492537313 -5.271409511e-17 0)
(0.1492537313 7.295593428e-17 0)
(0.1492537313 -7.377206675e-17 0)
(0.1492537313 -1.220492627e-16 0)
(0.1492537313 4.392981754e-17 0)
(0.1492537313 8.24591632e-17 0)
(0.1492537313 2.16441413e-19 0)
(0.1492537313 4.406650312e-17 0)
(0.1492537313 5.415820776e-17 0)
(0.1492537313 -5.180009937e-17 0)
(0.1492537313 -1.038254839e-16 0)
(0.1492537313 -1.0536077e-16 0)
(0.1492537313 5.557093267e-17 0)
(0.1492537313 -2.321944312e-18 0)
(0.1492537313 -1.913287633e-16 0)
(0.1492537313 -5.537950022e-17 0)
(0.1492537313 9.350294619e-17 0)
(0.1492537313 4.718874332e-17 0)
(0.1492537313 7.622785271e-17 0)
(0.1492537313 6.456525682e-17 0)
(0.1492537313 -2.019818515e-16 0)
(0.1492537313 -2.731077401e-17 0)
(0.1492537313 3.420380596e-17 0)
(0.1492537313 5.364304836e-17 0)
(0.1492537313 1.634949883e-16 0)
(0.1492537313 -1.729181999e-16 0)
(0.1492537313 -1.871860552e-17 0)
(0.1492537313 4.998545237e-17 0)
(0.1492537313 -2.615676896e-17 0)
(0.1492537313 -4.012031514e-17 0)
(0.1492537313 1.372028793e-17 0)
(0.1492537313 6.363497462e-17 0)
(0.1492537313 -8.762330541e-18 0)
(0.1492537313 -2.475044402e-17 0)
(0.1492537313 -7.262426511e-17 0)
(0.1492537313 3.9708258e-17 0)
(0.1492537313 3.763833056e-17 0)
(0.1492537313 -3.41939774e-18 0)
(0.1492537313 4.890062067e-18 0)
(0.1492537313 -4.997460012e-17 0)
(0.1492537313 8.150759713e-17 0)
(0.1492537313 3.514869106e-17 0)
(0.1492537313 -6.367021211e-17 0)
(0.1492537313 5.921940163e-18 0)
(0.1492537313 -4.167385061e-18 0)
(0.1492537313 -4.773694936e-17 0)
(0.1492537313 6.722306499e-17 0)
(0.1492537313 4.166022976e-17 0)
(0.1492537313 -6.142539317e-17 0)
(0.1492537313 1.415776965e-17 0)
(0.1492537313 2.740747487e-17 0)
(0.1492537313 1.72432379e-17 0)
(0.1492537313 7.651729304e-17 0)
(0.1492537313 -3.162160202e-17 0)
(0.1492537313 -9.450583958e-17 0)
(0.1492537313 1.161789498e-16 0)
(0.1492537313 -1.454802958e-16 0)
(0.1492537313 -4.109418823e-17 0)
(0.1492537313 2.282556684e-16 0)
(0.1492537313 -1.202496098e-17 0)
(0.1492537313 -2.077569322e-16 0)
(0.1492537313 -3.796058871e-17 0)
(0.1492537313 2.571746564e-16 0)
(0.1492537313 5.084508238e-17 0)
(0.1492537313 -2.569258932e-17 0)
(0.1492537313 2.08438508e-17 0)
(0.1492537313 -7.19837615e-17 0)
(0.1492537313 -1.477336919e-16 0)
(0.1492537313 1.668558522e-17 0)
(0.1492537313 1.922914021e-16 0)
(0.1492537313 -8.970864461e-17 0)
(0.1492537313 -6.841981692e-17 0)
(0.1492537313 -1.374932326e-17 0)
(0.1492537313 1.153199732e-16 0)
(0.1492537313 2.362227044e-17 0)
(0.1492537313 -1.156293606e-16 0)
(0.1492537313 -1.336843087e-16 0)
(0.1492537313 7.666597933e-17 0)
(0.1492537313 1.487882577e-16 0)
(0.1492537313 -1.376342507e-17 0)
(0.1492537313 7.195113888e-17 0)
(0.1492537313 -4.861042527e-17 0)
(0.1492537313 -9.639800446e-17 0)
(0.1492537313 -2.942358676e-17 0)
(0.1492537313 1.233100305e-16 0)
(0.1492537313 7.968236617e-17 0)
(0.1492537313 -1.934544769e-16 0)
(0.1492537313 4.351115501e-17 0)
(0.1492537313 1.048411592e-16 0)
(0.1492537313 -3.64853869e-17 0)
(0.1492537313 -3.646359653e-17 0)
(0.1492537313 5.87456673e-17 0)
(0.1492537313 2.075051806e-17 0)
(0.1492537313 -7.145869113e-17 0)
(0.1492537313 1.377979019e-17 0)
(0.1492537313 -1.829161465e-16 0)
(0.1492537313 9.374250016e-17 0)
(0.1492537313 1.208341797e-16 0)
(0.1492537313 -4.487949851e-17 0)
(0.1492537313 2.239867565e-18 0)
(0.1492537313 -7.658836658e-17 0)
(0.1492537313 -1.011128935e-17 0)
(0.1492537313 6.730523489e-17 0)
(0.1492537313 3.407390816e-17 0)
(0.1492537313 -5.708288736e-17 0)
(0.1492537313 -1.283287317e-17 0)
(0.1492537313 -1.125013669e-16 0)
(0.1492537313 -4.733486156e-17 0)
(0.1492537313 2.236283177e-16 0)
(0.1492537313 4.719415947e-17 0)
(0.1492537313 -3.272949272e-17 0)
(0.1492537313 4.187300188e-17 0)
(0.1492537313 -1.061319991e-16 0)
(0.1492537313 6.69503826e-17 0)
(0.1492537313 -7.401251617e-17 0)
(0.1492537313 -1.694799612e-17 0)
(0.1492537313 1.092955904e-16 0)
(0.1492537313 -1.25807504e-16 0)
(0.1492537313 1.155224228e-16 0)
(0.1492537313 -2.64313485e-16 0)
(0.1492537313 -5.997610828e-18 0)
(0.1492537313 3.914939623e-16 0)
(0.1492537313 9.333632255e-17 0)
(0.1492537313 -3.029162855e-16 0)
(0.1492537313 -2.698666798e-16 0)
(0.1492537313 1.932919702e-16 0)
(0.1492537313 1.586217517e-16 0)
(0.1492537313 1.243171741e-16 0)
(0.1492537313 -3.746440266e-16 0)
(0.1492537313 -1.370926302e-16 0)
(0.1492537313 4.66239126e-16 0)
(0.1492537313 -8.770736523e-17 0)
(0.1492537313 -2.234605198e-16 0)
(0.1492537313 2.84305257e-16 0)
(0.1492537313 2.408493159e-16 0)
(0.1492537313 -6.582809865e-17 0)
(0.1492537313 -4.105059278e-16 0)
(0.1492537313 -1.276980846e-16 0)
(0.1492537313 3.253431443e-16 0)
(0.1492537313 -2.137623026e-16 0)
(0.1492537313 3.344285644e-18 0)
(0.1492537313 2.295775799e-16 0)
(0.1492537313 -1.256735883e-17 0)
(0.1492537313 8.274392149e-17 0)
(0.1492537313 -2.014013668e-16 0)
(0.1492537313 3.80608035e-17 0)
(0.1492537313 9.77490896e-18 0)
(0.1492537313 4.694744981e-17 0)
(0.1492537313 7.073903399e-18 0)
(0.1492537313 -4.547073152e-17 0)
(0.1492537313 -9.96015837e-17 0)
(0.1492537313 4.044035108e-17 0)
(0.1492537313 4.053811241e-16 0)
(0.1492537313 -1.904351688e-16 0)
(0.1492537313 -1.023428795e-16 0)
(0.1492537313 2.159881026e-16 0)
(0.1492537313 -4.170323691e-16 0)
(0.1492537313 -4.843029963e-17 0)
(0.1492537313 4.360134689e-16 0)
(0.1492537313 -5.196229049e-17 0)
(0.1492537313 -1.636016463e-17 0)
(0.1492537313 -4.120469859e-16 0)
(0.1492537313 -2.757726901e-17 0)
(0.1492537313 4.996031321e-16 0)
(0.1492537313 -3.585274273e-16 0)
(0.1492537313 -3.424363274e-17 0)
(0.1492537313 4.04728196e-16 0)
(0.1492537313 -3.452139647e-17 0)
(0.1492537313 -1.387389267e-17 0)
(0.1492537313 -4.558915168e-16 0)
(0.1492537313 -3.76204638e-17 0)
(0.1492537313 4.796739296e-16 0)
(0.1492537313 -1.115135216e-16 0)
(0.1492537313 -3.400169787e-16 0)
(0.1492537313 1.053719979e-16 0)
(0.1492537313 2.162896086e-16 0)
(0.1492537313 -4.81407626e-18 0)
(0.1492537313 9.811860111e-17 0)
(0.1492537313 -1.396930939e-16 0)
(0.1492537313 -2.311487376e-19 0)
(0.1492537313 -1.829765664e-16 0)
(0.1492537313 -1.575205772e-16 0)
(0.1492537313 3.186627144e-16 0)
(0.1492537313 5.434764056e-17 0)
(0.1492537313 -3.405622265e-17 0)
)
;

boundaryField
{
    inlet
    {
        type            cyclic;
    }
    outlet
    {
        type            cyclic;
    }
    topWall
    {
        type            fixedValue;
        value           uniform (0 0 0);
    }
    bottomWall
    {
        type            fixedValue;
        value           uniform (0 0 0);
    }
    frontAndBack
    {
        type            empty;
    }
}


// ************************************************************************* //
