/*--------------------------------*- C++ -*----------------------------------*\
  =========                 |
  \\      /  F ield         | OpenFOAM: The Open Source CFD Toolbox
   \\    /   O peration     | Website:  https://openfoam.org
    \\  /    A nd           | Version:  10
     \\/     M anipulation  |
\*---------------------------------------------------------------------------*/
FoamFile
{
    format      ascii;
    class       surfaceScalarField;
    location    "1000";
    object      phi;
}
// * * * * * * * * * * * * * * * * * * * * * * * * * * * * * * * * * * * * * //

dimensions      [0 3 -1 0 0 0 0];

internalField   nonuniform List<scalar> 
7780
(
7.462686567e-06
2.863379747e-19
7.462686567e-06
2.480339327e-20
7.462686567e-06
7.322236485e-21
7.462686567e-06
2.750635988e-21
7.462686567e-06
-3.850438633e-21
7.462686567e-06
-4.275932429e-21
7.462686567e-06
5.426466681e-22
7.462686567e-06
9.669723245e-22
7.462686567e-06
-1.433649819e-22
7.462686567e-06
2.092028362e-21
7.462686567e-06
5.770709571e-22
7.462686567e-06
-1.251268987e-21
7.462686567e-06
-1.162868916e-22
7.462686567e-06
1.927566944e-21
7.462686567e-06
1.200865587e-21
7.462686567e-06
-3.513242821e-21
7.462686567e-06
-2.104461144e-21
7.462686567e-06
1.760296455e-21
7.462686567e-06
-7.256519356e-22
7.462686567e-06
-4.370825608e-22
7.462686567e-06
4.371699876e-22
7.462686567e-06
-3.895953896e-21
7.462686567e-06
-4.488972794e-21
7.462686567e-06
2.515467049e-21
7.462686567e-06
4.777510423e-21
7.462686567e-06
2.645383364e-21
7.462686567e-06
-1.280660686e-21
7.462686567e-06
2.413534769e-21
7.462686567e-06
1.541011787e-21
7.462686567e-06
-4.956888719e-21
7.462686567e-06
1.045743708e-21
7.462686567e-06
5.475896645e-22
7.462686567e-06
-2.885735255e-21
7.462686567e-06
1.803179559e-21
7.462686567e-06
-6.928879514e-21
7.462686567e-06
2.578610826e-21
7.462686567e-06
-2.842373581e-21
7.462686567e-06
-8.274234576e-22
7.462686567e-06
1.643150711e-21
7.462686567e-06
2.564781704e-21
7.462686567e-06
3.402756948e-21
7.462686567e-06
-1.845064515e-21
7.462686567e-06
4.477766463e-21
7.462686567e-06
-8.124059091e-21
7.462686567e-06
8.448767152e-22
7.462686567e-06
-7.368731251e-22
7.462686567e-06
-6.49238347e-21
7.462686567e-06
3.721455354e-21
7.462686567e-06
-9.429844137e-22
7.462686567e-06
2.199671149e-21
7.462686567e-06
4.647557307e-21
7.462686567e-06
-4.370604619e-21
7.462686567e-06
1.366725871e-21
7.462686567e-06
3.328266635e-21
7.462686567e-06
-1.439956602e-21
7.462686567e-06
-2.806850435e-21
7.462686567e-06
6.241627839e-21
7.462686567e-06
-1.86313954e-21
7.462686567e-06
3.531640777e-21
7.462686567e-06
3.842282955e-21
7.462686567e-06
-6.93180919e-21
7.462686567e-06
1.967784645e-21
7.462686567e-06
1.272143859e-21
7.462686567e-06
-6.13178554e-21
7.462686567e-06
-1.585637983e-21
7.462686567e-06
5.557275873e-21
7.462686567e-06
-1.784919418e-21
7.462686567e-06
-4.215128682e-22
7.462686567e-06
8.349799514e-21
7.462686567e-06
-1.16470951e-21
7.462686567e-06
-1.460578793e-20
7.462686567e-06
3.739681174e-21
7.462686567e-06
1.459517033e-20
7.462686567e-06
-8.903523025e-21
7.462686567e-06
-1.158573763e-20
7.462686567e-06
9.376349064e-21
7.462686567e-06
9.945106043e-21
7.462686567e-06
3.162257702e-23
7.462686567e-06
-1.818849871e-20
7.462686567e-06
3.580154892e-21
7.462686567e-06
7.539425075e-21
7.462686567e-06
-7.751282834e-21
7.462686567e-06
-2.545000381e-21
7.462686567e-06
6.482970083e-21
7.462686567e-06
6.808692088e-21
7.462686567e-06
4.709095333e-21
7.462686567e-06
-3.752151997e-21
7.462686567e-06
-7.902502884e-21
7.462686567e-06
-6.709244822e-21
7.462686567e-06
9.282440882e-21
7.462686567e-06
1.085984208e-20
7.462686567e-06
-1.280672226e-20
7.462686567e-06
-9.233200188e-21
7.462686567e-06
1.281507248e-20
7.462686567e-06
2.461309076e-21
7.462686567e-06
-1.186637079e-20
7.462686567e-06
1.028620403e-20
7.462686567e-06
8.700208984e-21
7.462686567e-06
-1.103593773e-20
7.462686567e-06
-1.081969369e-20
7.462686567e-06
9.661383925e-21
7.462686567e-06
9.047417494e-21
7.462686567e-06
-3.568804703e-21
7.462686567e-06
-7.13895999e-21
7.462686567e-06
3.967895489e-22
7.462686567e-06
1.01253614e-20
7.462686567e-06
-4.301431767e-22
7.462686567e-06
-1.304940294e-20
7.462686567e-06
3.063068191e-21
7.462686567e-06
1.808310538e-20
7.462686567e-06
-9.255842458e-21
7.462686567e-06
-1.593886454e-20
7.462686567e-06
9.032365095e-21
7.462686567e-06
5.056610808e-21
7.462686567e-06
5.037179327e-21
7.462686567e-06
-7.661331368e-21
7.462686567e-06
-1.472735964e-20
7.462686567e-06
1.317393185e-20
7.462686567e-06
1.719623559e-20
7.462686567e-06
-7.296158663e-21
7.462686567e-06
-1.728734663e-20
7.462686567e-06
1.797651646e-21
7.462686567e-06
1.479588468e-20
7.462686567e-06
3.905317562e-22
7.462686567e-06
-3.87716359e-22
7.462686567e-06
6.48874152e-22
7.462686567e-06
7.733140037e-22
7.462686567e-06
-5.26323972e-21
7.462686567e-06
-1.583473519e-20
7.462686567e-06
1.460012747e-20
7.462686567e-06
5.060250046e-21
7.462686567e-06
-9.010056812e-21
7.462686567e-06
4.392860455e-21
7.462686567e-06
-1.148995196e-20
7.462686567e-06
4.390182775e-21
7.462686567e-06
7.150278944e-21
7.462686567e-06
-7.349692611e-21
7.462686567e-06
9.54212759e-22
7.462686567e-06
9.009160686e-21
7.462686567e-06
2.068633894e-21
7.462686567e-06
-1.467736861e-20
7.462686567e-06
-7.89054713e-21
7.462686567e-06
1.425285633e-21
7.462686567e-06
9.895717904e-21
7.462686567e-06
3.36915454e-21
7.462686567e-06
-6.223624008e-21
7.462686567e-06
1.372301512e-20
7.462686567e-06
1.607870546e-21
7.462686567e-06
-1.663183214e-20
7.462686567e-06
6.635455346e-22
7.462686567e-06
5.795818346e-22
7.462686567e-06
1.546811042e-20
7.462686567e-06
-1.817824558e-21
7.462686567e-06
-2.165399871e-20
7.462686567e-06
2.552213776e-20
7.462686567e-06
1.047563262e-20
7.462686567e-06
-2.078508362e-20
7.462686567e-06
-9.34106147e-21
7.462686567e-06
-4.454672202e-21
7.462686567e-06
1.90569138e-20
7.462686567e-06
8.410507493e-21
7.462686567e-06
-9.701317856e-21
7.462686567e-06
9.162637884e-22
7.462686567e-06
2.861772942e-21
7.462686567e-06
-4.047242228e-21
7.462686567e-06
-1.111168195e-20
7.462686567e-06
6.021554181e-22
7.462686567e-06
-3.563290652e-22
7.462686567e-06
8.666764406e-21
7.462686567e-06
1.366858134e-20
7.462686567e-06
-1.384707348e-20
7.462686567e-06
-1.820823487e-22
7.462686567e-06
1.777318575e-20
7.462686567e-06
-2.433903754e-20
7.462686567e-06
7.644478565e-21
7.462686567e-06
-4.566755576e-21
7.462686567e-06
-4.275728258e-21
7.462686567e-06
2.186586671e-20
7.462686567e-06
-2.890853975e-20
7.462686567e-06
2.278623995e-20
7.462686567e-06
8.454052531e-21
7.462686567e-06
-2.159578394e-20
7.462686567e-06
1.1940128e-20
7.462686567e-06
-1.446209613e-20
7.462686567e-06
3.700680839e-21
7.462686567e-06
2.316225389e-20
7.462686567e-06
-2.470967038e-20
7.462686567e-06
8.551153998e-21
7.462686567e-06
1.710947417e-20
7.462686567e-06
-2.003424974e-20
7.462686567e-06
-1.410861325e-20
7.462686567e-06
9.072912946e-21
7.462686567e-06
-4.692674113e-21
7.462686567e-06
-4.003985952e-22
7.462686567e-06
1.664189313e-20
7.462686567e-06
-7.828276346e-21
7.462686567e-06
3.77364676e-21
7.462686567e-06
1.170295034e-21
7.462686567e-06
-2.641470583e-20
1.682130757e-20
2.089552239e-05
1.969464288e-19
2.089552239e-05
6.039144569e-20
2.089552239e-05
3.056249161e-20
2.089552239e-05
1.253037798e-20
2.089552239e-05
-1.282101795e-21
2.089552239e-05
-3.809638345e-21
2.089552239e-05
5.561811176e-21
2.089552239e-05
4.820883001e-21
2.089552239e-05
2.586949109e-21
2.089552239e-05
6.788304183e-21
2.089552239e-05
5.895216559e-21
2.089552239e-05
-2.118655536e-21
2.089552239e-05
-4.136310563e-21
2.089552239e-05
-3.647451415e-21
2.089552239e-05
2.08213443e-21
2.089552239e-05
-8.966856006e-21
2.089552239e-05
-3.782132136e-21
2.089552239e-05
5.333521309e-22
2.089552239e-05
1.752657371e-22
2.089552239e-05
-1.629878475e-21
2.089552239e-05
2.028355106e-21
2.089552239e-05
-9.478923472e-21
2.089552239e-05
-8.921979448e-21
2.089552239e-05
1.554936981e-20
2.089552239e-05
1.182854321e-20
2.089552239e-05
4.203104206e-22
2.089552239e-05
-3.734147743e-22
2.089552239e-05
6.967706826e-21
2.089552239e-05
2.454237279e-21
2.089552239e-05
-1.241778576e-20
2.089552239e-05
4.672696277e-21
2.089552239e-05
3.354463871e-21
2.089552239e-05
-9.418740459e-21
2.089552239e-05
-3.600332612e-21
2.089552239e-05
-1.194198308e-20
2.089552239e-05
5.864326535e-21
2.089552239e-05
1.444652309e-21
2.089552239e-05
-4.349287719e-21
2.089552239e-05
-1.76485666e-21
2.089552239e-05
4.47843829e-21
2.089552239e-05
7.710837657e-21
2.089552239e-05
2.211240486e-22
2.089552239e-05
1.24120819e-20
2.089552239e-05
-1.797876279e-20
2.089552239e-05
-2.642413795e-21
2.089552239e-05
-2.683511164e-21
2.089552239e-05
-1.412188379e-20
2.089552239e-05
3.675149053e-21
2.089552239e-05
-8.15343888e-22
2.089552239e-05
7.94103322e-21
2.089552239e-05
9.932538852e-21
2.089552239e-05
-6.858055343e-21
2.089552239e-05
-1.042770045e-21
2.089552239e-05
8.086652555e-21
2.089552239e-05
-2.506380094e-21
2.089552239e-05
-1.807247586e-21
2.089552239e-05
9.585564304e-21
2.089552239e-05
-3.467886133e-21
2.089552239e-05
1.082508046e-20
2.089552239e-05
5.0376852e-21
2.089552239e-05
-1.102609416e-20
2.089552239e-05
1.984906087e-21
2.089552239e-05
1.02544247e-21
2.089552239e-05
-1.270662143e-20
2.089552239e-05
-1.286256015e-21
2.089552239e-05
1.189510471e-20
2.089552239e-05
-3.465959236e-21
2.089552239e-05
6.387061374e-21
2.089552239e-05
2.207606916e-20
2.089552239e-05
-1.502472392e-20
2.089552239e-05
-3.897165767e-20
2.089552239e-05
1.463532677e-20
2.089552239e-05
2.255220384e-20
2.089552239e-05
-1.005192861e-20
2.089552239e-05
-1.449535545e-20
2.089552239e-05
1.389183179e-20
2.089552239e-05
1.789961918e-20
2.089552239e-05
-9.146263641e-21
2.089552239e-05
-3.293266379e-20
2.089552239e-05
5.953059101e-21
2.089552239e-05
1.660684663e-20
2.089552239e-05
-2.011437598e-20
2.089552239e-05
-4.684109553e-21
2.089552239e-05
2.569504563e-20
2.089552239e-05
1.303972765e-20
2.089552239e-05
5.54712688e-21
2.089552239e-05
-5.794479025e-21
2.089552239e-05
-2.331290131e-20
2.089552239e-05
-1.475480487e-20
2.089552239e-05
2.207778991e-20
2.089552239e-05
1.901997388e-20
2.089552239e-05
-2.356268921e-20
2.089552239e-05
-1.515592776e-20
2.089552239e-05
2.074837523e-20
2.089552239e-05
5.040986934e-21
2.089552239e-05
-1.890192542e-20
2.089552239e-05
1.815746522e-20
2.089552239e-05
1.258655995e-20
2.089552239e-05
-2.312953568e-20
2.089552239e-05
-2.080734703e-20
2.089552239e-05
2.020290405e-20
2.089552239e-05
2.023717293e-20
2.089552239e-05
-2.460275645e-21
2.089552239e-05
-9.117057617e-21
2.089552239e-05
-1.222097383e-20
2.089552239e-05
1.871637663e-20
2.089552239e-05
-1.181817132e-21
2.089552239e-05
-1.728467731e-20
2.089552239e-05
9.235466358e-21
2.089552239e-05
1.995129692e-20
2.089552239e-05
-1.581215095e-20
2.089552239e-05
-2.377677869e-20
2.089552239e-05
1.254687799e-20
2.089552239e-05
1.507252463e-20
2.089552239e-05
6.924218724e-21
2.089552239e-05
-1.322734417e-20
2.089552239e-05
-2.427427729e-20
2.089552239e-05
2.683465964e-20
2.089552239e-05
3.467890227e-20
2.089552239e-05
-2.144565736e-20
2.089552239e-05
-2.828023332e-20
2.089552239e-05
6.321816332e-21
2.089552239e-05
2.827442309e-20
2.089552239e-05
1.169882546e-20
2.089552239e-05
4.703617225e-21
2.089552239e-05
-1.181861418e-20
2.089552239e-05
-3.620149426e-21
2.089552239e-05
-2.567577913e-20
2.089552239e-05
-2.500616981e-20
2.089552239e-05
3.401079553e-20
2.089552239e-05
1.123413156e-20
2.089552239e-05
-4.72017023e-21
2.089552239e-05
6.916865442e-22
2.089552239e-05
-2.052175805e-20
2.089552239e-05
-2.121824238e-21
2.089552239e-05
1.125074911e-20
2.089552239e-05
-4.782393888e-21
2.089552239e-05
-3.568814868e-21
2.089552239e-05
1.626515008e-20
2.089552239e-05
-2.681945875e-21
2.089552239e-05
-3.602664554e-20
2.089552239e-05
-1.315769264e-20
2.089552239e-05
4.925589059e-21
2.089552239e-05
1.744259887e-20
2.089552239e-05
2.074128276e-20
2.089552239e-05
-1.011421119e-20
2.089552239e-05
1.796989942e-20
2.089552239e-05
7.665487295e-21
2.089552239e-05
-1.992068778e-20
2.089552239e-05
-1.383812304e-20
2.089552239e-05
-3.876238051e-21
2.089552239e-05
3.180145253e-20
2.089552239e-05
7.436361371e-21
2.089552239e-05
-3.288391492e-20
2.089552239e-05
4.078609023e-20
2.089552239e-05
1.395033336e-20
2.089552239e-05
-3.500495484e-20
2.089552239e-05
-2.085254415e-20
2.089552239e-05
-8.764259814e-21
2.089552239e-05
3.771451309e-20
2.089552239e-05
1.106664623e-20
2.089552239e-05
-1.366067537e-20
2.089552239e-05
1.024893443e-20
2.089552239e-05
1.059019964e-20
2.089552239e-05
-3.61545898e-20
2.089552239e-05
-2.225915957e-20
2.089552239e-05
1.179199659e-20
2.089552239e-05
5.682779523e-21
2.089552239e-05
2.534457325e-20
2.089552239e-05
1.199370152e-20
2.089552239e-05
-1.484864956e-20
2.089552239e-05
9.018844952e-22
2.089552239e-05
1.80458447e-20
2.089552239e-05
-3.944830786e-20
2.089552239e-05
5.615596631e-21
2.089552239e-05
-1.616174787e-20
2.089552239e-05
-4.058019346e-21
2.089552239e-05
4.279828057e-20
2.089552239e-05
-3.767803561e-20
2.089552239e-05
3.632420105e-20
2.089552239e-05
2.608501642e-20
2.089552239e-05
-4.079022846e-20
2.089552239e-05
9.092543752e-21
2.089552239e-05
-1.810800379e-20
2.089552239e-05
8.430727585e-22
2.089552239e-05
5.531590583e-20
2.089552239e-05
-3.582932688e-20
2.089552239e-05
4.10344627e-21
2.089552239e-05
2.694326419e-20
2.089552239e-05
-5.093527833e-20
2.089552239e-05
-2.921943537e-20
2.089552239e-05
1.758318192e-20
2.089552239e-05
-1.207020285e-20
2.089552239e-05
9.777315612e-21
2.089552239e-05
3.270270829e-20
2.089552239e-05
-1.053055504e-20
2.089552239e-05
4.312414697e-21
2.089552239e-05
-2.038918069e-21
2.089552239e-05
-4.371100626e-20
3.445700363e-20
3.28358209e-05
1.704496675e-19
3.28358209e-05
8.322026139e-20
3.28358209e-05
4.703769018e-20
3.28358209e-05
1.65844613e-20
3.28358209e-05
9.361286454e-21
3.28358209e-05
3.031594401e-21
3.28358209e-05
3.82377214e-21
3.28358209e-05
7.801152712e-21
3.28358209e-05
-1.775216461e-22
3.28358209e-05
5.823929878e-21
3.28358209e-05
1.15713332e-20
3.28358209e-05
4.034565432e-21
3.28358209e-05
2.889139568e-21
3.28358209e-05
-1.098730731e-20
3.28358209e-05
-5.95802968e-21
3.28358209e-05
-3.113446175e-21
3.28358209e-05
-7.05200503e-21
3.28358209e-05
1.286606351e-21
3.28358209e-05
-6.635858299e-21
3.28358209e-05
-1.524560204e-21
3.28358209e-05
-3.072605949e-21
3.28358209e-05
-1.129137096e-20
3.28358209e-05
-1.232536409e-20
3.28358209e-05
2.141662524e-20
3.28358209e-05
1.240690995e-20
3.28358209e-05
5.970514608e-21
3.28358209e-05
1.470823877e-20
3.28358209e-05
8.953522353e-21
3.28358209e-05
3.299556905e-22
3.28358209e-05
-1.23118323e-20
3.28358209e-05
1.862610355e-21
3.28358209e-05
1.046142541e-21
3.28358209e-05
-1.536969577e-20
3.28358209e-05
-5.143289315e-21
3.28358209e-05
-2.143129355e-20
3.28358209e-05
2.029031096e-21
3.28358209e-05
8.181010081e-21
3.28358209e-05
1.405774046e-21
3.28358209e-05
-1.287688351e-21
3.28358209e-05
1.371237771e-20
3.28358209e-05
8.005929237e-21
3.28358209e-05
-3.856150794e-21
3.28358209e-05
1.331718079e-20
3.28358209e-05
-1.664995876e-20
3.28358209e-05
-1.290738137e-20
3.28358209e-05
6.611976218e-22
3.28358209e-05
-1.524587404e-20
3.28358209e-05
-4.679459726e-21
3.28358209e-05
1.252432624e-20
3.28358209e-05
2.772619807e-21
3.28358209e-05
6.411613721e-21
3.28358209e-05
-6.837572181e-21
3.28358209e-05
5.597873743e-21
3.28358209e-05
1.59461958e-20
3.28358209e-05
-1.381790372e-21
3.28358209e-05
-9.811675632e-21
3.28358209e-05
1.04862661e-20
3.28358209e-05
1.415267427e-22
3.28358209e-05
2.287676396e-20
3.28358209e-05
4.805805787e-21
3.28358209e-05
-2.249299862e-20
3.28358209e-05
6.285194828e-22
3.28358209e-05
5.028994852e-21
3.28358209e-05
-9.210257226e-21
3.28358209e-05
2.780450286e-21
3.28358209e-05
8.808206907e-21
3.28358209e-05
-2.354528703e-21
3.28358209e-05
1.952039332e-20
3.28358209e-05
2.144773592e-20
3.28358209e-05
-2.924788867e-20
3.28358209e-05
-4.532939248e-20
3.28358209e-05
2.292197328e-20
3.28358209e-05
1.593571811e-20
3.28358209e-05
-8.000590524e-21
3.28358209e-05
-1.097324868e-20
3.28358209e-05
1.917042862e-20
3.28358209e-05
4.123290636e-20
3.28358209e-05
-1.837393487e-20
3.28358209e-05
-5.69247995e-20
3.28358209e-05
2.237846034e-21
3.28358209e-05
2.393294641e-20
3.28358209e-05
-2.113448235e-20
3.28358209e-05
-5.930896341e-21
3.28358209e-05
3.990151975e-20
3.28358209e-05
1.145972691e-20
3.28358209e-05
8.698843381e-21
3.28358209e-05
7.295048777e-21
3.28358209e-05
-3.587244056e-20
3.28358209e-05
-2.523965128e-20
3.28358209e-05
4.019866702e-20
3.28358209e-05
-1.051679825e-21
3.28358209e-05
-2.815531193e-20
3.28358209e-05
-9.048107554e-21
3.28358209e-05
2.248621163e-20
3.28358209e-05
4.150269167e-21
3.28358209e-05
-2.586292831e-20
3.28358209e-05
1.894118125e-20
3.28358209e-05
2.192413087e-20
3.28358209e-05
-1.518354698e-20
3.28358209e-05
-3.662751601e-20
3.28358209e-05
1.544740392e-20
3.28358209e-05
4.124308069e-20
3.28358209e-05
8.783157752e-21
3.28358209e-05
-1.761059848e-20
3.28358209e-05
-2.804072139e-20
3.28358209e-05
2.64012935e-20
3.28358209e-05
1.32468675e-20
3.28358209e-05
-2.255317152e-20
3.28358209e-05
4.274604974e-21
3.28358209e-05
2.580650831e-20
3.28358209e-05
-1.475649145e-20
3.28358209e-05
-3.1801662e-20
3.28358209e-05
2.504112373e-21
3.28358209e-05
2.010699865e-20
3.28358209e-05
1.613818837e-20
3.28358209e-05
-1.205141915e-20
3.28358209e-05
-2.998442262e-20
3.28358209e-05
3.965819993e-20
3.28358209e-05
3.626802758e-20
3.28358209e-05
-2.412939777e-20
3.28358209e-05
-4.325481987e-20
3.28358209e-05
1.035408693e-21
3.28358209e-05
3.867101404e-20
3.28358209e-05
4.122958084e-20
3.28358209e-05
-2.767106834e-21
3.28358209e-05
-3.437146824e-20
3.28358209e-05
-5.730376481e-21
3.28358209e-05
-4.830886821e-20
3.28358209e-05
-3.308665103e-20
3.28358209e-05
5.127107166e-20
3.28358209e-05
2.884905011e-20
3.28358209e-05
1.97084629e-21
3.28358209e-05
-2.46522839e-20
3.28358209e-05
-2.751737523e-20
3.28358209e-05
2.616618957e-21
3.28358209e-05
1.059390756e-20
3.28358209e-05
2.235832755e-21
3.28358209e-05
-1.189721322e-20
3.28358209e-05
2.187528633e-20
3.28358209e-05
-1.037005238e-21
3.28358209e-05
-6.328516716e-20
3.28358209e-05
-1.309924955e-20
3.28358209e-05
1.261461768e-20
3.28358209e-05
3.016856415e-20
3.28358209e-05
4.193908599e-20
3.28358209e-05
-1.627740163e-20
3.28358209e-05
1.870527667e-20
3.28358209e-05
2.202314366e-20
3.28358209e-05
-9.877706512e-21
3.28358209e-05
-4.146751493e-20
3.28358209e-05
-2.307032605e-20
3.28358209e-05
6.287765934e-20
3.28358209e-05
9.956700312e-21
3.28358209e-05
-3.444039698e-20
3.28358209e-05
4.702066767e-20
3.28358209e-05
1.515957607e-20
3.28358209e-05
-4.163727782e-20
3.28358209e-05
-2.788797378e-20
3.28358209e-05
-1.271819703e-20
3.28358209e-05
3.869234931e-20
3.28358209e-05
1.323996796e-20
3.28358209e-05
-5.29486306e-21
3.28358209e-05
2.921869079e-20
3.28358209e-05
4.515693368e-21
3.28358209e-05
-6.622164415e-20
3.28358209e-05
-3.665873723e-20
3.28358209e-05
2.797634197e-20
3.28358209e-05
2.21610647e-20
3.28358209e-05
3.150560392e-20
3.28358209e-05
4.212483902e-21
3.28358209e-05
-1.493162884e-20
3.28358209e-05
2.449396222e-21
3.28358209e-05
1.262744204e-20
3.28358209e-05
-3.450661789e-20
3.28358209e-05
5.669941553e-21
3.28358209e-05
-4.779431278e-20
3.28358209e-05
-2.051711636e-21
3.28358209e-05
7.337394544e-20
3.28358209e-05
-2.987181954e-20
3.28358209e-05
3.257128595e-20
3.28358209e-05
4.306636298e-20
3.28358209e-05
-3.839148446e-20
3.28358209e-05
-1.212798491e-20
3.28358209e-05
-1.074573472e-20
3.28358209e-05
1.651069594e-20
3.28358209e-05
5.812154792e-20
3.28358209e-05
-4.430523899e-20
3.28358209e-05
5.069361195e-21
3.28358209e-05
2.978270613e-20
3.28358209e-05
-7.730670808e-20
3.28358209e-05
-4.233086936e-20
3.28358209e-05
1.285128382e-20
3.28358209e-05
-1.002549324e-20
3.28358209e-05
2.277809685e-20
3.28358209e-05
3.571443113e-20
3.28358209e-05
-2.903387068e-20
3.28358209e-05
5.725437301e-21
3.28358209e-05
7.951805287e-21
3.28358209e-05
-6.43264329e-20
3.9767808e-20
4.328358209e-05
1.355720753e-19
4.328358209e-05
9.095301588e-20
4.328358209e-05
6.046479085e-20
4.328358209e-05
3.511618731e-20
4.328358209e-05
9.537004237e-21
4.328358209e-05
9.379834088e-21
4.328358209e-05
2.531452089e-20
4.328358209e-05
1.576717684e-20
4.328358209e-05
2.777696882e-21
4.328358209e-05
1.504788137e-20
4.328358209e-05
5.250838077e-22
4.328358209e-05
5.879745952e-21
4.328358209e-05
8.02512723e-21
4.328358209e-05
-4.708113408e-21
4.328358209e-05
-1.292193151e-20
4.328358209e-05
-1.000606984e-20
4.328358209e-05
-8.517819312e-21
4.328358209e-05
-3.80596158e-21
4.328358209e-05
-4.622008516e-21
4.328358209e-05
-5.351886435e-21
4.328358209e-05
-8.391112254e-21
4.328358209e-05
-1.852956224e-20
4.328358209e-05
-9.526288172e-21
4.328358209e-05
1.246535787e-20
4.328358209e-05
1.65166744e-20
4.328358209e-05
2.125017515e-20
4.328358209e-05
2.833514004e-20
4.328358209e-05
8.280590147e-21
4.328358209e-05
-1.004966185e-20
4.328358209e-05
-1.950541848e-20
4.328358209e-05
1.760212332e-21
4.328358209e-05
8.192763495e-21
4.328358209e-05
-3.506760319e-20
4.328358209e-05
-1.503417116e-20
4.328358209e-05
-1.585233794e-20
4.328358209e-05
-3.007102433e-21
4.328358209e-05
6.348891176e-21
4.328358209e-05
1.888072882e-20
4.328358209e-05
2.700339876e-21
4.328358209e-05
5.091935063e-21
4.328358209e-05
3.450679882e-21
4.328358209e-05
7.107605521e-22
4.328358209e-05
8.218195961e-21
4.328358209e-05
-2.509382039e-20
4.328358209e-05
-1.068766298e-20
4.328358209e-05
-8.869881776e-22
4.328358209e-05
-1.397278979e-20
4.328358209e-05
-6.919366419e-21
4.328358209e-05
6.087911044e-21
4.328358209e-05
6.388293008e-21
4.328358209e-05
6.274135701e-21
4.328358209e-05
1.462032183e-21
4.328358209e-05
1.919005057e-20
4.328358209e-05
2.036483046e-20
4.328358209e-05
-1.186595381e-20
4.328358209e-05
-1.175249443e-20
4.328358209e-05
1.821228636e-20
4.328358209e-05
1.005044608e-20
4.328358209e-05
1.245263666e-20
4.328358209e-05
-5.988413859e-22
4.328358209e-05
-1.374433848e-20
4.328358209e-05
1.262783942e-20
4.328358209e-05
1.152199513e-20
4.328358209e-05
-1.456855374e-20
4.328358209e-05
-1.405109575e-22
4.328358209e-05
9.912672344e-21
4.328358209e-05
6.743179486e-21
4.328358209e-05
1.977685247e-20
4.328358209e-05
1.093166648e-20
4.328358209e-05
-3.999850161e-20
4.328358209e-05
-5.128906915e-20
4.328358209e-05
3.304421756e-20
4.328358209e-05
9.652234022e-21
4.328358209e-05
-4.530294775e-21
4.328358209e-05
-8.672200633e-21
4.328358209e-05
5.104352145e-21
4.328358209e-05
4.522403548e-20
4.328358209e-05
-2.400892822e-20
4.328358209e-05
-5.991799189e-20
4.328358209e-05
3.967070533e-21
4.328358209e-05
3.053214042e-20
4.328358209e-05
-2.774837823e-20
4.328358209e-05
2.133679662e-21
4.328358209e-05
5.238656302e-20
4.328358209e-05
2.407452324e-20
4.328358209e-05
7.683441707e-21
4.328358209e-05
8.615770533e-21
4.328358209e-05
-3.440719477e-20
4.328358209e-05
-2.271012739e-20
4.328358209e-05
4.114489389e-20
4.328358209e-05
-1.895314155e-20
4.328358209e-05
-3.214269721e-20
4.328358209e-05
-4.096396077e-21
4.328358209e-05
1.643310254e-20
4.328358209e-05
1.518070279e-21
4.328358209e-05
-3.3663272e-20
4.328358209e-05
1.818359178e-20
4.328358209e-05
3.252089862e-20
4.328358209e-05
-1.785928987e-20
4.328358209e-05
-3.729338291e-20
4.328358209e-05
2.985047638e-20
4.328358209e-05
5.161389562e-20
4.328358209e-05
3.315851012e-21
4.328358209e-05
-2.186256948e-20
4.328358209e-05
-2.253611101e-20
4.328358209e-05
2.71205792e-20
4.328358209e-05
1.70687097e-20
4.328358209e-05
-2.711975893e-20
4.328358209e-05
1.407450299e-20
4.328358209e-05
2.841919688e-20
4.328358209e-05
-1.160592039e-20
4.328358209e-05
-3.452583117e-20
4.328358209e-05
-5.280431381e-21
4.328358209e-05
2.967487793e-20
4.328358209e-05
2.121179094e-20
4.328358209e-05
-1.966643904e-20
4.328358209e-05
-1.947464193e-20
4.328358209e-05
4.764552805e-20
4.328358209e-05
2.737717426e-20
4.328358209e-05
-3.033237995e-20
4.328358209e-05
-4.086459782e-20
4.328358209e-05
-2.300040001e-21
4.328358209e-05
4.678435918e-20
4.328358209e-05
4.044860316e-20
4.328358209e-05
-1.155655369e-20
4.328358209e-05
-3.275185673e-20
4.328358209e-05
-9.006787542e-21
4.328358209e-05
-7.515125905e-20
4.328358209e-05
-3.42659184e-20
4.328358209e-05
6.53333227e-20
4.328358209e-05
4.309081129e-20
4.328358209e-05
8.11945597e-21
4.328358209e-05
-3.543900474e-20
4.328358209e-05
-2.787096327e-20
4.328358209e-05
1.609379388e-20
4.328358209e-05
7.246897697e-22
4.328358209e-05
-8.541655973e-21
4.328358209e-05
-1.957586356e-20
4.328358209e-05
1.979368351e-20
4.328358209e-05
5.27978321e-21
4.328358209e-05
-7.905159786e-20
4.328358209e-05
-9.853140011e-21
4.328358209e-05
1.132970244e-20
4.328358209e-05
3.902284295e-20
4.328358209e-05
6.652932684e-20
4.328358209e-05
-1.71000982e-20
4.328358209e-05
2.488653199e-20
4.328358209e-05
3.516963736e-20
4.328358209e-05
-8.656421713e-21
4.328358209e-05
-5.303772146e-20
4.328358209e-05
-3.027262797e-20
4.328358209e-05
6.810789508e-20
4.328358209e-05
6.879907792e-21
4.328358209e-05
-4.191674916e-20
4.328358209e-05
6.196581796e-20
4.328358209e-05
1.551975379e-20
4.328358209e-05
-4.938126376e-20
4.328358209e-05
-2.728809032e-20
4.328358209e-05
-9.578539561e-21
4.328358209e-05
4.789622161e-20
4.328358209e-05
-3.36413818e-23
4.328358209e-05
9.400051507e-21
4.328358209e-05
4.940264357e-20
4.328358209e-05
-4.686316367e-21
4.328358209e-05
-8.673517664e-20
4.328358209e-05
-3.833910926e-20
4.328358209e-05
4.729038892e-20
4.328358209e-05
2.868773509e-20
4.328358209e-05
2.792586509e-20
4.328358209e-05
-7.312597802e-21
4.328358209e-05
-6.738374986e-21
4.328358209e-05
1.42141439e-20
4.328358209e-05
-1.521499676e-20
4.328358209e-05
-4.308749307e-20
4.328358209e-05
1.405779165e-20
4.328358209e-05
-6.883863932e-20
4.328358209e-05
-5.829424156e-21
4.328358209e-05
7.856682471e-20
4.328358209e-05
-1.828415725e-20
4.328358209e-05
4.692273123e-20
4.328358209e-05
4.820866847e-20
4.328358209e-05
-3.350450184e-20
4.328358209e-05
-3.053944529e-20
4.328358209e-05
-6.559598491e-21
4.328358209e-05
3.2735741e-20
4.328358209e-05
5.497155537e-20
4.328358209e-05
-4.93228854e-20
4.328358209e-05
6.648124126e-21
4.328358209e-05
2.860310006e-20
4.328358209e-05
-9.213763968e-20
4.328358209e-05
-6.074333106e-20
4.328358209e-05
1.979295138e-20
4.328358209e-05
-5.077346389e-21
4.328358209e-05
2.503582307e-20
4.328358209e-05
2.088217311e-20
4.328358209e-05
-4.008864995e-20
4.328358209e-05
2.12061379e-20
4.328358209e-05
-1.111811463e-21
4.328358209e-05
-6.237882353e-20
3.730909588e-20
5.223880597e-05
1.191648758e-19
5.223880597e-05
9.017190901e-20
5.223880597e-05
6.34932642e-20
5.223880597e-05
4.11015981e-20
5.223880597e-05
2.628050192e-20
5.223880597e-05
1.794485103e-20
5.223880597e-05
3.574760591e-20
5.223880597e-05
2.252856998e-20
5.223880597e-05
8.992771704e-21
5.223880597e-05
2.712886758e-20
5.223880597e-05
1.451417807e-20
5.223880597e-05
1.454348379e-21
5.223880597e-05
1.350095264e-21
5.223880597e-05
-7.829180783e-21
5.223880597e-05
-1.224367066e-20
5.223880597e-05
-1.260594132e-20
5.223880597e-05
-1.292975481e-20
5.223880597e-05
-2.091960062e-20
5.223880597e-05
-1.214823903e-20
5.223880597e-05
-6.199195991e-22
5.223880597e-05
-1.219395592e-20
5.223880597e-05
-2.61926402e-20
5.223880597e-05
-1.064424813e-20
5.223880597e-05
5.345162612e-21
5.223880597e-05
1.893383436e-20
5.223880597e-05
3.031958309e-20
5.223880597e-05
3.754259979e-20
5.223880597e-05
1.996787405e-20
5.223880597e-05
-2.211259937e-20
5.223880597e-05
-2.288388662e-20
5.223880597e-05
1.202596283e-21
5.223880597e-05
-1.553747517e-20
5.223880597e-05
-2.510594647e-20
5.223880597e-05
-1.586854889e-20
5.223880597e-05
-1.795046989e-20
5.223880597e-05
-9.960155802e-21
5.223880597e-05
1.775236579e-20
5.223880597e-05
1.487297995e-20
5.223880597e-05
1.003852166e-20
5.223880597e-05
3.368848999e-22
5.223880597e-05
9.619502061e-21
5.223880597e-05
-1.82437877e-20
5.223880597e-05
-1.071165357e-20
5.223880597e-05
-1.942865858e-20
5.223880597e-05
-2.33488844e-20
5.223880597e-05
8.925892844e-21
5.223880597e-05
-7.41559126e-21
5.223880597e-05
-9.542747979e-21
5.223880597e-05
9.777243354e-21
5.223880597e-05
3.720559873e-21
5.223880597e-05
-1.652857501e-21
5.223880597e-05
6.921222798e-21
5.223880597e-05
3.663318944e-20
5.223880597e-05
2.307792249e-20
5.223880597e-05
-9.351694834e-21
5.223880597e-05
-8.042996324e-21
5.223880597e-05
1.619839507e-20
5.223880597e-05
1.868754214e-20
5.223880597e-05
9.379984238e-21
5.223880597e-05
9.823658596e-21
5.223880597e-05
-1.453792649e-20
5.223880597e-05
8.144140788e-21
5.223880597e-05
2.279170646e-20
5.223880597e-05
-6.413209189e-22
5.223880597e-05
-5.464766897e-21
5.223880597e-05
1.901343352e-20
5.223880597e-05
9.534680275e-21
5.223880597e-05
1.638175863e-20
5.223880597e-05
2.59517646e-21
5.223880597e-05
-4.186218585e-20
5.223880597e-05
-5.160841145e-20
5.223880597e-05
2.189000978e-20
5.223880597e-05
1.770542375e-20
5.223880597e-05
-6.30552294e-21
5.223880597e-05
2.837697184e-21
5.223880597e-05
5.9558335e-21
5.223880597e-05
4.271835547e-20
5.223880597e-05
-3.033550391e-20
5.223880597e-05
-5.75085341e-20
5.223880597e-05
1.240349127e-20
5.223880597e-05
2.305169747e-20
5.223880597e-05
-2.09529724e-20
5.223880597e-05
1.244488177e-20
5.223880597e-05
4.989541253e-20
5.223880597e-05
4.536566779e-21
5.223880597e-05
6.918227827e-21
5.223880597e-05
1.479258723e-20
5.223880597e-05
-2.894909957e-20
5.223880597e-05
-1.637824797e-20
5.223880597e-05
2.573324121e-20
5.223880597e-05
-2.800787749e-20
5.223880597e-05
-4.500054017e-20
5.223880597e-05
-3.31597598e-21
5.223880597e-05
2.282427509e-20
5.223880597e-05
-6.084449372e-21
5.223880597e-05
-3.279887014e-20
5.223880597e-05
1.49180142e-20
5.223880597e-05
2.777380068e-20
5.223880597e-05
-8.769378548e-21
5.223880597e-05
-3.491001106e-20
5.223880597e-05
3.715789428e-20
5.223880597e-05
6.390792206e-20
5.223880597e-05
-2.815576458e-21
5.223880597e-05
-2.550404502e-20
5.223880597e-05
-2.796702897e-20
5.223880597e-05
2.519088793e-20
5.223880597e-05
2.645785746e-20
5.223880597e-05
-2.403518973e-20
5.223880597e-05
-4.653925637e-21
5.223880597e-05
3.072067772e-20
5.223880597e-05
-6.828162009e-21
5.223880597e-05
-2.889232899e-20
5.223880597e-05
-8.045159114e-21
5.223880597e-05
3.881377686e-20
5.223880597e-05
2.938403795e-20
5.223880597e-05
-2.686909585e-20
5.223880597e-05
-7.52654747e-21
5.223880597e-05
5.873425855e-20
5.223880597e-05
1.480258764e-20
5.223880597e-05
-3.422311518e-20
5.223880597e-05
-3.726919603e-20
5.223880597e-05
-1.032911534e-21
5.223880597e-05
5.063905811e-20
5.223880597e-05
2.800114672e-20
5.223880597e-05
-2.708484566e-20
5.223880597e-05
-2.819933806e-20
5.223880597e-05
-3.940522279e-21
5.223880597e-05
-9.526992275e-20
5.223880597e-05
-2.44560303e-20
5.223880597e-05
7.577850114e-20
5.223880597e-05
5.464381675e-20
5.223880597e-05
9.036340038e-21
5.223880597e-05
-4.387683129e-20
5.223880597e-05
-4.345695037e-20
5.223880597e-05
2.460585579e-20
5.223880597e-05
8.665260506e-21
5.223880597e-05
-1.707832313e-20
5.223880597e-05
-1.779149929e-20
5.223880597e-05
-7.054697844e-21
5.223880597e-05
-8.373740099e-21
5.223880597e-05
-5.349733177e-20
5.223880597e-05
-1.347429203e-20
5.223880597e-05
1.017080435e-20
5.223880597e-05
6.78367814e-20
5.223880597e-05
8.317170789e-20
5.223880597e-05
-8.779905143e-21
5.223880597e-05
2.797937706e-20
5.223880597e-05
4.627706295e-20
5.223880597e-05
-2.687640833e-20
5.223880597e-05
-6.829462405e-20
5.223880597e-05
-3.686307217e-20
5.223880597e-05
6.830972749e-20
5.223880597e-05
8.493057572e-21
5.223880597e-05
-3.942266441e-20
5.223880597e-05
5.470160747e-20
5.223880597e-05
2.628729586e-20
5.223880597e-05
-4.841388749e-20
5.223880597e-05
-2.95499025e-20
5.223880597e-05
-9.248789568e-21
5.223880597e-05
4.203453262e-20
5.223880597e-05
1.252419242e-20
5.223880597e-05
1.327752147e-20
5.223880597e-05
3.521933194e-20
5.223880597e-05
-2.026999501e-20
5.223880597e-05
-6.46265796e-20
5.223880597e-05
-3.426556119e-20
5.223880597e-05
4.972816599e-20
5.223880597e-05
4.192033219e-20
5.223880597e-05
1.956251922e-20
5.223880597e-05
-1.443127463e-20
5.223880597e-05
6.232041933e-21
5.223880597e-05
1.240943029e-20
5.223880597e-05
-3.498592573e-20
5.223880597e-05
-4.292127852e-20
5.223880597e-05
6.280400956e-21
5.223880597e-05
-6.42730383e-20
5.223880597e-05
-1.181698083e-20
5.223880597e-05
7.976233623e-20
5.223880597e-05
-7.428374172e-21
5.223880597e-05
5.649893131e-20
5.223880597e-05
4.633239247e-20
5.223880597e-05
-3.307157638e-20
5.223880597e-05
-4.232989671e-20
5.223880597e-05
-6.167805696e-21
5.223880597e-05
5.974111085e-20
5.223880597e-05
6.211727894e-20
5.223880597e-05
-5.438338731e-20
5.223880597e-05
-6.153591324e-21
5.223880597e-05
1.449222499e-20
5.223880597e-05
-1.017420393e-19
5.223880597e-05
-6.955536253e-20
5.223880597e-05
1.388782476e-20
5.223880597e-05
9.46801977e-21
5.223880597e-05
2.235762351e-20
5.223880597e-05
2.23914146e-21
5.223880597e-05
-2.888086788e-20
5.223880597e-05
1.801413796e-20
5.223880597e-05
-7.157215427e-21
5.223880597e-05
-6.073808287e-20
3.9386048e-20
5.970149254e-05
1.042797708e-19
5.970149254e-05
8.67063704e-20
5.970149254e-05
4.857453391e-20
5.970149254e-05
4.303762443e-20
5.970149254e-05
3.530369718e-20
5.970149254e-05
4.024807703e-20
5.970149254e-05
3.569849378e-20
5.970149254e-05
2.142286048e-20
5.970149254e-05
3.239820559e-20
5.970149254e-05
3.400280511e-20
5.970149254e-05
4.29764053e-21
5.970149254e-05
8.114596236e-21
5.970149254e-05
8.638839927e-21
5.970149254e-05
-1.133278354e-20
5.970149254e-05
-3.295554689e-20
5.970149254e-05
-2.478729078e-20
5.970149254e-05
-2.326930408e-20
5.970149254e-05
-2.270905036e-20
5.970149254e-05
-3.386632993e-21
5.970149254e-05
-4.440986517e-21
5.970149254e-05
-1.654142911e-20
5.970149254e-05
-2.423369326e-20
5.970149254e-05
-7.909283184e-21
5.970149254e-05
4.623381308e-21
5.970149254e-05
2.040402729e-20
5.970149254e-05
4.013285233e-20
5.970149254e-05
3.212621023e-20
5.970149254e-05
9.169916545e-21
5.970149254e-05
-2.544093088e-20
5.970149254e-05
-2.287990858e-20
5.970149254e-05
3.948104223e-21
5.970149254e-05
-1.899665548e-20
5.970149254e-05
-3.549566443e-20
5.970149254e-05
-1.880419884e-20
5.970149254e-05
-2.262754406e-20
5.970149254e-05
-6.784150504e-21
5.970149254e-05
2.293503086e-20
5.970149254e-05
3.176512453e-20
5.970149254e-05
6.831585664e-21
5.970149254e-05
-8.268637684e-21
5.970149254e-05
-4.622797237e-21
5.970149254e-05
-3.152996395e-20
5.970149254e-05
-2.164472528e-20
5.970149254e-05
-2.039471947e-20
5.970149254e-05
-2.04050036e-20
5.970149254e-05
-6.894669064e-21
5.970149254e-05
3.952479869e-21
5.970149254e-05
-7.780682659e-21
5.970149254e-05
1.035382601e-20
5.970149254e-05
1.246047665e-20
5.970149254e-05
-7.0257788e-21
5.970149254e-05
-5.064911467e-21
5.970149254e-05
3.590452385e-20
5.970149254e-05
3.448188326e-20
5.970149254e-05
1.157676071e-21
5.970149254e-05
-2.418413697e-21
5.970149254e-05
1.830374387e-20
5.970149254e-05
3.282801492e-20
5.970149254e-05
1.187125589e-20
5.970149254e-05
-3.124409393e-21
5.970149254e-05
-2.204875073e-20
5.970149254e-05
8.256694001e-21
5.970149254e-05
2.249418344e-20
5.970149254e-05
1.163066658e-20
5.970149254e-05
7.433262672e-21
5.970149254e-05
2.096601088e-20
5.970149254e-05
-3.503723374e-21
5.970149254e-05
1.314968991e-20
5.970149254e-05
-6.108903214e-21
5.970149254e-05
-3.942253964e-20
5.970149254e-05
-4.579901998e-20
5.970149254e-05
1.442271936e-20
5.970149254e-05
2.454330095e-20
5.970149254e-05
-1.101951708e-21
5.970149254e-05
4.577735938e-21
5.970149254e-05
1.142903355e-20
5.970149254e-05
3.328664777e-20
5.970149254e-05
-2.965279871e-20
5.970149254e-05
-4.525345635e-20
5.970149254e-05
2.760857279e-20
5.970149254e-05
2.725536709e-20
5.970149254e-05
-1.72585421e-20
5.970149254e-05
5.201231104e-21
5.970149254e-05
3.519149479e-20
5.970149254e-05
2.207803612e-21
5.970149254e-05
5.686845828e-21
5.970149254e-05
8.22715906e-21
5.970149254e-05
-2.466545578e-20
5.970149254e-05
-8.855084794e-21
5.970149254e-05
1.290312632e-20
5.970149254e-05
-2.289855376e-20
5.970149254e-05
-4.313360726e-20
5.970149254e-05
-1.076402019e-20
5.970149254e-05
-2.343239019e-22
5.970149254e-05
-2.895955837e-21
5.970149254e-05
-2.921714232e-20
5.970149254e-05
2.192733945e-20
5.970149254e-05
3.266993195e-20
5.970149254e-05
-1.2240734e-20
5.970149254e-05
-3.533090975e-20
5.970149254e-05
5.056268415e-20
5.970149254e-05
6.187130554e-20
5.970149254e-05
1.900926585e-21
5.970149254e-05
-3.570692693e-20
5.970149254e-05
-1.126244667e-20
5.970149254e-05
1.926354187e-20
5.970149254e-05
2.070297965e-20
5.970149254e-05
-4.758323862e-20
5.970149254e-05
-2.992238223e-21
5.970149254e-05
4.845223655e-20
5.970149254e-05
7.405269027e-23
5.970149254e-05
-2.114630387e-20
5.970149254e-05
-4.342754469e-21
5.970149254e-05
4.124868069e-20
5.970149254e-05
3.63950221e-20
5.970149254e-05
-1.263427422e-20
5.970149254e-05
-2.771100683e-21
5.970149254e-05
4.81164695e-20
5.970149254e-05
2.358447419e-20
5.970149254e-05
-2.155441837e-20
5.970149254e-05
-3.500620463e-20
5.970149254e-05
-6.426257252e-21
5.970149254e-05
3.931387252e-20
5.970149254e-05
3.255697843e-21
5.970149254e-05
-4.266259999e-20
5.970149254e-05
-3.591185345e-20
5.970149254e-05
-1.031034531e-20
5.970149254e-05
-7.613590446e-20
5.970149254e-05
-2.426448238e-20
5.970149254e-05
8.038371901e-20
5.970149254e-05
6.622802183e-20
5.970149254e-05
7.049906203e-21
5.970149254e-05
-4.003651829e-20
5.970149254e-05
-4.439131165e-20
5.970149254e-05
1.678735354e-20
5.970149254e-05
-6.091164078e-21
5.970149254e-05
-1.860691525e-20
5.970149254e-05
-3.032267246e-20
5.970149254e-05
-1.347635425e-20
5.970149254e-05
4.604402532e-21
5.970149254e-05
-4.288227476e-20
5.970149254e-05
-2.110462316e-20
5.970149254e-05
2.362052074e-20
5.970149254e-05
8.05623419e-20
5.970149254e-05
8.839829853e-20
5.970149254e-05
1.383097872e-20
5.970149254e-05
3.982251076e-20
5.970149254e-05
4.309836693e-20
5.970149254e-05
-2.56201212e-20
5.970149254e-05
-7.451050764e-20
5.970149254e-05
-4.064960521e-20
5.970149254e-05
3.646781604e-20
5.970149254e-05
7.817375757e-21
5.970149254e-05
-2.838366213e-20
5.970149254e-05
5.043204004e-20
5.970149254e-05
3.240051957e-20
5.970149254e-05
-4.203567044e-20
5.970149254e-05
-2.904937205e-20
5.970149254e-05
-6.936611459e-21
5.970149254e-05
5.973652363e-20
5.970149254e-05
1.29669761e-20
5.970149254e-05
1.915666504e-21
5.970149254e-05
1.77518834e-20
5.970149254e-05
-2.026902208e-20
5.970149254e-05
-5.45064119e-20
5.970149254e-05
-2.639075467e-20
5.970149254e-05
5.503908212e-20
5.970149254e-05
5.245093688e-20
5.970149254e-05
3.097587607e-20
5.970149254e-05
-2.504881506e-20
5.970149254e-05
5.930880235e-21
5.970149254e-05
4.252404034e-21
5.970149254e-05
-4.656758775e-20
5.970149254e-05
-5.277870728e-20
5.970149254e-05
-4.089293257e-21
5.970149254e-05
-4.121664902e-20
5.970149254e-05
-3.319665958e-21
5.970149254e-05
5.815212995e-20
5.970149254e-05
1.384724319e-21
5.970149254e-05
5.665090034e-20
5.970149254e-05
4.822069788e-20
5.970149254e-05
-3.057265755e-20
5.970149254e-05
-3.243133604e-20
5.970149254e-05
-9.973005754e-21
5.970149254e-05
7.790478987e-20
5.970149254e-05
5.999793562e-20
5.970149254e-05
-6.647293422e-20
5.970149254e-05
-6.601702194e-21
5.970149254e-05
2.900615302e-21
5.970149254e-05
-9.824486936e-20
5.970149254e-05
-7.238184977e-20
5.970149254e-05
-1.749029389e-20
5.970149254e-05
6.120267106e-21
5.970149254e-05
4.010587626e-20
5.970149254e-05
-1.542135522e-20
5.970149254e-05
-2.665593289e-20
5.970149254e-05
3.005760539e-20
5.970149254e-05
-1.261040577e-21
5.970149254e-05
-3.687489074e-20
2.765929257e-20
6.567164179e-05
7.745241397e-20
6.567164179e-05
8.128882788e-20
6.567164179e-05
4.555732002e-20
6.567164179e-05
2.953628842e-20
6.567164179e-05
4.487539393e-20
6.567164179e-05
4.034464378e-20
6.567164179e-05
3.503654164e-20
6.567164179e-05
3.876534289e-20
6.567164179e-05
5.426740539e-20
6.567164179e-05
4.217546766e-20
6.567164179e-05
1.017335817e-20
6.567164179e-05
-1.532727825e-21
6.567164179e-05
1.715764817e-20
6.567164179e-05
-6.030608626e-21
6.567164179e-05
-3.634390787e-20
6.567164179e-05
-3.200975494e-20
6.567164179e-05
-3.459549684e-20
6.567164179e-05
-2.715996048e-20
6.567164179e-05
-8.597622878e-21
6.567164179e-05
-1.291832378e-20
6.567164179e-05
-9.647494421e-21
6.567164179e-05
-1.908689905e-20
6.567164179e-05
3.994398242e-21
6.567164179e-05
7.230583254e-21
6.567164179e-05
1.742750338e-20
6.567164179e-05
1.685181085e-20
6.567164179e-05
2.685817244e-20
6.567164179e-05
-2.397895256e-21
6.567164179e-05
-2.944861377e-20
6.567164179e-05
-4.844992231e-21
6.567164179e-05
-8.82454867e-21
6.567164179e-05
-2.869980917e-20
6.567164179e-05
-3.007138103e-20
6.567164179e-05
-1.948729221e-20
6.567164179e-05
-3.260793526e-20
6.567164179e-05
6.371103712e-22
6.567164179e-05
3.417242492e-20
6.567164179e-05
3.561209087e-20
6.567164179e-05
1.347247924e-20
6.567164179e-05
-1.594615127e-20
6.567164179e-05
-1.973001205e-20
6.567164179e-05
-3.341528435e-20
6.567164179e-05
-2.293800765e-20
6.567164179e-05
-1.423656687e-20
6.567164179e-05
1.499825287e-21
6.567164179e-05
-1.719338156e-20
6.567164179e-05
-6.377853517e-21
6.567164179e-05
4.095155397e-21
6.567164179e-05
3.898874274e-21
6.567164179e-05
9.280551718e-21
6.567164179e-05
-3.289745027e-21
6.567164179e-05
8.216454442e-21
6.567164179e-05
3.002743537e-20
6.567164179e-05
3.706670974e-20
6.567164179e-05
3.433228281e-21
6.567164179e-05
-3.628249678e-21
6.567164179e-05
1.41835314e-20
6.567164179e-05
2.529048206e-20
6.567164179e-05
2.137803845e-20
6.567164179e-05
-3.782390152e-21
6.567164179e-05
-1.77712121e-20
6.567164179e-05
7.780309127e-21
6.567164179e-05
2.639429275e-20
6.567164179e-05
2.456916682e-20
6.567164179e-05
1.644491694e-20
6.567164179e-05
2.080549183e-20
6.567164179e-05
-2.299708583e-21
6.567164179e-05
8.943544195e-21
6.567164179e-05
-1.157427531e-20
6.567164179e-05
-5.657125037e-20
6.567164179e-05
-2.467780777e-20
6.567164179e-05
2.845151651e-21
6.567164179e-05
1.635428458e-20
6.567164179e-05
2.102933766e-21
6.567164179e-05
-1.417537544e-20
6.567164179e-05
1.72392051e-20
6.567164179e-05
3.092136146e-20
6.567164179e-05
-1.226969257e-20
6.567164179e-05
-3.551136749e-20
6.567164179e-05
2.709047504e-20
6.567164179e-05
2.233152433e-20
6.567164179e-05
1.634205134e-21
6.567164179e-05
1.094416677e-20
6.567164179e-05
1.187393518e-20
6.567164179e-05
-2.979142469e-21
6.567164179e-05
1.158996297e-20
6.567164179e-05
-9.021814803e-21
6.567164179e-05
-2.203778487e-20
6.567164179e-05
-9.854013241e-21
6.567164179e-05
1.157346372e-20
6.567164179e-05
-1.696781033e-20
6.567164179e-05
-2.690784712e-20
6.567164179e-05
-2.83084802e-20
6.567164179e-05
-1.208846907e-20
6.567164179e-05
-1.354606879e-20
6.567164179e-05
-3.287515554e-20
6.567164179e-05
1.208346737e-20
6.567164179e-05
3.913343159e-20
6.567164179e-05
-7.42103359e-21
6.567164179e-05
-3.006601587e-20
6.567164179e-05
3.694117513e-20
6.567164179e-05
5.743070566e-20
6.567164179e-05
1.695015504e-20
6.567164179e-05
-3.425780589e-20
6.567164179e-05
-1.729438002e-20
6.567164179e-05
2.030548336e-20
6.567164179e-05
-5.912883591e-22
6.567164179e-05
-3.805248293e-20
6.567164179e-05
8.325317278e-21
6.567164179e-05
3.921370081e-20
6.567164179e-05
1.142542975e-20
6.567164179e-05
-1.799453206e-20
6.567164179e-05
1.544941845e-21
6.567164179e-05
2.826171582e-20
6.567164179e-05
2.870652628e-20
6.567164179e-05
1.826869099e-21
6.567164179e-05
8.278330145e-21
6.567164179e-05
2.694812318e-20
6.567164179e-05
1.929420278e-20
6.567164179e-05
-7.738368408e-21
6.567164179e-05
-1.578192858e-20
6.567164179e-05
-1.740781976e-21
6.567164179e-05
2.276548715e-20
6.567164179e-05
-1.932161726e-20
6.567164179e-05
-5.335707533e-20
6.567164179e-05
-5.034386614e-20
6.567164179e-05
-3.264342077e-20
6.567164179e-05
-4.863396102e-20
6.567164179e-05
-9.815070292e-21
6.567164179e-05
7.087176233e-20
6.567164179e-05
5.497790961e-20
6.567164179e-05
1.721216716e-20
6.567164179e-05
-3.578325602e-20
6.567164179e-05
-3.033319741e-20
6.567164179e-05
1.877651734e-20
6.567164179e-05
-1.940489798e-20
6.567164179e-05
-3.450529091e-20
6.567164179e-05
-2.328557997e-20
6.567164179e-05
-7.599953753e-21
6.567164179e-05
6.412320322e-21
6.567164179e-05
-4.107750396e-20
6.567164179e-05
-6.861919369e-21
6.567164179e-05
2.91033468e-20
6.567164179e-05
8.13659546e-20
6.567164179e-05
8.0854035e-20
6.567164179e-05
2.84434349e-20
6.567164179e-05
4.134005082e-20
6.567164179e-05
3.531042207e-20
6.567164179e-05
-2.442827524e-20
6.567164179e-05
-5.776756535e-20
6.567164179e-05
-3.930622194e-20
6.567164179e-05
2.083056072e-20
6.567164179e-05
-1.465218728e-21
6.567164179e-05
-2.855977516e-20
6.567164179e-05
3.203141536e-20
6.567164179e-05
3.467442731e-20
6.567164179e-05
-2.99988356e-20
6.567164179e-05
-1.930156313e-20
6.567164179e-05
-5.416279175e-21
6.567164179e-05
3.849335651e-20
6.567164179e-05
1.066024435e-20
6.567164179e-05
1.972220122e-21
6.567164179e-05
2.473526012e-21
6.567164179e-05
-2.333443452e-20
6.567164179e-05
-4.691089191e-20
6.567164179e-05
-8.242857314e-21
6.567164179e-05
6.170586577e-20
6.567164179e-05
4.576669318e-20
6.567164179e-05
2.150950461e-20
6.567164179e-05
-1.543563522e-20
6.567164179e-05
-1.291593545e-20
6.567164179e-05
-6.077990369e-21
6.567164179e-05
-3.636181764e-20
6.567164179e-05
-4.808393128e-20
6.567164179e-05
-8.963918982e-21
6.567164179e-05
-3.832588023e-20
6.567164179e-05
-5.849108885e-21
6.567164179e-05
4.551045503e-20
6.567164179e-05
1.210719135e-20
6.567164179e-05
5.86532466e-20
6.567164179e-05
5.614169413e-20
6.567164179e-05
-1.035690456e-20
6.567164179e-05
-2.106422791e-20
6.567164179e-05
-7.294285934e-21
6.567164179e-05
6.983412186e-20
6.567164179e-05
2.780935114e-20
6.567164179e-05
-6.541661169e-20
6.567164179e-05
-1.218489669e-20
6.567164179e-05
-1.31899759e-22
6.567164179e-05
-7.760190779e-20
6.567164179e-05
-7.891645281e-20
6.567164179e-05
-1.675192037e-20
6.567164179e-05
1.327251628e-21
6.567164179e-05
1.791819514e-20
6.567164179e-05
6.59013717e-21
6.567164179e-05
-1.83064915e-20
6.567164179e-05
1.360085732e-20
6.567164179e-05
2.352899964e-21
6.567164179e-05
-3.510234208e-20
3.169754647e-20
7.014925373e-05
7.300131677e-20
7.014925373e-05
5.152427005e-20
7.014925373e-05
4.337045319e-20
7.014925373e-05
5.630717317e-20
7.014925373e-05
4.886410506e-20
7.014925373e-05
4.774536718e-20
7.014925373e-05
4.288445579e-20
7.014925373e-05
4.690886881e-20
7.014925373e-05
5.217688082e-20
7.014925373e-05
3.28407384e-20
7.014925373e-05
1.19265582e-20
7.014925373e-05
1.544283302e-21
7.014925373e-05
1.763011885e-20
7.014925373e-05
-8.487545337e-21
7.014925373e-05
-4.061979526e-20
7.014925373e-05
-3.878546111e-20
7.014925373e-05
-4.205786492e-20
7.014925373e-05
-1.073256638e-20
7.014925373e-05
-5.406444269e-21
7.014925373e-05
-2.321166845e-20
7.014925373e-05
-1.748827869e-20
7.014925373e-05
5.175412554e-22
7.014925373e-05
-3.777654564e-21
7.014925373e-05
-2.196044896e-21
7.014925373e-05
1.212405403e-20
7.014925373e-05
7.248066612e-21
7.014925373e-05
6.442809467e-21
7.014925373e-05
-9.230499691e-21
7.014925373e-05
-2.483800445e-20
7.014925373e-05
-1.140943018e-20
7.014925373e-05
-1.721304379e-20
7.014925373e-05
-2.484550124e-20
7.014925373e-05
-3.037619903e-20
7.014925373e-05
-3.688362705e-20
7.014925373e-05
-1.735388646e-20
7.014925373e-05
-6.877849907e-21
7.014925373e-05
2.031841515e-20
7.014925373e-05
3.310378577e-20
7.014925373e-05
1.791788381e-20
7.014925373e-05
-8.262038176e-21
7.014925373e-05
-4.084203513e-20
7.014925373e-05
-3.506066834e-20
7.014925373e-05
-2.043254387e-20
7.014925373e-05
-2.005336759e-20
7.014925373e-05
-3.564461086e-21
7.014925373e-05
-2.125978414e-20
7.014925373e-05
-4.098219043e-21
7.014925373e-05
2.182062573e-20
7.014925373e-05
5.399432017e-21
7.014925373e-05
2.390818555e-21
7.014925373e-05
9.739093313e-21
7.014925373e-05
4.290355772e-21
7.014925373e-05
2.208852155e-20
7.014925373e-05
3.874622803e-20
7.014925373e-05
1.628991674e-20
7.014925373e-05
1.476931531e-20
7.014925373e-05
1.819339038e-20
7.014925373e-05
1.628759514e-20
7.014925373e-05
1.397222559e-20
7.014925373e-05
8.138479615e-21
7.014925373e-05
-2.038817186e-21
7.014925373e-05
-3.761072259e-21
7.014925373e-05
1.075967729e-20
7.014925373e-05
1.466753717e-20
7.014925373e-05
3.909523397e-20
7.014925373e-05
1.955552821e-20
7.014925373e-05
-7.437451294e-21
7.014925373e-05
-1.448010539e-20
7.014925373e-05
-1.724064265e-20
7.014925373e-05
-3.30079895e-20
7.014925373e-05
-8.176204223e-21
7.014925373e-05
-2.193920443e-22
7.014925373e-05
1.891276034e-20
7.014925373e-05
4.612890974e-21
7.014925373e-05
2.291670326e-22
7.014925373e-05
1.281502579e-20
7.014925373e-05
3.026141556e-20
7.014925373e-05
2.75587288e-21
7.014925373e-05
-1.861878705e-20
7.014925373e-05
6.639084083e-21
7.014925373e-05
7.613217652e-21
7.014925373e-05
4.056885998e-21
7.014925373e-05
1.278351917e-20
7.014925373e-05
8.345129317e-21
7.014925373e-05
3.406266059e-21
7.014925373e-05
-1.780044696e-20
7.014925373e-05
-1.898129658e-20
7.014925373e-05
-1.127157632e-21
7.014925373e-05
1.883565688e-21
7.014925373e-05
1.329150603e-20
7.014925373e-05
-9.516893599e-21
7.014925373e-05
-2.874657185e-20
7.014925373e-05
-3.388505865e-20
7.014925373e-05
-1.84335576e-20
7.014925373e-05
-1.299363737e-20
7.014925373e-05
-4.037577437e-20
7.014925373e-05
-1.042163676e-20
7.014925373e-05
3.794627848e-20
7.014925373e-05
2.481705735e-21
7.014925373e-05
-2.058471281e-20
7.014925373e-05
1.5589067e-20
7.014925373e-05
5.171144624e-20
7.014925373e-05
2.034126007e-20
7.014925373e-05
-3.279733158e-20
7.014925373e-05
-2.312989428e-20
7.014925373e-05
1.243624767e-21
7.014925373e-05
-1.222712232e-20
7.014925373e-05
-6.22182464e-21
7.014925373e-05
6.57909453e-21
7.014925373e-05
2.334028652e-20
7.014925373e-05
4.138829608e-21
7.014925373e-05
4.42514582e-21
7.014925373e-05
1.35610341e-20
7.014925373e-05
2.851317533e-20
7.014925373e-05
3.983576773e-20
7.014925373e-05
1.609067667e-20
7.014925373e-05
-9.785469016e-21
7.014925373e-05
1.649581042e-20
7.014925373e-05
2.947526848e-20
7.014925373e-05
1.001966607e-20
7.014925373e-05
-8.838338372e-21
7.014925373e-05
2.765394754e-21
7.014925373e-05
-1.358475654e-20
7.014925373e-05
-3.288029315e-20
7.014925373e-05
-7.05102511e-20
7.014925373e-05
-6.097388301e-20
7.014925373e-05
-2.232388431e-20
7.014925373e-05
-3.735647756e-20
7.014925373e-05
4.031304442e-21
7.014925373e-05
5.93320144e-20
7.014925373e-05
4.436531525e-20
7.014925373e-05
2.540570084e-20
7.014925373e-05
-2.265832619e-20
7.014925373e-05
-3.239107537e-20
7.014925373e-05
5.278557072e-21
7.014925373e-05
-5.291487521e-21
7.014925373e-05
-2.364736426e-20
7.014925373e-05
-2.204404351e-20
7.014925373e-05
8.107652874e-21
7.014925373e-05
1.405459391e-20
7.014925373e-05
-2.863687654e-20
7.014925373e-05
4.439710044e-21
7.014925373e-05
3.410389043e-20
7.014925373e-05
6.51777785e-20
7.014925373e-05
8.05860123e-20
7.014925373e-05
3.450627541e-20
7.014925373e-05
4.751467596e-20
7.014925373e-05
3.59593994e-20
7.014925373e-05
-1.127586996e-20
7.014925373e-05
-5.566374099e-20
7.014925373e-05
-4.472826962e-20
7.014925373e-05
-5.798357013e-22
7.014925373e-05
-1.829056402e-20
7.014925373e-05
-1.433850505e-20
7.014925373e-05
2.608156355e-20
7.014925373e-05
1.748739218e-20
7.014925373e-05
-1.451622373e-20
7.014925373e-05
-2.893487137e-20
7.014925373e-05
-1.314463654e-20
7.014925373e-05
2.501906703e-20
7.014925373e-05
1.212075265e-20
7.014925373e-05
1.061264244e-20
7.014925373e-05
-4.331297301e-21
7.014925373e-05
-8.852327878e-21
7.014925373e-05
-4.81371087e-20
7.014925373e-05
-3.142838058e-21
7.014925373e-05
5.985643363e-20
7.014925373e-05
3.689729922e-20
7.014925373e-05
3.67137132e-20
7.014925373e-05
-3.098539497e-20
7.014925373e-05
-1.317778407e-20
7.014925373e-05
-2.104718423e-22
7.014925373e-05
-4.253845954e-20
7.014925373e-05
-4.434224485e-20
7.014925373e-05
-1.013632091e-20
7.014925373e-05
-1.672635192e-20
7.014925373e-05
-3.574640453e-20
7.014925373e-05
3.475530807e-21
7.014925373e-05
3.622622414e-20
7.014925373e-05
5.372719552e-20
7.014925373e-05
6.91220516e-20
7.014925373e-05
6.414789818e-21
7.014925373e-05
-7.760527946e-21
7.014925373e-05
6.562711279e-21
7.014925373e-05
5.052239686e-20
7.014925373e-05
2.280773803e-20
7.014925373e-05
-6.706291581e-20
7.014925373e-05
-1.260220835e-20
7.014925373e-05
3.113117508e-21
7.014925373e-05
-8.254506707e-20
7.014925373e-05
-6.731660242e-20
7.014925373e-05
-1.723684518e-20
7.014925373e-05
-8.31667349e-21
7.014925373e-05
3.493440086e-20
7.014925373e-05
6.076798099e-22
7.014925373e-05
-2.175104348e-20
7.014925373e-05
-3.524095839e-24
7.014925373e-05
6.99524436e-21
7.014925373e-05
-2.122418001e-20
1.652032226e-20
7.313432836e-05
6.425268291e-20
7.313432836e-05
3.460104437e-20
7.313432836e-05
5.194645917e-20
7.313432836e-05
6.051280023e-20
7.313432836e-05
3.935647667e-20
7.313432836e-05
6.374800322e-20
7.313432836e-05
5.699489363e-20
7.313432836e-05
4.030976437e-20
7.313432836e-05
5.650118732e-20
7.313432836e-05
3.481132421e-20
7.313432836e-05
1.033504458e-20
7.313432836e-05
9.12973111e-21
7.313432836e-05
3.245979541e-21
7.313432836e-05
-5.73450566e-21
7.313432836e-05
-3.265855503e-20
7.313432836e-05
-5.162591002e-20
7.313432836e-05
-5.6069501e-20
7.313432836e-05
-2.23424968e-20
7.313432836e-05
-2.121896213e-21
7.313432836e-05
-9.481300117e-21
7.313432836e-05
-3.149818056e-21
7.313432836e-05
4.038592488e-21
7.313432836e-05
-4.117501594e-21
7.313432836e-05
-1.429463901e-20
7.313432836e-05
2.43640263e-21
7.313432836e-05
8.639132132e-21
7.313432836e-05
-2.307876172e-20
7.313432836e-05
-1.835144047e-20
7.313432836e-05
-7.181604065e-21
7.313432836e-05
-7.00661733e-21
7.313432836e-05
-2.223202513e-20
7.313432836e-05
-3.471256653e-20
7.313432836e-05
-3.77216418e-20
7.313432836e-05
-3.448887956e-20
7.313432836e-05
-1.421038773e-20
7.313432836e-05
1.739771302e-21
7.313432836e-05
1.263913701e-20
7.313432836e-05
1.924783728e-20
7.313432836e-05
1.250082231e-20
7.313432836e-05
-1.32218235e-20
7.313432836e-05
-3.496605956e-20
7.313432836e-05
-3.149807377e-20
7.313432836e-05
-4.473701082e-20
7.313432836e-05
-2.238360044e-20
7.313432836e-05
-6.273016828e-21
7.313432836e-05
-2.080725655e-20
7.313432836e-05
8.236871683e-21
7.313432836e-05
2.575772133e-20
7.313432836e-05
6.881497096e-21
7.313432836e-05
-4.303294717e-21
7.313432836e-05
5.076709848e-21
7.313432836e-05
7.699919077e-21
7.313432836e-05
1.569227124e-20
7.313432836e-05
3.330251932e-20
7.313432836e-05
2.912446317e-20
7.313432836e-05
3.335283836e-20
7.313432836e-05
1.888449792e-20
7.313432836e-05
-4.044499659e-21
7.313432836e-05
7.662253654e-21
7.313432836e-05
2.821892165e-21
7.313432836e-05
1.085024956e-20
7.313432836e-05
1.414410251e-20
7.313432836e-05
8.908120773e-21
7.313432836e-05
1.303579378e-20
7.313432836e-05
2.109349745e-20
7.313432836e-05
2.322900485e-20
7.313432836e-05
1.843875388e-21
7.313432836e-05
-6.203791488e-21
7.313432836e-05
-1.694165797e-20
7.313432836e-05
-1.594927552e-20
7.313432836e-05
-1.086066365e-20
7.313432836e-05
5.951931779e-21
7.313432836e-05
1.564501202e-20
7.313432836e-05
1.404259149e-20
7.313432836e-05
6.706642325e-21
7.313432836e-05
1.732283031e-21
7.313432836e-05
1.787386082e-20
7.313432836e-05
-1.385900303e-21
7.313432836e-05
-3.443982322e-21
7.313432836e-05
8.373489848e-21
7.313432836e-05
4.634428002e-21
7.313432836e-05
-5.217521072e-21
7.313432836e-05
3.309384937e-21
7.313432836e-05
1.552463795e-20
7.313432836e-05
1.656772031e-21
7.313432836e-05
-4.571353424e-20
7.313432836e-05
-4.086982624e-20
7.313432836e-05
3.326473997e-21
7.313432836e-05
-1.867803295e-21
7.313432836e-05
9.788475651e-21
7.313432836e-05
1.055032834e-20
7.313432836e-05
-6.908743623e-21
7.313432836e-05
-3.914052489e-20
7.313432836e-05
-9.672088846e-21
7.313432836e-05
-1.482200773e-20
7.313432836e-05
-5.37704669e-20
7.313432836e-05
-2.392838783e-21
7.313432836e-05
1.66778024e-20
7.313432836e-05
-7.296138051e-21
7.313432836e-05
-1.722480817e-20
7.313432836e-05
9.303166632e-21
7.313432836e-05
4.049559346e-20
7.313432836e-05
3.036935699e-20
7.313432836e-05
-2.734578706e-20
7.313432836e-05
-2.412347142e-20
7.313432836e-05
-1.422795894e-20
7.313432836e-05
-3.091923473e-21
7.313432836e-05
5.031165919e-21
7.313432836e-05
-4.529801955e-21
7.313432836e-05
5.763841647e-21
7.313432836e-05
4.390574383e-21
7.313432836e-05
2.494042703e-20
7.313432836e-05
1.870003053e-20
7.313432836e-05
2.197023197e-20
7.313432836e-05
3.811727148e-20
7.313432836e-05
4.176982486e-20
7.313432836e-05
-6.797625069e-21
7.313432836e-05
-1.670809078e-22
7.313432836e-05
1.818370312e-20
7.313432836e-05
1.680038794e-21
7.313432836e-05
1.666262125e-20
7.313432836e-05
6.445128222e-21
7.313432836e-05
-1.379663451e-20
7.313432836e-05
-4.723670493e-20
7.313432836e-05
-6.729985349e-20
7.313432836e-05
-6.888943723e-20
7.313432836e-05
-1.157092636e-20
7.313432836e-05
-1.638937951e-20
7.313432836e-05
-2.980865701e-21
7.313432836e-05
4.511881992e-20
7.313432836e-05
4.792309692e-20
7.313432836e-05
2.235422619e-20
7.313432836e-05
-2.910792035e-20
7.313432836e-05
-3.55920883e-20
7.313432836e-05
-8.035638987e-21
7.313432836e-05
-1.240501321e-20
7.313432836e-05
-1.27746057e-20
7.313432836e-05
-2.574647615e-20
7.313432836e-05
9.581288362e-21
7.313432836e-05
1.664022456e-20
7.313432836e-05
-1.988536531e-20
7.313432836e-05
2.0630111e-20
7.313432836e-05
5.683217079e-20
7.313432836e-05
5.559736189e-20
7.313432836e-05
5.198624506e-20
7.313432836e-05
3.060995459e-20
7.313432836e-05
6.334124544e-20
7.313432836e-05
3.970266019e-20
7.313432836e-05
-1.283446063e-20
7.313432836e-05
-3.892084236e-20
7.313432836e-05
-3.057021933e-20
7.313432836e-05
-1.935395883e-20
7.313432836e-05
-3.270074719e-20
7.313432836e-05
-1.121937467e-20
7.313432836e-05
2.515901943e-20
7.313432836e-05
2.035676637e-21
7.313432836e-05
-9.675597862e-21
7.313432836e-05
-1.376608056e-20
7.313432836e-05
-1.436310572e-20
7.313432836e-05
3.236376633e-21
7.313432836e-05
8.107645747e-21
7.313432836e-05
1.919750436e-20
7.313432836e-05
6.942802027e-22
7.313432836e-05
1.072974853e-22
7.313432836e-05
-2.217841767e-20
7.313432836e-05
6.522878424e-21
7.313432836e-05
5.129317014e-20
7.313432836e-05
3.426653695e-20
7.313432836e-05
2.366532505e-20
7.313432836e-05
-2.590438715e-20
7.313432836e-05
-1.349626662e-20
7.313432836e-05
-2.035795505e-20
7.313432836e-05
-4.069761278e-20
7.313432836e-05
-4.380247568e-20
7.313432836e-05
-1.400478056e-20
7.313432836e-05
-1.581972618e-20
7.313432836e-05
-4.893000638e-20
7.313432836e-05
4.855608642e-21
7.313432836e-05
3.036490046e-20
7.313432836e-05
4.677909553e-20
7.313432836e-05
5.204086872e-20
7.313432836e-05
3.136493502e-20
7.313432836e-05
2.227521853e-20
7.313432836e-05
1.617762464e-20
7.313432836e-05
4.218849481e-20
7.313432836e-05
5.936804634e-21
7.313432836e-05
-4.645583209e-20
7.313432836e-05
-2.009910279e-20
7.313432836e-05
-7.63036649e-21
7.313432836e-05
-6.093349513e-20
7.313432836e-05
-6.712297514e-20
7.313432836e-05
-2.576564664e-20
7.313432836e-05
5.36819072e-21
7.313432836e-05
2.040013793e-20
7.313432836e-05
2.320122671e-20
7.313432836e-05
-9.391088305e-21
7.313432836e-05
-2.018411625e-20
7.313432836e-05
1.313349038e-20
7.313432836e-05
-1.390709427e-20
2.277614162e-20
7.462686567e-05
1.821516974e-20
7.462686567e-05
4.218765624e-20
7.462686567e-05
5.524546677e-20
7.462686567e-05
4.259642992e-20
7.462686567e-05
4.485251399e-20
7.462686567e-05
6.748313371e-20
7.462686567e-05
4.045540907e-20
7.462686567e-05
3.101181075e-20
7.462686567e-05
4.72144038e-20
7.462686567e-05
1.552274648e-20
7.462686567e-05
1.885498749e-20
7.462686567e-05
1.477987076e-20
7.462686567e-05
7.055869958e-21
7.462686567e-05
-1.674373831e-20
7.462686567e-05
-2.506597597e-20
7.462686567e-05
-3.165176515e-20
7.462686567e-05
-4.230584382e-20
7.462686567e-05
-1.401351558e-20
7.462686567e-05
-7.252641137e-21
7.462686567e-05
-6.712386922e-21
7.462686567e-05
9.137618642e-21
7.462686567e-05
-5.068327969e-21
7.462686567e-05
-1.203339984e-20
7.462686567e-05
-3.75787428e-21
7.462686567e-05
-2.478782507e-21
7.462686567e-05
-1.322463384e-20
7.462686567e-05
-2.510660912e-20
7.462686567e-05
-6.258054895e-21
7.462686567e-05
7.850548103e-23
7.462686567e-05
-7.301902694e-21
7.462686567e-05
-3.174209792e-20
7.462686567e-05
-4.764657254e-20
7.462686567e-05
-4.357940352e-20
7.462686567e-05
-2.465019483e-20
7.462686567e-05
-6.638703829e-21
7.462686567e-05
3.550055251e-21
7.462686567e-05
5.352166814e-21
7.462686567e-05
2.029494953e-20
7.462686567e-05
8.93745671e-21
7.462686567e-05
-1.739046246e-20
7.462686567e-05
-2.482732978e-20
7.462686567e-05
-2.523302588e-20
7.462686567e-05
-5.01674611e-20
7.462686567e-05
-3.426301975e-20
7.462686567e-05
-4.284415238e-21
7.462686567e-05
-8.220933183e-21
7.462686567e-05
-2.013350238e-21
7.462686567e-05
2.739766069e-20
7.462686567e-05
1.679076481e-20
7.462686567e-05
-8.632139828e-21
7.462686567e-05
9.490391861e-23
7.462686567e-05
1.439058901e-20
7.462686567e-05
1.958272918e-20
7.462686567e-05
3.888759659e-20
7.462686567e-05
1.8840726e-20
7.462686567e-05
4.082985696e-20
7.462686567e-05
3.529932708e-20
7.462686567e-05
-2.063129533e-21
7.462686567e-05
-2.036018385e-21
7.462686567e-05
1.251231675e-21
7.462686567e-05
2.40842826e-20
7.462686567e-05
1.403086807e-20
7.462686567e-05
4.227629133e-21
7.462686567e-05
7.318038778e-21
7.462686567e-05
1.39424184e-20
7.462686567e-05
2.552322031e-20
7.462686567e-05
7.136791368e-21
7.462686567e-05
4.527873837e-21
7.462686567e-05
-1.59299442e-20
7.462686567e-05
-1.780461737e-20
7.462686567e-05
-1.872773913e-21
7.462686567e-05
1.650282835e-20
7.462686567e-05
1.340971555e-20
7.462686567e-05
1.872298019e-20
7.462686567e-05
1.691109312e-20
7.462686567e-05
-7.364708486e-21
7.462686567e-05
1.472029811e-21
7.462686567e-05
6.661726182e-21
7.462686567e-05
7.093717267e-21
7.462686567e-05
1.476132176e-20
7.462686567e-05
-2.122645727e-20
7.462686567e-05
-1.087329739e-20
7.462686567e-05
-5.780020894e-21
7.462686567e-05
-3.404112455e-21
7.462686567e-05
-6.655488416e-21
7.462686567e-05
-4.69916745e-20
7.462686567e-05
-4.077310394e-20
7.462686567e-05
1.809726244e-21
7.462686567e-05
1.362368364e-21
7.462686567e-05
1.728326599e-20
7.462686567e-05
1.42209312e-20
7.462686567e-05
-1.732997236e-20
7.462686567e-05
-3.04268287e-20
7.462686567e-05
-4.941994878e-21
7.462686567e-05
-1.682697877e-20
7.462686567e-05
-3.306563754e-20
7.462686567e-05
-1.227504153e-20
7.462686567e-05
-3.754590963e-21
7.462686567e-05
-2.026557024e-20
7.462686567e-05
-1.142640651e-20
7.462686567e-05
1.058326576e-20
7.462686567e-05
2.174880167e-20
7.462686567e-05
1.615685675e-20
7.462686567e-05
-4.913219515e-21
7.462686567e-05
-2.686638891e-20
7.462686567e-05
-1.696828309e-20
7.462686567e-05
3.901933955e-21
7.462686567e-05
5.466684561e-21
7.462686567e-05
3.193913817e-21
7.462686567e-05
-8.432157084e-21
7.462686567e-05
1.842957055e-20
7.462686567e-05
3.324952964e-20
7.462686567e-05
2.70775311e-20
7.462686567e-05
8.055374258e-21
7.462686567e-05
2.718813643e-20
7.462686567e-05
4.295642507e-20
7.462686567e-05
8.361949183e-21
7.462686567e-05
-1.787880643e-20
7.462686567e-05
1.205667261e-20
7.462686567e-05
1.156641754e-20
7.462686567e-05
1.195376844e-20
7.462686567e-05
1.990126091e-21
7.462686567e-05
-9.757324367e-21
7.462686567e-05
-4.223499281e-20
7.462686567e-05
-6.020561529e-20
7.462686567e-05
-6.135847549e-20
7.462686567e-05
-3.148558241e-20
7.462686567e-05
-2.303709634e-20
7.462686567e-05
5.57195949e-21
7.462686567e-05
3.271257646e-20
7.462686567e-05
2.432572427e-20
7.462686567e-05
3.139470491e-20
7.462686567e-05
-1.56465306e-20
7.462686567e-05
-3.733005597e-20
7.462686567e-05
-1.673627572e-20
7.462686567e-05
-2.391786328e-20
7.462686567e-05
-1.050483366e-20
7.462686567e-05
-1.402313499e-20
7.462686567e-05
1.396545506e-20
7.462686567e-05
1.339364983e-20
7.462686567e-05
-1.616140902e-20
7.462686567e-05
3.504246293e-20
7.462686567e-05
7.129730633e-20
7.462686567e-05
5.786531289e-20
7.462686567e-05
3.644359988e-20
7.462686567e-05
3.998782532e-20
7.462686567e-05
5.702430795e-20
7.462686567e-05
3.519678931e-20
7.462686567e-05
1.182029539e-20
7.462686567e-05
-2.183131555e-20
7.462686567e-05
-1.28976364e-20
7.462686567e-05
-4.91786259e-20
7.462686567e-05
-5.889535812e-20
7.462686567e-05
-2.388568671e-21
7.462686567e-05
7.673551143e-21
7.462686567e-05
-5.990007929e-21
7.462686567e-05
2.444700321e-21
7.462686567e-05
3.543728987e-21
7.462686567e-05
-1.316214122e-20
7.462686567e-05
-8.191481171e-21
7.462686567e-05
1.538143224e-20
7.462686567e-05
1.808124213e-20
7.462686567e-05
1.803190082e-21
7.462686567e-05
-1.126003256e-21
7.462686567e-05
-6.437128382e-21
7.462686567e-05
2.273231559e-20
7.462686567e-05
4.215242569e-20
7.462686567e-05
4.352592686e-20
7.462686567e-05
2.720954846e-20
7.462686567e-05
-3.627344222e-20
7.462686567e-05
-3.197952994e-20
7.462686567e-05
-3.135879778e-20
7.462686567e-05
-4.467690584e-20
7.462686567e-05
-3.187533429e-20
7.462686567e-05
-1.908575638e-20
7.462686567e-05
-1.60534134e-20
7.462686567e-05
-4.920369081e-20
7.462686567e-05
-4.427563894e-21
7.462686567e-05
3.909987474e-20
7.462686567e-05
3.306509374e-20
7.462686567e-05
4.132176381e-20
7.462686567e-05
4.699593968e-20
7.462686567e-05
4.061064057e-20
7.462686567e-05
3.888215501e-20
7.462686567e-05
1.017527369e-20
7.462686567e-05
-6.066698962e-21
7.462686567e-05
-1.885630911e-20
7.462686567e-05
-2.680619315e-20
7.462686567e-05
-3.105214978e-20
7.462686567e-05
-6.018298571e-20
7.462686567e-05
-4.58769953e-20
7.462686567e-05
-1.032757025e-20
7.462686567e-05
7.882103437e-21
7.462686567e-05
2.223790069e-20
7.462686567e-05
2.315510536e-20
7.462686567e-05
-4.207394348e-21
7.462686567e-05
-1.63067751e-20
7.462686567e-05
-9.743384359e-21
7.462686567e-05
7.460525299e-21
1.160583477e-20
7.462686567e-05
2.352684596e-20
7.462686567e-05
3.812942516e-20
7.462686567e-05
4.263779335e-20
7.462686567e-05
3.296786226e-20
7.462686567e-05
5.785750174e-20
7.462686567e-05
6.413683918e-20
7.462686567e-05
3.376383494e-20
7.462686567e-05
3.702327987e-20
7.462686567e-05
2.359932764e-20
7.462686567e-05
8.814928534e-21
7.462686567e-05
2.090851132e-20
7.462686567e-05
9.893525853e-21
7.462686567e-05
5.128268019e-21
7.462686567e-05
-1.184035164e-20
7.462686567e-05
-1.761443288e-20
7.462686567e-05
-2.775972396e-20
7.462686567e-05
-2.812874617e-20
7.462686567e-05
-2.204671723e-20
7.462686567e-05
-1.384542961e-20
7.462686567e-05
-5.180684736e-23
7.462686567e-05
-1.226254006e-21
7.462686567e-05
-5.22142883e-21
7.462686567e-05
3.28442511e-21
7.462686567e-05
1.764630774e-21
7.462686567e-05
2.540548524e-21
7.462686567e-05
-2.064342159e-20
7.462686567e-05
-3.737147442e-20
7.462686567e-05
-1.082334215e-20
7.462686567e-05
5.671833573e-21
7.462686567e-05
4.468263095e-21
7.462686567e-05
-3.227353796e-20
7.462686567e-05
-5.394195973e-20
7.462686567e-05
-4.950277255e-20
7.462686567e-05
-1.645099132e-20
7.462686567e-05
5.761677769e-21
7.462686567e-05
1.024348574e-20
7.462686567e-05
9.290489184e-21
7.462686567e-05
3.070079834e-23
7.462686567e-05
6.253081692e-21
7.462686567e-05
-3.359048375e-20
7.462686567e-05
-2.410966683e-20
7.462686567e-05
-1.17347689e-20
7.462686567e-05
-4.209624652e-20
7.462686567e-05
-4.047672592e-20
7.462686567e-05
-2.801671709e-20
7.462686567e-05
-6.512635463e-21
7.462686567e-05
-5.581930336e-21
7.462686567e-05
3.980364126e-20
7.462686567e-05
3.852983626e-20
7.462686567e-05
-8.437595791e-21
7.462686567e-05
8.138982631e-21
7.462686567e-05
1.441310056e-20
7.462686567e-05
1.078565157e-20
7.462686567e-05
1.039813783e-20
7.462686567e-05
4.634681114e-20
7.462686567e-05
5.210592262e-20
7.462686567e-05
2.516563045e-20
7.462686567e-05
4.136544058e-21
7.462686567e-05
-5.703929944e-21
7.462686567e-05
-8.153874308e-21
7.462686567e-05
5.541088869e-21
7.462686567e-05
1.432844544e-20
7.462686567e-05
1.801498829e-20
7.462686567e-05
9.660236981e-21
7.462686567e-05
4.545261384e-21
7.462686567e-05
1.525208776e-20
7.462686567e-05
5.604344702e-21
7.462686567e-05
-2.814143065e-21
7.462686567e-05
-9.422868279e-21
7.462686567e-05
-1.759024149e-20
7.462686567e-05
1.872194417e-20
7.462686567e-05
3.310179525e-20
7.462686567e-05
-9.834795921e-21
7.462686567e-05
6.11369792e-21
7.462686567e-05
2.966940101e-20
7.462686567e-05
-1.041111992e-20
7.462686567e-05
-8.561215876e-21
7.462686567e-05
2.737153353e-20
7.462686567e-05
2.2825807e-20
7.462686567e-05
-2.155202103e-21
7.462686567e-05
-3.185560478e-20
7.462686567e-05
-1.566548604e-20
7.462686567e-05
-9.940512217e-21
7.462686567e-05
-4.363131091e-21
7.462686567e-05
2.189919711e-22
7.462686567e-05
-4.289073439e-20
7.462686567e-05
-4.197116596e-20
7.462686567e-05
-2.103484101e-20
7.462686567e-05
1.018864773e-20
7.462686567e-05
2.487334772e-20
7.462686567e-05
1.05155587e-20
7.462686567e-05
-2.968017777e-20
7.462686567e-05
-2.500032447e-20
7.462686567e-05
5.58286744e-21
7.462686567e-05
-1.031092931e-20
7.462686567e-05
-1.804839866e-20
7.462686567e-05
-1.722361328e-20
7.462686567e-05
-2.797739912e-20
7.462686567e-05
-2.317730083e-20
7.462686567e-05
9.260727952e-21
7.462686567e-05
-1.057768155e-20
7.462686567e-05
-1.976448783e-21
7.462686567e-05
1.568249244e-20
7.462686567e-05
1.374890143e-21
7.462686567e-05
-2.396949302e-20
7.462686567e-05
-3.576833742e-20
7.462686567e-05
1.047996226e-20
7.462686567e-05
1.63281636e-20
7.462686567e-05
-1.778839444e-20
7.462686567e-05
-1.485472635e-20
7.462686567e-05
3.282559703e-20
7.462686567e-05
5.86945676e-20
7.462686567e-05
3.761020812e-20
7.462686567e-05
-4.459800787e-22
7.462686567e-05
2.235418295e-20
7.462686567e-05
3.052841488e-20
7.462686567e-05
3.291429948e-21
7.462686567e-05
-1.612839513e-20
7.462686567e-05
1.626916415e-20
7.462686567e-05
2.894322112e-20
7.462686567e-05
1.472948846e-21
7.462686567e-05
1.255884711e-20
7.462686567e-05
-2.212396681e-20
7.462686567e-05
-3.949859037e-20
7.462686567e-05
-4.528578008e-20
7.462686567e-05
-5.95915537e-20
7.462686567e-05
-2.239194714e-20
7.462686567e-05
-1.669566671e-20
7.462686567e-05
-9.536769354e-23
7.462686567e-05
8.631809273e-21
7.462686567e-05
3.139281418e-20
7.462686567e-05
2.782691318e-20
7.462686567e-05
-1.920990391e-20
7.462686567e-05
-1.88643264e-20
7.462686567e-05
-4.418375539e-20
7.462686567e-05
-2.403538522e-20
7.462686567e-05
3.668759673e-21
7.462686567e-05
-3.020571922e-21
7.462686567e-05
1.087999103e-20
7.462686567e-05
-8.914133306e-21
7.462686567e-05
3.447502846e-21
7.462686567e-05
7.277516115e-20
7.462686567e-05
8.29972059e-20
7.462686567e-05
3.648757533e-20
7.462686567e-05
7.719331403e-21
7.462686567e-05
4.294727422e-20
7.462686567e-05
4.050657243e-20
7.462686567e-05
3.090174004e-20
7.462686567e-05
2.575910909e-20
7.462686567e-05
3.080514704e-21
7.462686567e-05
2.174536959e-21
7.462686567e-05
-7.20020661e-20
7.462686567e-05
-7.725863624e-20
7.462686567e-05
1.216544023e-20
7.462686567e-05
-1.640611495e-20
7.462686567e-05
-7.864658073e-21
7.462686567e-05
1.5783322e-20
7.462686567e-05
7.451311767e-21
7.462686567e-05
-1.777449694e-20
7.462686567e-05
-2.607214292e-20
7.462686567e-05
1.105529635e-20
7.462686567e-05
1.516590691e-20
7.462686567e-05
8.921165219e-21
7.462686567e-05
4.291347758e-21
7.462686567e-05
7.819800554e-21
7.462686567e-05
3.057427168e-20
7.462686567e-05
3.42295148e-20
7.462686567e-05
4.724809593e-20
7.462686567e-05
1.253483076e-20
7.462686567e-05
-2.847876573e-20
7.462686567e-05
-2.323670464e-20
7.462686567e-05
-5.360723465e-20
7.462686567e-05
-5.998389182e-20
7.462686567e-05
-3.164930408e-20
7.462686567e-05
-3.715060883e-20
7.462686567e-05
-1.624059632e-20
7.462686567e-05
-5.462673205e-20
7.462686567e-05
-8.799838313e-21
7.462686567e-05
4.808290418e-20
7.462686567e-05
1.002947406e-20
7.462686567e-05
3.781485146e-20
7.462686567e-05
6.769061034e-20
7.462686567e-05
6.045136289e-20
7.462686567e-05
4.520471466e-20
7.462686567e-05
-2.729891059e-20
7.462686567e-05
-1.432502511e-20
7.462686567e-05
1.204682355e-20
7.462686567e-05
-5.666980411e-21
7.462686567e-05
-4.830199455e-20
7.462686567e-05
-5.677417916e-20
7.462686567e-05
-3.009296833e-20
7.462686567e-05
-7.412930791e-21
7.462686567e-05
5.487296977e-21
7.462686567e-05
8.796778535e-21
7.462686567e-05
3.888192089e-20
7.462686567e-05
-1.275259055e-20
7.462686567e-05
-3.019047502e-20
7.462686567e-05
-5.530239412e-21
7.462686567e-05
2.460842307e-21
1.490849607e-20
7.313432836e-05
1.998337109e-20
7.313432836e-05
2.034964919e-20
7.313432836e-05
3.854675158e-20
7.313432836e-05
2.942420639e-20
7.313432836e-05
4.586969178e-20
7.313432836e-05
4.079757131e-20
7.313432836e-05
3.56017315e-20
7.313432836e-05
3.791688927e-20
7.313432836e-05
-1.109870377e-21
7.313432836e-05
1.800633988e-20
7.313432836e-05
2.777120833e-20
7.313432836e-05
-1.848048779e-21
7.313432836e-05
-2.710321629e-21
7.313432836e-05
-8.335569566e-21
7.313432836e-05
-1.120727341e-20
7.313432836e-05
-2.672826426e-20
7.313432836e-05
-1.953916501e-20
7.313432836e-05
-8.29048577e-21
7.313432836e-05
-3.143514856e-20
7.313432836e-05
-8.238869973e-21
7.313432836e-05
-5.456176358e-21
7.313432836e-05
-1.140405424e-20
7.313432836e-05
3.021191846e-21
7.313432836e-05
-8.015501034e-21
7.313432836e-05
1.654906771e-21
7.313432836e-05
-1.834819703e-20
7.313432836e-05
-4.114468889e-20
7.313432836e-05
-1.968926477e-20
7.313432836e-05
1.258043113e-20
7.313432836e-05
4.025935438e-21
7.313432836e-05
-2.308177386e-20
7.313432836e-05
-5.589355958e-20
7.313432836e-05
-3.323979845e-20
7.313432836e-05
1.876493161e-21
7.313432836e-05
1.516261323e-20
7.313432836e-05
1.123066846e-21
7.313432836e-05
7.921748927e-21
7.313432836e-05
9.126773387e-22
7.313432836e-05
-1.809241992e-20
7.313432836e-05
-2.570792644e-20
7.313432836e-05
-1.984521892e-20
7.313432836e-05
7.538253746e-21
7.313432836e-05
-2.953970664e-20
7.313432836e-05
-6.796037424e-20
7.313432836e-05
-3.719103876e-20
7.313432836e-05
-6.734419861e-21
7.313432836e-05
2.597048389e-20
7.313432836e-05
4.030405983e-20
7.313432836e-05
2.702735032e-20
7.313432836e-05
5.371132194e-21
7.313432836e-05
-7.299503507e-22
7.313432836e-05
-1.021352408e-21
7.313432836e-05
1.263789811e-20
7.313432836e-05
2.034167787e-20
7.313432836e-05
1.761816034e-20
7.313432836e-05
4.873920888e-20
7.313432836e-05
5.633937029e-20
7.313432836e-05
-1.47291168e-21
7.313432836e-05
-9.926678485e-21
7.313432836e-05
9.255501759e-21
7.313432836e-05
-1.869936276e-21
7.313432836e-05
1.276547371e-21
7.313432836e-05
3.386991137e-21
7.313432836e-05
1.284678848e-20
7.313432836e-05
2.184843698e-20
7.313432836e-05
5.368152554e-21
7.313432836e-05
-1.444092628e-21
7.313432836e-05
8.852106743e-21
7.313432836e-05
-1.556779119e-20
7.313432836e-05
-1.954138003e-20
7.313432836e-05
4.25440449e-20
7.313432836e-05
3.377254206e-20
7.313432836e-05
-1.937325489e-22
7.313432836e-05
9.090825582e-21
7.313432836e-05
1.866696184e-20
7.313432836e-05
1.776514402e-21
7.313432836e-05
-9.547617508e-21
7.313432836e-05
1.916496959e-20
7.313432836e-05
2.666961727e-20
7.313432836e-05
-9.968095232e-21
7.313432836e-05
-3.390148111e-20
7.313432836e-05
-3.539353425e-20
7.313432836e-05
-1.978661208e-20
7.313432836e-05
2.060855501e-21
7.313432836e-05
1.296632121e-20
7.313432836e-05
-1.847180083e-20
7.313432836e-05
-4.26280832e-20
7.313432836e-05
-2.887398536e-20
7.313432836e-05
1.498482929e-20
7.313432836e-05
1.318888869e-20
7.313432836e-05
-1.833595486e-21
7.313432836e-05
-1.261210501e-20
7.313432836e-05
-1.179518807e-20
7.313432836e-05
8.994315727e-21
7.313432836e-05
-3.05003949e-21
7.313432836e-05
-5.029358057e-21
7.313432836e-05
-3.3806157e-20
7.313432836e-05
-4.536781134e-20
7.313432836e-05
-1.16924044e-20
7.313432836e-05
4.949808302e-22
7.313432836e-05
-1.629793465e-20
7.313432836e-05
-2.546350795e-20
7.313432836e-05
2.495838309e-20
7.313432836e-05
1.806364525e-20
7.313432836e-05
-3.638019002e-20
7.313432836e-05
-3.844828773e-20
7.313432836e-05
2.010712395e-20
7.313432836e-05
3.082710846e-20
7.313432836e-05
-2.579633664e-20
7.313432836e-05
-2.559441495e-20
7.313432836e-05
1.023985674e-20
7.313432836e-05
6.667747011e-20
7.313432836e-05
5.388246264e-20
7.313432836e-05
1.514158301e-20
7.313432836e-05
7.290108316e-22
7.313432836e-05
1.354516747e-20
7.313432836e-05
3.830092111e-21
7.313432836e-05
4.437508546e-21
7.313432836e-05
1.4420879e-20
7.313432836e-05
2.637982144e-20
7.313432836e-05
1.007264266e-20
7.313432836e-05
-4.720721978e-21
7.313432836e-05
-3.498064887e-20
7.313432836e-05
-3.434278485e-20
7.313432836e-05
-3.065155178e-20
7.313432836e-05
-1.793690551e-20
7.313432836e-05
-3.465843378e-20
7.313432836e-05
-4.442035377e-20
7.313432836e-05
-3.51896391e-21
7.313432836e-05
4.225941113e-21
7.313432836e-05
9.584360984e-21
7.313432836e-05
3.716986146e-20
7.313432836e-05
-6.174400748e-21
7.313432836e-05
-8.338331668e-21
7.313432836e-05
-5.399984498e-20
7.313432836e-05
-1.708153988e-20
7.313432836e-05
-2.963188654e-21
7.313432836e-05
7.785576645e-21
7.313432836e-05
-1.119085719e-20
7.313432836e-05
-2.488647412e-20
7.313432836e-05
7.623821646e-21
7.313432836e-05
9.164884722e-20
7.313432836e-05
9.597046183e-20
7.313432836e-05
8.851995737e-21
7.313432836e-05
-6.665932233e-22
7.313432836e-05
6.050130645e-20
7.313432836e-05
4.045988733e-20
7.313432836e-05
1.825140901e-20
7.313432836e-05
4.356546254e-20
7.313432836e-05
2.686227919e-20
7.313432836e-05
1.334924789e-20
7.313432836e-05
-8.431091374e-20
7.313432836e-05
-7.070871323e-20
7.313432836e-05
1.762918311e-20
7.313432836e-05
-1.382657629e-20
7.313432836e-05
-2.256066386e-20
7.313432836e-05
1.659270129e-20
7.313432836e-05
6.959010844e-21
7.313432836e-05
-5.840014241e-21
7.313432836e-05
-5.421736891e-20
7.313432836e-05
1.986693799e-21
7.313432836e-05
2.205070176e-20
7.313432836e-05
2.752437093e-20
7.313432836e-05
1.948274819e-20
7.313432836e-05
1.229700963e-21
7.313432836e-05
1.80727411e-20
7.313432836e-05
2.61971447e-20
7.313432836e-05
5.496069665e-20
7.313432836e-05
7.878622496e-21
7.313432836e-05
-1.607544666e-20
7.313432836e-05
1.054164039e-20
7.313432836e-05
-7.661237639e-20
7.313432836e-05
-8.208075115e-20
7.313432836e-05
-2.342698334e-20
7.313432836e-05
-3.526833482e-20
7.313432836e-05
-7.92879917e-21
7.313432836e-05
-7.213639682e-20
7.313432836e-05
-1.402242686e-20
7.313432836e-05
7.575895785e-20
7.313432836e-05
-3.458680106e-21
7.313432836e-05
2.893420577e-20
7.313432836e-05
7.734451871e-20
7.313432836e-05
6.752475575e-20
7.313432836e-05
5.570973087e-20
7.313432836e-05
-4.948638058e-20
7.313432836e-05
-2.34081623e-20
7.313432836e-05
4.256694615e-20
7.313432836e-05
-9.4724622e-21
7.313432836e-05
-7.14797738e-20
7.313432836e-05
-5.888973604e-20
7.313432836e-05
-1.882478978e-21
7.313432836e-05
2.476815253e-20
7.313432836e-05
2.048854024e-20
7.313432836e-05
-1.401653608e-20
7.313432836e-05
-1.907913109e-21
7.313432836e-05
-2.821196045e-21
7.313432836e-05
-1.998047555e-20
7.313432836e-05
-4.513900022e-21
7.313432836e-05
1.111915972e-20
2.030722615e-20
7.014925373e-05
7.120509601e-21
7.014925373e-05
1.376026373e-20
7.014925373e-05
2.214433931e-20
7.014925373e-05
8.532704537e-21
7.014925373e-05
4.309290159e-20
7.014925373e-05
3.457389596e-20
7.014925373e-05
4.269101758e-20
7.014925373e-05
2.358882567e-20
7.014925373e-05
-4.804650686e-21
7.014925373e-05
2.255656909e-20
7.014925373e-05
2.844992489e-20
7.014925373e-05
1.165775414e-20
7.014925373e-05
-3.372087028e-21
7.014925373e-05
-1.055074677e-20
7.014925373e-05
1.385137962e-20
7.014925373e-05
-2.443011554e-20
7.014925373e-05
-3.267136215e-20
7.014925373e-05
-9.643358645e-21
7.014925373e-05
-3.680022668e-20
7.014925373e-05
-1.514363606e-20
7.014925373e-05
-4.523325782e-21
7.014925373e-05
1.652708434e-20
7.014925373e-05
7.609894361e-21
7.014925373e-05
3.321297497e-21
7.014925373e-05
-1.460050539e-20
7.014925373e-05
-2.037683412e-20
7.014925373e-05
-3.526406039e-20
7.014925373e-05
-1.960729836e-20
7.014925373e-05
-4.340673482e-21
7.014925373e-05
5.577268931e-21
7.014925373e-05
-1.23111869e-20
7.014925373e-05
-2.480969834e-20
7.014925373e-05
-2.729224495e-20
7.014925373e-05
-1.319672252e-21
7.014925373e-05
2.199440595e-20
7.014925373e-05
8.601872328e-21
7.014925373e-05
1.032918799e-20
7.014925373e-05
-7.16284722e-21
7.014925373e-05
-1.387374578e-20
7.014925373e-05
-1.26920095e-20
7.014925373e-05
-2.129900054e-20
7.014925373e-05
2.112835259e-20
7.014925373e-05
-3.093495028e-20
7.014925373e-05
-6.151426331e-20
7.014925373e-05
-4.563992739e-20
7.014925373e-05
-5.032099099e-21
7.014925373e-05
1.1814587e-20
7.014925373e-05
2.280732173e-20
7.014925373e-05
3.429887396e-20
7.014925373e-05
9.001124188e-21
7.014925373e-05
-2.316443317e-21
7.014925373e-05
7.686365864e-21
7.014925373e-05
2.373368203e-21
7.014925373e-05
1.505327728e-20
7.014925373e-05
2.170187878e-20
7.014925373e-05
4.899251725e-20
7.014925373e-05
4.232345384e-20
7.014925373e-05
4.932873264e-21
7.014925373e-05
-3.104615169e-21
7.014925373e-05
1.096898705e-20
7.014925373e-05
-7.471004068e-21
7.014925373e-05
-1.896103363e-20
7.014925373e-05
1.669479966e-20
7.014925373e-05
8.909211105e-21
7.014925373e-05
2.245710474e-20
7.014925373e-05
1.176583622e-20
7.014925373e-05
-1.465781381e-20
7.014925373e-05
4.018483331e-21
7.014925373e-05
1.082747947e-20
7.014925373e-05
-6.193628082e-21
7.014925373e-05
4.919484003e-20
7.014925373e-05
1.354213289e-20
7.014925373e-05
-1.243597189e-20
7.014925373e-05
1.975237475e-20
7.014925373e-05
2.243379571e-20
7.014925373e-05
-2.009492623e-21
7.014925373e-05
-3.377502396e-20
7.014925373e-05
3.549377977e-20
7.014925373e-05
3.487822124e-20
7.014925373e-05
-2.434834018e-20
7.014925373e-05
-3.477836769e-20
7.014925373e-05
-3.784207116e-20
7.014925373e-05
-2.650856615e-20
7.014925373e-05
-4.979201045e-21
7.014925373e-05
2.675604252e-20
7.014925373e-05
4.34214873e-21
7.014925373e-05
-3.941887786e-20
7.014925373e-05
-4.340519114e-20
7.014925373e-05
1.411826918e-20
7.014925373e-05
2.018811092e-20
7.014925373e-05
-2.342133887e-20
7.014925373e-05
-1.124467878e-20
7.014925373e-05
4.623664914e-21
7.014925373e-05
7.051305273e-21
7.014925373e-05
-1.821804393e-20
7.014925373e-05
1.346460375e-20
7.014925373e-05
-2.141374685e-20
7.014925373e-05
-5.720751808e-20
7.014925373e-05
-1.254344571e-20
7.014925373e-05
1.479795705e-20
7.014925373e-05
-2.841582172e-20
7.014925373e-05
-4.020524875e-20
7.014925373e-05
1.185543474e-20
7.014925373e-05
4.017307712e-20
7.014925373e-05
-3.166210088e-20
7.014925373e-05
-5.448514181e-20
7.014925373e-05
1.982105736e-20
7.014925373e-05
4.460307932e-20
7.014925373e-05
-3.54684875e-20
7.014925373e-05
-3.85428973e-20
7.014925373e-05
1.612795446e-20
7.014925373e-05
7.691478236e-20
7.014925373e-05
5.024040196e-20
7.014925373e-05
1.592147362e-20
7.014925373e-05
-1.372140632e-20
7.014925373e-05
-2.719166529e-21
7.014925373e-05
2.947557443e-20
7.014925373e-05
1.057417856e-20
7.014925373e-05
1.581095937e-20
7.014925373e-05
2.048854843e-20
7.014925373e-05
1.401875687e-20
7.014925373e-05
-2.653580899e-20
7.014925373e-05
-5.80507467e-20
7.014925373e-05
-4.44455573e-21
7.014925373e-05
-2.44182829e-21
7.014925373e-05
-1.802392449e-20
7.014925373e-05
-3.419589773e-20
7.014925373e-05
-5.764700905e-20
7.014925373e-05
-1.868037674e-20
7.014925373e-05
1.069358805e-20
7.014925373e-05
7.030133972e-21
7.014925373e-05
2.654090547e-20
7.014925373e-05
7.582575878e-21
7.014925373e-05
1.018265764e-20
7.014925373e-05
-7.191303573e-20
7.014925373e-05
-1.153309785e-20
7.014925373e-05
3.437972561e-20
7.014925373e-05
9.956100598e-21
7.014925373e-05
-4.80704433e-20
7.014925373e-05
-7.118993485e-20
7.014925373e-05
2.860249511e-20
7.014925373e-05
1.077925116e-19
7.014925373e-05
8.589541359e-20
7.014925373e-05
-3.230400841e-20
7.014925373e-05
-3.302618381e-21
7.014925373e-05
9.31444155e-20
7.014925373e-05
4.571128086e-20
7.014925373e-05
1.371219676e-20
7.014925373e-05
4.827974566e-20
7.014925373e-05
5.332641746e-20
7.014925373e-05
2.335766998e-20
7.014925373e-05
-1.067842559e-19
7.014925373e-05
-6.634677747e-20
7.014925373e-05
3.136994355e-20
7.014925373e-05
-3.075404667e-20
7.014925373e-05
-2.656306019e-20
7.014925373e-05
3.346897644e-20
7.014925373e-05
-5.638639164e-22
7.014925373e-05
-7.387835927e-22
7.014925373e-05
-4.654233515e-20
7.014925373e-05
-9.010188136e-22
7.014925373e-05
1.165346044e-20
7.014925373e-05
1.137184328e-20
7.014925373e-05
3.108571256e-20
7.014925373e-05
3.443889571e-21
7.014925373e-05
1.173247389e-20
7.014925373e-05
2.001320037e-20
7.014925373e-05
5.819795719e-20
7.014925373e-05
2.339877358e-21
7.014925373e-05
-1.101963431e-20
7.014925373e-05
2.959674803e-20
7.014925373e-05
-9.902321954e-20
7.014925373e-05
-9.133572375e-20
7.014925373e-05
-7.767560007e-21
7.014925373e-05
-3.691615704e-20
7.014925373e-05
-1.702841523e-20
7.014925373e-05
-9.840492719e-20
7.014925373e-05
-2.182102251e-20
7.014925373e-05
1.193414757e-19
7.014925373e-05
-1.384389045e-20
7.014925373e-05
1.45289827e-20
7.014925373e-05
1.001304621e-19
7.014925373e-05
6.466445705e-20
7.014925373e-05
4.53664516e-20
7.014925373e-05
-6.532943241e-20
7.014925373e-05
-3.956594895e-20
7.014925373e-05
6.314946601e-20
7.014925373e-05
1.37129315e-20
7.014925373e-05
-7.71064028e-20
7.014925373e-05
-6.743017124e-20
7.014925373e-05
2.479129976e-20
7.014925373e-05
4.46296695e-20
7.014925373e-05
2.13318473e-20
7.014925373e-05
-4.055602438e-20
7.014925373e-05
-2.469516167e-20
7.014925373e-05
-2.156908806e-20
7.014925373e-05
-2.02956529e-20
7.014925373e-05
3.829533501e-20
7.014925373e-05
2.180318996e-20
1.652255047e-20
6.567164179e-05
6.881854782e-21
6.567164179e-05
1.051178107e-20
6.567164179e-05
-1.646694983e-21
6.567164179e-05
6.695786015e-21
6.567164179e-05
2.248398395e-20
6.567164179e-05
3.314841384e-20
6.567164179e-05
3.031298068e-20
6.567164179e-05
1.720983908e-20
6.567164179e-05
6.634493612e-21
6.567164179e-05
1.61884037e-20
6.567164179e-05
2.477153168e-20
6.567164179e-05
2.495901759e-20
6.567164179e-05
-7.500977379e-21
6.567164179e-05
3.729110696e-21
6.567164179e-05
1.026790874e-20
6.567164179e-05
-1.983441779e-20
6.567164179e-05
-1.178862397e-20
6.567164179e-05
-1.748456462e-20
6.567164179e-05
-4.056520048e-20
6.567164179e-05
-2.691331653e-20
6.567164179e-05
7.178392125e-21
6.567164179e-05
1.444841562e-20
6.567164179e-05
1.681863873e-20
6.567164179e-05
1.029661487e-20
6.567164179e-05
-6.531320875e-21
6.567164179e-05
-2.917705268e-20
6.567164179e-05
-3.864824244e-20
6.567164179e-05
-2.548844453e-20
6.567164179e-05
1.228600442e-20
6.567164179e-05
4.809362763e-21
6.567164179e-05
-2.560791781e-20
6.567164179e-05
-1.420814533e-20
6.567164179e-05
-6.12243058e-22
6.567164179e-05
-6.11217596e-21
6.567164179e-05
1.499712446e-20
6.567164179e-05
-3.225528704e-21
6.567164179e-05
1.833692846e-20
6.567164179e-05
2.926405561e-21
6.567164179e-05
-8.651527133e-21
6.567164179e-05
1.006846278e-20
6.567164179e-05
-2.939904158e-20
6.567164179e-05
3.09405364e-21
6.567164179e-05
-5.810710953e-21
6.567164179e-05
-5.92051249e-20
6.567164179e-05
-3.891144876e-20
6.567164179e-05
-1.393846665e-20
6.567164179e-05
1.309340685e-20
6.567164179e-05
2.412956644e-20
6.567164179e-05
2.617016645e-20
6.567164179e-05
-3.015874248e-21
6.567164179e-05
5.723897006e-21
6.567164179e-05
1.420991635e-20
6.567164179e-05
7.642845584e-21
6.567164179e-05
-9.080440315e-21
6.567164179e-05
-1.175805041e-21
6.567164179e-05
4.258202645e-20
6.567164179e-05
3.8041304e-20
6.567164179e-05
1.338290078e-20
6.567164179e-05
2.39392254e-21
6.567164179e-05
4.356538822e-21
6.567164179e-05
-3.06432942e-21
6.567164179e-05
-2.401773002e-20
6.567164179e-05
1.00102524e-20
6.567164179e-05
1.722209139e-20
6.567164179e-05
1.299331618e-20
6.567164179e-05
2.081194422e-20
6.567164179e-05
-8.832297579e-21
6.567164179e-05
-2.387686759e-21
6.567164179e-05
7.028724883e-21
6.567164179e-05
-7.455189594e-21
6.567164179e-05
4.842027831e-20
6.567164179e-05
6.957263614e-21
6.567164179e-05
-1.323093289e-20
6.567164179e-05
2.157155203e-20
6.567164179e-05
3.800793981e-20
6.567164179e-05
-2.004097078e-20
6.567164179e-05
-3.979065055e-20
6.567164179e-05
3.748585742e-20
6.567164179e-05
3.921239218e-20
6.567164179e-05
-2.078256273e-20
6.567164179e-05
-3.898402111e-20
6.567164179e-05
-3.08422165e-20
6.567164179e-05
-1.898400342e-20
6.567164179e-05
-4.171675806e-21
6.567164179e-05
2.259361693e-20
6.567164179e-05
1.66526636e-21
6.567164179e-05
-1.882421275e-20
6.567164179e-05
-4.64644168e-20
6.567164179e-05
5.905785393e-21
6.567164179e-05
2.043263762e-20
6.567164179e-05
-2.443316371e-20
6.567164179e-05
-1.484659411e-20
6.567164179e-05
2.408709644e-20
6.567164179e-05
-8.252641371e-21
6.567164179e-05
-2.715463386e-20
6.567164179e-05
3.907655312e-20
6.567164179e-05
-1.445141555e-20
6.567164179e-05
-5.853558773e-20
6.567164179e-05
-2.203499322e-21
6.567164179e-05
2.476894306e-20
6.567164179e-05
-2.863096681e-20
6.567164179e-05
-4.734907476e-20
6.567164179e-05
2.277051694e-20
6.567164179e-05
3.322652353e-20
6.567164179e-05
-3.776200546e-20
6.567164179e-05
-5.622907907e-20
6.567164179e-05
2.142294746e-20
6.567164179e-05
5.475185381e-20
6.567164179e-05
-4.134242139e-20
6.567164179e-05
-3.700607052e-20
6.567164179e-05
3.251955915e-21
6.567164179e-05
5.896003854e-20
6.567164179e-05
5.946470319e-20
6.567164179e-05
2.945919924e-20
6.567164179e-05
-7.835392667e-21
6.567164179e-05
-7.400231454e-22
6.567164179e-05
2.978554938e-20
6.567164179e-05
4.240368476e-21
6.567164179e-05
4.247375806e-21
6.567164179e-05
2.665149422e-20
6.567164179e-05
9.858287938e-21
6.567164179e-05
-5.593055428e-20
6.567164179e-05
-5.343056692e-20
6.567164179e-05
2.109449836e-20
6.567164179e-05
7.743469682e-21
6.567164179e-05
-1.559837349e-20
6.567164179e-05
-1.82267987e-20
6.567164179e-05
-5.454743262e-20
6.567164179e-05
-2.100528073e-20
6.567164179e-05
-1.722416003e-21
6.567164179e-05
3.269952429e-21
6.567164179e-05
1.701170586e-20
6.567164179e-05
4.874306733e-21
6.567164179e-05
1.559402619e-21
6.567164179e-05
-7.345754808e-20
6.567164179e-05
1.061207448e-20
6.567164179e-05
4.405574243e-20
6.567164179e-05
8.783917546e-21
6.567164179e-05
-5.0992867e-20
6.567164179e-05
-7.342497901e-20
6.567164179e-05
2.011479495e-20
6.567164179e-05
8.251329401e-20
6.567164179e-05
8.040100673e-20
6.567164179e-05
-3.641521112e-20
6.567164179e-05
-1.297601816e-20
6.567164179e-05
9.491646029e-20
6.567164179e-05
3.918661252e-20
6.567164179e-05
2.149596966e-20
6.567164179e-05
4.425393297e-20
6.567164179e-05
6.505949968e-20
6.567164179e-05
3.867070233e-20
6.567164179e-05
-1.049724884e-19
6.567164179e-05
-7.683005761e-20
6.567164179e-05
2.694580993e-20
6.567164179e-05
-3.47717632e-20
6.567164179e-05
-1.578010872e-20
6.567164179e-05
2.002691378e-20
6.567164179e-05
-5.255172392e-21
6.567164179e-05
-1.86710611e-21
6.567164179e-05
-4.919199261e-20
6.567164179e-05
1.102802379e-20
6.567164179e-05
2.595178379e-21
6.567164179e-05
1.075327239e-20
6.567164179e-05
2.395911818e-20
6.567164179e-05
5.026935033e-21
6.567164179e-05
1.282379638e-20
6.567164179e-05
3.794018992e-20
6.567164179e-05
6.786043317e-20
6.567164179e-05
-9.995460597e-21
6.567164179e-05
-8.261483035e-21
6.567164179e-05
4.781436619e-20
6.567164179e-05
-1.08708691e-19
6.567164179e-05
-9.422649574e-20
6.567164179e-05
-1.345339688e-20
6.567164179e-05
-4.478126775e-20
6.567164179e-05
-1.317775681e-20
6.567164179e-05
-1.228372832e-19
6.567164179e-05
-1.243466441e-20
6.567164179e-05
1.36874659e-19
6.567164179e-05
-2.527931755e-20
6.567164179e-05
9.121286828e-21
6.567164179e-05
1.036248709e-19
6.567164179e-05
5.623830484e-20
6.567164179e-05
4.642333044e-20
6.567164179e-05
-8.384142473e-20
6.567164179e-05
-3.678901669e-20
6.567164179e-05
8.482929905e-20
6.567164179e-05
3.39881902e-21
6.567164179e-05
-6.823531632e-20
6.567164179e-05
-4.627675953e-20
6.567164179e-05
3.141787323e-20
6.567164179e-05
6.060069563e-20
6.567164179e-05
3.551570118e-20
6.567164179e-05
-5.172827697e-20
6.567164179e-05
-5.469450222e-20
6.567164179e-05
-2.970437808e-20
6.567164179e-05
5.811341658e-21
6.567164179e-05
4.187962634e-20
6.567164179e-05
2.964409438e-20
1.968516289e-20
5.970149254e-05
3.25852165e-21
5.970149254e-05
2.229463593e-22
5.970149254e-05
1.906948294e-21
5.970149254e-05
1.019886276e-20
5.970149254e-05
2.133879968e-20
5.970149254e-05
1.796599794e-20
5.970149254e-05
1.796381312e-20
5.970149254e-05
2.94365841e-20
5.970149254e-05
-2.160693968e-21
5.970149254e-05
-2.986441917e-21
5.970149254e-05
2.790177766e-20
5.970149254e-05
1.997421595e-20
5.970149254e-05
-1.479801032e-20
5.970149254e-05
1.630789598e-20
5.970149254e-05
2.205969058e-20
5.970149254e-05
-2.145347929e-20
5.970149254e-05
-2.852282286e-21
5.970149254e-05
-2.137650495e-20
5.970149254e-05
-3.701794059e-20
5.970149254e-05
-3.160287437e-20
5.970149254e-05
5.634327794e-22
5.970149254e-05
1.038265647e-20
5.970149254e-05
2.658906989e-20
5.970149254e-05
1.961759937e-20
5.970149254e-05
-1.55913974e-20
5.970149254e-05
-2.843689333e-20
5.970149254e-05
-2.726364785e-20
5.970149254e-05
-1.835218385e-20
5.970149254e-05
8.899974462e-22
5.970149254e-05
-1.377408948e-20
5.970149254e-05
-2.553818993e-20
5.970149254e-05
-3.418355128e-21
5.970149254e-05
-4.557932042e-21
5.970149254e-05
8.844221253e-21
5.970149254e-05
2.947379196e-20
5.970149254e-05
-6.729012204e-21
5.970149254e-05
1.183356728e-20
5.970149254e-05
-1.104542349e-20
5.970149254e-05
-2.025217324e-20
5.970149254e-05
1.450934629e-20
5.970149254e-05
-2.425833081e-20
5.970149254e-05
-5.006853271e-21
5.970149254e-05
1.285351292e-20
5.970149254e-05
-2.129789975e-20
5.970149254e-05
-2.913473007e-20
5.970149254e-05
-4.988866424e-21
5.970149254e-05
-1.057298511e-20
5.970149254e-05
-4.564665956e-21
5.970149254e-05
2.042731785e-20
5.970149254e-05
9.507394907e-22
5.970149254e-05
1.444537063e-20
5.970149254e-05
4.101449074e-21
5.970149254e-05
1.978051629e-20
5.970149254e-05
-1.813113159e-20
5.970149254e-05
-1.681860124e-20
5.970149254e-05
3.651416331e-20
5.970149254e-05
4.69039535e-20
5.970149254e-05
7.690765759e-21
5.970149254e-05
-1.973207439e-20
5.970149254e-05
5.979435878e-21
5.970149254e-05
4.79706465e-21
5.970149254e-05
-1.080264355e-20
5.970149254e-05
1.481576927e-20
5.970149254e-05
5.044762416e-21
5.970149254e-05
1.439082339e-20
5.970149254e-05
1.763118193e-20
5.970149254e-05
-1.280556386e-20
5.970149254e-05
1.148851834e-20
5.970149254e-05
1.266281558e-20
5.970149254e-05
-9.71189451e-21
5.970149254e-05
5.6337522e-20
5.970149254e-05
-2.369367068e-21
5.970149254e-05
-2.677115335e-20
5.970149254e-05
2.402041874e-20
5.970149254e-05
3.939863486e-20
5.970149254e-05
-2.335127875e-20
5.970149254e-05
-5.826762313e-20
5.970149254e-05
4.583911005e-20
5.970149254e-05
6.09540375e-20
5.970149254e-05
-2.887899678e-20
5.970149254e-05
-2.934305142e-20
5.970149254e-05
-2.434355866e-20
5.970149254e-05
-4.029437176e-20
5.970149254e-05
-3.517662689e-21
5.970149254e-05
5.031972032e-20
5.970149254e-05
-1.378714823e-20
5.970149254e-05
-3.918651556e-20
5.970149254e-05
-4.736275216e-20
5.970149254e-05
-2.571056344e-21
5.970149254e-05
2.37067038e-20
5.970149254e-05
-1.273674552e-20
5.970149254e-05
-1.010727757e-20
5.970149254e-05
3.443908575e-20
5.970149254e-05
2.716817843e-21
5.970149254e-05
-3.507922131e-20
5.970149254e-05
4.454616612e-20
5.970149254e-05
-4.274367075e-21
5.970149254e-05
-6.895669063e-20
5.970149254e-05
-3.244205937e-21
5.970149254e-05
2.462145178e-20
5.970149254e-05
-2.583118124e-20
5.970149254e-05
-4.67445141e-20
5.970149254e-05
2.434958406e-20
5.970149254e-05
4.263665393e-20
5.970149254e-05
-2.702311491e-20
5.970149254e-05
-5.820086424e-20
5.970149254e-05
2.439404074e-20
5.970149254e-05
4.90214051e-20
5.970149254e-05
-3.155446807e-20
5.970149254e-05
-4.144940356e-20
5.970149254e-05
-8.521850764e-21
5.970149254e-05
4.984059882e-20
5.970149254e-05
5.761569384e-20
5.970149254e-05
2.281770286e-20
5.970149254e-05
-1.253554568e-20
5.970149254e-05
-1.05785557e-20
5.970149254e-05
1.982878301e-20
5.970149254e-05
9.611490406e-21
5.970149254e-05
-9.452779904e-22
5.970149254e-05
2.363643158e-20
5.970149254e-05
1.010207472e-20
5.970149254e-05
-5.94140432e-20
5.970149254e-05
-3.79938336e-20
5.970149254e-05
2.706701307e-20
5.970149254e-05
1.297614232e-21
5.970149254e-05
-2.190190591e-20
5.970149254e-05
-1.646597059e-20
5.970149254e-05
-4.334476525e-20
5.970149254e-05
-1.103327552e-20
5.970149254e-05
-1.269534614e-20
5.970149254e-05
-2.118322241e-21
5.970149254e-05
2.579920889e-20
5.970149254e-05
7.496396111e-21
5.970149254e-05
-7.205725964e-21
5.970149254e-05
-8.569331714e-20
5.970149254e-05
1.991294912e-20
5.970149254e-05
7.639263548e-20
5.970149254e-05
1.155163152e-20
5.970149254e-05
-5.814143007e-20
5.970149254e-05
-9.082394076e-20
5.970149254e-05
3.899800803e-20
5.970149254e-05
7.991308268e-20
5.970149254e-05
5.925913092e-20
5.970149254e-05
-6.230328525e-20
5.970149254e-05
-2.070416572e-20
5.970149254e-05
1.060217702e-19
5.970149254e-05
1.914422454e-20
5.970149254e-05
1.010722611e-20
5.970149254e-05
5.116460782e-20
5.970149254e-05
8.836062631e-20
5.970149254e-05
3.508384313e-20
5.970149254e-05
-1.221721322e-19
5.970149254e-05
-7.63611545e-20
5.970149254e-05
4.168314703e-20
5.970149254e-05
-3.563881647e-20
5.970149254e-05
-8.004983652e-21
5.970149254e-05
4.004333694e-20
5.970149254e-05
-4.178805015e-21
5.970149254e-05
-7.570074199e-21
5.970149254e-05
-4.591520118e-20
5.970149254e-05
1.696096574e-20
5.970149254e-05
7.672615125e-21
5.970149254e-05
6.91346424e-22
5.970149254e-05
1.582903836e-20
5.970149254e-05
4.141579947e-21
5.970149254e-05
8.42964191e-21
5.970149254e-05
1.80544294e-20
5.970149254e-05
7.668465784e-20
5.970149254e-05
-1.699689334e-20
5.970149254e-05
-9.503268998e-21
5.970149254e-05
4.5405616e-20
5.970149254e-05
-1.180973451e-19
5.970149254e-05
-8.077232968e-20
5.970149254e-05
1.533920054e-20
5.970149254e-05
-2.660417311e-20
5.970149254e-05
-5.035614172e-21
5.970149254e-05
-1.172664371e-19
5.970149254e-05
-2.158850076e-20
5.970149254e-05
1.299723826e-19
5.970149254e-05
-4.392357093e-20
5.970149254e-05
1.056243314e-20
5.970149254e-05
1.165495771e-19
5.970149254e-05
4.965627671e-20
5.970149254e-05
3.311977045e-20
5.970149254e-05
-1.015908113e-19
5.970149254e-05
-4.699426711e-20
5.970149254e-05
1.160742794e-19
5.970149254e-05
1.093924303e-20
5.970149254e-05
-9.03550661e-20
5.970149254e-05
-4.554998814e-20
5.970149254e-05
4.679351018e-20
5.970149254e-05
7.164462934e-20
5.970149254e-05
4.004599748e-20
5.970149254e-05
-4.630676497e-20
5.970149254e-05
-5.707304735e-20
5.970149254e-05
-4.622420947e-20
5.970149254e-05
-1.911930556e-21
5.970149254e-05
5.302268751e-20
5.970149254e-05
3.613987531e-20
1.661262479e-20
5.223880597e-05
4.450527957e-22
5.223880597e-05
-2.855164009e-22
5.223880597e-05
9.882326491e-21
5.223880597e-05
3.392822962e-21
5.223880597e-05
1.111243155e-20
5.223880597e-05
5.612266299e-22
5.223880597e-05
1.527348654e-20
5.223880597e-05
1.127908933e-20
5.223880597e-05
-7.551187064e-21
5.223880597e-05
1.117175643e-20
5.223880597e-05
9.845312998e-21
5.223880597e-05
1.435434832e-20
5.223880597e-05
6.256491202e-21
5.223880597e-05
3.400475566e-20
5.223880597e-05
1.425442111e-20
5.223880597e-05
-2.130192181e-20
5.223880597e-05
1.0454125e-21
5.223880597e-05
-1.844625272e-20
5.223880597e-05
-4.266330225e-20
5.223880597e-05
-1.683793637e-20
5.223880597e-05
-2.756014729e-21
5.223880597e-05
-2.227458909e-21
5.223880597e-05
2.243721816e-20
5.223880597e-05
2.984191646e-20
5.223880597e-05
-6.145172902e-22
5.223880597e-05
-2.957064606e-20
5.223880597e-05
-3.086570981e-20
5.223880597e-05
-1.681939242e-20
5.223880597e-05
-1.468341385e-20
5.223880597e-05
-2.584801627e-20
5.223880597e-05
-4.39968494e-21
5.223880597e-05
-1.617116411e-21
5.223880597e-05
-7.04105053e-21
5.223880597e-05
1.553282877e-20
5.223880597e-05
3.258783391e-20
5.223880597e-05
-5.069976102e-21
5.223880597e-05
5.786374792e-21
5.223880597e-05
-1.344795082e-20
5.223880597e-05
-1.729000254e-20
5.223880597e-05
1.361944542e-20
5.223880597e-05
-1.83863628e-20
5.223880597e-05
1.109789196e-20
5.223880597e-05
1.246848247e-20
5.223880597e-05
-9.930348859e-21
5.223880597e-05
-1.845593988e-20
5.223880597e-05
-6.721092587e-21
5.223880597e-05
-7.205228135e-21
5.223880597e-05
-2.78559224e-21
5.223880597e-05
1.574124087e-20
5.223880597e-05
-4.424572702e-21
5.223880597e-05
7.115643851e-22
5.223880597e-05
7.610436834e-21
5.223880597e-05
7.310205198e-21
5.223880597e-05
-1.358598993e-20
5.223880597e-05
-9.582957747e-21
5.223880597e-05
4.475583208e-20
5.223880597e-05
3.003012718e-20
5.223880597e-05
-1.555504384e-20
5.223880597e-05
-2.108110722e-20
5.223880597e-05
-1.772824852e-21
5.223880597e-05
9.762639166e-21
5.223880597e-05
6.865003204e-21
5.223880597e-05
4.391483334e-21
5.223880597e-05
2.833340796e-21
5.223880597e-05
5.722068623e-21
5.223880597e-05
1.922699532e-20
5.223880597e-05
-1.14378483e-20
5.223880597e-05
2.701866794e-20
5.223880597e-05
1.522062914e-20
5.223880597e-05
-1.058300453e-20
5.223880597e-05
5.242663111e-20
5.223880597e-05
-1.921676573e-20
5.223880597e-05
-4.496400834e-20
5.223880597e-05
3.894778061e-20
5.223880597e-05
5.61707518e-20
5.223880597e-05
-2.707418815e-20
5.223880597e-05
-7.4906783e-20
5.223880597e-05
3.947024891e-20
5.223880597e-05
5.233309552e-20
5.223880597e-05
-9.738046056e-21
5.223880597e-05
-2.351297453e-20
5.223880597e-05
-3.141629618e-20
5.223880597e-05
-4.252392134e-20
5.223880597e-05
4.250533975e-21
5.223880597e-05
4.928724762e-20
5.223880597e-05
-8.648624784e-21
5.223880597e-05
-3.909663194e-20
5.223880597e-05
-3.404476888e-20
5.223880597e-05
1.075284416e-20
5.223880597e-05
1.976541868e-21
5.223880597e-05
-1.591155487e-20
5.223880597e-05
1.977727561e-20
5.223880597e-05
4.695836329e-20
5.223880597e-05
-1.598584782e-21
5.223880597e-05
-4.963640559e-20
5.223880597e-05
3.845756857e-20
5.223880597e-05
-1.866129885e-20
5.223880597e-05
-5.999574184e-20
5.223880597e-05
1.379813962e-20
5.223880597e-05
3.281503362e-20
5.223880597e-05
-2.974344175e-20
5.223880597e-05
-6.175125602e-20
5.223880597e-05
3.983118744e-20
5.223880597e-05
5.645866976e-20
5.223880597e-05
-3.18224219e-20
5.223880597e-05
-6.066889254e-20
5.223880597e-05
2.967820386e-20
5.223880597e-05
4.445100149e-20
5.223880597e-05
-3.693768769e-20
5.223880597e-05
-2.342534211e-20
5.223880597e-05
-1.447111157e-20
5.223880597e-05
4.854639093e-20
5.223880597e-05
4.769760262e-20
5.223880597e-05
8.784155634e-21
5.223880597e-05
-1.238104445e-20
5.223880597e-05
-1.449879797e-21
5.223880597e-05
1.801435179e-20
5.223880597e-05
-6.154977847e-21
5.223880597e-05
-8.819018849e-21
5.223880597e-05
3.108952668e-20
5.223880597e-05
2.773807629e-20
5.223880597e-05
-4.740447991e-20
5.223880597e-05
-4.891248249e-20
5.223880597e-05
3.914885468e-20
5.223880597e-05
9.646368588e-21
5.223880597e-05
-3.407058235e-20
5.223880597e-05
1.197664968e-21
5.223880597e-05
-3.530313394e-20
5.223880597e-05
4.646558444e-22
5.223880597e-05
-2.370154025e-20
5.223880597e-05
-2.165885792e-20
5.223880597e-05
3.234190182e-20
5.223880597e-05
2.955073306e-21
5.223880597e-05
-2.06715626e-22
5.223880597e-05
-8.03549887e-20
5.223880597e-05
2.472611717e-20
5.223880597e-05
1.130032501e-19
5.223880597e-05
1.15381816e-20
5.223880597e-05
-9.056549984e-20
5.223880597e-05
-1.04328125e-19
5.223880597e-05
3.616435985e-20
5.223880597e-05
8.041549496e-20
5.223880597e-05
4.042083722e-20
5.223880597e-05
-8.083242994e-20
5.223880597e-05
-9.275016449e-21
5.223880597e-05
1.182239469e-19
5.223880597e-05
-6.974431062e-21
5.223880597e-05
-2.428637526e-20
5.223880597e-05
4.824575334e-20
5.223880597e-05
9.049501191e-20
5.223880597e-05
3.737392243e-20
5.223880597e-05
-1.440076889e-19
5.223880597e-05
-5.98917248e-20
5.223880597e-05
7.386380597e-20
5.223880597e-05
-5.9845146e-20
5.223880597e-05
-1.780810186e-20
5.223880597e-05
5.02946753e-20
5.223880597e-05
2.797294324e-21
5.223880597e-05
-5.383069095e-21
5.223880597e-05
-4.614153541e-20
5.223880597e-05
3.4175796e-20
5.223880597e-05
8.372663953e-21
5.223880597e-05
1.170532405e-21
5.223880597e-05
8.924360626e-21
5.223880597e-05
-9.713118439e-21
5.223880597e-05
-4.307212789e-22
5.223880597e-05
2.27186898e-20
5.223880597e-05
6.537196506e-20
5.223880597e-05
-2.747995855e-20
5.223880597e-05
-2.49274166e-22
5.223880597e-05
6.828196311e-20
5.223880597e-05
-1.203496078e-19
5.223880597e-05
-6.903849617e-20
5.223880597e-05
2.442787682e-20
5.223880597e-05
-1.779232914e-20
5.223880597e-05
1.125035762e-20
5.223880597e-05
-1.31900967e-19
5.223880597e-05
-1.629287354e-20
5.223880597e-05
1.415026391e-19
5.223880597e-05
-6.082994752e-20
5.223880597e-05
-5.450526307e-21
5.223880597e-05
1.201051615e-19
5.223880597e-05
4.027514868e-20
5.223880597e-05
1.841681135e-20
5.223880597e-05
-1.108677181e-19
5.223880597e-05
-2.082278278e-20
5.223880597e-05
1.224364098e-19
5.223880597e-05
7.160032967e-21
5.223880597e-05
-9.396393998e-20
5.223880597e-05
-5.119868355e-20
5.223880597e-05
5.634338441e-20
5.223880597e-05
7.241284278e-20
5.223880597e-05
2.184925999e-20
5.223880597e-05
-5.752013186e-20
5.223880597e-05
-2.677449923e-20
5.223880597e-05
-2.217921221e-20
5.223880597e-05
-2.046828089e-20
5.223880597e-05
3.314290665e-20
5.223880597e-05
2.807647394e-20
2.556529332e-20
4.328358209e-05
-1.339496527e-20
4.328358209e-05
3.233764074e-21
4.328358209e-05
1.080345834e-20
4.328358209e-05
1.271725712e-20
4.328358209e-05
-1.195483804e-20
4.328358209e-05
-1.74441969e-20
4.328358209e-05
8.39314288e-21
4.328358209e-05
9.137391616e-21
4.328358209e-05
-1.172175166e-20
4.328358209e-05
-9.404507282e-22
4.328358209e-05
1.023794858e-20
4.328358209e-05
2.580954319e-20
4.328358209e-05
2.261359717e-20
4.328358209e-05
2.445261048e-20
4.328358209e-05
3.448177492e-21
4.328358209e-05
-1.40336212e-20
4.328358209e-05
7.946665005e-21
4.328358209e-05
-1.801840898e-20
4.328358209e-05
-3.658651954e-20
4.328358209e-05
-1.747476817e-20
4.328358209e-05
1.069282866e-20
4.328358209e-05
1.467676463e-20
4.328358209e-05
1.262344004e-20
4.328358209e-05
1.576938681e-20
4.328358209e-05
-1.75995725e-20
4.328358209e-05
-1.711829669e-20
4.328358209e-05
-1.159414083e-20
4.328358209e-05
-4.135024955e-21
4.328358209e-05
-1.913305849e-20
4.328358209e-05
-3.019876325e-20
4.328358209e-05
-7.338147657e-21
4.328358209e-05
1.008128869e-20
4.328358209e-05
5.740492835e-21
4.328358209e-05
1.157871192e-20
4.328358209e-05
1.757949188e-20
4.328358209e-05
-4.655805033e-21
4.328358209e-05
-1.144249275e-21
4.328358209e-05
-1.82451222e-20
4.328358209e-05
5.633901846e-22
4.328358209e-05
2.103758908e-20
4.328358209e-05
-3.152366491e-20
4.328358209e-05
1.12728844e-20
4.328358209e-05
2.656800982e-20
4.328358209e-05
-3.73954798e-21
4.328358209e-05
-1.878553518e-20
4.328358209e-05
-5.771267871e-21
4.328358209e-05
-2.978362572e-21
4.328358209e-05
-4.220165351e-21
4.328358209e-05
5.259493165e-21
4.328358209e-05
-1.365128967e-20
4.328358209e-05
-5.064541526e-21
4.328358209e-05
1.098634592e-20
4.328358209e-05
-4.878501354e-21
4.328358209e-05
-1.00838088e-20
4.328358209e-05
1.667523214e-21
4.328358209e-05
4.111939014e-20
4.328358209e-05
1.535810675e-20
4.328358209e-05
-1.933846935e-20
4.328358209e-05
-1.58218374e-20
4.328358209e-05
-2.711700645e-21
4.328358209e-05
9.018080979e-21
4.328358209e-05
1.380006016e-20
4.328358209e-05
7.649073916e-21
4.328358209e-05
-7.835491873e-21
4.328358209e-05
6.294210795e-21
4.328358209e-05
1.3440846e-20
4.328358209e-05
-6.631441101e-21
4.328358209e-05
2.882270585e-20
4.328358209e-05
1.659844312e-20
4.328358209e-05
-1.633740898e-20
4.328358209e-05
2.814549569e-20
4.328358209e-05
-2.211375446e-20
4.328358209e-05
-3.580359325e-20
4.328358209e-05
3.932056179e-20
4.328358209e-05
5.094949421e-20
4.328358209e-05
-3.078199935e-20
4.328358209e-05
-5.96372845e-20
4.328358209e-05
4.819947113e-20
4.328358209e-05
4.71375725e-20
4.328358209e-05
-9.294236201e-21
4.328358209e-05
-1.649802458e-20
4.328358209e-05
-2.594140842e-20
4.328358209e-05
-2.756734355e-20
4.328358209e-05
-6.81849198e-22
4.328358209e-05
2.584479683e-20
4.328358209e-05
4.722130805e-21
4.328358209e-05
-2.015765724e-20
4.328358209e-05
-2.45452518e-20
4.328358209e-05
1.794976119e-20
4.328358209e-05
1.489876583e-20
4.328358209e-05
-2.044571549e-20
4.328358209e-05
1.982524176e-21
4.328358209e-05
3.104320444e-20
4.328358209e-05
3.30241096e-22
4.328358209e-05
-4.291064003e-20
4.328358209e-05
1.18871989e-20
4.328358209e-05
-9.181182408e-21
4.328358209e-05
-3.614725022e-20
4.328358209e-05
2.242175948e-20
4.328358209e-05
2.914091092e-20
4.328358209e-05
-3.234515451e-20
4.328358209e-05
-5.30629187e-20
4.328358209e-05
4.237004165e-20
4.328358209e-05
6.29441303e-20
4.328358209e-05
-2.483581795e-20
4.328358209e-05
-5.571848135e-20
4.328358209e-05
2.455664032e-20
4.328358209e-05
2.977357931e-20
4.328358209e-05
-3.149388013e-20
4.328358209e-05
-3.365966272e-20
4.328358209e-05
-6.956430771e-21
4.328358209e-05
4.732946753e-20
4.328358209e-05
3.940575796e-20
4.328358209e-05
-7.738664824e-21
4.328358209e-05
-2.677270253e-20
4.328358209e-05
1.269007627e-21
4.328358209e-05
2.861741171e-20
4.328358209e-05
-9.221533185e-21
4.328358209e-05
-1.966276709e-20
4.328358209e-05
2.236091761e-20
4.328358209e-05
4.050350403e-20
4.328358209e-05
-3.539890096e-20
4.328358209e-05
-3.378104716e-20
4.328358209e-05
2.065740867e-20
4.328358209e-05
6.472054262e-21
4.328358209e-05
-3.241211763e-20
4.328358209e-05
-3.854202861e-21
4.328358209e-05
-1.939392333e-20
4.328358209e-05
1.839968565e-20
4.328358209e-05
-2.139228763e-20
4.328358209e-05
-3.441050117e-20
4.328358209e-05
1.761404742e-20
4.328358209e-05
1.695875236e-20
4.328358209e-05
2.381649076e-21
4.328358209e-05
-8.052166685e-20
4.328358209e-05
1.262970767e-20
4.328358209e-05
1.00332716e-19
4.328358209e-05
2.886320166e-20
4.328358209e-05
-6.718152845e-20
4.328358209e-05
-9.62403948e-20
4.328358209e-05
3.335647544e-20
4.328358209e-05
7.010670479e-20
4.328358209e-05
1.561961778e-20
4.328358209e-05
-7.814803744e-20
4.328358209e-05
-5.994797634e-21
4.328358209e-05
1.025031853e-19
4.328358209e-05
-3.062346336e-20
4.328358209e-05
-2.439806279e-20
4.328358209e-05
5.669313128e-20
4.328358209e-05
7.242631646e-20
4.328358209e-05
2.184738114e-20
4.328358209e-05
-1.30199693e-19
4.328358209e-05
-4.091449968e-20
4.328358209e-05
8.138374818e-20
4.328358209e-05
-4.738668877e-20
4.328358209e-05
-2.17377683e-20
4.328358209e-05
4.811457277e-20
4.328358209e-05
8.909523595e-21
4.328358209e-05
6.122356865e-21
4.328358209e-05
-4.09673039e-20
4.328358209e-05
1.361429545e-20
4.328358209e-05
1.198968287e-20
4.328358209e-05
1.264197537e-20
4.328358209e-05
-8.763068802e-21
4.328358209e-05
-1.929154645e-20
4.328358209e-05
6.521324558e-21
4.328358209e-05
1.938466153e-20
4.328358209e-05
6.177851164e-20
4.328358209e-05
-2.600760001e-20
4.328358209e-05
-1.640801974e-20
4.328358209e-05
4.695980776e-20
4.328358209e-05
-8.824288068e-20
4.328358209e-05
-4.537154145e-20
4.328358209e-05
3.591216781e-20
4.328358209e-05
-4.714417676e-21
4.328358209e-05
1.155562448e-20
4.328358209e-05
-1.354861403e-19
4.328358209e-05
-2.748743803e-20
4.328358209e-05
1.302897624e-19
4.328358209e-05
-4.873176067e-20
4.328358209e-05
-5.317889671e-21
4.328358209e-05
9.910852659e-20
4.328358209e-05
3.448737209e-20
4.328358209e-05
7.098333423e-21
4.328358209e-05
-1.113985869e-19
4.328358209e-05
-5.655090749e-21
4.328358209e-05
1.159519831e-19
4.328358209e-05
1.378357025e-20
4.328358209e-05
-8.113491101e-20
4.328358209e-05
-5.436412197e-20
4.328358209e-05
4.346432954e-20
4.328358209e-05
7.422813315e-20
4.328358209e-05
1.887314747e-20
4.328358209e-05
-5.235564541e-20
4.328358209e-05
-1.941393487e-20
4.328358209e-05
-2.562915611e-20
4.328358209e-05
-1.466970411e-20
4.328358209e-05
3.097114471e-20
4.328358209e-05
3.289826632e-20
2.455894052e-20
3.28358209e-05
8.597914673e-21
3.28358209e-05
-1.16082831e-20
3.28358209e-05
1.129444182e-20
3.28358209e-05
1.073417605e-20
3.28358209e-05
-1.419398707e-20
3.28358209e-05
-2.194035331e-20
3.28358209e-05
1.413779245e-20
3.28358209e-05
3.228100687e-20
3.28358209e-05
-1.407026363e-20
3.28358209e-05
-4.40886313e-21
3.28358209e-05
1.457595391e-20
3.28358209e-05
-1.096967287e-20
3.28358209e-05
9.810697483e-21
3.28358209e-05
2.913738809e-20
3.28358209e-05
8.811077785e-21
3.28358209e-05
-1.167585499e-20
3.28358209e-05
1.836010065e-20
3.28358209e-05
-2.476972324e-20
3.28358209e-05
-4.09337034e-20
3.28358209e-05
-5.71576097e-21
3.28358209e-05
7.04049617e-21
3.28358209e-05
8.861238846e-21
3.28358209e-05
2.190297972e-20
3.28358209e-05
1.360542503e-20
3.28358209e-05
-2.331461593e-20
3.28358209e-05
-2.032919565e-20
3.28358209e-05
-1.617846071e-20
3.28358209e-05
9.637199166e-21
3.28358209e-05
-1.521349961e-20
3.28358209e-05
-3.683526949e-20
3.28358209e-05
-7.176531498e-21
3.28358209e-05
1.15128512e-20
3.28358209e-05
1.705953488e-20
3.28358209e-05
1.817946234e-20
3.28358209e-05
9.973366664e-21
3.28358209e-05
-2.995053022e-20
3.28358209e-05
-9.809671389e-21
3.28358209e-05
-4.017422217e-21
3.28358209e-05
2.04759079e-20
3.28358209e-05
3.127921451e-20
3.28358209e-05
-3.849445938e-20
3.28358209e-05
-7.044201241e-21
3.28358209e-05
1.973221961e-20
3.28358209e-05
-6.601293448e-21
3.28358209e-05
-3.601044697e-21
3.28358209e-05
9.720423587e-21
3.28358209e-05
3.979924424e-21
3.28358209e-05
-9.428331331e-21
3.28358209e-05
2.607648561e-21
3.28358209e-05
-1.719899472e-20
3.28358209e-05
-1.657488513e-21
3.28358209e-05
1.727380827e-20
3.28358209e-05
-7.846464053e-21
3.28358209e-05
-2.77622995e-21
3.28358209e-05
-9.351569795e-22
3.28358209e-05
3.381230607e-20
3.28358209e-05
1.875532489e-21
3.28358209e-05
-2.076735232e-20
3.28358209e-05
-2.610478358e-21
3.28358209e-05
-5.558668288e-21
3.28358209e-05
-3.18908742e-22
3.28358209e-05
9.030872112e-21
3.28358209e-05
8.82573264e-21
3.28358209e-05
-9.907256963e-21
3.28358209e-05
5.452679303e-21
3.28358209e-05
1.575241486e-20
3.28358209e-05
5.887727624e-21
3.28358209e-05
2.383900063e-20
3.28358209e-05
2.772077068e-21
3.28358209e-05
-2.415159072e-20
3.28358209e-05
2.299472101e-20
3.28358209e-05
-2.419717664e-20
3.28358209e-05
-2.558409856e-20
3.28358209e-05
3.759342521e-20
3.28358209e-05
2.395411563e-20
3.28358209e-05
-2.481520014e-20
3.28358209e-05
-3.985465169e-20
3.28358209e-05
2.34856494e-20
3.28358209e-05
3.112108104e-20
3.28358209e-05
1.515367973e-21
3.28358209e-05
6.58865971e-21
3.28358209e-05
-1.765046414e-20
3.28358209e-05
-3.552016098e-20
3.28358209e-05
-6.953368435e-21
3.28358209e-05
3.417382717e-20
3.28358209e-05
1.315687562e-21
3.28358209e-05
-1.078132141e-20
3.28358209e-05
-1.559943954e-20
3.28358209e-05
1.79756036e-20
3.28358209e-05
1.683578125e-20
3.28358209e-05
-1.755702292e-20
3.28358209e-05
-9.816184159e-21
3.28358209e-05
2.175559184e-20
3.28358209e-05
5.023088057e-21
3.28358209e-05
-3.108787288e-20
3.28358209e-05
1.347832604e-20
3.28358209e-05
-3.516738728e-21
3.28358209e-05
-2.972559242e-20
3.28358209e-05
1.390956941e-20
3.28358209e-05
1.84968848e-20
3.28358209e-05
-1.850339236e-20
3.28358209e-05
-3.368722125e-20
3.28358209e-05
2.365135548e-20
3.28358209e-05
4.284532832e-20
3.28358209e-05
-7.260415051e-21
3.28358209e-05
-2.66745948e-20
3.28358209e-05
1.001010507e-20
3.28358209e-05
1.786371883e-20
3.28358209e-05
-2.026368478e-20
3.28358209e-05
-1.710480421e-20
3.28358209e-05
-2.175617421e-20
3.28358209e-05
4.75121272e-20
3.28358209e-05
3.2445088e-20
3.28358209e-05
-2.236356908e-20
3.28358209e-05
-2.701150459e-20
3.28358209e-05
-8.296229774e-21
3.28358209e-05
2.026313678e-20
3.28358209e-05
6.280648653e-21
3.28358209e-05
-1.29158221e-20
3.28358209e-05
1.113454368e-21
3.28358209e-05
2.572323571e-20
3.28358209e-05
-2.108287256e-20
3.28358209e-05
-2.596366818e-20
3.28358209e-05
3.202133971e-20
3.28358209e-05
1.231710886e-20
3.28358209e-05
-1.455596361e-20
3.28358209e-05
-4.524648809e-21
3.28358209e-05
-1.358193039e-20
3.28358209e-05
1.747176863e-20
3.28358209e-05
-2.366931798e-20
3.28358209e-05
-2.378468133e-20
3.28358209e-05
2.090256779e-20
3.28358209e-05
-9.088987553e-22
3.28358209e-05
1.616973561e-21
3.28358209e-05
-5.958077409e-20
3.28358209e-05
2.094806689e-20
3.28358209e-05
9.387141095e-20
3.28358209e-05
1.868521198e-20
3.28358209e-05
-7.508265319e-20
3.28358209e-05
-7.072817158e-20
3.28358209e-05
2.112184343e-20
3.28358209e-05
5.643460467e-20
3.28358209e-05
1.583051e-20
3.28358209e-05
-7.722202928e-20
3.28358209e-05
-9.022149944e-21
3.28358209e-05
9.139776388e-20
3.28358209e-05
-1.789598191e-20
3.28358209e-05
-4.224386571e-20
3.28358209e-05
4.610830878e-20
3.28358209e-05
6.618444939e-20
3.28358209e-05
1.455724008e-20
3.28358209e-05
-1.166913552e-19
3.28358209e-05
-3.593643722e-20
3.28358209e-05
7.214537605e-20
3.28358209e-05
-4.256378005e-20
3.28358209e-05
-1.767886031e-20
3.28358209e-05
5.345761066e-20
3.28358209e-05
8.032244732e-21
3.28358209e-05
1.353902257e-20
3.28358209e-05
-4.192469409e-20
3.28358209e-05
1.540092701e-20
3.28358209e-05
1.891357766e-20
3.28358209e-05
4.658648592e-22
3.28358209e-05
-1.388073437e-20
3.28358209e-05
-1.769334716e-20
3.28358209e-05
6.696737221e-21
3.28358209e-05
1.453201271e-20
3.28358209e-05
4.703451284e-20
3.28358209e-05
-1.936086147e-20
3.28358209e-05
-2.146782296e-20
3.28358209e-05
4.237208094e-20
3.28358209e-05
-6.297369519e-20
3.28358209e-05
-3.487176693e-20
3.28358209e-05
4.741538265e-20
3.28358209e-05
-7.977050369e-22
3.28358209e-05
-2.795307026e-21
3.28358209e-05
-9.798350583e-20
3.28358209e-05
1.303727559e-21
3.28358209e-05
1.092346567e-19
3.28358209e-05
-6.049984277e-20
3.28358209e-05
-1.074979314e-20
3.28358209e-05
8.496809627e-20
3.28358209e-05
8.006870379e-21
3.28358209e-05
-1.2655471e-20
3.28358209e-05
-8.830794042e-20
3.28358209e-05
-8.143716267e-22
3.28358209e-05
1.159909427e-19
3.28358209e-05
-9.153270637e-22
3.28358209e-05
-7.707872228e-20
3.28358209e-05
-2.506550531e-20
3.28358209e-05
3.464715963e-20
3.28358209e-05
3.793088316e-20
3.28358209e-05
1.782152574e-20
3.28358209e-05
-3.265563675e-20
3.28358209e-05
-1.713895519e-20
3.28358209e-05
-2.243114219e-20
3.28358209e-05
-2.082066528e-20
3.28358209e-05
2.475753226e-20
3.28358209e-05
2.10067788e-20
3.682923344e-20
2.089552239e-05
1.424172912e-20
2.089552239e-05
1.608868431e-21
2.089552239e-05
-3.03731842e-21
2.089552239e-05
-1.381367022e-20
2.089552239e-05
-1.952756226e-20
2.089552239e-05
-2.318849193e-20
2.089552239e-05
7.487543154e-21
2.089552239e-05
2.675832843e-20
2.089552239e-05
-2.119271668e-21
2.089552239e-05
-1.644889739e-21
2.089552239e-05
1.170154983e-20
2.089552239e-05
-3.898131598e-21
2.089552239e-05
2.500147265e-21
2.089552239e-05
2.165875668e-20
2.089552239e-05
-9.359187485e-21
2.089552239e-05
-1.143141518e-20
2.089552239e-05
3.189469869e-21
2.089552239e-05
-9.798473657e-21
2.089552239e-05
-1.315450391e-20
2.089552239e-05
1.696983093e-21
2.089552239e-05
1.829314428e-20
2.089552239e-05
2.60760072e-21
2.089552239e-05
5.343989389e-21
2.089552239e-05
1.249270892e-20
2.089552239e-05
-6.144155716e-21
2.089552239e-05
-1.988744813e-20
2.089552239e-05
-2.125223545e-20
2.089552239e-05
2.835409036e-21
2.089552239e-05
-9.093950228e-22
2.089552239e-05
-2.984393283e-20
2.089552239e-05
-1.325681603e-20
2.089552239e-05
2.225522113e-20
2.089552239e-05
1.09654101e-20
2.089552239e-05
1.169173306e-20
2.089552239e-05
9.68031982e-21
2.089552239e-05
-3.110770678e-20
2.089552239e-05
-3.182400822e-21
2.089552239e-05
1.253490276e-20
2.089552239e-05
3.907988354e-21
2.089552239e-05
1.737861261e-20
2.089552239e-05
-1.818428519e-20
2.089552239e-05
-1.002016106e-20
2.089552239e-05
4.409972949e-21
2.089552239e-05
3.228465412e-21
2.089552239e-05
-8.063188788e-21
2.089552239e-05
3.350031614e-21
2.089552239e-05
1.081462754e-20
2.089552239e-05
-1.124837892e-21
2.089552239e-05
-3.002471166e-21
2.089552239e-05
-1.562094675e-20
2.089552239e-05
3.825023387e-21
2.089552239e-05
1.316671479e-20
2.089552239e-05
-4.080484175e-21
2.089552239e-05
-2.39198423e-21
2.089552239e-05
4.656009889e-21
2.089552239e-05
7.9911042e-21
2.089552239e-05
1.089615282e-21
2.089552239e-05
-4.681401647e-21
2.089552239e-05
1.350297693e-23
2.089552239e-05
8.075682067e-24
2.089552239e-05
-4.220461128e-21
2.089552239e-05
8.971432798e-22
2.089552239e-05
3.652603513e-21
2.089552239e-05
-1.260195149e-21
2.089552239e-05
3.307476419e-21
2.089552239e-05
5.737340468e-21
2.089552239e-05
9.637355072e-21
2.089552239e-05
6.281321467e-21
2.089552239e-05
-9.469015823e-21
2.089552239e-05
-1.331951545e-20
2.089552239e-05
7.075590612e-21
2.089552239e-05
-2.126896721e-20
2.089552239e-05
2.843493612e-21
2.089552239e-05
2.819982614e-20
2.089552239e-05
1.345244327e-21
2.089552239e-05
-2.864217329e-20
2.089552239e-05
-6.948509018e-21
2.089552239e-05
4.559509437e-20
2.089552239e-05
8.695269978e-21
2.089552239e-05
-7.461363308e-22
2.089552239e-05
9.486620058e-21
2.089552239e-05
-1.70271633e-20
2.089552239e-05
-2.407049079e-20
2.089552239e-05
6.036052227e-21
2.089552239e-05
1.52978345e-20
2.089552239e-05
-5.077769214e-21
2.089552239e-05
-8.530989886e-21
2.089552239e-05
-1.21987342e-20
2.089552239e-05
1.859373737e-20
2.089552239e-05
9.885406226e-21
2.089552239e-05
-2.067697979e-20
2.089552239e-05
-2.392798283e-20
2.089552239e-05
1.719984111e-20
2.089552239e-05
2.68767934e-20
2.089552239e-05
-5.391042197e-21
2.089552239e-05
4.813890778e-21
2.089552239e-05
-4.644955414e-21
2.089552239e-05
-1.480992475e-20
2.089552239e-05
-1.127787348e-20
2.089552239e-05
2.000827212e-20
2.089552239e-05
9.589063598e-21
2.089552239e-05
-2.76782743e-20
2.089552239e-05
-3.028873064e-21
2.089552239e-05
1.341021057e-20
2.089552239e-05
7.327601177e-21
2.089552239e-05
3.789420575e-22
2.089552239e-05
-6.032547695e-21
2.089552239e-05
-6.044226023e-21
2.089552239e-05
-1.140969234e-22
2.089552239e-05
2.320398261e-21
2.089552239e-05
-2.135705135e-20
2.089552239e-05
1.402267889e-20
2.089552239e-05
1.038184257e-20
2.089552239e-05
2.892067235e-21
2.089552239e-05
1.530773805e-21
2.089552239e-05
-1.137601256e-20
2.089552239e-05
-4.561391864e-21
2.089552239e-05
9.112354683e-21
2.089552239e-05
7.47939616e-21
2.089552239e-05
-8.963850921e-21
2.089552239e-05
-1.835183688e-21
2.089552239e-05
-1.205730898e-20
2.089552239e-05
-1.423445533e-20
2.089552239e-05
1.208481956e-20
2.089552239e-05
1.134689263e-20
2.089552239e-05
8.619474596e-21
2.089552239e-05
1.081842517e-20
2.089552239e-05
-1.329963571e-20
2.089552239e-05
-1.699910985e-21
2.089552239e-05
-1.414444124e-20
2.089552239e-05
-6.539708504e-21
2.089552239e-05
1.097101788e-20
2.089552239e-05
-9.473798985e-21
2.089552239e-05
1.339812458e-20
2.089552239e-05
-3.219320866e-20
2.089552239e-05
3.477816516e-21
2.089552239e-05
5.509800697e-20
2.089552239e-05
1.897465713e-20
2.089552239e-05
-3.108333313e-20
2.089552239e-05
-5.235954421e-20
2.089552239e-05
7.98041152e-21
2.089552239e-05
2.536101033e-20
2.089552239e-05
1.566316812e-20
2.089552239e-05
-4.196129436e-20
2.089552239e-05
-1.069427271e-20
2.089552239e-05
6.380089757e-20
2.089552239e-05
-1.239832149e-20
2.089552239e-05
-3.676918209e-20
2.089552239e-05
2.969717638e-20
2.089552239e-05
4.952637047e-20
2.089552239e-05
1.150652101e-20
2.089552239e-05
-5.519406562e-20
2.089552239e-05
-3.072112006e-20
2.089552239e-05
2.696416186e-20
2.089552239e-05
-1.993626273e-20
2.089552239e-05
1.869657497e-21
2.089552239e-05
2.021833047e-20
2.089552239e-05
-8.617340625e-21
2.089552239e-05
1.720853195e-20
2.089552239e-05
-1.451105245e-20
2.089552239e-05
1.476679009e-21
2.089552239e-05
6.007268386e-23
2.089552239e-05
8.641957538e-21
2.089552239e-05
1.667486169e-21
2.089552239e-05
-1.084655244e-20
2.089552239e-05
-1.163422962e-20
2.089552239e-05
1.001601855e-20
2.089552239e-05
5.013233912e-20
2.089552239e-05
-1.865531984e-20
2.089552239e-05
-1.697314373e-20
2.089552239e-05
2.682166029e-20
2.089552239e-05
-4.247932875e-20
2.089552239e-05
-1.818505941e-20
2.089552239e-05
4.514289521e-20
2.089552239e-05
-8.206749844e-21
2.089552239e-05
-4.096853241e-21
2.089552239e-05
-5.25783015e-20
2.089552239e-05
-6.717205265e-21
2.089552239e-05
7.372619363e-20
2.089552239e-05
-2.73868515e-20
2.089552239e-05
-1.108983773e-20
2.089552239e-05
4.104016021e-20
2.089552239e-05
-5.366126791e-21
2.089552239e-05
-5.580960656e-21
2.089552239e-05
-4.206715399e-20
2.089552239e-05
-6.259624833e-21
2.089552239e-05
4.807672318e-20
2.089552239e-05
-8.002580012e-21
2.089552239e-05
-2.753128667e-20
2.089552239e-05
-2.354991279e-21
2.089552239e-05
1.274671497e-20
2.089552239e-05
5.870622502e-21
2.089552239e-05
1.989532307e-20
2.089552239e-05
-3.606923806e-21
2.089552239e-05
-1.087616926e-20
2.089552239e-05
-3.359560729e-20
2.089552239e-05
-2.50795892e-20
2.089552239e-05
3.835224378e-20
2.089552239e-05
2.350116376e-20
1.523157321e-20
7.462686567e-06
7.462686567e-06
7.462686567e-06
7.462686567e-06
7.462686567e-06
7.462686567e-06
7.462686567e-06
7.462686567e-06
7.462686567e-06
7.462686567e-06
7.462686567e-06
7.462686567e-06
7.462686567e-06
7.462686567e-06
7.462686567e-06
7.462686567e-06
7.462686567e-06
7.462686567e-06
7.462686567e-06
7.462686567e-06
7.462686567e-06
7.462686567e-06
7.462686567e-06
7.462686567e-06
7.462686567e-06
7.462686567e-06
7.462686567e-06
7.462686567e-06
7.462686567e-06
7.462686567e-06
7.462686567e-06
7.462686567e-06
7.462686567e-06
7.462686567e-06
7.462686567e-06
7.462686567e-06
7.462686567e-06
7.462686567e-06
7.462686567e-06
7.462686567e-06
7.462686567e-06
7.462686567e-06
7.462686567e-06
7.462686567e-06
7.462686567e-06
7.462686567e-06
7.462686567e-06
7.462686567e-06
7.462686567e-06
7.462686567e-06
7.462686567e-06
7.462686567e-06
7.462686567e-06
7.462686567e-06
7.462686567e-06
7.462686567e-06
7.462686567e-06
7.462686567e-06
7.462686567e-06
7.462686567e-06
7.462686567e-06
7.462686567e-06
7.462686567e-06
7.462686567e-06
7.462686567e-06
7.462686567e-06
7.462686567e-06
7.462686567e-06
7.462686567e-06
7.462686567e-06
7.462686567e-06
7.462686567e-06
7.462686567e-06
7.462686567e-06
7.462686567e-06
7.462686567e-06
7.462686567e-06
7.462686567e-06
7.462686567e-06
7.462686567e-06
7.462686567e-06
7.462686567e-06
7.462686567e-06
7.462686567e-06
7.462686567e-06
7.462686567e-06
7.462686567e-06
7.462686567e-06
7.462686567e-06
7.462686567e-06
7.462686567e-06
7.462686567e-06
7.462686567e-06
7.462686567e-06
7.462686567e-06
7.462686567e-06
7.462686567e-06
7.462686567e-06
7.462686567e-06
7.462686567e-06
7.462686567e-06
7.462686567e-06
7.462686567e-06
7.462686567e-06
7.462686567e-06
7.462686567e-06
7.462686567e-06
7.462686567e-06
7.462686567e-06
7.462686567e-06
7.462686567e-06
7.462686567e-06
7.462686567e-06
7.462686567e-06
7.462686567e-06
7.462686567e-06
7.462686567e-06
7.462686567e-06
7.462686567e-06
7.462686567e-06
7.462686567e-06
7.462686567e-06
7.462686567e-06
7.462686567e-06
7.462686567e-06
7.462686567e-06
7.462686567e-06
7.462686567e-06
7.462686567e-06
7.462686567e-06
7.462686567e-06
7.462686567e-06
7.462686567e-06
7.462686567e-06
7.462686567e-06
7.462686567e-06
7.462686567e-06
7.462686567e-06
7.462686567e-06
7.462686567e-06
7.462686567e-06
7.462686567e-06
7.462686567e-06
7.462686567e-06
7.462686567e-06
7.462686567e-06
7.462686567e-06
7.462686567e-06
7.462686567e-06
7.462686567e-06
7.462686567e-06
7.462686567e-06
7.462686567e-06
7.462686567e-06
7.462686567e-06
7.462686567e-06
7.462686567e-06
7.462686567e-06
7.462686567e-06
7.462686567e-06
7.462686567e-06
7.462686567e-06
7.462686567e-06
7.462686567e-06
7.462686567e-06
7.462686567e-06
7.462686567e-06
7.462686567e-06
7.462686567e-06
7.462686567e-06
7.462686567e-06
7.462686567e-06
7.462686567e-06
7.462686567e-06
7.462686567e-06
7.462686567e-06
7.462686567e-06
7.462686567e-06
7.462686567e-06
7.462686567e-06
7.462686567e-06
7.462686567e-06
7.462686567e-06
7.462686567e-06
7.462686567e-06
7.462686567e-06
7.462686567e-06
7.462686567e-06
7.462686567e-06
7.462686567e-06
7.462686567e-06
7.462686567e-06
7.462686567e-06
7.462686567e-06
7.462686567e-06
7.462686567e-06
7.462686567e-06
7.462686567e-06
7.462686567e-06
)
;

boundaryField
{
    inlet
    {
        type            cyclic;
        value           nonuniform List<scalar> 
20
(
-5.970149254e-05
-6.567164179e-05
-7.014925373e-05
-7.313432836e-05
-7.462686567e-05
-7.462686567e-05
-7.313432836e-05
-7.014925373e-05
-6.567164179e-05
-5.970149254e-05
-5.223880597e-05
-4.328358209e-05
-3.28358209e-05
-2.089552239e-05
-7.462686567e-06
-5.223880597e-05
-4.328358209e-05
-3.28358209e-05
-2.089552239e-05
-7.462686567e-06
)
;
    }
    outlet
    {
        type            cyclic;
        value           nonuniform List<scalar> 
20
(
5.970149254e-05
6.567164179e-05
7.014925373e-05
7.313432836e-05
7.462686567e-05
7.462686567e-05
7.313432836e-05
7.014925373e-05
6.567164179e-05
5.970149254e-05
5.223880597e-05
4.328358209e-05
3.28358209e-05
2.089552239e-05
7.462686567e-06
5.223880597e-05
4.328358209e-05
3.28358209e-05
2.089552239e-05
7.462686567e-06
)
;
    }
    topWall
    {
        type            calculated;
        value           uniform 0;
    }
    bottomWall
    {
        type            calculated;
        value           uniform 0;
    }
    frontAndBack
    {
        type            empty;
        value           nonuniform List<scalar> 0();
    }
}


// ************************************************************************* //
