/*--------------------------------*- C++ -*----------------------------------*\
  =========                 |
  \\      /  F ield         | OpenFOAM: The Open Source CFD Toolbox
   \\    /   O peration     | Website:  https://openfoam.org
    \\  /    A nd           | Version:  10
     \\/     M anipulation  |
\*---------------------------------------------------------------------------*/
FoamFile
{
    format      ascii;
    class       volVectorField;
    location    "1000";
    object      U;
}
// * * * * * * * * * * * * * * * * * * * * * * * * * * * * * * * * * * * * * //

dimensions      [0 1 -1 0 0 0 0];

internalField   nonuniform List<vector> 
4000
(
(0.1492537313 4.704559597e-16 0)
(0.1492537313 2.456048456e-17 0)
(0.1492537313 9.816413036e-18 0)
(0.1492537313 -1.134674075e-17 0)
(0.1492537313 -2.113234333e-17 0)
(0.1492537313 -2.20825478e-17 0)
(0.1492537313 2.815079276e-18 0)
(0.1492537313 3.56384837e-18 0)
(0.1492537313 -1.535962775e-17 0)
(0.1492537313 1.179266367e-17 0)
(0.1492537313 1.122458048e-17 0)
(0.1492537313 -1.959826905e-17 0)
(0.1492537313 -1.421939097e-17 0)
(0.1492537313 1.700760381e-17 0)
(0.1492537313 1.380145609e-17 0)
(0.1492537313 -1.87668355e-17 0)
(0.1492537313 -1.992305149e-17 0)
(0.1492537313 3.13792034e-18 0)
(0.1492537313 1.662338251e-18 0)
(0.1492537313 1.615903112e-17 0)
(0.1492537313 9.429821317e-18 0)
(0.1492537313 -5.19749416e-17 0)
(0.1492537313 -1.723581905e-17 0)
(0.1492537313 3.320435204e-17 0)
(0.1492537313 1.361968971e-17 0)
(0.1492537313 3.421528409e-17 0)
(0.1492537313 -1.712961966e-17 0)
(0.1492537313 4.09513073e-18 0)
(0.1492537313 2.653566127e-17 0)
(0.1492537313 -4.425453621e-17 0)
(0.1492537313 1.175424469e-17 0)
(0.1492537313 -2.358616407e-17 0)
(0.1492537313 2.047476112e-17 0)
(0.1492537313 8.492172245e-18 0)
(0.1492537313 -4.14691205e-17 0)
(0.1492537313 7.985639521e-17 0)
(0.1492537313 -5.073599436e-17 0)
(0.1492537313 -3.310603827e-17 0)
(0.1492537313 -3.155475949e-18 0)
(0.1492537313 4.329633684e-18 0)
(0.1492537313 7.17566176e-17 0)
(0.1492537313 -3.837927199e-17 0)
(0.1492537313 9.867997374e-18 0)
(0.1492537313 -3.787148761e-17 0)
(0.1492537313 1.377395626e-18 0)
(0.1492537313 3.156819341e-17 0)
(0.1492537313 2.436883264e-19 0)
(0.1492537313 5.138763621e-17 0)
(0.1492537313 -5.037001238e-17 0)
(0.1492537313 -2.189327561e-17 0)
(0.1492537313 3.866775403e-17 0)
(0.1492537313 -1.471686339e-17 0)
(0.1492537313 4.928935629e-17 0)
(0.1492537313 -4.124610896e-17 0)
(0.1492537313 -3.287526696e-17 0)
(0.1492537313 3.554330231e-17 0)
(0.1492537313 4.975358561e-17 0)
(0.1492537313 -3.836603325e-17 0)
(0.1492537313 -1.533802214e-18 0)
(0.1492537313 1.2682114e-17 0)
(0.1492537313 -1.624666248e-17 0)
(0.1492537313 -1.152764554e-18 0)
(0.1492537313 1.163005484e-17 0)
(0.1492537313 -1.388635897e-17 0)
(0.1492537313 -4.662129905e-17 0)
(0.1492537313 4.266943252e-17 0)
(0.1492537313 5.173405051e-17 0)
(0.1492537313 -4.900210153e-17 0)
(0.1492537313 -3.690697595e-17 0)
(0.1492537313 1.034024299e-16 0)
(0.1492537313 -7.239385677e-17 0)
(0.1492537313 -2.915507213e-17 0)
(0.1492537313 1.53295475e-16 0)
(0.1492537313 -1.03941421e-16 0)
(0.1492537313 -1.086611982e-16 0)
(0.1492537313 1.075315192e-16 0)
(0.1492537313 6.781213853e-17 0)
(0.1492537313 4.121989864e-18 0)
(0.1492537313 -1.809342609e-16 0)
(0.1492537313 4.262313247e-17 0)
(0.1492537313 1.158177382e-16 0)
(0.1492537313 -1.80248025e-17 0)
(0.1492537313 -3.110968592e-18 0)
(0.1492537313 -8.027723991e-17 0)
(0.1492537313 1.15832831e-17 0)
(0.1492537313 4.800712041e-17 0)
(0.1492537313 5.503962465e-17 0)
(0.1492537313 4.837621495e-18 0)
(0.1492537313 -1.695361738e-16 0)
(0.1492537313 6.372733547e-17 0)
(0.1492537313 1.08598849e-16 0)
(0.1492537313 -1.164797551e-17 0)
(0.1492537313 -1.064314665e-16 0)
(0.1492537313 6.162693935e-17 0)
(0.1492537313 5.955151379e-17 0)
(0.1492537313 -1.181791769e-16 0)
(0.1492537313 1.061274847e-16 0)
(0.1492537313 1.13717688e-17 0)
(0.1492537313 -1.031509477e-16 0)
(0.1492537313 -1.632670934e-17 0)
(0.1492537313 4.910038006e-17 0)
(0.1492537313 1.127559645e-16 0)
(0.1492537313 -9.370475745e-17 0)
(0.1492537313 -9.894255831e-17 0)
(0.1492537313 8.789406533e-17 0)
(0.1492537313 1.170211257e-16 0)
(0.1492537313 3.579786351e-18 0)
(0.1492537313 -2.232515004e-16 0)
(0.1492537313 1.116664861e-17 0)
(0.1492537313 2.173460564e-16 0)
(0.1492537313 -8.744122105e-17 0)
(0.1492537313 -1.314026383e-16 0)
(0.1492537313 8.891558465e-17 0)
(0.1492537313 3.400546992e-18 0)
(0.1492537313 1.002520852e-16 0)
(0.1492537313 -9.043993604e-17 0)
(0.1492537313 -1.202357237e-16 0)
(0.1492537313 1.1822265e-16 0)
(0.1492537313 1.194311911e-16 0)
(0.1492537313 -6.181642011e-18 0)
(0.1492537313 -2.438132425e-16 0)
(0.1492537313 1.78066868e-17 0)
(0.1492537313 2.271635734e-16 0)
(0.1492537313 -8.334452524e-17 0)
(0.1492537313 -1.007427122e-16 0)
(0.1492537313 8.159022831e-17 0)
(0.1492537313 1.122970573e-16 0)
(0.1492537313 -1.917799934e-17 0)
(0.1492537313 -2.124114332e-16 0)
(0.1492537313 1.223720131e-16 0)
(0.1492537313 -4.07565137e-19 0)
(0.1492537313 -1.207015761e-16 0)
(0.1492537313 1.058436397e-16 0)
(0.1492537313 -1.067730184e-16 0)
(0.1492537313 1.980688368e-16 0)
(0.1492537313 4.839038149e-18 0)
(0.1492537313 -2.071005464e-16 0)
(0.1492537313 9.241219844e-17 0)
(0.1492537313 1.000588539e-17 0)
(0.1492537313 1.149478478e-16 0)
(0.1492537313 -2.018235984e-17 0)
(0.1492537313 -1.936848251e-16 0)
(0.1492537313 -9.255823814e-18 0)
(0.1492537313 1.089025233e-16 0)
(0.1492537313 -1.449281283e-18 0)
(0.1492537313 -4.077908935e-17 0)
(0.1492537313 2.252478455e-16 0)
(0.1492537313 -7.680857772e-17 0)
(0.1492537313 -2.962923355e-16 0)
(0.1492537313 9.228210093e-17 0)
(0.1492537313 7.953304316e-17 0)
(0.1492537313 1.241021516e-16 0)
(0.1492537313 -9.192032298e-17 0)
(0.1492537313 -2.327751651e-16 0)
(0.1492537313 3.335391678e-16 0)
(0.1492537313 1.163915348e-16 0)
(0.1492537313 -2.238741631e-16 0)
(0.1492537313 -9.60476848e-17 0)
(0.1492537313 -1.005838538e-16 0)
(0.1492537313 2.153745822e-16 0)
(0.1492537313 8.280313382e-17 0)
(0.1492537313 4.721229884e-19 0)
(0.1492537313 -8.985200969e-17 0)
(0.1492537313 -9.059425524e-17 0)
(0.1492537313 1.65525349e-16 0)
(0.1492537313 -9.711847474e-17 0)
(0.1492537313 1.492920253e-17 0)
(0.1492537313 -1.055660791e-16 0)
(0.1492537313 -6.539319367e-18 0)
(0.1492537313 2.897275373e-16 0)
(0.1492537313 -1.930055804e-16 0)
(0.1492537313 8.121423548e-18 0)
(0.1492537313 1.935770476e-17 0)
(0.1492537313 -2.117625839e-16 0)
(0.1492537313 3.478652864e-16 0)
(0.1492537313 -3.76368411e-17 0)
(0.1492537313 -1.332588262e-16 0)
(0.1492537313 5.193780213e-17 0)
(0.1492537313 -2.498623916e-16 0)
(0.1492537313 3.304310059e-16 0)
(0.1492537313 3.395988703e-17 0)
(0.1492537313 -1.572699662e-16 0)
(0.1492537313 2.850341099e-17 0)
(0.1492537313 -5.810633139e-18 0)
(0.1492537313 9.656287273e-17 0)
(0.1492537313 -1.631090039e-16 0)
(0.1492537313 -1.430271855e-16 0)
(0.1492537313 3.1802713e-16 0)
(0.1492537313 1.389864592e-16 0)
(0.1492537313 -2.437969305e-16 0)
(0.1492537313 -1.119821687e-16 0)
(0.1492537313 1.120929795e-16 0)
(0.1492537313 -2.32609867e-17 0)
(0.1492537313 -8.753661635e-17 0)
(0.1492537313 2.092698541e-16 0)
(0.1492537313 -2.251649394e-16 0)
(0.1492537313 1.089103411e-16 0)
(0.1492537313 2.123740176e-16 0)
(0.1492537313 -3.372558068e-16 0)
(0.1492537313 1.405016211e-18 0)
(0.4179104478 3.083595022e-15 0)
(0.4179104478 4.525197554e-16 0)
(0.4179104478 1.882094697e-16 0)
(0.4179104478 7.039590153e-17 0)
(0.4179104478 -4.017578428e-17 0)
(0.4179104478 -4.573046409e-17 0)
(0.4179104478 2.122054763e-17 0)
(0.4179104478 1.753278003e-17 0)
(0.4179104478 1.192206261e-17 0)
(0.4179104478 4.883951653e-17 0)
(0.4179104478 3.498498134e-17 0)
(0.4179104478 -1.587910605e-17 0)
(0.4179104478 -2.001115177e-17 0)
(0.4179104478 -5.119761685e-18 0)
(0.4179104478 2.741171211e-17 0)
(0.4179104478 -6.237945273e-17 0)
(0.4179104478 -3.265651992e-17 0)
(0.4179104478 1.837979506e-17 0)
(0.4179104478 -1.414723484e-17 0)
(0.4179104478 -5.513789244e-18 0)
(0.4179104478 2.828927763e-17 0)
(0.4179104478 -5.298209243e-17 0)
(0.4179104478 -8.770713773e-17 0)
(0.4179104478 6.046124432e-17 0)
(0.4179104478 1.152935292e-16 0)
(0.4179104478 2.333602411e-17 0)
(0.4179104478 -4.816373926e-17 0)
(0.4179104478 4.718770724e-17 0)
(0.4179104478 4.229995168e-17 0)
(0.4179104478 -9.089038309e-17 0)
(0.4179104478 2.953212874e-17 0)
(0.4179104478 7.898654993e-18 0)
(0.4179104478 -5.235204482e-17 0)
(0.4179104478 1.33604406e-17 0)
(0.4179104478 -9.929174564e-17 0)
(0.4179104478 5.263494849e-17 0)
(0.4179104478 -2.828643132e-17 0)
(0.4179104478 -4.79776666e-17 0)
(0.4179104478 -5.022923986e-18 0)
(0.4179104478 4.115063043e-17 0)
(0.4179104478 8.614036461e-17 0)
(0.4179104478 9.041258711e-18 0)
(0.4179104478 6.777335146e-17 0)
(0.4179104478 -1.630052412e-16 0)
(0.4179104478 4.196269879e-17 0)
(0.4179104478 -5.631765736e-17 0)
(0.4179104478 -1.317274113e-16 0)
(0.4179104478 8.353142805e-17 0)
(0.4179104478 -2.729431259e-17 0)
(0.4179104478 1.018595773e-16 0)
(0.4179104478 7.101692457e-17 0)
(0.4179104478 -8.876948778e-17 0)
(0.4179104478 -7.132915049e-18 0)
(0.4179104478 5.259912157e-17 0)
(0.4179104478 -4.686634737e-17 0)
(0.4179104478 -3.799323536e-17 0)
(0.4179104478 1.554306827e-16 0)
(0.4179104478 -3.540390136e-17 0)
(0.4179104478 4.03555935e-17 0)
(0.4179104478 6.991358553e-17 0)
(0.4179104478 -1.105945635e-16 0)
(0.4179104478 -3.259999342e-18 0)
(0.4179104478 6.248132155e-18 0)
(0.4179104478 -1.052972766e-16 0)
(0.4179104478 -1.707595192e-17 0)
(0.4179104478 1.433055612e-16 0)
(0.4179104478 -5.315844924e-17 0)
(0.4179104478 -4.851435676e-18 0)
(0.4179104478 2.060129947e-16 0)
(0.4179104478 -5.317078921e-17 0)
(0.4179104478 -3.037427673e-16 0)
(0.4179104478 4.990770467e-17 0)
(0.4179104478 2.582619445e-16 0)
(0.4179104478 -1.217364763e-16 0)
(0.4179104478 -1.59795407e-16 0)
(0.4179104478 1.488404998e-16 0)
(0.4179104478 1.283126769e-16 0)
(0.4179104478 -5.134411285e-18 0)
(0.4179104478 -3.094215499e-16 0)
(0.4179104478 7.672250536e-17 0)
(0.4179104478 1.197625412e-16 0)
(0.4179104478 -1.284217025e-16 0)
(0.4179104478 -2.394016656e-17 0)
(0.4179104478 9.042910496e-17 0)
(0.4179104478 1.639127639e-16 0)
(0.4179104478 1.101480913e-16 0)
(0.4179104478 -1.603929411e-16 0)
(0.4179104478 -1.913428143e-16 0)
(0.4179104478 -7.624574958e-17 0)
(0.4179104478 1.582247357e-16 0)
(0.4179104478 2.656561648e-16 0)
(0.4179104478 -2.76191666e-16 0)
(0.4179104478 -2.172350668e-16 0)
(0.4179104478 3.026774976e-16 0)
(0.4179104478 4.686522754e-17 0)
(0.4179104478 -1.989329341e-16 0)
(0.4179104478 1.28235275e-16 0)
(0.4179104478 1.693033939e-16 0)
(0.4179104478 -2.251272672e-16 0)
(0.4179104478 -1.99702414e-16 0)
(0.4179104478 2.92304866e-16 0)
(0.4179104478 1.021018203e-16 0)
(0.4179104478 -1.012620338e-16 0)
(0.4179104478 -1.306448894e-16 0)
(0.4179104478 4.21539133e-17 0)
(0.4179104478 1.664706266e-16 0)
(0.4179104478 -7.4377728e-17 0)
(0.4179104478 -1.087101387e-16 0)
(0.4179104478 4.866925646e-17 0)
(0.4179104478 2.035069582e-16 0)
(0.4179104478 -2.327536902e-16 0)
(0.4179104478 -2.080819349e-16 0)
(0.4179104478 2.035104686e-16 0)
(0.4179104478 1.624283448e-16 0)
(0.4179104478 6.062543306e-17 0)
(0.4179104478 -1.906229976e-16 0)
(0.4179104478 -2.117233792e-16 0)
(0.4179104478 2.394375181e-16 0)
(0.4179104478 2.385188724e-16 0)
(0.4179104478 -1.790036032e-16 0)
(0.4179104478 -1.524760758e-16 0)
(0.4179104478 4.464356777e-17 0)
(0.4179104478 1.492144446e-16 0)
(0.4179104478 -6.98264554e-18 0)
(0.4179104478 1.061625278e-16 0)
(0.4179104478 4.802738009e-17 0)
(0.4179104478 -1.131770623e-16 0)
(0.4179104478 -1.297204177e-16 0)
(0.4179104478 -2.18096692e-16 0)
(0.4179104478 2.510072061e-16 0)
(0.4179104478 5.390621053e-17 0)
(0.4179104478 -1.156225498e-16 0)
(0.4179104478 1.842276985e-16 0)
(0.4179104478 -2.019561978e-16 0)
(0.4179104478 -1.163455092e-16 0)
(0.4179104478 1.377157295e-16 0)
(0.4179104478 -7.895939986e-18 0)
(0.4179104478 -2.620487588e-17 0)
(0.4179104478 1.53668299e-16 0)
(0.4179104478 2.281400585e-17 0)
(0.4179104478 -2.591012834e-16 0)
(0.4179104478 -1.561618727e-16 0)
(0.4179104478 8.641426419e-18 0)
(0.4179104478 1.780949769e-16 0)
(0.4179104478 7.775362776e-17 0)
(0.4179104478 1.098670005e-17 0)
(0.4179104478 1.867823585e-16 0)
(0.4179104478 -8.998981744e-17 0)
(0.4179104478 -2.459674978e-16 0)
(0.4179104478 2.009003712e-17 0)
(0.4179104478 6.500418797e-17 0)
(0.4179104478 2.20244479e-16 0)
(0.4179104478 -6.640509446e-17 0)
(0.4179104478 -3.413667424e-16 0)
(0.4179104478 4.750015883e-16 0)
(0.4179104478 1.833484739e-16 0)
(0.4179104478 -3.422961305e-16 0)
(0.4179104478 -2.105322282e-16 0)
(0.4179104478 -1.211619347e-16 0)
(0.4179104478 3.469900747e-16 0)
(0.4179104478 2.142608216e-16 0)
(0.4179104478 -2.302538815e-16 0)
(0.4179104478 -3.041860769e-17 0)
(0.4179104478 1.318800443e-16 0)
(0.4179104478 -4.918241055e-17 0)
(0.4179104478 -2.034758774e-16 0)
(0.4179104478 -6.465533914e-17 0)
(0.4179104478 2.283030673e-17 0)
(0.4179104478 1.764141553e-16 0)
(0.4179104478 2.446452945e-16 0)
(0.4179104478 -1.304670347e-16 0)
(0.4179104478 -6.383439375e-17 0)
(0.4179104478 2.680697179e-16 0)
(0.4179104478 -5.32621618e-16 0)
(0.4179104478 5.165304329e-17 0)
(0.4179104478 7.858205849e-17 0)
(0.4179104478 -2.565743122e-17 0)
(0.4179104478 3.161896086e-16 0)
(0.4179104478 -4.769703268e-16 0)
(0.4179104478 4.388770825e-16 0)
(0.4179104478 1.210952872e-16 0)
(0.4179104478 -3.719349025e-16 0)
(0.4179104478 2.869525049e-16 0)
(0.4179104478 -4.655174647e-16 0)
(0.4179104478 2.902487415e-17 0)
(0.4179104478 6.467283179e-16 0)
(0.4179104478 -4.368364365e-16 0)
(0.4179104478 1.209108236e-16 0)
(0.4179104478 3.079729517e-16 0)
(0.4179104478 -3.471871276e-16 0)
(0.4179104478 -3.332147937e-16 0)
(0.4179104478 1.578083898e-16 0)
(0.4179104478 -6.739938889e-17 0)
(0.4179104478 -2.675316457e-17 0)
(0.4179104478 2.359028372e-16 0)
(0.4179104478 1.093902445e-16 0)
(0.4179104478 6.49594777e-17 0)
(0.4179104478 -1.829859506e-16 0)
(0.4179104478 -2.805906942e-16 0)
(0.4179104478 2.975086767e-16 0)
(0.6567164179 1.866352851e-15 0)
(0.6567164179 6.85903683e-16 0)
(0.6567164179 3.676265531e-16 0)
(0.6567164179 1.416842423e-16 0)
(0.6567164179 3.958790938e-17 0)
(0.6567164179 -2.086972744e-17 0)
(0.6567164179 2.412583639e-17 0)
(0.6567164179 6.555546891e-17 0)
(0.6567164179 1.303624374e-17 0)
(0.6567164179 5.461333673e-17 0)
(0.6567164179 7.740444589e-17 0)
(0.6567164179 1.147525322e-17 0)
(0.6567164179 -6.178450617e-18 0)
(0.6567164179 -6.986322897e-17 0)
(0.6567164179 -2.172789603e-17 0)
(0.6567164179 -7.193609768e-17 0)
(0.6567164179 -4.064911427e-17 0)
(0.6567164179 9.314659564e-18 0)
(0.6567164179 -2.524681437e-17 0)
(0.6567164179 -1.790521165e-17 0)
(0.6567164179 -8.417652244e-18 0)
(0.6567164179 -9.447582342e-17 0)
(0.6567164179 -1.058478541e-16 0)
(0.6567164179 1.893028747e-16 0)
(0.6567164179 1.056792129e-16 0)
(0.6567164179 6.535117621e-18 0)
(0.6567164179 9.75797836e-17 0)
(0.6567164179 7.950556535e-17 0)
(0.6567164179 9.642633031e-18 0)
(0.6567164179 -1.224671003e-16 0)
(0.6567164179 2.61264295e-17 0)
(0.6567164179 4.830845565e-17 0)
(0.6567164179 -1.459121404e-16 0)
(0.6567164179 -3.54412273e-17 0)
(0.6567164179 -1.647437926e-16 0)
(0.6567164179 1.569701639e-17 0)
(0.6567164179 4.487828468e-17 0)
(0.6567164179 -1.193982095e-18 0)
(0.6567164179 8.738884008e-18 0)
(0.6567164179 9.566885737e-17 0)
(0.6567164179 2.30275249e-17 0)
(0.6567164179 -2.117729684e-17 0)
(0.6567164179 1.93784606e-16 0)
(0.6567164179 -1.679138871e-16 0)
(0.6567164179 -8.914684557e-17 0)
(0.6567164179 6.769396037e-18 0)
(0.6567164179 -1.655973582e-16 0)
(0.6567164179 -3.773284673e-17 0)
(0.6567164179 8.855980375e-17 0)
(0.6567164179 1.069932087e-17 0)
(0.6567164179 1.183276952e-16 0)
(0.6567164179 -4.939501852e-17 0)
(0.6567164179 -3.976086532e-17 0)
(0.6567164179 1.412990214e-16 0)
(0.6567164179 3.637288648e-17 0)
(0.6567164179 -4.200918382e-17 0)
(0.6567164179 7.747466772e-18 0)
(0.6567164179 -4.298746749e-17 0)
(0.6567164179 2.498910655e-16 0)
(0.6567164179 4.844529621e-17 0)
(0.6567164179 -2.073987081e-16 0)
(0.6567164179 5.549776414e-17 0)
(0.6567164179 3.098693623e-17 0)
(0.6567164179 -1.530518472e-16 0)
(0.6567164179 4.007233863e-17 0)
(0.6567164179 7.045505819e-17 0)
(0.6567164179 -5.886933849e-17 0)
(0.6567164179 1.524479206e-16 0)
(0.6567164179 2.72000266e-16 0)
(0.6567164179 -2.555340236e-16 0)
(0.6567164179 -4.455276549e-16 0)
(0.6567164179 2.428713262e-16 0)
(0.6567164179 1.661900727e-16 0)
(0.6567164179 -8.806480009e-17 0)
(0.6567164179 -1.518209567e-16 0)
(0.6567164179 2.064874018e-16 0)
(0.6567164179 3.007418723e-16 0)
(0.6567164179 -2.192704416e-16 0)
(0.6567164179 -3.680791238e-16 0)
(0.6567164179 6.130569431e-17 0)
(0.6567164179 1.95968011e-16 0)
(0.6567164179 -2.721597652e-16 0)
(0.6567164179 -1.221409074e-16 0)
(0.6567164179 4.388239018e-16 0)
(0.6567164179 1.280802323e-16 0)
(0.6567164179 6.877934474e-17 0)
(0.6567164179 6.081515915e-18 0)
(0.6567164179 -3.526434314e-16 0)
(0.6567164179 -1.399462092e-16 0)
(0.6567164179 3.224781801e-16 0)
(0.6567164179 6.818126511e-17 0)
(0.6567164179 -2.241357233e-16 0)
(0.6567164179 -6.248273456e-17 0)
(0.6567164179 1.147729665e-16 0)
(0.6567164179 2.138926582e-17 0)
(0.6567164179 -1.436010532e-16 0)
(0.6567164179 1.851171907e-16 0)
(0.6567164179 1.140128416e-16 0)
(0.6567164179 -1.678246182e-16 0)
(0.6567164179 -2.526918842e-16 0)
(0.6567164179 5.288789066e-17 0)
(0.6567164179 3.261539262e-16 0)
(0.6567164179 1.534254861e-16 0)
(0.6567164179 -9.617849613e-17 0)
(0.6567164179 -3.109828092e-16 0)
(0.6567164179 2.185928998e-16 0)
(0.6567164179 5.10851176e-17 0)
(0.6567164179 -2.03978001e-16 0)
(0.6567164179 1.29683533e-16 0)
(0.6567164179 2.581631337e-16 0)
(0.6567164179 -1.003827742e-16 0)
(0.6567164179 -3.794543143e-16 0)
(0.6567164179 1.085168428e-16 0)
(0.6567164179 1.188017769e-16 0)
(0.6567164179 1.507229534e-17 0)
(0.6567164179 5.794762173e-17 0)
(0.6567164179 -3.505443668e-16 0)
(0.6567164179 2.529202598e-16 0)
(0.6567164179 5.118144176e-16 0)
(0.6567164179 -2.245120509e-16 0)
(0.6567164179 -4.470830393e-16 0)
(0.6567164179 -1.588298235e-18 0)
(0.6567164179 3.555533012e-16 0)
(0.6567164179 3.614098108e-16 0)
(0.6567164179 2.772401752e-17 0)
(0.6567164179 -3.717959599e-16 0)
(0.6567164179 -3.808283363e-18 0)
(0.6567164179 -3.019773657e-16 0)
(0.6567164179 -3.199129054e-16 0)
(0.6567164179 3.689974964e-16 0)
(0.6567164179 2.757031752e-16 0)
(0.6567164179 4.12305627e-17 0)
(0.6567164179 -2.700047047e-16 0)
(0.6567164179 -2.12902201e-16 0)
(0.6567164179 4.61242306e-17 0)
(0.6567164179 1.37834179e-16 0)
(0.6567164179 -6.800291875e-17 0)
(0.6567164179 -4.298646724e-17 0)
(0.6567164179 2.89996489e-16 0)
(0.6567164179 -1.597376773e-16 0)
(0.6567164179 -5.315560051e-16 0)
(0.6567164179 -6.551482167e-17 0)
(0.6567164179 1.119038691e-16 0)
(0.6567164179 1.714564153e-16 0)
(0.6567164179 3.310991349e-16 0)
(0.6567164179 -1.50668156e-16 0)
(0.6567164179 1.516380651e-16 0)
(0.6567164179 2.408214288e-16 0)
(0.6567164179 -1.637042576e-16 0)
(0.6567164179 -3.146537732e-16 0)
(0.6567164179 -2.17873865e-16 0)
(0.6567164179 4.939904494e-16 0)
(0.6567164179 2.913848389e-16 0)
(0.6567164179 -2.958744569e-16 0)
(0.6567164179 2.059253506e-16 0)
(0.6567164179 1.237442557e-16 0)
(0.6567164179 -3.22480257e-16 0)
(0.6567164179 -2.016972916e-16 0)
(0.6567164179 -1.592510036e-17 0)
(0.6567164179 3.429939928e-16 0)
(0.6567164179 8.412339217e-17 0)
(0.6567164179 -1.083293926e-16 0)
(0.6567164179 2.702506355e-16 0)
(0.6567164179 1.390325905e-16 0)
(0.6567164179 -7.470061675e-16 0)
(0.6567164179 -2.801504899e-16 0)
(0.6567164179 2.068726077e-16 0)
(0.6567164179 1.265363164e-16 0)
(0.6567164179 4.554879164e-16 0)
(0.6567164179 1.053124003e-18 0)
(0.6567164179 -2.621482931e-16 0)
(0.6567164179 2.633842669e-17 0)
(0.6567164179 3.553838434e-16 0)
(0.6567164179 -2.549059496e-16 0)
(0.6567164179 -2.204938009e-16 0)
(0.6567164179 -3.471952645e-16 0)
(0.6567164179 3.840973502e-17 0)
(0.6567164179 5.92313969e-16 0)
(0.6567164179 -2.719100083e-16 0)
(0.6567164179 1.744206201e-16 0)
(0.6567164179 4.166611234e-16 0)
(0.6567164179 -4.092502455e-16 0)
(0.6567164179 3.017395019e-17 0)
(0.6567164179 5.359564271e-17 0)
(0.6567164179 -9.622963257e-17 0)
(0.6567164179 5.962814443e-16 0)
(0.6567164179 -3.385480388e-16 0)
(0.6567164179 -2.23019989e-16 0)
(0.6567164179 2.688677434e-16 0)
(0.6567164179 -4.972030664e-16 0)
(0.6567164179 -2.411185209e-16 0)
(0.6567164179 9.178228543e-17 0)
(0.6567164179 -1.51311821e-16 0)
(0.6567164179 1.950959682e-16 0)
(0.6567164179 3.972524441e-16 0)
(0.6567164179 -2.100716752e-16 0)
(0.6567164179 -1.281227111e-16 0)
(0.6567164179 8.571469915e-17 0)
(0.6567164179 -6.233397161e-16 0)
(0.6567164179 3.178847835e-16 0)
(0.8656716418 1.422217144e-15 0)
(0.8656716418 8.502326656e-16 0)
(0.8656716418 5.25427279e-16 0)
(0.8656716418 2.547379168e-16 0)
(0.8656716418 7.400064904e-17 0)
(0.8656716418 3.409799226e-17 0)
(0.8656716418 1.494091672e-16 0)
(0.8656716418 1.057612827e-16 0)
(0.8656716418 1.184036346e-17 0)
(0.8656716418 1.082095485e-16 0)
(0.8656716418 4.671863704e-17 0)
(0.8656716418 3.744468735e-17 0)
(0.8656716418 5.419603186e-17 0)
(0.8656716418 -9.159347103e-17 0)
(0.8656716418 -8.444160325e-17 0)
(0.8656716418 -5.498777206e-17 0)
(0.8656716418 -7.888548596e-17 0)
(0.8656716418 -1.439325118e-18 0)
(0.8656716418 -6.193499771e-17 0)
(0.8656716418 -4.389390352e-17 0)
(0.8656716418 -5.366422179e-17 0)
(0.8656716418 -1.630508596e-16 0)
(0.8656716418 -1.144259327e-16 0)
(0.8656716418 1.806283537e-16 0)
(0.8656716418 1.560598523e-16 0)
(0.8656716418 1.450806453e-16 0)
(0.8656716418 1.979474085e-16 0)
(0.8656716418 1.000053807e-16 0)
(0.8656716418 -4.899963276e-17 0)
(0.8656716418 -1.573522501e-16 0)
(0.8656716418 1.917914617e-17 0)
(0.8656716418 3.675999903e-17 0)
(0.8656716418 -2.577725073e-16 0)
(0.8656716418 -1.023853838e-16 0)
(0.8656716418 -1.931700379e-16 0)
(0.8656716418 -2.30108612e-18 0)
(0.8656716418 8.427425874e-17 0)
(0.8656716418 9.299731023e-17 0)
(0.8656716418 -1.248208553e-17 0)
(0.8656716418 8.302337988e-17 0)
(0.8656716418 8.659605796e-17 0)
(0.8656716418 -4.272417055e-18 0)
(0.8656716418 1.113337694e-16 0)
(0.8656716418 -2.121882309e-16 0)
(0.8656716418 -1.353992752e-16 0)
(0.8656716418 1.365718726e-17 0)
(0.8656716418 -1.345059367e-16 0)
(0.8656716418 -4.624330077e-17 0)
(0.8656716418 9.005334415e-17 0)
(0.8656716418 4.275972588e-17 0)
(0.8656716418 6.552850523e-17 0)
(0.8656716418 -4.615469366e-17 0)
(0.8656716418 1.460416577e-16 0)
(0.8656716418 1.839884923e-16 0)
(0.8656716418 -1.07107593e-16 0)
(0.8656716418 -1.163526862e-16 0)
(0.8656716418 1.765417354e-16 0)
(0.8656716418 7.461559544e-17 0)
(0.8656716418 1.645185069e-16 0)
(0.8656716418 2.499295654e-17 0)
(0.8656716418 -1.77674823e-16 0)
(0.8656716418 5.838902981e-17 0)
(0.8656716418 6.734108698e-17 0)
(0.8656716418 -1.129163052e-16 0)
(0.8656716418 -1.346151951e-18 0)
(0.8656716418 7.592156428e-17 0)
(0.8656716418 3.251078024e-17 0)
(0.8656716418 2.227851924e-16 0)
(0.8656716418 1.444179983e-16 0)
(0.8656716418 -3.911825198e-16 0)
(0.8656716418 -4.533969918e-16 0)
(0.8656716418 3.247155929e-16 0)
(0.8656716418 9.463417943e-17 0)
(0.8656716418 -5.831338255e-17 0)
(0.8656716418 -7.178577228e-17 0)
(0.8656716418 6.182609048e-17 0)
(0.8656716418 4.703222143e-16 0)
(0.8656716418 -1.79977113e-16 0)
(0.8656716418 -6.422562757e-16 0)
(0.8656716418 9.476609161e-19 0)
(0.8656716418 2.776509209e-16 0)
(0.8656716418 -2.398426623e-16 0)
(0.8656716418 1.518566287e-17 0)
(0.8656716418 4.965444766e-16 0)
(0.8656716418 1.656283241e-16 0)
(0.8656716418 3.081581251e-17 0)
(0.8656716418 1.424318519e-16 0)
(0.8656716418 -3.234732019e-16 0)
(0.8656716418 -2.95352793e-16 0)
(0.8656716418 4.262031076e-16 0)
(0.8656716418 -1.296311115e-16 0)
(0.8656716418 -3.134980295e-16 0)
(0.8656716418 -4.867627213e-17 0)
(0.8656716418 2.282993263e-16 0)
(0.8656716418 4.222663437e-17 0)
(0.8656716418 -3.495008541e-16 0)
(0.8656716418 2.190081001e-16 0)
(0.8656716418 2.973496364e-16 0)
(0.8656716418 -1.895030958e-16 0)
(0.8656716418 -4.135122786e-16 0)
(0.8656716418 2.493132579e-16 0)
(0.8656716418 4.799070558e-16 0)
(0.8656716418 1.703253102e-17 0)
(0.8656716418 -1.870432563e-16 0)
(0.8656716418 -2.852628724e-16 0)
(0.8656716418 2.927295972e-16 0)
(0.8656716418 2.062602917e-16 0)
(0.8656716418 -2.500377291e-16 0)
(0.8656716418 6.606353322e-17 0)
(0.8656716418 2.281899407e-16 0)
(0.8656716418 -1.182328259e-16 0)
(0.8656716418 -2.81663267e-16 0)
(0.8656716418 -8.566749304e-17 0)
(0.8656716418 2.708532973e-16 0)
(0.8656716418 2.368174375e-16 0)
(0.8656716418 -2.641585434e-16 0)
(0.8656716418 -1.999471596e-16 0)
(0.8656716418 5.056423314e-16 0)
(0.8656716418 2.740864497e-16 0)
(0.8656716418 -3.013719067e-16 0)
(0.8656716418 -4.106460471e-16 0)
(0.8656716418 3.74072268e-17 0)
(0.8656716418 4.578386836e-16 0)
(0.8656716418 4.123187828e-16 0)
(0.8656716418 -8.5653499e-17 0)
(0.8656716418 -3.168023192e-16 0)
(0.8656716418 -5.72980547e-17 0)
(0.8656716418 -7.29567529e-16 0)
(0.8656716418 -2.808390147e-16 0)
(0.8656716418 6.521095791e-16 0)
(0.8656716418 3.012569292e-16 0)
(0.8656716418 2.339741153e-17 0)
(0.8656716418 -3.025983443e-16 0)
(0.8656716418 -2.893243268e-16 0)
(0.8656716418 1.115266371e-16 0)
(0.8656716418 4.059680892e-17 0)
(0.8656716418 1.429756329e-17 0)
(0.8656716418 -1.97953719e-16 0)
(0.8656716418 1.793937279e-16 0)
(0.8656716418 8.869150867e-17 0)
(0.8656716418 -7.753640048e-16 0)
(0.8656716418 -8.221331161e-17 0)
(0.8656716418 1.177872528e-16 0)
(0.8656716418 3.665026871e-16 0)
(0.8656716418 5.557897123e-16 0)
(0.8656716418 -2.761150877e-16 0)
(0.8656716418 1.761331972e-16 0)
(0.8656716418 3.150153305e-16 0)
(0.8656716418 -4.893696096e-18 0)
(0.8656716418 -5.176619541e-16 0)
(0.8656716418 -2.611344868e-16 0)
(0.8656716418 7.357416135e-16 0)
(0.8656716418 -5.50524754e-18 0)
(0.8656716418 -3.896052431e-16 0)
(0.8656716418 6.69975359e-16 0)
(0.8656716418 1.166170298e-16 0)
(0.8656716418 -4.925873681e-16 0)
(0.8656716418 -2.857134507e-16 0)
(0.8656716418 -1.333247637e-16 0)
(0.8656716418 4.444150203e-16 0)
(0.8656716418 2.808467267e-17 0)
(0.8656716418 5.741349386e-17 0)
(0.8656716418 4.328356001e-16 0)
(0.8656716418 -5.337017088e-17 0)
(0.8656716418 -7.652920175e-16 0)
(0.8656716418 -3.796826693e-16 0)
(0.8656716418 4.640758304e-16 0)
(0.8656716418 3.040953016e-16 0)
(0.8656716418 1.934259212e-16 0)
(0.8656716418 -6.328631225e-17 0)
(0.8656716418 -3.580204565e-17 0)
(0.8656716418 1.089247503e-16 0)
(0.8656716418 -1.554056866e-16 0)
(0.8656716418 -3.461736069e-16 0)
(0.8656716418 2.561575471e-16 0)
(0.8656716418 -7.193517343e-16 0)
(0.8656716418 -6.640092469e-17 0)
(0.8656716418 8.503503029e-16 0)
(0.8656716418 -2.659472917e-16 0)
(0.8656716418 4.215142855e-16 0)
(0.8656716418 4.670529264e-16 0)
(0.8656716418 -3.777803443e-16 0)
(0.8656716418 -3.412691119e-16 0)
(0.8656716418 -9.226331662e-17 0)
(0.8656716418 3.527079844e-16 0)
(0.8656716418 5.172417164e-16 0)
(0.8656716418 -4.794268343e-16 0)
(0.8656716418 1.792021075e-16 0)
(0.8656716418 2.92259391e-16 0)
(0.8656716418 -9.794759332e-16 0)
(0.8656716418 -5.216780366e-16 0)
(0.8656716418 2.121138507e-16 0)
(0.8656716418 -8.71174188e-17 0)
(0.8656716418 3.097721871e-16 0)
(0.8656716418 2.905052011e-16 0)
(0.8656716418 -4.571682815e-16 0)
(0.8656716418 2.11634357e-16 0)
(0.8656716418 2.593014059e-17 0)
(0.8656716418 -7.017888377e-16 0)
(0.8656716418 3.526406416e-16 0)
(1.044776119 1.241450689e-15 0)
(1.044776119 8.857998004e-16 0)
(1.044776119 6.106638285e-16 0)
(1.044776119 3.598405375e-16 0)
(1.044776119 1.886120267e-16 0)
(1.044776119 1.419116588e-16 0)
(1.044776119 2.89563971e-16 0)
(1.044776119 1.676878515e-16 0)
(1.044776119 4.128133601e-17 0)
(1.044776119 2.082043772e-16 0)
(1.044776119 6.640044606e-17 0)
(1.044776119 2.448142801e-17 0)
(1.044776119 3.498599475e-17 0)
(1.044776119 -5.127482327e-17 0)
(1.044776119 -1.199812727e-16 0)
(1.044776119 -1.065298358e-16 0)
(1.044776119 -1.060914893e-16 0)
(1.044776119 -1.223348902e-16 0)
(1.044776119 -7.948441124e-17 0)
(1.044776119 -3.675702225e-17 0)
(1.044776119 -1.197758116e-16 0)
(1.044776119 -2.502837492e-16 0)
(1.044776119 -1.053108499e-16 0)
(1.044776119 1.15831529e-16 0)
(1.044776119 1.695627082e-16 0)
(1.044776119 2.494431159e-16 0)
(1.044776119 3.4572945e-16 0)
(1.044776119 1.428938237e-16 0)
(1.044776119 -1.529177245e-16 0)
(1.044776119 -2.280556521e-16 0)
(1.044776119 1.112438336e-17 0)
(1.044776119 -2.925316942e-17 0)
(1.044776119 -3.091774734e-16 0)
(1.044776119 -1.700355908e-16 0)
(1.044776119 -1.718283467e-16 0)
(1.044776119 -5.316322894e-17 0)
(1.044776119 1.528934348e-16 0)
(1.044776119 1.543398468e-16 0)
(1.044776119 4.298858842e-17 0)
(1.044776119 2.885295782e-17 0)
(1.044776119 8.326793212e-17 0)
(1.044776119 -7.622792858e-17 0)
(1.044776119 -5.281059748e-19 0)
(1.044776119 -2.390478001e-16 0)
(1.044776119 -1.891546942e-16 0)
(1.044776119 6.849246915e-17 0)
(1.044776119 -1.091841582e-16 0)
(1.044776119 -1.023640464e-16 0)
(1.044776119 8.895890177e-17 0)
(1.044776119 5.456991741e-17 0)
(1.044776119 4.756301111e-18 0)
(1.044776119 2.956866586e-17 0)
(1.044776119 3.100406716e-16 0)
(1.044776119 2.203360704e-16 0)
(1.044776119 -1.383111507e-16 0)
(1.044776119 -9.263016559e-17 0)
(1.044776119 1.662766977e-16 0)
(1.044776119 1.211009558e-16 0)
(1.044776119 1.53056398e-16 0)
(1.044776119 5.844682018e-17 0)
(1.044776119 -1.647092666e-16 0)
(1.044776119 1.245464568e-16 0)
(1.044776119 1.855397104e-16 0)
(1.044776119 -9.300666196e-17 0)
(1.044776119 -5.071666005e-17 0)
(1.044776119 1.523734848e-16 0)
(1.044776119 6.019760593e-17 0)
(1.044776119 1.935056894e-16 0)
(1.044776119 6.449342091e-17 0)
(1.044776119 -4.500436826e-16 0)
(1.044776119 -4.865926297e-16 0)
(1.044776119 3.233305827e-16 0)
(1.044776119 1.14983251e-16 0)
(1.044776119 -7.367962783e-17 0)
(1.044776119 -2.606840685e-17 0)
(1.044776119 2.814012024e-17 0)
(1.044776119 4.715389583e-16 0)
(1.044776119 -2.562170763e-16 0)
(1.044776119 -6.495693915e-16 0)
(1.044776119 5.36742762e-17 0)
(1.044776119 2.728615254e-16 0)
(1.044776119 -2.589317507e-16 0)
(1.044776119 9.431475595e-17 0)
(1.044776119 5.44284001e-16 0)
(1.044776119 1.516882561e-16 0)
(1.044776119 6.382930049e-17 0)
(1.044776119 1.541131339e-16 0)
(1.044776119 -3.228196406e-16 0)
(1.044776119 -2.455143307e-16 0)
(1.044776119 3.59101436e-16 0)
(1.044776119 -2.266050796e-16 0)
(1.044776119 -3.925480019e-16 0)
(1.044776119 -1.717248547e-17 0)
(1.044776119 2.185829991e-16 0)
(1.044776119 -4.482691616e-17 0)
(1.044776119 -3.708333733e-16 0)
(1.044776119 2.385448858e-16 0)
(1.044776119 3.344866912e-16 0)
(1.044776119 -1.961530967e-16 0)
(1.044776119 -4.066267726e-16 0)
(1.044776119 3.737724385e-16 0)
(1.044776119 5.828640954e-16 0)
(1.044776119 -1.437659548e-17 0)
(1.044776119 -2.174800919e-16 0)
(1.044776119 -2.90223081e-16 0)
(1.044776119 2.782766707e-16 0)
(1.044776119 2.631225091e-16 0)
(1.044776119 -2.626678404e-16 0)
(1.044776119 3.912093234e-17 0)
(1.044776119 2.748328291e-16 0)
(1.044776119 -9.966786316e-17 0)
(1.044776119 -2.834959721e-16 0)
(1.044776119 -8.071481133e-17 0)
(1.044776119 3.167119497e-16 0)
(1.044776119 2.660882638e-16 0)
(1.044776119 -2.80363694e-16 0)
(1.044776119 -1.137791909e-16 0)
(1.044776119 5.732280032e-16 0)
(1.044776119 2.223281028e-16 0)
(1.044776119 -3.494123588e-16 0)
(1.044776119 -4.581918271e-16 0)
(1.044776119 2.508373903e-17 0)
(1.044776119 5.37253604e-16 0)
(1.044776119 3.543817686e-16 0)
(1.044776119 -1.811432293e-16 0)
(1.044776119 -2.910271198e-16 0)
(1.044776119 -6.150018241e-17 0)
(1.044776119 -9.317082042e-16 0)
(1.044776119 -2.848490059e-16 0)
(1.044776119 7.663846429e-16 0)
(1.044776119 4.548241329e-16 0)
(1.044776119 6.194965593e-17 0)
(1.044776119 -3.951429589e-16 0)
(1.044776119 -3.440935629e-16 0)
(1.044776119 1.761901283e-16 0)
(1.044776119 5.093569429e-17 0)
(1.044776119 -4.443197757e-17 0)
(1.044776119 -2.469826354e-16 0)
(1.044776119 1.989176618e-17 0)
(1.044776119 1.712793676e-17 0)
(1.044776119 -7.119045918e-16 0)
(1.044776119 -1.078742902e-16 0)
(1.044776119 1.394517316e-16 0)
(1.044776119 5.218484202e-16 0)
(1.044776119 7.918373216e-16 0)
(1.044776119 -1.805768948e-16 0)
(1.044776119 2.139943038e-16 0)
(1.044776119 4.120312132e-16 0)
(1.044776119 -8.194374199e-17 0)
(1.044776119 -6.432760183e-16 0)
(1.044776119 -3.753583754e-16 0)
(1.044776119 7.512168645e-16 0)
(1.044776119 3.097699273e-17 0)
(1.044776119 -3.887531395e-16 0)
(1.044776119 6.619492494e-16 0)
(1.044776119 1.705032934e-16 0)
(1.044776119 -5.217804562e-16 0)
(1.044776119 -3.025201586e-16 0)
(1.044776119 -1.126015017e-16 0)
(1.044776119 4.933140351e-16 0)
(1.044776119 5.265473498e-17 0)
(1.044776119 1.334737429e-16 0)
(1.044776119 4.412524634e-16 0)
(1.044776119 -1.32442576e-16 0)
(1.044776119 -7.875003967e-16 0)
(1.044776119 -3.949045609e-16 0)
(1.044776119 5.468605323e-16 0)
(1.044776119 4.250931465e-16 0)
(1.044776119 1.958571925e-16 0)
(1.044776119 -1.66547194e-16 0)
(1.044776119 1.228512324e-17 0)
(1.044776119 1.409890511e-16 0)
(1.044776119 -3.103476302e-16 0)
(1.044776119 -4.094430495e-16 0)
(1.044776119 1.845492481e-16 0)
(1.044776119 -7.646711756e-16 0)
(1.044776119 -1.007950588e-16 0)
(1.044776119 8.648890211e-16 0)
(1.044776119 -1.789472528e-16 0)
(1.044776119 5.29075237e-16 0)
(1.044776119 5.345739168e-16 0)
(1.044776119 -3.445977392e-16 0)
(1.044776119 -4.482251174e-16 0)
(1.044776119 -8.813326322e-17 0)
(1.044776119 4.980956498e-16 0)
(1.044776119 5.743746438e-16 0)
(1.044776119 -5.033216554e-16 0)
(1.044776119 2.895325494e-17 0)
(1.044776119 2.193196459e-16 0)
(1.044776119 -1.039821422e-15 0)
(1.044776119 -6.752884711e-16 0)
(1.044776119 2.037971438e-16 0)
(1.044776119 6.370888652e-18 0)
(1.044776119 3.074582787e-16 0)
(1.044776119 1.834259663e-16 0)
(1.044776119 -4.610872222e-16 0)
(1.044776119 1.832268343e-16 0)
(1.044776119 -4.37739581e-17 0)
(1.044776119 -7.023512296e-16 0)
(1.044776119 3.543331887e-16 0)
(1.194029851 1.101525212e-15 0)
(1.194029851 8.635911904e-16 0)
(1.194029851 5.614117455e-16 0)
(1.194029851 4.096085246e-16 0)
(1.194029851 2.861900229e-16 0)
(1.194029851 2.856766282e-16 0)
(1.194029851 3.557187762e-16 0)
(1.194029851 2.343210676e-16 0)
(1.194029851 1.895834333e-16 0)
(1.194029851 2.966911279e-16 0)
(1.194029851 9.313389014e-17 0)
(1.194029851 2.280684946e-17 0)
(1.194029851 4.670338977e-17 0)
(1.194029851 -1.085951468e-16 0)
(1.194029851 -2.229144131e-16 0)
(1.194029851 -1.610166439e-16 0)
(1.194029851 -2.007018769e-16 0)
(1.194029851 -2.265845817e-16 0)
(1.194029851 -6.901856528e-17 0)
(1.194029851 -3.909307088e-17 0)
(1.194029851 -1.583461857e-16 0)
(1.194029851 -2.606682471e-16 0)
(1.194029851 -8.989643916e-17 0)
(1.194029851 3.740399285e-17 0)
(1.194029851 1.924296957e-16 0)
(1.194029851 3.750037783e-16 0)
(1.194029851 3.780852263e-16 0)
(1.194029851 1.336201461e-16 0)
(1.194029851 -2.569249827e-16 0)
(1.194029851 -2.236293454e-16 0)
(1.194029851 4.267286525e-17 0)
(1.194029851 -1.754992765e-16 0)
(1.194029851 -3.081921848e-16 0)
(1.194029851 -1.735843622e-16 0)
(1.194029851 -1.937424046e-16 0)
(1.194029851 -9.820734153e-17 0)
(1.194029851 1.837679616e-16 0)
(1.194029851 2.34643311e-16 0)
(1.194029851 1.100174318e-16 0)
(1.194029851 -5.905769566e-18 0)
(1.194029851 9.578392032e-19 0)
(1.194029851 -2.59368918e-16 0)
(1.194029851 -1.778672496e-16 0)
(1.194029851 -1.744466339e-16 0)
(1.194029851 -2.220029677e-16 0)
(1.194029851 -3.272435111e-17 0)
(1.194029851 4.108705883e-18 0)
(1.194029851 -8.811413833e-17 0)
(1.194029851 8.697445199e-17 0)
(1.194029851 1.074437755e-16 0)
(1.194029851 -6.718350921e-17 0)
(1.194029851 3.109986778e-17 0)
(1.194029851 3.70179792e-16 0)
(1.194029851 2.795516574e-16 0)
(1.194029851 -5.635538206e-17 0)
(1.194029851 -9.467052105e-17 0)
(1.194029851 2.281509138e-16 0)
(1.194029851 3.007079173e-16 0)
(1.194029851 3.476334198e-17 0)
(1.194029851 3.884633358e-17 0)
(1.194029851 -1.255955882e-16 0)
(1.194029851 5.504984814e-17 0)
(1.194029851 2.203232767e-16 0)
(1.194029851 7.629014288e-17 0)
(1.194029851 1.468577434e-17 0)
(1.194029851 2.062113064e-16 0)
(1.194029851 4.240203032e-17 0)
(1.194029851 1.279527559e-16 0)
(1.194029851 -3.506667859e-17 0)
(1.194029851 -3.745754483e-16 0)
(1.194029851 -5.498706696e-16 0)
(1.194029851 1.24181188e-16 0)
(1.194029851 2.558489882e-16 0)
(1.194029851 -2.015828639e-17 0)
(1.194029851 9.520824298e-18 0)
(1.194029851 1.088842024e-16 0)
(1.194029851 3.208033704e-16 0)
(1.194029851 -3.241577967e-16 0)
(1.194029851 -4.648346988e-16 0)
(1.194029851 2.178201243e-16 0)
(1.194029851 2.220381657e-16 0)
(1.194029851 -2.01154391e-16 0)
(1.194029851 9.193532975e-17 0)
(1.194029851 4.167555134e-16 0)
(1.194029851 7.397893765e-17 0)
(1.194029851 1.11120207e-16 0)
(1.194029851 6.451863082e-17 0)
(1.194029851 -2.757735631e-16 0)
(1.194029851 -7.200560217e-17 0)
(1.194029851 1.821411545e-16 0)
(1.194029851 -3.279384638e-16 0)
(1.194029851 -4.194594158e-16 0)
(1.194029851 -7.254323892e-17 0)
(1.194029851 1.286420121e-16 0)
(1.194029851 -2.635595181e-17 0)
(1.194029851 -2.640193776e-16 0)
(1.194029851 1.075159815e-16 0)
(1.194029851 2.734284032e-16 0)
(1.194029851 -5.80844588e-17 0)
(1.194029851 -3.416880677e-16 0)
(1.194029851 4.578376846e-16 0)
(1.194029851 6.105703938e-16 0)
(1.194029851 -2.732258608e-17 0)
(1.194029851 -3.536693514e-16 0)
(1.194029851 -9.568632794e-17 0)
(1.194029851 2.235769741e-16 0)
(1.194029851 2.156105018e-16 0)
(1.194029851 -3.426545962e-16 0)
(1.194029851 -5.368617423e-17 0)
(1.194029851 4.104019486e-16 0)
(1.194029851 -6.820032111e-17 0)
(1.194029851 -2.942156229e-16 0)
(1.194029851 -8.64582305e-17 0)
(1.194029851 4.684392454e-16 0)
(1.194029851 3.798092538e-16 0)
(1.194029851 -2.341812686e-16 0)
(1.194029851 -7.950715613e-17 0)
(1.194029851 5.627921303e-16 0)
(1.194029851 1.249488316e-16 0)
(1.194029851 -2.569053334e-16 0)
(1.194029851 -2.646834271e-16 0)
(1.194029851 -1.069522643e-16 0)
(1.194029851 4.651194502e-16 0)
(1.194029851 2.086245296e-16 0)
(1.194029851 -3.979752628e-16 0)
(1.194029851 -3.372496393e-16 0)
(1.194029851 -4.511810961e-17 0)
(1.194029851 -8.3206512e-16 0)
(1.194029851 -2.875990231e-16 0)
(1.194029851 7.682077441e-16 0)
(1.194029851 6.651713843e-16 0)
(1.194029851 1.381394655e-16 0)
(1.194029851 -4.808397497e-16 0)
(1.194029851 -4.656851455e-16 0)
(1.194029851 2.308423207e-16 0)
(1.194029851 -1.077953542e-18 0)
(1.194029851 -2.413153631e-16 0)
(1.194029851 -1.715764194e-16 0)
(1.194029851 -1.394605109e-16 0)
(1.194029851 -8.170945383e-17 0)
(1.194029851 -3.918555674e-16 0)
(1.194029851 -2.33820829e-16 0)
(1.194029851 1.407408212e-16 0)
(1.194029851 7.557164268e-16 0)
(1.194029851 8.045845524e-16 0)
(1.194029851 1.072439052e-16 0)
(1.194029851 4.098669927e-16 0)
(1.194029851 4.362892767e-16 0)
(1.194029851 -3.748262802e-16 0)
(1.194029851 -7.145758218e-16 0)
(1.194029851 -3.134892431e-16 0)
(1.194029851 4.34133203e-16 0)
(1.194029851 1.61288922e-16 0)
(1.194029851 -3.183291501e-16 0)
(1.194029851 4.381363591e-16 0)
(1.194029851 3.653868684e-16 0)
(1.194029851 -4.413025419e-16 0)
(1.194029851 -2.788481058e-16 0)
(1.194029851 -7.474227019e-17 0)
(1.194029851 4.7286989e-16 0)
(1.194029851 1.216734053e-16 0)
(1.194029851 9.806297507e-17 0)
(1.194029851 2.990957032e-16 0)
(1.194029851 -2.135860642e-16 0)
(1.194029851 -6.168347853e-16 0)
(1.194029851 -2.91705213e-16 0)
(1.194029851 4.999328645e-16 0)
(1.194029851 4.124137825e-16 0)
(1.194029851 2.314956161e-16 0)
(1.194029851 -1.459704874e-16 0)
(1.194029851 1.626892635e-16 0)
(1.194029851 4.253142521e-17 0)
(1.194029851 -4.556921301e-16 0)
(1.194029851 -5.157266364e-16 0)
(1.194029851 2.644803492e-18 0)
(1.194029851 -4.437226792e-16 0)
(1.194029851 -1.346972295e-16 0)
(1.194029851 6.592539944e-16 0)
(1.194029851 1.253728505e-16 0)
(1.194029851 5.045082912e-16 0)
(1.194029851 3.572412648e-16 0)
(1.194029851 -3.220004302e-16 0)
(1.194029851 -3.609331635e-16 0)
(1.194029851 -6.170271112e-17 0)
(1.194029851 6.593441529e-16 0)
(1.194029851 6.306060365e-16 0)
(1.194029851 -6.07286053e-16 0)
(1.194029851 -9.235190563e-18 0)
(1.194029851 6.080604304e-17 0)
(1.194029851 -1.040758488e-15 0)
(1.194029851 -7.126221835e-16 0)
(1.194029851 3.608483973e-17 0)
(1.194029851 1.592165861e-16 0)
(1.194029851 2.004688016e-16 0)
(1.194029851 -2.351195852e-16 0)
(1.194029851 -2.043566905e-16 0)
(1.194029851 3.17621899e-16 0)
(1.194029851 -9.010171977e-17 0)
(1.194029851 -5.555692405e-16 0)
(1.194029851 2.708943478e-16 0)
(1.313432836 8.242716772e-16 0)
(1.313432836 8.193376949e-16 0)
(1.313432836 4.317082404e-16 0)
(1.313432836 3.637077383e-16 0)
(1.313432836 3.77290934e-16 0)
(1.313432836 4.06300985e-16 0)
(1.313432836 3.563401973e-16 0)
(1.313432836 2.671878092e-16 0)
(1.313432836 4.32122973e-16 0)
(1.313432836 3.705706692e-16 0)
(1.313432836 8.461878689e-17 0)
(1.313432836 3.275786095e-17 0)
(1.313432836 1.275649798e-16 0)
(1.313432836 -8.554527015e-17 0)
(1.313432836 -3.67929773e-16 0)
(1.313432836 -2.885119194e-16 0)
(1.313432836 -2.858620327e-16 0)
(1.313432836 -2.688211202e-16 0)
(1.313432836 -8.308285504e-17 0)
(1.313432836 -8.108695219e-17 0)
(1.313432836 -1.374066866e-16 0)
(1.313432836 -2.103286374e-16 0)
(1.313432836 -2.396446288e-17 0)
(1.313432836 5.851887864e-17 0)
(1.313432836 1.99090016e-16 0)
(1.313432836 2.853556254e-16 0)
(1.313432836 3.248287171e-16 0)
(1.313432836 2.839425116e-17 0)
(1.313432836 -3.122846141e-16 0)
(1.313432836 -1.358529526e-16 0)
(1.313432836 -1.890802224e-17 0)
(1.313432836 -2.478274385e-16 0)
(1.313432836 -3.142669726e-16 0)
(1.313432836 -1.942787301e-16 0)
(1.313432836 -2.876000126e-16 0)
(1.313432836 -2.097643878e-17 0)
(1.313432836 2.792085611e-16 0)
(1.313432836 3.683440793e-16 0)
(1.313432836 1.233421255e-16 0)
(1.313432836 -1.361942115e-16 0)
(1.313432836 -1.245811519e-16 0)
(1.313432836 -3.552494436e-16 0)
(1.313432836 -2.32397654e-16 0)
(1.313432836 -1.666563364e-16 0)
(1.313432836 -8.820556884e-17 0)
(1.313432836 -9.936040879e-17 0)
(1.313432836 -3.049128612e-17 0)
(1.313432836 -3.974136822e-17 0)
(1.313432836 6.80881205e-17 0)
(1.313432836 1.044027948e-16 0)
(1.313432836 -4.325893364e-17 0)
(1.313432836 3.783975457e-17 0)
(1.313432836 3.105455009e-16 0)
(1.313432836 3.451355677e-16 0)
(1.313432836 6.439979588e-17 0)
(1.313432836 -6.307818849e-17 0)
(1.313432836 1.24784794e-16 0)
(1.313432836 3.342916708e-16 0)
(1.313432836 1.983469206e-16 0)
(1.313432836 -5.069219905e-17 0)
(1.313432836 -2.114990789e-16 0)
(1.313432836 7.768712337e-17 0)
(1.313432836 2.580200647e-16 0)
(1.313432836 2.043284681e-16 0)
(1.313432836 1.399946414e-16 0)
(1.313432836 1.944981809e-16 0)
(1.313432836 -4.43377432e-17 0)
(1.313432836 9.287372022e-17 0)
(1.313432836 -8.531729775e-17 0)
(1.313432836 -4.866784368e-16 0)
(1.313432836 -3.848216775e-16 0)
(1.313432836 6.99314038e-17 0)
(1.313432836 2.077821462e-16 0)
(1.313432836 -1.344544468e-18 0)
(1.313432836 -4.226306408e-17 0)
(1.313432836 1.492862474e-16 0)
(1.313432836 3.128839735e-16 0)
(1.313432836 -2.188610084e-16 0)
(1.313432836 -4.320638542e-16 0)
(1.313432836 2.500110772e-16 0)
(1.313432836 2.845869559e-16 0)
(1.313432836 -4.923831124e-17 0)
(1.313432836 1.038254491e-16 0)
(1.313432836 2.423145515e-16 0)
(1.313432836 -7.755060328e-17 0)
(1.313432836 1.12037435e-16 0)
(1.313432836 4.471646387e-17 0)
(1.313432836 -2.320284141e-16 0)
(1.313432836 -1.249862165e-16 0)
(1.313432836 1.25881253e-16 0)
(1.313432836 -1.725706568e-16 0)
(1.313432836 -3.69794515e-16 0)
(1.313432836 -2.038544414e-16 0)
(1.313432836 -7.5615559e-17 0)
(1.313432836 -9.289907963e-17 0)
(1.313432836 -3.192192924e-16 0)
(1.313432836 1.871731466e-16 0)
(1.313432836 3.873954886e-16 0)
(1.313432836 -8.246942884e-17 0)
(1.313432836 -3.255378599e-16 0)
(1.313432836 3.813048619e-16 0)
(1.313432836 6.368698017e-16 0)
(1.313432836 1.057800457e-16 0)
(1.313432836 -3.383400886e-16 0)
(1.313432836 -1.586999638e-16 0)
(1.313432836 2.046977371e-16 0)
(1.313432836 5.771333121e-17 0)
(1.313432836 -4.388070077e-16 0)
(1.313432836 5.156785851e-17 0)
(1.313432836 4.336237776e-16 0)
(1.313432836 1.147353172e-16 0)
(1.313432836 -2.097692462e-16 0)
(1.313432836 -4.626511416e-17 0)
(1.313432836 3.398367243e-16 0)
(1.313432836 2.962301941e-16 0)
(1.313432836 -2.861888476e-17 0)
(1.313432836 6.329081984e-17 0)
(1.313432836 3.755924841e-16 0)
(1.313432836 2.238285567e-16 0)
(1.313432836 -1.446006694e-16 0)
(1.313432836 -2.74081584e-16 0)
(1.313432836 -5.558227794e-17 0)
(1.313432836 3.010137969e-16 0)
(1.313432836 -9.442945064e-17 0)
(1.313432836 -4.821005071e-16 0)
(1.313432836 -3.871105954e-16 0)
(1.313432836 -2.493202318e-16 0)
(1.313432836 -5.749333664e-16 0)
(1.313432836 -1.763777089e-16 0)
(1.313432836 7.052585063e-16 0)
(1.313432836 6.169458776e-16 0)
(1.313432836 9.185796918e-17 0)
(1.313432836 -2.989165074e-16 0)
(1.313432836 -3.922439106e-16 0)
(1.313432836 1.802414569e-16 0)
(1.313432836 -1.170956849e-16 0)
(1.313432836 -3.03650802e-16 0)
(1.313432836 -2.843006718e-16 0)
(1.313432836 -6.184570995e-17 0)
(1.313432836 8.830167464e-17 0)
(1.313432836 -4.358557481e-16 0)
(1.313432836 -1.73429333e-16 0)
(1.313432836 2.264804582e-16 0)
(1.313432836 8.68122232e-16 0)
(1.313432836 8.819848301e-16 0)
(1.313432836 1.810694415e-16 0)
(1.313432836 3.827007001e-16 0)
(1.313432836 3.901109955e-16 0)
(1.313432836 -2.739530857e-16 0)
(1.313432836 -6.800747379e-16 0)
(1.313432836 -4.114876193e-16 0)
(1.313432836 3.592779834e-16 0)
(1.313432836 6.286847957e-17 0)
(1.313432836 -3.56654728e-16 0)
(1.313432836 4.197892785e-16 0)
(1.313432836 3.507680746e-16 0)
(1.313432836 -3.425758443e-16 0)
(1.313432836 -2.710167947e-16 0)
(1.313432836 -7.350249081e-17 0)
(1.313432836 5.254090351e-16 0)
(1.313432836 1.302874364e-16 0)
(1.313432836 8.078821262e-18 0)
(1.313432836 9.26844386e-17 0)
(1.313432836 -2.098046513e-16 0)
(1.313432836 -5.16186815e-16 0)
(1.313432836 -1.546439609e-16 0)
(1.313432836 5.69135806e-16 0)
(1.313432836 4.529400213e-16 0)
(1.313432836 3.007037908e-16 0)
(1.313432836 -1.853609476e-16 0)
(1.313432836 -1.424612109e-16 0)
(1.313432836 6.296634615e-17 0)
(1.313432836 -3.667149526e-16 0)
(1.313432836 -5.543049435e-16 0)
(1.313432836 -9.071583959e-17 0)
(1.313432836 -4.200194892e-16 0)
(1.313432836 5.517802427e-17 0)
(1.313432836 4.922559719e-16 0)
(1.313432836 -4.455835041e-17 0)
(1.313432836 6.65316413e-16 0)
(1.313432836 5.489353886e-16 0)
(1.313432836 -2.318590564e-16 0)
(1.313432836 -2.97101812e-16 0)
(1.313432836 -1.158118592e-16 0)
(1.313432836 7.966616897e-16 0)
(1.313432836 4.279728149e-16 0)
(1.313432836 -6.898525467e-16 0)
(1.313432836 -1.330173815e-16 0)
(1.313432836 4.291084626e-17 0)
(1.313432836 -8.2827258e-16 0)
(1.313432836 -7.88212077e-16 0)
(1.313432836 -2.210984248e-16 0)
(1.313432836 6.417286484e-18 0)
(1.313432836 3.010548082e-16 0)
(1.313432836 -4.143096144e-17 0)
(1.313432836 -1.860117409e-16 0)
(1.313432836 1.747858309e-16 0)
(1.313432836 -6.693836262e-17 0)
(1.313432836 -3.145345655e-16 0)
(1.313432836 2.795555295e-16 0)
(1.402985075 7.324712074e-16 0)
(1.402985075 6.266151635e-16 0)
(1.402985075 4.362544173e-16 0)
(1.402985075 4.21314981e-16 0)
(1.402985075 4.763169366e-16 0)
(1.402985075 4.435754138e-16 0)
(1.402985075 3.712111613e-16 0)
(1.402985075 3.969303758e-16 0)
(1.402985075 5.36373185e-16 0)
(1.402985075 3.932499604e-16 0)
(1.402985075 1.03364873e-16 0)
(1.402985075 1.62032057e-17 0)
(1.402985075 1.669901421e-16 0)
(1.402985075 -7.251926921e-17 0)
(1.402985075 -3.844182024e-16 0)
(1.402985075 -4.08216442e-16 0)
(1.402985075 -4.239701457e-16 0)
(1.402985075 -1.871469906e-16 0)
(1.402985075 -7.530383173e-17 0)
(1.402985075 -1.567664537e-16 0)
(1.402985075 -1.487997105e-16 0)
(1.402985075 -1.150146758e-16 0)
(1.402985075 4.452772027e-18 0)
(1.402985075 3.047213836e-17 0)
(1.402985075 1.587092109e-16 0)
(1.402985075 1.277331297e-16 0)
(1.402985075 1.414351434e-16 0)
(1.402985075 -4.29899268e-17 0)
(1.402985075 -2.670385834e-16 0)
(1.402985075 -8.491348826e-17 0)
(1.402985075 -1.296244571e-16 0)
(1.402985075 -2.711923538e-16 0)
(1.402985075 -3.305010821e-16 0)
(1.402985075 -2.843783531e-16 0)
(1.402985075 -2.466101758e-16 0)
(1.402985075 -4.527186066e-17 0)
(1.402985075 2.886402737e-16 0)
(1.402985075 3.854473817e-16 0)
(1.402985075 1.682442231e-16 0)
(1.402985075 -1.332406982e-16 0)
(1.402985075 -3.258813764e-16 0)
(1.402985075 -3.353161686e-16 0)
(1.402985075 -2.33255998e-16 0)
(1.402985075 -1.601059542e-16 0)
(1.402985075 6.731994936e-20 0)
(1.402985075 -2.128575232e-16 0)
(1.402985075 -3.931754896e-17 0)
(1.402985075 1.384495927e-16 0)
(1.402985075 3.177311867e-17 0)
(1.402985075 5.937131842e-17 0)
(1.402985075 4.241705602e-17 0)
(1.402985075 2.041257589e-17 0)
(1.402985075 2.62439758e-16 0)
(1.402985075 3.704380859e-16 0)
(1.402985075 9.804098008e-17 0)
(1.402985075 7.591239674e-17 0)
(1.402985075 1.724147499e-16 0)
(1.402985075 2.047168224e-16 0)
(1.402985075 1.817954665e-16 0)
(1.402985075 2.941701425e-17 0)
(1.402985075 -9.347579026e-17 0)
(1.402985075 2.778402436e-17 0)
(1.402985075 2.005452503e-16 0)
(1.402985075 1.924157709e-16 0)
(1.402985075 2.823853499e-16 0)
(1.402985075 2.109717416e-16 0)
(1.402985075 -5.29390765e-17 0)
(1.402985075 -2.415212914e-17 0)
(1.402985075 -1.783094873e-16 0)
(1.402985075 -4.683153255e-16 0)
(1.402985075 -1.618894654e-16 0)
(1.402985075 1.180138808e-17 0)
(1.402985075 1.755231053e-16 0)
(1.402985075 8.587375983e-18 0)
(1.402985075 -9.202213816e-17 0)
(1.402985075 1.552529998e-16 0)
(1.402985075 3.333562084e-16 0)
(1.402985075 -7.927580052e-17 0)
(1.402985075 -2.818473729e-16 0)
(1.402985075 1.832022226e-16 0)
(1.402985075 1.458864256e-16 0)
(1.402985075 4.579292489e-17 0)
(1.402985075 1.333723736e-16 0)
(1.402985075 9.827451827e-17 0)
(1.402985075 2.330186867e-17 0)
(1.402985075 -3.533808429e-17 0)
(1.402985075 -1.64037682e-16 0)
(1.402985075 -1.01124313e-16 0)
(1.402985075 -2.039900239e-17 0)
(1.402985075 1.190195791e-16 0)
(1.402985075 -1.370205947e-16 0)
(1.402985075 -2.952648445e-16 0)
(1.402985075 -3.375080949e-16 0)
(1.402985075 -1.686282009e-16 0)
(1.402985075 -1.204851627e-16 0)
(1.402985075 -3.608666412e-16 0)
(1.402985075 2.081880338e-17 0)
(1.402985075 3.866849477e-16 0)
(1.402985075 -2.615418631e-17 0)
(1.402985075 -2.731740375e-16 0)
(1.402985075 2.415683211e-16 0)
(1.402985075 5.776274486e-16 0)
(1.402985075 2.249804228e-16 0)
(1.402985075 -3.627219359e-16 0)
(1.402985075 -2.388816014e-16 0)
(1.402985075 1.188163913e-16 0)
(1.402985075 -4.021811047e-17 0)
(1.402985075 -2.514815633e-16 0)
(1.402985075 5.295135811e-17 0)
(1.402985075 3.368130311e-16 0)
(1.402985075 6.16485189e-17 0)
(1.402985075 -3.989889487e-17 0)
(1.402985075 1.142608166e-16 0)
(1.402985075 2.591284142e-16 0)
(1.402985075 3.404953391e-16 0)
(1.402985075 1.111210267e-16 0)
(1.402985075 -5.748173082e-17 0)
(1.402985075 2.009307742e-16 0)
(1.402985075 3.054522438e-16 0)
(1.402985075 1.163375982e-17 0)
(1.402985075 -1.246049865e-16 0)
(1.402985075 3.176270995e-17 0)
(1.402985075 8.832670846e-18 0)
(1.402985075 -2.965523201e-16 0)
(1.402985075 -6.116740256e-16 0)
(1.402985075 -5.771624467e-16 0)
(1.402985075 -2.636264564e-16 0)
(1.402985075 -4.491858305e-16 0)
(1.402985075 -3.562435317e-17 0)
(1.402985075 6.997957135e-16 0)
(1.402985075 5.290771286e-16 0)
(1.402985075 2.056683613e-16 0)
(1.402985075 -3.41133225e-16 0)
(1.402985075 -2.98446205e-16 0)
(1.402985075 1.338841659e-16 0)
(1.402985075 -1.330785294e-16 0)
(1.402985075 -2.59765506e-16 0)
(1.402985075 -2.359877123e-16 0)
(1.402985075 -6.349449138e-18 0)
(1.402985075 9.566551613e-17 0)
(1.402985075 -3.586193636e-16 0)
(1.402985075 2.490385791e-17 0)
(1.402985075 3.159372075e-16 0)
(1.402985075 6.939429313e-16 0)
(1.402985075 8.175913303e-16 0)
(1.402985075 2.995173394e-16 0)
(1.402985075 4.845462772e-16 0)
(1.402985075 3.732886435e-16 0)
(1.402985075 -1.803999388e-16 0)
(1.402985075 -5.703583153e-16 0)
(1.402985075 -4.643680153e-16 0)
(1.402985075 7.702765554e-17 0)
(1.402985075 -1.209713644e-16 0)
(1.402985075 -1.836075452e-16 0)
(1.402985075 3.345588908e-16 0)
(1.402985075 2.615211582e-16 0)
(1.402985075 -2.423516433e-16 0)
(1.402985075 -2.388534637e-16 0)
(1.402985075 -7.008782824e-17 0)
(1.402985075 3.178582306e-16 0)
(1.402985075 1.194863826e-16 0)
(1.402985075 5.988946538e-17 0)
(1.402985075 -2.888493507e-17 0)
(1.402985075 -1.502053303e-16 0)
(1.402985075 -4.495603205e-16 0)
(1.402985075 -1.259012661e-16 0)
(1.402985075 5.733652955e-16 0)
(1.402985075 4.444404464e-16 0)
(1.402985075 3.251182558e-16 0)
(1.402985075 -2.43828397e-16 0)
(1.402985075 -1.394427141e-16 0)
(1.402985075 -6.234311227e-17 0)
(1.402985075 -4.067100579e-16 0)
(1.402985075 -4.37645348e-16 0)
(1.402985075 -1.213892432e-16 0)
(1.402985075 -2.203536037e-16 0)
(1.402985075 -2.123156452e-16 0)
(1.402985075 2.417843342e-16 0)
(1.402985075 2.398895016e-16 0)
(1.402985075 5.424978632e-16 0)
(1.402985075 6.490438968e-16 0)
(1.402985075 -3.014266239e-17 0)
(1.402985075 -1.414388802e-16 0)
(1.402985075 -3.498853137e-17 0)
(1.402985075 6.16238316e-16 0)
(1.402985075 2.639773208e-16 0)
(1.402985075 -7.006215408e-16 0)
(1.402985075 -1.336661471e-16 0)
(1.402985075 6.127397146e-17 0)
(1.402985075 -7.880553171e-16 0)
(1.402985075 -7.581959765e-16 0)
(1.402985075 -2.239576975e-16 0)
(1.402985075 -4.789786738e-17 0)
(1.402985075 2.823487338e-16 0)
(1.402985075 4.593096457e-17 0)
(1.402985075 -2.627992162e-16 0)
(1.402985075 4.543617299e-17 0)
(1.402985075 8.562898493e-17 0)
(1.402985075 -3.073176322e-16 0)
(1.402985075 2.025412669e-16 0)
(1.462686567 6.643089035e-16 0)
(1.462686567 4.213760325e-16 0)
(1.462686567 4.472196912e-16 0)
(1.462686567 5.701713272e-16 0)
(1.462686567 4.402521918e-16 0)
(1.462686567 5.230179373e-16 0)
(1.462686567 4.9334558e-16 0)
(1.462686567 4.793320853e-16 0)
(1.462686567 5.603875929e-16 0)
(1.462686567 3.237826227e-16 0)
(1.462686567 1.025983099e-16 0)
(1.462686567 3.637231356e-17 0)
(1.462686567 8.657083789e-17 0)
(1.462686567 -8.158103863e-17 0)
(1.462686567 -4.000538682e-16 0)
(1.462686567 -4.786920163e-16 0)
(1.462686567 -4.905934324e-16 0)
(1.462686567 -1.672916891e-16 0)
(1.462686567 -2.738488186e-17 0)
(1.462686567 -1.838643155e-16 0)
(1.462686567 -1.111812636e-16 0)
(1.462686567 4.743635005e-17 0)
(1.462686567 -3.061968683e-17 0)
(1.462686567 -8.777895135e-17 0)
(1.462686567 5.745140514e-17 0)
(1.462686567 9.006150851e-17 0)
(1.462686567 -8.630759053e-17 0)
(1.462686567 -1.554801113e-16 0)
(1.462686567 -1.747619498e-16 0)
(1.462686567 -9.040888869e-17 0)
(1.462686567 -2.09281552e-16 0)
(1.462686567 -3.106374652e-16 0)
(1.462686567 -3.416104731e-16 0)
(1.462686567 -3.63379456e-16 0)
(1.462686567 -1.69640549e-16 0)
(1.462686567 1.873572534e-18 0)
(1.462686567 1.864533158e-16 0)
(1.462686567 2.799488854e-16 0)
(1.462686567 1.619523055e-16 0)
(1.462686567 -1.213271416e-16 0)
(1.462686567 -3.784946066e-16 0)
(1.462686567 -3.524743042e-16 0)
(1.462686567 -3.2913669e-16 0)
(1.462686567 -2.035140862e-16 0)
(1.462686567 -5.255390779e-17 0)
(1.462686567 -1.96913621e-16 0)
(1.462686567 1.565473476e-17 0)
(1.462686567 2.478372606e-16 0)
(1.462686567 7.217876297e-17 0)
(1.462686567 -1.504248583e-17 0)
(1.462686567 8.69171802e-17 0)
(1.462686567 5.611717334e-17 0)
(1.462686567 1.857653627e-16 0)
(1.462686567 3.660373273e-16 0)
(1.462686567 2.068188791e-16 0)
(1.462686567 2.563944164e-16 0)
(1.462686567 1.884607103e-16 0)
(1.462686567 5.087863362e-17 0)
(1.462686567 1.214355188e-16 0)
(1.462686567 6.313407832e-17 0)
(1.462686567 5.39374073e-17 0)
(1.462686567 2.32148503e-17 0)
(1.462686567 8.931513989e-17 0)
(1.462686567 1.610575635e-16 0)
(1.462686567 3.017407331e-16 0)
(1.462686567 2.184402416e-16 0)
(1.462686567 -2.605209757e-17 0)
(1.462686567 -9.800289811e-17 0)
(1.462686567 -1.654315693e-16 0)
(1.462686567 -2.299577901e-16 0)
(1.462686567 -1.061952469e-16 0)
(1.462686567 1.722852811e-17 0)
(1.462686567 1.775319155e-16 0)
(1.462686567 9.83932166e-17 0)
(1.462686567 1.807905456e-17 0)
(1.462686567 6.215674661e-17 0)
(1.462686567 2.536491736e-16 0)
(1.462686567 7.625327604e-18 0)
(1.462686567 -1.366961113e-16 0)
(1.462686567 7.53080049e-17 0)
(1.462686567 5.167860067e-17 0)
(1.462686567 1.501700687e-17 0)
(1.462686567 7.701589285e-17 0)
(1.462686567 9.225783534e-17 0)
(1.462686567 4.042221259e-17 0)
(1.462686567 -3.311475345e-16 0)
(1.462686567 -3.008630308e-16 0)
(1.462686567 2.181133655e-17 0)
(1.462686567 6.326016732e-18 0)
(1.462686567 1.169560596e-16 0)
(1.462686567 5.048706821e-19 0)
(1.462686567 -1.756049559e-16 0)
(1.462686567 -3.736812954e-16 0)
(1.462686567 -1.754213879e-16 0)
(1.462686567 -1.165714485e-16 0)
(1.462686567 -4.696518223e-16 0)
(1.462686567 -8.04405247e-17 0)
(1.462686567 2.599190961e-16 0)
(1.462686567 -1.285765122e-17 0)
(1.462686567 -1.720021403e-16 0)
(1.462686567 1.656989698e-16 0)
(1.462686567 4.687887215e-16 0)
(1.462686567 2.604760611e-16 0)
(1.462686567 -3.040977982e-16 0)
(1.462686567 -2.620525294e-16 0)
(1.462686567 -1.222129023e-16 0)
(1.462686567 -7.861147215e-17 0)
(1.462686567 -1.157956451e-17 0)
(1.462686567 4.112223299e-17 0)
(1.462686567 1.430727226e-16 0)
(1.462686567 4.359729554e-17 0)
(1.462686567 1.333918906e-16 0)
(1.462686567 1.38873546e-16 0)
(1.462686567 2.7868178e-16 0)
(1.462686567 3.999711032e-16 0)
(1.462686567 2.842684146e-16 0)
(1.462686567 -9.480440885e-17 0)
(1.462686567 9.020438498e-17 0)
(1.462686567 2.544055557e-16 0)
(1.462686567 5.273365804e-17 0)
(1.462686567 5.564034382e-17 0)
(1.462686567 5.827855045e-17 0)
(1.462686567 -1.554480505e-16 0)
(1.462686567 -4.037459665e-16 0)
(1.462686567 -6.970765141e-16 0)
(1.462686567 -6.821346799e-16 0)
(1.462686567 -1.921004074e-16 0)
(1.462686567 -2.790664558e-16 0)
(1.462686567 2.440206403e-17 0)
(1.462686567 5.332836051e-16 0)
(1.462686567 4.647634428e-16 0)
(1.462686567 2.843317528e-16 0)
(1.462686567 -2.621273588e-16 0)
(1.462686567 -3.552482467e-16 0)
(1.462686567 -6.54226893e-18 0)
(1.462686567 -8.263845739e-17 0)
(1.462686567 -1.906135597e-16 0)
(1.462686567 -2.292625914e-16 0)
(1.462686567 8.376486455e-17 0)
(1.462686567 1.719836248e-16 0)
(1.462686567 -2.448716361e-16 0)
(1.462686567 9.982296317e-17 0)
(1.462686567 4.456888428e-16 0)
(1.462686567 6.10370176e-16 0)
(1.462686567 6.582867284e-16 0)
(1.462686567 3.584802151e-16 0)
(1.462686567 5.636343566e-16 0)
(1.462686567 3.495258397e-16 0)
(1.462686567 -1.388634725e-16 0)
(1.462686567 -4.803655126e-16 0)
(1.462686567 -3.592959736e-16 0)
(1.462686567 -1.210837264e-16 0)
(1.462686567 -2.647457107e-16 0)
(1.462686567 -9.508958178e-17 0)
(1.462686567 2.444425126e-16 0)
(1.462686567 9.837433282e-17 0)
(1.462686567 -1.221313081e-16 0)
(1.462686567 -1.837429016e-16 0)
(1.462686567 -1.216842098e-16 0)
(1.462686567 1.456778416e-16 0)
(1.462686567 9.336773293e-17 0)
(1.462686567 1.153702576e-16 0)
(1.462686567 -5.184462647e-17 0)
(1.462686567 -5.779665791e-17 0)
(1.462686567 -3.220019569e-16 0)
(1.462686567 3.244648942e-17 0)
(1.462686567 5.700065765e-16 0)
(1.462686567 3.284312471e-16 0)
(1.462686567 2.696048722e-16 0)
(1.462686567 -2.975613307e-16 0)
(1.462686567 -1.067414469e-16 0)
(1.462686567 -9.036495265e-17 0)
(1.462686567 -4.179141835e-16 0)
(1.462686567 -4.431977779e-16 0)
(1.462686567 -1.233942642e-16 0)
(1.462686567 -1.49188603e-16 0)
(1.462686567 -4.44603424e-16 0)
(1.462686567 4.300682034e-17 0)
(1.462686567 3.420904873e-16 0)
(1.462686567 5.185047828e-16 0)
(1.462686567 6.292833376e-16 0)
(1.462686567 1.674572253e-16 0)
(1.462686567 5.98714272e-17 0)
(1.462686567 1.111076382e-16 0)
(1.462686567 4.66718799e-16 0)
(1.462686567 1.424670363e-16 0)
(1.462686567 -5.843181292e-16 0)
(1.462686567 -1.649595466e-16 0)
(1.462686567 -4.40843981e-17 0)
(1.462686567 -7.325737409e-16 0)
(1.462686567 -6.816685527e-16 0)
(1.462686567 -2.35893201e-16 0)
(1.462686567 -2.02488667e-17 0)
(1.462686567 2.556643314e-16 0)
(1.462686567 1.195576382e-16 0)
(1.462686567 -1.478339401e-16 0)
(1.462686567 -1.073807705e-16 0)
(1.462686567 9.435025791e-17 0)
(1.462686567 -1.983108511e-16 0)
(1.462686567 1.547529354e-16 0)
(1.492537313 3.787005185e-16 0)
(1.492537313 3.644617289e-16 0)
(1.492537313 5.333333994e-16 0)
(1.492537313 5.079534977e-16 0)
(1.492537313 4.232954638e-16 0)
(1.492537313 6.827840465e-16 0)
(1.492537313 4.921741757e-16 0)
(1.492537313 3.34022968e-16 0)
(1.492537313 4.953047999e-16 0)
(1.492537313 2.613285671e-16 0)
(1.492537313 1.30090949e-16 0)
(1.492537313 1.081125099e-16 0)
(1.492537313 4.774541098e-17 0)
(1.492537313 -1.181136694e-16 0)
(1.492537313 -2.971506529e-16 0)
(1.492537313 -4.227478857e-16 0)
(1.492537313 -5.068690517e-16 0)
(1.492537313 -2.147822112e-16 0)
(1.492537313 -5.382224151e-17 0)
(1.492537313 -7.506848279e-17 0)
(1.492537313 5.27947137e-17 0)
(1.492537313 8.103113511e-18 0)
(1.492537313 -9.941426115e-17 0)
(1.492537313 -1.019689604e-16 0)
(1.492537313 4.749507997e-18 0)
(1.492537313 -4.668696439e-17 0)
(1.492537313 -2.525787381e-16 0)
(1.492537313 -1.241445152e-16 0)
(1.492537313 -1.446930439e-17 0)
(1.492537313 -7.079694923e-17 0)
(1.492537313 -2.935394054e-16 0)
(1.492537313 -4.332293145e-16 0)
(1.492537313 -3.958120991e-16 0)
(1.492537313 -2.916241659e-16 0)
(1.492537313 -9.188658081e-17 0)
(1.492537313 3.582159929e-17 0)
(1.492537313 8.494849755e-17 0)
(1.492537313 1.623877273e-16 0)
(1.492537313 1.037930019e-16 0)
(1.492537313 -1.353195978e-16 0)
(1.492537313 -3.0290678e-16 0)
(1.492537313 -3.210908235e-16 0)
(1.492537313 -4.586649495e-16 0)
(1.492537313 -2.76654232e-16 0)
(1.492537313 -3.940033283e-17 0)
(1.492537313 -1.380520807e-16 0)
(1.492537313 1.384009115e-17 0)
(1.492537313 2.900170037e-16 0)
(1.492537313 1.274506211e-16 0)
(1.492537313 -8.589019238e-17 0)
(1.492537313 2.380607253e-17 0)
(1.492537313 1.115799114e-16 0)
(1.492537313 1.78338904e-16 0)
(1.492537313 3.722135604e-16 0)
(1.492537313 2.624327231e-16 0)
(1.492537313 3.638424295e-16 0)
(1.492537313 2.663110694e-16 0)
(1.492537313 -4.417153312e-18 0)
(1.492537313 3.308628476e-17 0)
(1.492537313 1.895908465e-17 0)
(1.492537313 1.869302364e-16 0)
(1.492537313 1.559394786e-16 0)
(1.492537313 4.441767264e-17 0)
(1.492537313 8.977168067e-17 0)
(1.492537313 1.711112409e-16 0)
(1.492537313 2.442299756e-16 0)
(1.492537313 9.485679639e-17 0)
(1.492537313 5.097432924e-18 0)
(1.492537313 -1.656487226e-16 0)
(1.492537313 -1.845991806e-16 0)
(1.492537313 -7.457659308e-17 0)
(1.492537313 1.003373829e-16 0)
(1.492537313 1.210807273e-16 0)
(1.492537313 1.819954524e-16 0)
(1.492537313 1.233392342e-16 0)
(1.492537313 -4.510488699e-17 0)
(1.492537313 1.043104072e-16 0)
(1.492537313 3.385598452e-17 0)
(1.492537313 7.486792126e-18 0)
(1.492537313 1.357266337e-16 0)
(1.492537313 -6.131719778e-17 0)
(1.492537313 -8.422577479e-17 0)
(1.492537313 -1.618086427e-17 0)
(1.492537313 5.888061449e-17 0)
(1.492537313 -3.664158582e-17 0)
(1.492537313 -4.816059477e-16 0)
(1.492537313 -4.116179798e-16 0)
(1.492537313 1.69790456e-17 0)
(1.492537313 -1.241604869e-18 0)
(1.492537313 1.135122756e-16 0)
(1.492537313 1.44941901e-16 0)
(1.492537313 -1.003851004e-16 0)
(1.492537313 -3.444909628e-16 0)
(1.492537313 -8.872514647e-17 0)
(1.492537313 -1.858268538e-16 0)
(1.492537313 -4.492927199e-16 0)
(1.492537313 -8.310357138e-17 0)
(1.492537313 7.351421902e-17 0)
(1.492537313 -1.323426428e-16 0)
(1.492537313 -1.613620757e-16 0)
(1.492537313 8.575913259e-17 0)
(1.492537313 3.266073678e-16 0)
(1.492537313 2.351942562e-16 0)
(1.492537313 -1.709667633e-16 0)
(1.492537313 -2.47065534e-16 0)
(1.492537313 -1.576699696e-16 0)
(1.492537313 -8.180405739e-18 0)
(1.492537313 3.914019792e-17 0)
(1.492537313 -7.8652033e-18 0)
(1.492537313 -1.201100482e-18 0)
(1.492537313 8.223314656e-17 0)
(1.492537313 2.847435403e-16 0)
(1.492537313 2.403211184e-16 0)
(1.492537313 1.41530708e-16 0)
(1.492537313 3.299396451e-16 0)
(1.492537313 4.331489862e-16 0)
(1.492537313 2.261192683e-17 0)
(1.492537313 -1.108120447e-16 0)
(1.492537313 1.328113291e-16 0)
(1.492537313 1.121361437e-16 0)
(1.492537313 1.374221621e-16 0)
(1.492537313 4.97136438e-17 0)
(1.492537313 -1.154782904e-16 0)
(1.492537313 -4.888090781e-16 0)
(1.492537313 -6.429547003e-16 0)
(1.492537313 -6.589419756e-16 0)
(1.492537313 -2.382845688e-16 0)
(1.492537313 -1.884054823e-16 0)
(1.492537313 4.216862373e-17 0)
(1.492537313 3.93419371e-16 0)
(1.492537313 3.559768672e-16 0)
(1.492537313 2.713862549e-16 0)
(1.492537313 -2.002958134e-16 0)
(1.492537313 -3.759404273e-16 0)
(1.492537313 -1.087839487e-16 0)
(1.492537313 -1.718863086e-16 0)
(1.492537313 -1.295932245e-16 0)
(1.492537313 -1.975413154e-16 0)
(1.492537313 1.325924381e-16 0)
(1.492537313 1.540393655e-16 0)
(1.492537313 -1.873570352e-16 0)
(1.492537313 2.759502459e-16 0)
(1.492537313 6.464678512e-16 0)
(1.492537313 5.888563097e-16 0)
(1.492537313 4.41848215e-16 0)
(1.492537313 3.289098205e-16 0)
(1.492537313 5.919663156e-16 0)
(1.492537313 3.987907301e-16 0)
(1.492537313 4.614881521e-18 0)
(1.492537313 -3.174429139e-16 0)
(1.492537313 -2.399424912e-16 0)
(1.492537313 -3.258679784e-16 0)
(1.492537313 -4.688762926e-16 0)
(1.492537313 -8.722957675e-17 0)
(1.492537313 1.694567784e-16 0)
(1.492537313 5.976086059e-18 0)
(1.492537313 -3.349796614e-17 0)
(1.492537313 -7.624729897e-17 0)
(1.492537313 -1.397642192e-16 0)
(1.492537313 -1.919853709e-17 0)
(1.492537313 1.176695359e-16 0)
(1.492537313 1.993475533e-16 0)
(1.492537313 8.910204419e-18 0)
(1.492537313 -2.308539037e-17 0)
(1.492537313 -1.519211357e-16 0)
(1.492537313 1.513447141e-16 0)
(1.492537313 4.511289594e-16 0)
(1.492537313 3.877097013e-16 0)
(1.492537313 2.72952134e-16 0)
(1.492537313 -3.225666555e-16 0)
(1.492537313 -2.841239464e-16 0)
(1.492537313 -2.373719348e-16 0)
(1.492537313 -3.855243308e-16 0)
(1.492537313 -3.851485435e-16 0)
(1.492537313 -1.488412389e-16 0)
(1.492537313 -1.763271129e-16 0)
(1.492537313 -5.091413999e-16 0)
(1.492537313 1.364058007e-17 0)
(1.492537313 3.483591324e-16 0)
(1.492537313 4.098610604e-16 0)
(1.492537313 4.63930149e-16 0)
(1.492537313 3.876391407e-16 0)
(1.492537313 3.230414638e-16 0)
(1.492537313 2.928164253e-16 0)
(1.492537313 2.47259249e-16 0)
(1.492537313 -3.188347026e-17 0)
(1.492537313 -3.368255456e-16 0)
(1.492537313 -2.435808456e-16 0)
(1.492537313 -1.946987465e-16 0)
(1.492537313 -5.902702585e-16 0)
(1.492537313 -5.889584643e-16 0)
(1.492537313 -2.017225435e-16 0)
(1.492537313 2.124614865e-17 0)
(1.492537313 2.275864086e-16 0)
(1.492537313 2.407590236e-16 0)
(1.492537313 -7.66129546e-17 0)
(1.492537313 -1.721760311e-16 0)
(1.492537313 -5.659230518e-18 0)
(1.492537313 -5.046229322e-17 0)
(1.492537313 1.56403952e-16 0)
(1.492537313 2.053836987e-16 0)
(1.492537313 3.85450811e-16 0)
(1.492537313 4.873696908e-16 0)
(1.492537313 3.847886798e-16 0)
(1.492537313 5.24282699e-16 0)
(1.492537313 6.660179844e-16 0)
(1.492537313 3.673099799e-16 0)
(1.492537313 3.534885094e-16 0)
(1.492537313 3.493011531e-16 0)
(1.492537313 1.124124505e-16 0)
(1.492537313 1.767533104e-16 0)
(1.492537313 1.152563643e-16 0)
(1.492537313 4.38135978e-17 0)
(1.492537313 -1.708209886e-16 0)
(1.492537313 -2.39516696e-16 0)
(1.492537313 -3.009003975e-16 0)
(1.492537313 -3.440921382e-16 0)
(1.492537313 -1.935710082e-16 0)
(1.492537313 -1.349328765e-16 0)
(1.492537313 -4.197029694e-17 0)
(1.492537313 5.335715712e-17 0)
(1.492537313 -6.549309021e-17 0)
(1.492537313 -4.988966722e-17 0)
(1.492537313 -8.121354319e-18 0)
(1.492537313 1.794693162e-17 0)
(1.492537313 -1.730959009e-16 0)
(1.492537313 -3.516162799e-16 0)
(1.492537313 -8.952151679e-17 0)
(1.492537313 4.73377934e-17 0)
(1.492537313 -2.086291885e-17 0)
(1.492537313 -3.183624615e-16 0)
(1.492537313 -5.026599875e-16 0)
(1.492537313 -4.849119376e-16 0)
(1.492537313 -2.071179021e-16 0)
(1.492537313 9.318925461e-18 0)
(1.492537313 4.589761298e-17 0)
(1.492537313 5.608314258e-17 0)
(1.492537313 9.278045093e-17 0)
(1.492537313 6.225233914e-17 0)
(1.492537313 -2.540607853e-16 0)
(1.492537313 -2.519249916e-16 0)
(1.492537313 -1.499100741e-16 0)
(1.492537313 -4.548981268e-16 0)
(1.492537313 -3.783068314e-16 0)
(1.492537313 -1.650913386e-16 0)
(1.492537313 -9.62122336e-17 0)
(1.492537313 -1.307114656e-17 0)
(1.492537313 3.413982879e-16 0)
(1.492537313 2.6671618e-16 0)
(1.492537313 -9.698391781e-17 0)
(1.492537313 3.024245622e-17 0)
(1.492537313 1.59703893e-16 0)
(1.492537313 1.686443636e-16 0)
(1.492537313 2.794733933e-16 0)
(1.492537313 3.620524306e-16 0)
(1.492537313 4.718979875e-16 0)
(1.492537313 2.906139835e-16 0)
(1.492537313 -1.974575469e-18 0)
(1.492537313 -3.405447504e-17 0)
(1.492537313 -3.099008107e-17 0)
(1.492537313 1.4903411e-16 0)
(1.492537313 1.518656771e-16 0)
(1.492537313 1.261530496e-16 0)
(1.492537313 5.870383127e-17 0)
(1.492537313 7.986070312e-17 0)
(1.492537313 1.972332424e-16 0)
(1.492537313 7.967504031e-17 0)
(1.492537313 3.916555695e-17 0)
(1.492537313 -1.347757674e-16 0)
(1.492537313 -1.755136352e-16 0)
(1.492537313 1.052509668e-16 0)
(1.492537313 2.442528489e-16 0)
(1.492537313 -2.794084821e-18 0)
(1.492537313 1.256020116e-16 0)
(1.492537313 2.454995597e-16 0)
(1.492537313 -6.825551712e-17 0)
(1.492537313 -4.869808752e-17 0)
(1.492537313 1.695618415e-16 0)
(1.492537313 1.798094957e-16 0)
(1.492537313 2.974684387e-17 0)
(1.492537313 -2.765360843e-16 0)
(1.492537313 -1.370348838e-16 0)
(1.492537313 -8.811446454e-17 0)
(1.492537313 -2.814594225e-17 0)
(1.492537313 -6.046939137e-17 0)
(1.492537313 -4.747963113e-16 0)
(1.492537313 -4.203290315e-16 0)
(1.492537313 -7.72734962e-17 0)
(1.492537313 4.393157439e-17 0)
(1.492537313 1.780094697e-16 0)
(1.492537313 1.428588188e-16 0)
(1.492537313 -2.145969074e-16 0)
(1.492537313 -2.963702004e-16 0)
(1.492537313 1.150213231e-17 0)
(1.492537313 -1.335765449e-16 0)
(1.492537313 -2.715897466e-16 0)
(1.492537313 -1.553661246e-16 0)
(1.492537313 -1.479506597e-16 0)
(1.492537313 -2.271911085e-16 0)
(1.492537313 -8.978472174e-18 0)
(1.492537313 2.175879758e-17 0)
(1.492537313 7.531034678e-17 0)
(1.492537313 1.366099228e-16 0)
(1.492537313 4.968982793e-18 0)
(1.492537313 -2.523114877e-16 0)
(1.492537313 -2.641032815e-16 0)
(1.492537313 4.116910906e-17 0)
(1.492537313 9.913272614e-17 0)
(1.492537313 -8.14631549e-17 0)
(1.492537313 -1.258759987e-16 0)
(1.492537313 2.543634938e-16 0)
(1.492537313 4.48558494e-16 0)
(1.492537313 3.126179821e-16 0)
(1.492537313 3.314022996e-17 0)
(1.492537313 2.691127931e-16 0)
(1.492537313 3.844197093e-16 0)
(1.492537313 6.110488621e-17 0)
(1.492537313 -1.702499623e-16 0)
(1.492537313 1.224589292e-16 0)
(1.492537313 1.978617917e-16 0)
(1.492537313 1.003205127e-16 0)
(1.492537313 9.319716101e-17 0)
(1.492537313 -1.638078323e-16 0)
(1.492537313 -4.354343712e-16 0)
(1.492537313 -5.749859921e-16 0)
(1.492537313 -6.061681224e-16 0)
(1.492537313 -2.491616282e-16 0)
(1.492537313 -1.671834851e-16 0)
(1.492537313 3.487768891e-17 0)
(1.492537313 1.970736369e-16 0)
(1.492537313 2.985926701e-16 0)
(1.492537313 2.878852125e-16 0)
(1.492537313 -1.663086083e-16 0)
(1.492537313 -2.660594052e-16 0)
(1.492537313 -3.220482332e-16 0)
(1.492537313 -2.69924462e-16 0)
(1.492537313 -7.702776076e-17 0)
(1.492537313 -7.246765338e-17 0)
(1.492537313 1.439492962e-16 0)
(1.492537313 4.613866732e-17 0)
(1.492537313 -5.351642194e-17 0)
(1.492537313 5.376584328e-16 0)
(1.492537313 7.804988963e-16 0)
(1.492537313 4.717731067e-16 0)
(1.492537313 2.377474019e-16 0)
(1.492537313 4.318939634e-16 0)
(1.492537313 4.680805533e-16 0)
(1.492537313 3.442995476e-16 0)
(1.492537313 1.743361133e-16 0)
(1.492537313 -8.637715215e-17 0)
(1.492537313 -4.199900486e-17 0)
(1.492537313 -6.042073699e-16 0)
(1.492537313 -6.778368356e-16 0)
(1.492537313 -1.544231441e-18 0)
(1.492537313 -6.999077189e-17 0)
(1.492537313 -7.998139753e-17 0)
(1.492537313 1.068194875e-16 0)
(1.492537313 7.63950032e-17 0)
(1.492537313 -1.600827417e-16 0)
(1.492537313 -1.706370158e-16 0)
(1.492537313 1.301127641e-16 0)
(1.492537313 1.639189447e-16 0)
(1.492537313 7.464067459e-17 0)
(1.492537313 2.324221855e-17 0)
(1.492537313 -3.538146349e-18 0)
(1.492537313 2.968916127e-16 0)
(1.492537313 3.852888805e-16 0)
(1.492537313 4.494121295e-16 0)
(1.492537313 2.034389407e-16 0)
(1.492537313 -3.220616708e-16 0)
(1.492537313 -3.114866071e-16 0)
(1.492537313 -4.210212465e-16 0)
(1.492537313 -5.199539923e-16 0)
(1.492537313 -3.428761319e-16 0)
(1.492537313 -2.939166713e-16 0)
(1.492537313 -1.723211309e-16 0)
(1.492537313 -4.935662915e-16 0)
(1.492537313 -7.668883466e-17 0)
(1.492537313 4.275578631e-16 0)
(1.492537313 2.084397847e-16 0)
(1.492537313 3.958978707e-16 0)
(1.492537313 5.958824764e-16 0)
(1.492537313 5.430804108e-16 0)
(1.492537313 4.271762024e-16 0)
(1.492537313 -1.06367783e-16 0)
(1.492537313 -1.112346294e-16 0)
(1.492537313 -3.033705647e-17 0)
(1.492537313 -1.549088575e-16 0)
(1.492537313 -4.125153019e-16 0)
(1.492537313 -6.096719961e-16 0)
(1.492537313 -4.026121394e-16 0)
(1.492537313 -1.205031159e-16 0)
(1.492537313 6.457363854e-17 0)
(1.492537313 1.567643847e-16 0)
(1.492537313 3.107347337e-16 0)
(1.492537313 -5.669052843e-17 0)
(1.492537313 -2.594173882e-16 0)
(1.492537313 -1.158766219e-16 0)
(1.492537313 5.008367814e-17 0)
(1.492537313 1.186582976e-16 0)
(1.462686567 1.7201212e-16 0)
(1.462686567 3.047272074e-16 0)
(1.462686567 4.211191875e-16 0)
(1.462686567 3.158525265e-16 0)
(1.462686567 5.098169634e-16 0)
(1.462686567 5.102222882e-16 0)
(1.462686567 3.68025537e-16 0)
(1.462686567 3.56287312e-16 0)
(1.462686567 1.184004252e-16 0)
(1.462686567 1.29547201e-16 0)
(1.462686567 2.240466392e-16 0)
(1.462686567 2.863826699e-17 0)
(1.462686567 1.576827118e-17 0)
(1.462686567 -1.126420798e-16 0)
(1.462686567 -1.71152079e-16 0)
(1.462686567 -2.761512716e-16 0)
(1.462686567 -2.553326045e-16 0)
(1.462686567 -1.540501941e-16 0)
(1.462686567 -2.36926344e-16 0)
(1.462686567 -4.475550443e-17 0)
(1.462686567 -4.625928772e-17 0)
(1.462686567 -9.723334095e-17 0)
(1.462686567 3.814437995e-17 0)
(1.462686567 -2.350127585e-17 0)
(1.462686567 -3.090399559e-18 0)
(1.462686567 -2.081774871e-16 0)
(1.462686567 -3.736026414e-16 0)
(1.462686567 -1.351944927e-16 0)
(1.462686567 1.01398858e-16 0)
(1.462686567 4.064117546e-17 0)
(1.462686567 -2.986815877e-16 0)
(1.462686567 -5.373978879e-16 0)
(1.462686567 -3.982735666e-16 0)
(1.462686567 -7.352226176e-17 0)
(1.462686567 7.594021964e-17 0)
(1.462686567 6.327836741e-17 0)
(1.462686567 9.6657065e-17 0)
(1.462686567 2.089299399e-17 0)
(1.462686567 -7.895867964e-17 0)
(1.462686567 -3.332163284e-16 0)
(1.462686567 -1.820521497e-16 0)
(1.462686567 4.429264472e-18 0)
(1.462686567 -3.832579923e-16 0)
(1.462686567 -5.842635609e-16 0)
(1.462686567 -3.333316006e-16 0)
(1.462686567 -4.076883538e-17 0)
(1.462686567 9.158169928e-17 0)
(1.462686567 4.026614042e-16 0)
(1.462686567 3.689780615e-16 0)
(1.462686567 1.850961731e-17 0)
(1.462686567 2.59316905e-17 0)
(1.462686567 5.489234607e-17 0)
(1.462686567 1.24295655e-16 0)
(1.462686567 1.677869819e-16 0)
(1.462686567 3.279331651e-16 0)
(1.462686567 5.226957491e-16 0)
(1.462686567 4.213776044e-16 0)
(1.462686567 7.073804855e-18 0)
(1.462686567 -8.483943036e-17 0)
(1.462686567 -4.949281707e-18 0)
(1.462686567 3.263584388e-18 0)
(1.462686567 5.701579216e-17 0)
(1.462686567 1.010601035e-16 0)
(1.462686567 1.346434084e-16 0)
(1.462686567 1.578794921e-16 0)
(1.462686567 1.083170488e-16 0)
(1.462686567 1.895375137e-17 0)
(1.462686567 7.562311375e-18 0)
(1.462686567 -1.143826599e-16 0)
(1.462686567 -1.575556626e-16 0)
(1.462686567 2.876742363e-16 0)
(1.462686567 3.480291913e-16 0)
(1.462686567 -1.594564654e-17 0)
(1.462686567 4.066016782e-17 0)
(1.462686567 2.21017619e-16 0)
(1.462686567 -2.891435712e-17 0)
(1.462686567 -7.192664677e-17 0)
(1.462686567 2.35864725e-16 0)
(1.462686567 2.280171935e-16 0)
(1.462686567 -6.758482122e-17 0)
(1.462686567 -3.465584467e-16 0)
(1.462686567 -2.646015432e-16 0)
(1.462686567 -1.73167313e-16 0)
(1.462686567 -2.061915068e-17 0)
(1.462686567 6.859280352e-17 0)
(1.462686567 -2.990447556e-16 0)
(1.462686567 -4.378113573e-16 0)
(1.462686567 -2.58243044e-16 0)
(1.462686567 1.200346982e-16 0)
(1.462686567 2.136510217e-16 0)
(1.462686567 4.495800054e-17 0)
(1.462686567 -2.214331061e-16 0)
(1.462686567 -1.669686248e-16 0)
(1.462686567 7.984000424e-17 0)
(1.462686567 -7.39887599e-17 0)
(1.462686567 -1.662585508e-16 0)
(1.462686567 -2.559621037e-16 0)
(1.462686567 -3.632193246e-16 0)
(1.462686567 -2.002976517e-16 0)
(1.462686567 2.883422975e-17 0)
(1.462686567 -1.636856284e-16 0)
(1.462686567 -1.318090106e-16 0)
(1.462686567 2.177317535e-16 0)
(1.462686567 1.056771783e-16 0)
(1.462686567 -3.155712654e-16 0)
(1.462686567 -3.772550948e-16 0)
(1.462686567 1.443998255e-16 0)
(1.462686567 2.221101959e-16 0)
(1.462686567 -2.14519806e-16 0)
(1.462686567 -2.177049369e-16 0)
(1.462686567 2.518758398e-16 0)
(1.462686567 6.297748448e-16 0)
(1.462686567 4.430194047e-16 0)
(1.462686567 4.836118058e-17 0)
(1.462686567 7.47633023e-17 0)
(1.462686567 2.511269942e-16 0)
(1.462686567 8.00507164e-17 0)
(1.462686567 -9.088626066e-17 0)
(1.462686567 1.569950959e-16 0)
(1.462686567 2.997289205e-16 0)
(1.462686567 4.744620018e-17 0)
(1.462686567 4.766140793e-17 0)
(1.462686567 -2.960639998e-16 0)
(1.462686567 -3.941932279e-16 0)
(1.462686567 -3.478872137e-16 0)
(1.462686567 -3.757441462e-16 0)
(1.462686567 -2.921368506e-16 0)
(1.462686567 -2.725790904e-16 0)
(1.462686567 -4.230506038e-18 0)
(1.462686567 2.520083606e-17 0)
(1.462686567 1.782751122e-16 0)
(1.462686567 3.144888853e-16 0)
(1.462686567 -9.136836651e-17 0)
(1.462686567 -1.336969822e-16 0)
(1.462686567 -5.033828895e-16 0)
(1.462686567 -2.200462878e-16 0)
(1.462686567 -1.161089039e-17 0)
(1.462686567 -1.871022739e-17 0)
(1.462686567 3.1992063e-17 0)
(1.462686567 -1.273883477e-16 0)
(1.462686567 2.843846016e-17 0)
(1.462686567 8.022770402e-16 0)
(1.462686567 8.984987856e-16 0)
(1.462686567 2.741714482e-16 0)
(1.462686567 8.264445828e-17 0)
(1.462686567 4.92275985e-16 0)
(1.462686567 3.910203425e-16 0)
(1.462686567 2.377245103e-16 0)
(1.462686567 3.675753684e-16 0)
(1.462686567 1.515760225e-16 0)
(1.462686567 4.814773737e-17 0)
(1.462686567 -7.628463371e-16 0)
(1.462686567 -7.573009719e-16 0)
(1.462686567 1.320545554e-16 0)
(1.462686567 -1.236403732e-16 0)
(1.462686567 -1.855634081e-16 0)
(1.462686567 1.653098061e-16 0)
(1.462686567 1.046209638e-16 0)
(1.462686567 -1.280900782e-16 0)
(1.462686567 -4.030975471e-16 0)
(1.462686567 8.656851263e-17 0)
(1.462686567 1.949797941e-16 0)
(1.462686567 1.559627075e-16 0)
(1.462686567 1.306542947e-16 0)
(1.462686567 7.730336165e-17 0)
(1.462686567 2.512444661e-16 0)
(1.462686567 2.878742094e-16 0)
(1.462686567 4.813974568e-16 0)
(1.462686567 1.209400888e-16 0)
(1.462686567 -2.122985972e-16 0)
(1.462686567 -8.319268422e-17 0)
(1.462686567 -6.549696466e-16 0)
(1.462686567 -7.138319378e-16 0)
(1.462686567 -2.895686913e-16 0)
(1.462686567 -3.61170362e-16 0)
(1.462686567 -1.439192832e-16 0)
(1.462686567 -5.746783921e-16 0)
(1.462686567 -1.206641454e-16 0)
(1.462686567 5.651650707e-16 0)
(1.462686567 6.963706732e-17 0)
(1.462686567 3.325073592e-16 0)
(1.462686567 7.211801738e-16 0)
(1.462686567 6.471040282e-16 0)
(1.462686567 4.831026827e-16 0)
(1.462686567 -3.570101325e-16 0)
(1.462686567 -1.75270851e-16 0)
(1.462686567 2.415701707e-16 0)
(1.462686567 -1.012004947e-16 0)
(1.462686567 -5.829771383e-16 0)
(1.462686567 -5.666518712e-16 0)
(1.462686567 -1.596907773e-16 0)
(1.462686567 5.610491565e-17 0)
(1.462686567 1.069012688e-16 0)
(1.462686567 -4.78755962e-18 0)
(1.462686567 2.068311273e-16 0)
(1.462686567 -8.000149192e-17 0)
(1.462686567 -2.886187133e-16 0)
(1.462686567 -8.348399028e-17 0)
(1.462686567 7.481959435e-17 0)
(1.462686567 1.91481287e-16 0)
(1.402985075 1.281869111e-16 0)
(1.402985075 1.663616381e-16 0)
(1.402985075 2.882839608e-16 0)
(1.402985075 1.775805307e-16 0)
(1.402985075 4.590047649e-16 0)
(1.402985075 3.817578834e-16 0)
(1.402985075 3.883365098e-16 0)
(1.402985075 3.109788436e-16 0)
(1.402985075 -5.501017752e-17 0)
(1.402985075 1.974477706e-16 0)
(1.402985075 2.958178371e-16 0)
(1.402985075 4.441123043e-17 0)
(1.402985075 -6.802789389e-17 0)
(1.402985075 -1.260666174e-16 0)
(1.402985075 1.886898243e-17 0)
(1.402985075 -2.418084893e-16 0)
(1.402985075 -2.592666816e-16 0)
(1.402985075 -1.123216723e-16 0)
(1.402985075 -3.482837504e-16 0)
(1.402985075 -1.358868577e-16 0)
(1.402985075 -4.798201395e-17 0)
(1.402985075 3.901522198e-17 0)
(1.402985075 4.516505688e-17 0)
(1.402985075 -3.259147829e-17 0)
(1.402985075 -5.444593923e-17 0)
(1.402985075 -1.973266058e-16 0)
(1.402985075 -4.008335703e-16 0)
(1.402985075 -2.054307034e-16 0)
(1.402985075 5.023497423e-17 0)
(1.402985075 8.179520254e-17 0)
(1.402985075 -1.566581373e-16 0)
(1.402985075 -4.319487212e-16 0)
(1.402985075 -3.199406168e-16 0)
(1.402985075 3.126540884e-18 0)
(1.402985075 1.905380804e-16 0)
(1.402985075 4.880982152e-17 0)
(1.402985075 1.055563149e-16 0)
(1.402985075 -3.508967092e-17 0)
(1.402985075 -1.630392161e-16 0)
(1.402985075 -1.891480266e-16 0)
(1.402985075 -2.082613734e-16 0)
(1.402985075 1.405352046e-16 0)
(1.402985075 -2.859953473e-16 0)
(1.402985075 -6.522748307e-16 0)
(1.402985075 -4.315822554e-16 0)
(1.402985075 -1.017425062e-16 0)
(1.402985075 2.059396651e-16 0)
(1.402985075 3.597053073e-16 0)
(1.402985075 3.135042355e-16 0)
(1.402985075 1.035873748e-16 0)
(1.402985075 -7.959697358e-18 0)
(1.402985075 3.318865773e-17 0)
(1.402985075 6.569414442e-17 0)
(1.402985075 1.497133614e-16 0)
(1.402985075 1.973734761e-16 0)
(1.402985075 5.200076275e-16 0)
(1.402985075 4.817330303e-16 0)
(1.402985075 7.093305385e-18 0)
(1.402985075 -7.545988589e-17 0)
(1.402985075 1.006332726e-16 0)
(1.402985075 -4.443959343e-17 0)
(1.402985075 -5.758892893e-17 0)
(1.402985075 1.146929642e-16 0)
(1.402985075 1.101240399e-16 0)
(1.402985075 2.160961172e-16 0)
(1.402985075 1.041221453e-16 0)
(1.402985075 -8.478279233e-17 0)
(1.402985075 6.488793562e-17 0)
(1.402985075 -4.170719673e-17 0)
(1.402985075 -1.644466826e-16 0)
(1.402985075 4.769907412e-16 0)
(1.402985075 2.348899791e-16 0)
(1.402985075 -6.669155192e-17 0)
(1.402985075 1.631960454e-16 0)
(1.402985075 2.056619632e-16 0)
(1.402985075 -6.461403645e-18 0)
(1.402985075 -2.260418098e-16 0)
(1.402985075 2.586211802e-16 0)
(1.402985075 3.075144932e-16 0)
(1.402985075 -1.586219198e-16 0)
(1.402985075 -3.373397398e-16 0)
(1.402985075 -3.497535738e-16 0)
(1.402985075 -2.471319807e-16 0)
(1.402985075 -3.529772083e-17 0)
(1.402985075 1.906218094e-16 0)
(1.402985075 -1.135268682e-16 0)
(1.402985075 -4.045187585e-16 0)
(1.402985075 -3.458328989e-16 0)
(1.402985075 1.461088064e-16 0)
(1.402985075 1.471636343e-16 0)
(1.402985075 -1.355237837e-16 0)
(1.402985075 -1.313564378e-16 0)
(1.402985075 -1.103007963e-17 0)
(1.402985075 7.83918502e-17 0)
(1.402985075 -1.199185455e-16 0)
(1.402985075 6.415050992e-17 0)
(1.402985075 -2.877665966e-16 0)
(1.402985075 -5.27771701e-16 0)
(1.402985075 -1.301891046e-16 0)
(1.402985075 7.949798475e-17 0)
(1.402985075 -2.166829645e-16 0)
(1.402985075 -3.566999203e-16 0)
(1.402985075 1.518307801e-16 0)
(1.402985075 2.695878336e-16 0)
(1.402985075 -3.282998984e-16 0)
(1.402985075 -4.617835178e-16 0)
(1.402985075 1.828214737e-16 0)
(1.402985075 4.029892348e-16 0)
(1.402985075 -3.370012059e-16 0)
(1.402985075 -3.312229918e-16 0)
(1.402985075 1.330214264e-16 0)
(1.402985075 7.385461949e-16 0)
(1.402985075 5.37299851e-16 0)
(1.402985075 1.606903155e-16 0)
(1.402985075 -6.0262213e-17 0)
(1.402985075 4.314904591e-17 0)
(1.402985075 1.758164215e-16 0)
(1.402985075 1.154296029e-16 0)
(1.402985075 1.514459982e-16 0)
(1.402985075 2.151205852e-16 0)
(1.402985075 1.181144829e-16 0)
(1.402985075 -1.704805093e-16 0)
(1.402985075 -4.521601975e-16 0)
(1.402985075 -1.970153006e-16 0)
(1.402985075 -1.892538676e-16 0)
(1.402985075 -1.702449064e-16 0)
(1.402985075 -3.341209067e-16 0)
(1.402985075 -5.178722044e-16 0)
(1.402985075 -1.21473381e-16 0)
(1.402985075 6.919702023e-17 0)
(1.402985075 1.040786032e-16 0)
(1.402985075 3.126061826e-16 0)
(1.402985075 -9.260045132e-18 0)
(1.402985075 1.193664986e-17 0)
(1.402985075 -6.508272222e-16 0)
(1.402985075 -1.683925855e-16 0)
(1.402985075 1.540678939e-16 0)
(1.402985075 1.032700034e-16 0)
(1.402985075 -3.142699457e-16 0)
(1.402985075 -4.984588732e-16 0)
(1.402985075 2.024737511e-16 0)
(1.402985075 1.030849686e-15 0)
(1.402985075 9.508359877e-16 0)
(1.402985075 -1.316925675e-16 0)
(1.402985075 -8.229317617e-17 0)
(1.402985075 7.950425526e-16 0)
(1.402985075 4.720659885e-16 0)
(1.402985075 1.446304738e-16 0)
(1.402985075 4.802301399e-16 0)
(1.402985075 4.189222955e-16 0)
(1.402985075 1.747240953e-16 0)
(1.402985075 -9.716648081e-16 0)
(1.402985075 -6.686319164e-16 0)
(1.402985075 2.520384437e-16 0)
(1.402985075 -2.485277434e-16 0)
(1.402985075 -2.367443976e-16 0)
(1.402985075 2.417409655e-16 0)
(1.402985075 3.266541132e-17 0)
(1.402985075 -1.646279126e-17 0)
(1.402985075 -5.125938386e-16 0)
(1.402985075 -1.98937136e-17 0)
(1.402985075 1.605607176e-16 0)
(1.402985075 2.146505792e-16 0)
(1.402985075 2.446536554e-16 0)
(1.402985075 4.120259878e-17 0)
(1.402985075 1.440004235e-16 0)
(1.402985075 2.303523589e-16 0)
(1.402985075 6.063583278e-16 0)
(1.402985075 4.64429613e-17 0)
(1.402985075 -1.375618999e-16 0)
(1.402985075 2.447348402e-16 0)
(1.402985075 -9.124785304e-16 0)
(1.402985075 -9.025777213e-16 0)
(1.402985075 -1.670858151e-16 0)
(1.402985075 -3.642714309e-16 0)
(1.402985075 -1.021409094e-16 0)
(1.402985075 -8.791470593e-16 0)
(1.402985075 -1.958904273e-16 0)
(1.402985075 9.972783665e-16 0)
(1.402985075 -1.136941433e-16 0)
(1.402985075 1.899051649e-16 0)
(1.402985075 9.112831189e-16 0)
(1.402985075 6.926823538e-16 0)
(1.402985075 5.271891525e-16 0)
(1.402985075 -6.048356981e-16 0)
(1.402985075 -3.239614824e-16 0)
(1.402985075 5.532579845e-16 0)
(1.402985075 1.822861014e-17 0)
(1.402985075 -7.613747059e-16 0)
(1.402985075 -6.146118354e-16 0)
(1.402985075 1.365800164e-16 0)
(1.402985075 3.363454789e-16 0)
(1.402985075 2.090102956e-16 0)
(1.402985075 -3.085648897e-16 0)
(1.402985075 -1.42613039e-16 0)
(1.402985075 -1.111078978e-16 0)
(1.402985075 -1.935952258e-16 0)
(1.402985075 1.883383777e-16 0)
(1.402985075 1.392625231e-16 0)
(1.402985075 1.640450859e-16 0)
(1.313432836 1.570953604e-16 0)
(1.313432836 1.031152718e-16 0)
(1.313432836 8.30615261e-17 0)
(1.313432836 6.086769921e-17 0)
(1.313432836 2.992239045e-16 0)
(1.313432836 3.386464717e-16 0)
(1.313432836 3.646430295e-16 0)
(1.313432836 2.117561039e-16 0)
(1.313432836 2.70703803e-17 0)
(1.313432836 1.915045975e-16 0)
(1.313432836 2.523460766e-16 0)
(1.313432836 1.802857428e-16 0)
(1.313432836 -4.306598702e-17 0)
(1.313432836 -3.863937646e-17 0)
(1.313432836 1.146895984e-16 0)
(1.313432836 -2.444224761e-16 0)
(1.313432836 -2.241247185e-16 0)
(1.313432836 -1.658972548e-16 0)
(1.313432836 -3.671723721e-16 0)
(1.313432836 -1.924395954e-16 0)
(1.313432836 -9.796049649e-19 0)
(1.313432836 1.304918923e-16 0)
(1.313432836 1.124099398e-16 0)
(1.313432836 7.914004776e-17 0)
(1.313432836 -1.019268454e-16 0)
(1.313432836 -2.511246248e-16 0)
(1.313432836 -3.842777158e-16 0)
(1.313432836 -2.376327938e-16 0)
(1.313432836 5.903872306e-17 0)
(1.313432836 3.920182539e-17 0)
(1.313432836 -1.81559639e-16 0)
(1.313432836 -1.752109648e-16 0)
(1.313432836 -1.318103233e-16 0)
(1.313432836 -4.811794052e-17 0)
(1.313432836 1.844387404e-16 0)
(1.313432836 3.001179028e-17 0)
(1.313432836 1.384333043e-16 0)
(1.313432836 -2.288424915e-17 0)
(1.313432836 -1.210185761e-16 0)
(1.313432836 -4.43730548e-18 0)
(1.313432836 -2.301069905e-16 0)
(1.313432836 1.395644995e-16 0)
(1.313432836 -2.051954001e-16 0)
(1.313432836 -6.440831032e-16 0)
(1.313432836 -4.38853675e-16 0)
(1.313432836 -7.474329095e-17 0)
(1.313432836 1.431021905e-16 0)
(1.313432836 2.534377887e-16 0)
(1.313432836 3.219258638e-16 0)
(1.313432836 3.637780217e-17 0)
(1.313432836 2.762077381e-17 0)
(1.313432836 9.872355843e-17 0)
(1.313432836 7.082189546e-17 0)
(1.313432836 3.504876693e-17 0)
(1.313432836 6.494606565e-17 0)
(1.313432836 4.264958912e-16 0)
(1.313432836 4.37788718e-16 0)
(1.313432836 9.247859492e-17 0)
(1.313432836 -2.076457261e-17 0)
(1.313432836 8.941769295e-17 0)
(1.313432836 -6.451528911e-17 0)
(1.313432836 -2.048195176e-16 0)
(1.313432836 1.455645256e-16 0)
(1.313432836 9.478310426e-17 0)
(1.313432836 1.737294506e-16 0)
(1.313432836 1.569434033e-16 0)
(1.313432836 -1.260766346e-16 0)
(1.313432836 1.475235349e-17 0)
(1.313432836 6.262141641e-17 0)
(1.313432836 -7.086867953e-17 0)
(1.313432836 5.141731717e-16 0)
(1.313432836 1.055066276e-16 0)
(1.313432836 -1.307226307e-16 0)
(1.313432836 2.25176903e-16 0)
(1.313432836 2.966414146e-16 0)
(1.313432836 -1.32743723e-16 0)
(1.313432836 -3.736063884e-16 0)
(1.313432836 3.603248455e-16 0)
(1.313432836 3.850419583e-16 0)
(1.313432836 -2.340173519e-16 0)
(1.313432836 -3.574879494e-16 0)
(1.313432836 -3.594368558e-16 0)
(1.313432836 -2.388922951e-16 0)
(1.313432836 -3.995339375e-17 0)
(1.313432836 2.950971024e-16 0)
(1.313432836 3.381593753e-17 0)
(1.313432836 -2.999030081e-16 0)
(1.313432836 -4.693802976e-16 0)
(1.313432836 7.064249358e-17 0)
(1.313432836 2.07331875e-16 0)
(1.313432836 -2.314457739e-16 0)
(1.313432836 -1.398390152e-16 0)
(1.313432836 1.144645515e-16 0)
(1.313432836 -2.196482909e-17 0)
(1.313432836 -1.810680498e-16 0)
(1.313432836 3.138298421e-16 0)
(1.313432836 -2.01776985e-16 0)
(1.313432836 -6.30967441e-16 0)
(1.313432836 -9.922929217e-17 0)
(1.313432836 2.448843798e-16 0)
(1.313432836 -2.467060154e-16 0)
(1.313432836 -5.024278952e-16 0)
(1.313432836 1.388152864e-16 0)
(1.313432836 3.898842386e-16 0)
(1.313432836 -3.512859418e-16 0)
(1.313432836 -5.777891775e-16 0)
(1.313432836 2.059511137e-16 0)
(1.313432836 5.08000906e-16 0)
(1.313432836 -3.886554556e-16 0)
(1.313432836 -3.820560019e-16 0)
(1.313432836 4.366451284e-17 0)
(1.313432836 6.644648871e-16 0)
(1.313432836 6.27064603e-16 0)
(1.313432836 2.358388781e-16 0)
(1.313432836 -9.933259169e-17 0)
(1.313432836 -2.695316816e-17 0)
(1.313432836 2.749453551e-16 0)
(1.313432836 1.176941958e-16 0)
(1.313432836 1.162843148e-16 0)
(1.313432836 2.05691692e-16 0)
(1.313432836 1.027634627e-16 0)
(1.313432836 -4.51817427e-16 0)
(1.313432836 -5.743850363e-16 0)
(1.313432836 1.287862668e-16 0)
(1.313432836 4.927468934e-17 0)
(1.313432836 -1.61546249e-16 0)
(1.313432836 -2.747018097e-16 0)
(1.313432836 -5.870971571e-16 0)
(1.313432836 -2.068955421e-16 0)
(1.313432836 5.309984858e-17 0)
(1.313432836 5.844417379e-17 0)
(1.313432836 2.327458058e-16 0)
(1.313432836 2.429511171e-17 0)
(1.313432836 7.665768838e-17 0)
(1.313432836 -7.392566082e-16 0)
(1.313432836 -2.36698862e-17 0)
(1.313432836 3.979906778e-16 0)
(1.313432836 1.004133155e-16 0)
(1.313432836 -5.267755252e-16 0)
(1.313432836 -7.482109508e-16 0)
(1.313432836 2.558156362e-16 0)
(1.313432836 9.624748366e-16 0)
(1.313432836 8.725512775e-16 0)
(1.313432836 -3.354425006e-16 0)
(1.313432836 -8.800425453e-17 0)
(1.313432836 9.577584387e-16 0)
(1.313432836 4.261952534e-16 0)
(1.313432836 1.880573249e-16 0)
(1.313432836 4.973079663e-16 0)
(1.313432836 5.95183561e-16 0)
(1.313432836 3.009132422e-16 0)
(1.313432836 -1.065438591e-15 0)
(1.313432836 -7.156629898e-16 0)
(1.313432836 3.120612951e-16 0)
(1.313432836 -3.419381539e-16 0)
(1.313432836 -2.405758824e-16 0)
(1.313432836 2.642626221e-16 0)
(1.313432836 -4.123458223e-18 0)
(1.313432836 -2.570082279e-17 0)
(1.313432836 -5.146459756e-16 0)
(1.313432836 5.962044947e-17 0)
(1.313432836 9.333510844e-17 0)
(1.313432836 1.38858507e-16 0)
(1.313432836 2.711878937e-16 0)
(1.313432836 2.885832405e-17 0)
(1.313432836 6.73608873e-17 0)
(1.313432836 2.883285113e-16 0)
(1.313432836 7.054790922e-16 0)
(1.313432836 -7.012121137e-17 0)
(1.313432836 -6.214112342e-17 0)
(1.313432836 4.024180352e-16 0)
(1.313432836 -1.100014206e-15 0)
(1.313432836 -9.344758061e-16 0)
(1.313432836 -5.740110341e-17 0)
(1.313432836 -4.014757555e-16 0)
(1.313432836 -1.626440089e-16 0)
(1.313432836 -1.124635817e-15 0)
(1.313432836 -1.887418869e-16 0)
(1.313432836 1.275055243e-15 0)
(1.313432836 -2.287679246e-16 0)
(1.313432836 1.126238555e-16 0)
(1.313432836 1.02965013e-15 0)
(1.313432836 6.43937437e-16 0)
(1.313432836 5.035163541e-16 0)
(1.313432836 -7.957819861e-16 0)
(1.313432836 -3.807224634e-16 0)
(1.313432836 8.01498836e-16 0)
(1.313432836 6.696589039e-17 0)
(1.313432836 -7.745666241e-16 0)
(1.313432836 -5.417183114e-16 0)
(1.313432836 2.99466613e-16 0)
(1.313432836 5.420086708e-16 0)
(1.313432836 2.882253091e-16 0)
(1.313432836 -5.088428046e-16 0)
(1.313432836 -3.803696578e-16 0)
(1.313432836 -2.825720592e-16 0)
(1.313432836 -8.044554669e-17 0)
(1.313432836 4.489939599e-16 0)
(1.313432836 1.7798453e-16 0)
(1.313432836 1.473525362e-16 0)
(1.194029851 -1.298888246e-16 0)
(1.194029851 5.62775239e-18 0)
(1.194029851 -3.197349724e-17 0)
(1.194029851 5.292885961e-17 0)
(1.194029851 2.090025028e-16 0)
(1.194029851 2.528180904e-16 0)
(1.194029851 2.382479833e-16 0)
(1.194029851 2.200766533e-16 0)
(1.194029851 2.419353015e-17 0)
(1.194029851 5.152409968e-17 0)
(1.194029851 2.537763199e-16 0)
(1.194029851 2.292144952e-16 0)
(1.194029851 -1.269193522e-16 0)
(1.194029851 8.30749595e-17 0)
(1.194029851 1.819767376e-16 0)
(1.194029851 -2.012170153e-16 0)
(1.194029851 -9.536754686e-17 0)
(1.194029851 -1.682340837e-16 0)
(1.194029851 -4.034185297e-16 0)
(1.194029851 -3.278665928e-16 0)
(1.194029851 2.895855049e-17 0)
(1.194029851 1.280704231e-16 0)
(1.194029851 2.235067116e-16 0)
(1.194029851 1.667143469e-16 0)
(1.194029851 -1.314758785e-16 0)
(1.194029851 -3.022043582e-16 0)
(1.194029851 -3.282457281e-16 0)
(1.194029851 -2.326735865e-16 0)
(1.194029851 6.101237365e-17 0)
(1.194029851 -1.381965708e-18 0)
(1.194029851 -2.559552781e-16 0)
(1.194029851 -1.211910579e-16 0)
(1.194029851 -1.732045074e-17 0)
(1.194029851 4.471828611e-17 0)
(1.194029851 2.324229545e-16 0)
(1.194029851 -4.781978914e-17 0)
(1.194029851 1.481024295e-16 0)
(1.194029851 -8.381981275e-17 0)
(1.194029851 -1.564005538e-16 0)
(1.194029851 1.272623935e-16 0)
(1.194029851 -2.593353599e-16 0)
(1.194029851 -4.873198025e-18 0)
(1.194029851 1.811336522e-17 0)
(1.194029851 -3.740804984e-16 0)
(1.194029851 -3.25775406e-16 0)
(1.194029851 -9.16204665e-17 0)
(1.194029851 -7.785223553e-18 0)
(1.194029851 6.662323127e-17 0)
(1.194029851 2.57793835e-16 0)
(1.194029851 -3.127832955e-17 0)
(1.194029851 1.000384317e-16 0)
(1.194029851 1.503034145e-16 0)
(1.194029851 1.108288238e-16 0)
(1.194029851 -1.566229684e-16 0)
(1.194029851 -6.095614408e-17 0)
(1.194029851 4.150059264e-16 0)
(1.194029851 3.939744243e-16 0)
(1.194029851 1.092912276e-16 0)
(1.194029851 -7.97133402e-17 0)
(1.194029851 5.336922523e-17 0)
(1.194029851 4.383202712e-17 0)
(1.194029851 -2.372565172e-16 0)
(1.194029851 9.49684649e-17 0)
(1.194029851 1.693321495e-16 0)
(1.194029851 1.386652729e-16 0)
(1.194029851 2.150623237e-16 0)
(1.194029851 -1.116032431e-16 0)
(1.194029851 -7.171662127e-18 0)
(1.194029851 1.400024131e-16 0)
(1.194029851 -4.170055872e-17 0)
(1.194029851 4.870489249e-16 0)
(1.194029851 3.522309582e-17 0)
(1.194029851 -1.974551443e-16 0)
(1.194029851 1.937369868e-16 0)
(1.194029851 4.524140433e-16 0)
(1.194029851 -2.03608307e-16 0)
(1.194029851 -5.590090625e-16 0)
(1.194029851 4.249005593e-16 0)
(1.194029851 4.941120228e-16 0)
(1.194029851 -2.675645729e-16 0)
(1.194029851 -3.828159746e-16 0)
(1.194029851 -2.941709889e-16 0)
(1.194029851 -2.178515679e-16 0)
(1.194029851 9.789393166e-18 0)
(1.194029851 2.975697611e-16 0)
(1.194029851 -3.858536521e-17 0)
(1.194029851 -3.093430399e-16 0)
(1.194029851 -5.311308143e-16 0)
(1.194029851 5.964663245e-17 0)
(1.194029851 2.561226737e-16 0)
(1.194029851 -2.218615839e-16 0)
(1.194029851 -1.097980688e-16 0)
(1.194029851 3.13541825e-16 0)
(1.194029851 7.550613949e-18 0)
(1.194029851 -3.357309074e-16 0)
(1.194029851 3.781734446e-16 0)
(1.194029851 -7.19759105e-17 0)
(1.194029851 -6.028409807e-16 0)
(1.194029851 3.692422277e-17 0)
(1.194029851 1.589125289e-16 0)
(1.194029851 -3.603076199e-16 0)
(1.194029851 -3.99925645e-16 0)
(1.194029851 2.769193963e-16 0)
(1.194029851 3.331956828e-16 0)
(1.194029851 -3.260259079e-16 0)
(1.194029851 -5.913444993e-16 0)
(1.194029851 2.298683699e-16 0)
(1.194029851 4.830028923e-16 0)
(1.194029851 -3.806006602e-16 0)
(1.194029851 -3.96353529e-16 0)
(1.194029851 6.867096765e-17 0)
(1.194029851 5.719289836e-16 0)
(1.194029851 5.034343948e-16 0)
(1.194029851 2.911872897e-16 0)
(1.194029851 -1.303951731e-16 0)
(1.194029851 -2.128835211e-17 0)
(1.194029851 2.916511182e-16 0)
(1.194029851 1.502805137e-17 0)
(1.194029851 1.657263588e-17 0)
(1.194029851 3.251590121e-16 0)
(1.194029851 9.734750915e-17 0)
(1.194029851 -5.892128541e-16 0)
(1.194029851 -4.75534514e-16 0)
(1.194029851 1.782583032e-16 0)
(1.194029851 2.971817844e-17 0)
(1.194029851 -1.519339981e-16 0)
(1.194029851 -1.238218662e-16 0)
(1.194029851 -4.783611766e-16 0)
(1.194029851 -2.12338261e-16 0)
(1.194029851 -7.828685647e-17 0)
(1.194029851 -9.880449216e-18 0)
(1.194029851 2.150290751e-16 0)
(1.194029851 9.219665001e-17 0)
(1.194029851 -1.005107156e-16 0)
(1.194029851 -7.638366513e-16 0)
(1.194029851 1.983065157e-16 0)
(1.194029851 5.559522572e-16 0)
(1.194029851 4.638892828e-17 0)
(1.194029851 -4.746707206e-16 0)
(1.194029851 -8.161040529e-16 0)
(1.194029851 2.55829684e-16 0)
(1.194029851 8.589060972e-16 0)
(1.194029851 6.515913629e-16 0)
(1.194029851 -4.573147242e-16 0)
(1.194029851 -1.117020336e-16 0)
(1.194029851 9.731872815e-16 0)
(1.194029851 2.832512454e-16 0)
(1.194029851 2.125368114e-16 0)
(1.194029851 3.810266482e-16 0)
(1.194029851 7.68882659e-16 0)
(1.194029851 5.304633527e-16 0)
(1.194029851 -1.158202329e-15 0)
(1.194029851 -8.283698611e-16 0)
(1.194029851 3.198526955e-16 0)
(1.194029851 -3.420942341e-16 0)
(1.194029851 -8.831888368e-17 0)
(1.194029851 3.068974932e-16 0)
(1.194029851 -1.319489984e-16 0)
(1.194029851 -6.572789782e-17 0)
(1.194029851 -4.023334264e-16 0)
(1.194029851 1.213195635e-16 0)
(1.194029851 -3.460311556e-18 0)
(1.194029851 2.055695774e-17 0)
(1.194029851 2.526243223e-16 0)
(1.194029851 4.991862732e-17 0)
(1.194029851 2.487049447e-16 0)
(1.194029851 3.084986216e-16 0)
(1.194029851 5.836701485e-16 0)
(1.194029851 -7.768660907e-17 0)
(1.194029851 -1.391413715e-16 0)
(1.194029851 4.547273496e-16 0)
(1.194029851 -1.027207087e-15 0)
(1.194029851 -8.900490677e-16 0)
(1.194029851 -9.161742943e-17 0)
(1.194029851 -4.165423393e-16 0)
(1.194029851 -7.494116625e-17 0)
(1.194029851 -1.215159761e-15 0)
(1.194029851 -1.581735164e-16 0)
(1.194029851 1.403818862e-15 0)
(1.194029851 -2.870069892e-16 0)
(1.194029851 1.186600987e-16 0)
(1.194029851 1.105800516e-15 0)
(1.194029851 4.19318654e-16 0)
(1.194029851 3.519596536e-16 0)
(1.194029851 -7.833500427e-16 0)
(1.194029851 -4.27065083e-16 0)
(1.194029851 9.056414486e-16 0)
(1.194029851 9.041484965e-17 0)
(1.194029851 -7.150142544e-16 0)
(1.194029851 -5.464429451e-16 0)
(1.194029851 3.674588921e-16 0)
(1.194029851 7.317402269e-16 0)
(1.194029851 3.81235769e-16 0)
(1.194029851 -4.372091118e-16 0)
(1.194029851 -6.874151108e-16 0)
(1.194029851 -3.864062896e-16 0)
(1.194029851 8.995263946e-17 0)
(1.194029851 3.93781715e-16 0)
(1.194029851 5.444125411e-16 0)
(1.194029851 2.655846953e-16 0)
(1.044776119 6.491454989e-17 0)
(1.044776119 1.273171664e-17 0)
(1.044776119 7.013596187e-17 0)
(1.044776119 5.913501662e-17 0)
(1.044776119 1.532127109e-16 0)
(1.044776119 7.01979722e-17 0)
(1.044776119 1.501843809e-16 0)
(1.044776119 1.850638918e-16 0)
(1.044776119 -8.22770634e-17 0)
(1.044776119 4.395023836e-17 0)
(1.044776119 2.280185933e-16 0)
(1.044776119 1.926354949e-16 0)
(1.044776119 -3.384366943e-17 0)
(1.044776119 2.555464078e-16 0)
(1.044776119 1.592510263e-16 0)
(1.044776119 -2.358359543e-16 0)
(1.044776119 -1.065310509e-19 0)
(1.044776119 -1.931221527e-16 0)
(1.044776119 -4.150027471e-16 0)
(1.044776119 -2.325204429e-16 0)
(1.044776119 -1.219335076e-17 0)
(1.044776119 3.411106947e-17 0)
(1.044776119 2.469919552e-16 0)
(1.044776119 2.289479387e-16 0)
(1.044776119 -8.715792292e-17 0)
(1.044776119 -2.676342872e-16 0)
(1.044776119 -2.688129753e-16 0)
(1.044776119 -1.575422334e-16 0)
(1.044776119 -1.046111792e-16 0)
(1.044776119 -2.391856293e-16 0)
(1.044776119 -1.441029266e-16 0)
(1.044776119 6.998956151e-18 0)
(1.044776119 -5.876896623e-17 0)
(1.044776119 1.128938156e-16 0)
(1.044776119 2.95927404e-16 0)
(1.044776119 -5.62410371e-17 0)
(1.044776119 8.000000269e-17 0)
(1.044776119 -1.150339358e-16 0)
(1.044776119 -1.86062855e-16 0)
(1.044776119 1.367186497e-16 0)
(1.044776119 -2.214928106e-16 0)
(1.044776119 3.761449124e-17 0)
(1.044776119 1.692095242e-16 0)
(1.044776119 -1.535566373e-16 0)
(1.044776119 -2.602111786e-16 0)
(1.044776119 -4.674316445e-17 0)
(1.044776119 -7.266346886e-17 0)
(1.044776119 -6.180472135e-17 0)
(1.044776119 1.503566574e-16 0)
(1.044776119 1.599007691e-17 0)
(1.044776119 8.380349934e-17 0)
(1.044776119 3.532838217e-17 0)
(1.044776119 1.437047795e-16 0)
(1.044776119 -1.528711091e-16 0)
(1.044776119 -1.587694313e-16 0)
(1.044776119 4.108907446e-16 0)
(1.044776119 4.001278637e-16 0)
(1.044776119 -6.465470086e-17 0)
(1.044776119 -2.081195494e-16 0)
(1.044776119 1.787767833e-17 0)
(1.044776119 5.401554663e-17 0)
(1.044776119 2.156793797e-17 0)
(1.044776119 1.155505904e-16 0)
(1.044776119 2.033561286e-17 0)
(1.044776119 8.900579134e-17 0)
(1.044776119 1.764032983e-16 0)
(1.044776119 -1.281735956e-16 0)
(1.044776119 2.272025707e-16 0)
(1.044776119 1.399896307e-16 0)
(1.044776119 -1.276134382e-16 0)
(1.044776119 5.681555029e-16 0)
(1.044776119 -1.204364696e-16 0)
(1.044776119 -3.853877045e-16 0)
(1.044776119 3.524156723e-16 0)
(1.044776119 4.762773304e-16 0)
(1.044776119 -2.626369586e-16 0)
(1.044776119 -6.533458376e-16 0)
(1.044776119 4.015165281e-16 0)
(1.044776119 5.842967809e-16 0)
(1.044776119 -1.721495824e-16 0)
(1.044776119 -2.617313487e-16 0)
(1.044776119 -2.671945893e-16 0)
(1.044776119 -4.461060436e-16 0)
(1.044776119 -2.859228057e-17 0)
(1.044776119 5.126155718e-16 0)
(1.044776119 -9.381675672e-17 0)
(1.044776119 -3.828720798e-16 0)
(1.044776119 -3.856816051e-16 0)
(1.044776119 7.175003406e-18 0)
(1.044776119 1.026290477e-16 0)
(1.044776119 -1.350691886e-16 0)
(1.044776119 6.192094789e-17 0)
(1.044776119 4.356318793e-16 0)
(1.044776119 2.972665117e-18 0)
(1.044776119 -4.35013947e-16 0)
(1.044776119 4.363094819e-16 0)
(1.044776119 -1.218563612e-16 0)
(1.044776119 -6.648683842e-16 0)
(1.044776119 1.361695413e-17 0)
(1.044776119 3.614904395e-16 0)
(1.044776119 -2.482901002e-16 0)
(1.044776119 -6.175420442e-16 0)
(1.044776119 3.031642276e-16 0)
(1.044776119 5.228828481e-16 0)
(1.044776119 -3.125471347e-16 0)
(1.044776119 -6.057743005e-16 0)
(1.044776119 2.99873363e-16 0)
(1.044776119 5.030965548e-16 0)
(1.044776119 -3.541518953e-16 0)
(1.044776119 -3.605108658e-16 0)
(1.044776119 -1.755114931e-16 0)
(1.044776119 4.972295311e-16 0)
(1.044776119 5.885192754e-16 0)
(1.044776119 1.366105123e-16 0)
(1.044776119 -1.045249326e-16 0)
(1.044776119 -7.41820896e-17 0)
(1.044776119 1.822559788e-16 0)
(1.044776119 3.68845925e-17 0)
(1.044776119 -7.284189656e-17 0)
(1.044776119 2.55553186e-16 0)
(1.044776119 2.065675014e-16 0)
(1.044776119 -5.33763776e-16 0)
(1.044776119 -4.458018737e-16 0)
(1.044776119 3.833394574e-16 0)
(1.044776119 1.035267427e-16 0)
(1.044776119 -3.101650357e-16 0)
(1.044776119 -9.945911601e-17 0)
(1.044776119 -4.215108749e-16 0)
(1.044776119 -2.396892456e-17 0)
(1.044776119 -1.870218157e-16 0)
(1.044776119 -1.484645736e-16 0)
(1.044776119 2.8502216e-16 0)
(1.044776119 4.311163074e-17 0)
(1.044776119 -1.250418381e-18 0)
(1.044776119 -8.802328076e-16 0)
(1.044776119 2.193540989e-16 0)
(1.044776119 1.021780289e-15 0)
(1.044776119 1.533999773e-16 0)
(1.044776119 -8.435702192e-16 0)
(1.044776119 -1.002753401e-15 0)
(1.044776119 4.172586543e-16 0)
(1.044776119 7.90887897e-16 0)
(1.044776119 5.447015045e-16 0)
(1.044776119 -7.435608862e-16 0)
(1.044776119 -1.800500965e-16 0)
(1.044776119 1.154770623e-15 0)
(1.044776119 7.013046277e-17 0)
(1.044776119 -8.454046659e-17 0)
(1.044776119 5.804607663e-16 0)
(1.044776119 9.017331933e-16 0)
(1.044776119 2.607695623e-16 0)
(1.044776119 -1.31651614e-15 0)
(1.044776119 -6.319550782e-16 0)
(1.044776119 6.046984251e-16 0)
(1.044776119 -5.137751341e-16 0)
(1.044776119 -1.662978898e-16 0)
(1.044776119 4.510769812e-16 0)
(1.044776119 3.441074608e-17 0)
(1.044776119 -6.332295281e-17 0)
(1.044776119 -5.166831692e-16 0)
(1.044776119 2.808458109e-16 0)
(1.044776119 1.494983979e-16 0)
(1.044776119 4.176257864e-17 0)
(1.044776119 8.024203219e-17 0)
(1.044776119 -2.73542808e-17 0)
(1.044776119 -4.892797119e-17 0)
(1.044776119 1.9343194e-16 0)
(1.044776119 8.036588685e-16 0)
(1.044776119 -2.687452416e-16 0)
(1.044776119 -1.762334077e-17 0)
(1.044776119 6.194215504e-16 0)
(1.044776119 -1.27335242e-15 0)
(1.044776119 -7.715349966e-16 0)
(1.044776119 2.644807568e-16 0)
(1.044776119 -1.834526442e-16 0)
(1.044776119 1.571621192e-17 0)
(1.044776119 -1.293958692e-15 0)
(1.044776119 -2.014506187e-16 0)
(1.044776119 1.361631547e-15 0)
(1.044776119 -5.505642935e-16 0)
(1.044776119 1.604178922e-17 0)
(1.044776119 1.193113656e-15 0)
(1.044776119 5.104838262e-16 0)
(1.044776119 3.062469011e-16 0)
(1.044776119 -1.171256555e-15 0)
(1.044776119 -3.279000948e-16 0)
(1.044776119 1.279877324e-15 0)
(1.044776119 9.840016221e-17 0)
(1.044776119 -1.017572348e-15 0)
(1.044776119 -4.629856027e-16 0)
(1.044776119 5.579494523e-16 0)
(1.044776119 7.305777399e-16 0)
(1.044776119 2.98102312e-16 0)
(1.044776119 -5.873943187e-16 0)
(1.044776119 -3.519611513e-16 0)
(1.044776119 -3.384137889e-16 0)
(1.044776119 -1.645928046e-16 0)
(1.044776119 4.986004659e-16 0)
(1.044776119 2.519107538e-16 0)
(1.044776119 1.451180002e-16 0)
(0.8656716418 -1.803318382e-18 0)
(0.8656716418 8.12611116e-18 0)
(0.8656716418 1.031296932e-16 0)
(0.8656716418 8.868053445e-17 0)
(0.8656716418 -2.019718286e-17 0)
(0.8656716418 -7.815359331e-17 0)
(0.8656716418 1.124379579e-16 0)
(0.8656716418 1.214393185e-16 0)
(0.8656716418 -1.011449316e-16 0)
(0.8656716418 2.670900631e-17 0)
(0.8656716418 9.117355079e-17 0)
(0.8656716418 2.07853508e-16 0)
(0.8656716418 1.685801018e-16 0)
(0.8656716418 2.9871251e-16 0)
(0.8656716418 1.056044424e-16 0)
(0.8656716418 -1.612621559e-16 0)
(0.8656716418 2.718498916e-17 0)
(0.8656716418 -2.006183495e-16 0)
(0.8656716418 -3.993018608e-16 0)
(0.8656716418 -2.027400699e-16 0)
(0.8656716418 3.049063748e-17 0)
(0.8656716418 8.920068791e-17 0)
(0.8656716418 1.724190627e-16 0)
(0.8656716418 2.089094008e-16 0)
(0.8656716418 -6.964147386e-17 0)
(0.8656716418 -2.201827063e-16 0)
(0.8656716418 -2.283765995e-16 0)
(0.8656716418 -1.065446976e-16 0)
(0.8656716418 -1.818049656e-16 0)
(0.8656716418 -3.026749791e-16 0)
(0.8656716418 -4.641462965e-17 0)
(0.8656716418 7.052044814e-17 0)
(0.8656716418 -6.25126355e-18 0)
(0.8656716418 1.139392865e-16 0)
(0.8656716418 2.638195232e-16 0)
(0.8656716418 -5.631684689e-17 0)
(0.8656716418 3.637017152e-18 0)
(0.8656716418 -1.584017179e-16 0)
(0.8656716418 -6.899222853e-17 0)
(0.8656716418 2.046445016e-16 0)
(0.8656716418 -2.854442267e-16 0)
(0.8656716418 1.065355613e-16 0)
(0.8656716418 2.367507489e-16 0)
(0.8656716418 -5.414134864e-17 0)
(0.8656716418 -1.753438996e-16 0)
(0.8656716418 -1.013889269e-16 0)
(0.8656716418 -5.703697093e-17 0)
(0.8656716418 -3.495108789e-18 0)
(0.8656716418 6.930461643e-17 0)
(0.8656716418 -9.071999284e-17 0)
(0.8656716418 1.87114762e-18 0)
(0.8656716418 7.061917269e-17 0)
(0.8656716418 8.67311024e-18 0)
(0.8656716418 -1.027225395e-16 0)
(0.8656716418 -6.000409026e-17 0)
(0.8656716418 3.882514828e-16 0)
(0.8656716418 2.541591197e-16 0)
(0.8656716418 -1.727705263e-16 0)
(0.8656716418 -1.828048874e-16 0)
(0.8656716418 -2.812683278e-17 0)
(0.8656716418 7.730099575e-17 0)
(0.8656716418 1.545067403e-16 0)
(0.8656716418 8.091795578e-17 0)
(0.8656716418 -6.810408616e-17 0)
(0.8656716418 6.267087946e-17 0)
(0.8656716418 1.555029157e-16 0)
(0.8656716418 -8.831385216e-17 0)
(0.8656716418 2.916438312e-16 0)
(0.8656716418 1.660430428e-16 0)
(0.8656716418 -1.296962108e-16 0)
(0.8656716418 4.264744695e-16 0)
(0.8656716418 -2.222121072e-16 0)
(0.8656716418 -4.206301793e-16 0)
(0.8656716418 4.253607679e-16 0)
(0.8656716418 4.963109382e-16 0)
(0.8656716418 -3.088865337e-16 0)
(0.8656716418 -6.644792848e-16 0)
(0.8656716418 4.134887842e-16 0)
(0.8656716418 5.226832106e-16 0)
(0.8656716418 -6.523210787e-17 0)
(0.8656716418 -1.873789343e-16 0)
(0.8656716418 -2.789408746e-16 0)
(0.8656716418 -4.136935684e-16 0)
(0.8656716418 -3.757007925e-17 0)
(0.8656716418 4.790378887e-16 0)
(0.8656716418 -1.720075183e-17 0)
(0.8656716418 -2.985939757e-16 0)
(0.8656716418 -2.663968728e-16 0)
(0.8656716418 9.653071817e-17 0)
(0.8656716418 5.906194963e-17 0)
(0.8656716418 -1.419421853e-16 0)
(0.8656716418 1.175464474e-16 0)
(0.8656716418 3.480770262e-16 0)
(0.8656716418 -5.195803762e-18 0)
(0.8656716418 -4.29534627e-16 0)
(0.8656716418 2.733904962e-16 0)
(0.8656716418 -1.491330969e-16 0)
(0.8656716418 -5.097705697e-16 0)
(0.8656716418 1.361333724e-16 0)
(0.8656716418 3.709881231e-16 0)
(0.8656716418 -2.442718547e-16 0)
(0.8656716418 -6.303269102e-16 0)
(0.8656716418 3.591866851e-16 0)
(0.8656716418 6.289060598e-16 0)
(0.8656716418 -2.694832855e-16 0)
(0.8656716418 -5.850998356e-16 0)
(0.8656716418 2.577119163e-16 0)
(0.8656716418 3.984089356e-16 0)
(0.8656716418 -3.33297207e-16 0)
(0.8656716418 -2.969435964e-16 0)
(0.8656716418 -2.098603039e-16 0)
(0.8656716418 4.612933158e-16 0)
(0.8656716418 5.249185837e-16 0)
(0.8656716418 8.60739776e-18 0)
(0.8656716418 -1.823164306e-16 0)
(0.8656716418 -3.734858109e-17 0)
(0.8656716418 2.177157444e-16 0)
(0.8656716418 -3.423221085e-17 0)
(0.8656716418 -1.52237051e-16 0)
(0.8656716418 2.03292956e-16 0)
(0.8656716418 3.621417103e-16 0)
(0.8656716418 -3.976936735e-16 0)
(0.8656716418 -4.079257233e-16 0)
(0.8656716418 3.680895879e-16 0)
(0.8656716418 1.021856996e-16 0)
(0.8656716418 -3.681066188e-16 0)
(0.8656716418 -5.956748703e-17 0)
(0.8656716418 -2.861471494e-16 0)
(0.8656716418 1.310071832e-16 0)
(0.8656716418 -2.202842539e-16 0)
(0.8656716418 -3.011650243e-16 0)
(0.8656716418 2.500711693e-16 0)
(0.8656716418 8.88879495e-17 0)
(0.8656716418 5.470378042e-17 0)
(0.8656716418 -8.324701985e-16 0)
(0.8656716418 1.473160154e-16 0)
(0.8656716418 1.116194347e-15 0)
(0.8656716418 2.422229741e-16 0)
(0.8656716418 -8.486458538e-16 0)
(0.8656716418 -1.017181685e-15 0)
(0.8656716418 3.667655591e-16 0)
(0.8656716418 7.490577113e-16 0)
(0.8656716418 3.285917207e-16 0)
(0.8656716418 -8.617611906e-16 0)
(0.8656716418 -1.071416998e-16 0)
(0.8656716418 1.14801301e-15 0)
(0.8656716418 -1.797993569e-16 0)
(0.8656716418 -2.8244771e-16 0)
(0.8656716418 6.146755508e-16 0)
(0.8656716418 8.402371061e-16 0)
(0.8656716418 2.030437372e-16 0)
(0.8656716418 -1.394610123e-15 0)
(0.8656716418 -5.101803127e-16 0)
(0.8656716418 8.17712727e-16 0)
(0.8656716418 -5.345741807e-16 0)
(0.8656716418 -2.203105597e-16 0)
(0.8656716418 4.918838801e-16 0)
(0.8656716418 1.104608746e-16 0)
(0.8656716418 2.980979998e-17 0)
(0.8656716418 -4.879663528e-16 0)
(0.8656716418 2.659885693e-16 0)
(0.8656716418 1.305369903e-16 0)
(0.8656716418 8.051425146e-17 0)
(0.8656716418 -1.37387306e-17 0)
(0.8656716418 -1.502533429e-16 0)
(0.8656716418 -7.037275168e-17 0)
(0.8656716418 2.115143683e-16 0)
(0.8656716418 7.488320291e-16 0)
(0.8656716418 -2.875598531e-16 0)
(0.8656716418 -5.759095273e-17 0)
(0.8656716418 5.985227829e-16 0)
(0.8656716418 -1.128269327e-15 0)
(0.8656716418 -5.919087442e-16 0)
(0.8656716418 3.894704894e-16 0)
(0.8656716418 -7.666276063e-17 0)
(0.8656716418 9.381678583e-17 0)
(0.8656716418 -1.347146893e-15 0)
(0.8656716418 -2.307240375e-16 0)
(0.8656716418 1.324513458e-15 0)
(0.8656716418 -6.044734307e-16 0)
(0.8656716418 -5.1607598e-17 0)
(0.8656716418 1.154699465e-15 0)
(0.8656716418 4.382161719e-16 0)
(0.8656716418 1.382496196e-16 0)
(0.8656716418 -1.235912706e-15 0)
(0.8656716418 -1.565994996e-16 0)
(0.8656716418 1.304562458e-15 0)
(0.8656716418 1.205198782e-16 0)
(0.8656716418 -9.554471535e-16 0)
(0.8656716418 -4.581674877e-16 0)
(0.8656716418 5.156861791e-16 0)
(0.8656716418 6.844740747e-16 0)
(0.8656716418 2.317579697e-16 0)
(0.8656716418 -5.994927017e-16 0)
(0.8656716418 -1.932107053e-16 0)
(0.8656716418 -2.555801072e-16 0)
(0.8656716418 -1.998566122e-16 0)
(0.8656716418 4.066505036e-16 0)
(0.8656716418 2.018775043e-16 0)
(0.8656716418 1.87245886e-16 0)
(0.6567164179 -7.292569956e-17 0)
(0.6567164179 -6.074676935e-17 0)
(0.6567164179 9.538316878e-17 0)
(0.6567164179 1.071946854e-16 0)
(0.6567164179 -1.486351235e-16 0)
(0.6567164179 -2.540284602e-16 0)
(0.6567164179 1.056503542e-16 0)
(0.6567164179 2.316484054e-16 0)
(0.6567164179 -1.241503501e-16 0)
(0.6567164179 -2.132445583e-17 0)
(0.6567164179 1.473890954e-16 0)
(0.6567164179 2.754751152e-17 0)
(0.6567164179 1.279744046e-16 0)
(0.6567164179 3.017732587e-16 0)
(0.6567164179 5.159866799e-17 0)
(0.6567164179 -1.379375288e-16 0)
(0.6567164179 1.422706999e-16 0)
(0.6567164179 -2.079195843e-16 0)
(0.6567164179 -4.15022114e-16 0)
(0.6567164179 -1.070189445e-16 0)
(0.6567164179 9.830161608e-17 0)
(0.6567164179 9.810182781e-17 0)
(0.6567164179 2.054983427e-16 0)
(0.6567164179 1.89089307e-16 0)
(0.6567164179 -2.234840865e-16 0)
(0.6567164179 -2.437757142e-16 0)
(0.6567164179 -1.523447132e-16 0)
(0.6567164179 1.115868331e-17 0)
(0.6567164179 -1.626456263e-16 0)
(0.6567164179 -3.339583681e-16 0)
(0.6567164179 -1.008689851e-16 0)
(0.6567164179 1.079903935e-16 0)
(0.6567164179 1.510260253e-16 0)
(0.6567164179 1.783578279e-16 0)
(0.6567164179 1.407978349e-16 0)
(0.6567164179 -2.141770893e-16 0)
(0.6567164179 -5.302641456e-17 0)
(0.6567164179 -1.056236025e-16 0)
(0.6567164179 9.52171296e-17 0)
(0.6567164179 2.611927066e-16 0)
(0.6567164179 -3.096998826e-16 0)
(0.6567164179 3.011840549e-18 0)
(0.6567164179 1.657251098e-16 0)
(0.6567164179 -3.317393652e-17 0)
(0.6567164179 -7.932694492e-17 0)
(0.6567164179 7.936551498e-17 0)
(0.6567164179 -1.178587995e-17 0)
(0.6567164179 -1.258793954e-16 0)
(0.6567164179 9.611669008e-17 0)
(0.6567164179 -2.199606985e-16 0)
(0.6567164179 -5.426387383e-17 0)
(0.6567164179 2.089883739e-16 0)
(0.6567164179 -1.043919921e-16 0)
(0.6567164179 -8.768677406e-17 0)
(0.6567164179 6.584851196e-17 0)
(0.6567164179 3.931203448e-16 0)
(0.6567164179 -6.122341592e-18 0)
(0.6567164179 -1.782879337e-16 0)
(0.6567164179 -8.289609585e-17 0)
(0.6567164179 -4.292604007e-17 0)
(0.6567164179 8.752573569e-17 0)
(0.6567164179 2.652705842e-17 0)
(0.6567164179 5.172050963e-17 0)
(0.6567164179 -9.264986602e-18 0)
(0.6567164179 6.685125257e-17 0)
(0.6567164179 1.74231461e-16 0)
(0.6567164179 1.060213048e-17 0)
(0.6567164179 2.326718041e-16 0)
(0.6567164179 1.20157988e-16 0)
(0.6567164179 -2.100964113e-16 0)
(0.6567164179 1.877903987e-16 0)
(0.6567164179 -2.300490262e-16 0)
(0.6567164179 -2.607047262e-16 0)
(0.6567164179 3.255710479e-16 0)
(0.6567164179 4.323256941e-16 0)
(0.6567164179 -2.602884738e-16 0)
(0.6567164179 -5.624890519e-16 0)
(0.6567164179 4.268990131e-16 0)
(0.6567164179 3.678696997e-16 0)
(0.6567164179 -7.324097009e-17 0)
(0.6567164179 -4.883988333e-17 0)
(0.6567164179 -2.477635682e-16 0)
(0.6567164179 -2.163511685e-16 0)
(0.6567164179 4.138682806e-17 0)
(0.6567164179 1.722443763e-16 0)
(0.6567164179 1.788970852e-17 0)
(0.6567164179 -1.746981162e-16 0)
(0.6567164179 -2.929062668e-16 0)
(0.6567164179 2.702611222e-16 0)
(0.6567164179 2.490786615e-16 0)
(0.6567164179 -2.290666247e-16 0)
(0.6567164179 -5.458673612e-17 0)
(0.6567164179 3.158172867e-16 0)
(0.6567164179 5.563773506e-17 0)
(0.6567164179 -4.340098985e-16 0)
(0.6567164179 6.444665884e-17 0)
(0.6567164179 -4.71926297e-17 0)
(0.6567164179 -3.024081294e-16 0)
(0.6567164179 2.856526315e-16 0)
(0.6567164179 1.362257501e-16 0)
(0.6567164179 -3.79764304e-16 0)
(0.6567164179 -3.097724498e-16 0)
(0.6567164179 3.915856821e-16 0)
(0.6567164179 4.732151777e-16 0)
(0.6567164179 -1.44838608e-16 0)
(0.6567164179 -3.967310257e-16 0)
(0.6567164179 1.497358718e-16 0)
(0.6567164179 1.597249556e-16 0)
(0.6567164179 -2.559575566e-16 0)
(0.6567164179 -2.254347628e-16 0)
(0.6567164179 6.24600563e-19 0)
(0.6567164179 4.922762083e-16 0)
(0.6567164179 1.673698042e-16 0)
(0.6567164179 -1.08374631e-16 0)
(0.6567164179 -2.777393938e-16 0)
(0.6567164179 7.636933916e-18 0)
(0.6567164179 2.466461388e-16 0)
(0.6567164179 -1.312832812e-16 0)
(0.6567164179 -1.2739314e-16 0)
(0.6567164179 2.293534985e-16 0)
(0.6567164179 3.00428688e-16 0)
(0.6567164179 -2.927779273e-16 0)
(0.6567164179 -2.924780268e-16 0)
(0.6567164179 1.544098989e-16 0)
(0.6567164179 2.739050192e-17 0)
(0.6567164179 -1.567126565e-16 0)
(0.6567164179 6.221337784e-17 0)
(0.6567164179 -1.197192823e-16 0)
(0.6567164179 9.647658348e-17 0)
(0.6567164179 -2.312934202e-16 0)
(0.6567164179 -2.746451738e-16 0)
(0.6567164179 2.005128008e-16 0)
(0.6567164179 1.025229206e-16 0)
(0.6567164179 -7.04443028e-17 0)
(0.6567164179 -6.56017977e-16 0)
(0.6567164179 2.290081944e-16 0)
(0.6567164179 9.16989186e-16 0)
(0.6567164179 1.850747319e-16 0)
(0.6567164179 -5.626575678e-16 0)
(0.6567164179 -8.735808084e-16 0)
(0.6567164179 2.205293015e-16 0)
(0.6567164179 6.942624003e-16 0)
(0.6567164179 4.682988588e-17 0)
(0.6567164179 -7.381747932e-16 0)
(0.6567164179 -3.171063049e-17 0)
(0.6567164179 9.552492773e-16 0)
(0.6567164179 -2.521747908e-16 0)
(0.6567164179 -3.334852782e-16 0)
(0.6567164179 3.535200383e-16 0)
(0.6567164179 7.482470981e-16 0)
(0.6567164179 4.337794894e-16 0)
(0.6567164179 -1.315076333e-15 0)
(0.6567164179 -4.876241397e-16 0)
(0.6567164179 7.01318728e-16 0)
(0.6567164179 -4.023266956e-16 0)
(0.6567164179 -1.103299369e-16 0)
(0.6567164179 5.419132914e-16 0)
(0.6567164179 -5.692327227e-17 0)
(0.6567164179 1.019793581e-16 0)
(0.6567164179 -2.74232011e-16 0)
(0.6567164179 1.119264462e-16 0)
(0.6567164179 8.438386153e-17 0)
(0.6567164179 -2.685753116e-18 0)
(0.6567164179 -4.633376922e-17 0)
(0.6567164179 -1.84030096e-16 0)
(0.6567164179 2.777443855e-16 0)
(0.6567164179 1.793604415e-16 0)
(0.6567164179 3.427661143e-16 0)
(0.6567164179 -1.442212931e-16 0)
(0.6567164179 -2.963827215e-16 0)
(0.6567164179 4.062270914e-16 0)
(0.6567164179 -5.507587358e-16 0)
(0.6567164179 -3.895264202e-16 0)
(0.6567164179 2.830655384e-16 0)
(0.6567164179 -1.057522646e-16 0)
(0.6567164179 1.033497756e-16 0)
(0.6567164179 -1.179999369e-15 0)
(0.6567164179 -1.459132564e-16 0)
(0.6567164179 1.303294273e-15 0)
(0.6567164179 -4.456869466e-16 0)
(0.6567164179 -8.426339937e-17 0)
(0.6567164179 8.896048111e-16 0)
(0.6567164179 6.870159884e-17 0)
(0.6567164179 -9.842621896e-17 0)
(0.6567164179 -7.702691449e-16 0)
(0.6567164179 -3.357961761e-17 0)
(0.6567164179 1.001798104e-15 0)
(0.6567164179 4.205318028e-17 0)
(0.6567164179 -6.411706866e-16 0)
(0.6567164179 -5.475802553e-16 0)
(0.6567164179 3.359325892e-16 0)
(0.6567164179 6.623828126e-16 0)
(0.6567164179 2.034316532e-16 0)
(0.6567164179 -2.992855825e-16 0)
(0.6567164179 -3.480070406e-16 0)
(0.6567164179 -2.666596303e-16 0)
(0.6567164179 -1.101162303e-16 0)
(0.6567164179 1.361469194e-16 0)
(0.6567164179 4.000688734e-16 0)
(0.6567164179 4.739136866e-16 0)
(0.4179104478 1.904280982e-16 0)
(0.4179104478 -3.205400045e-17 0)
(0.4179104478 3.271466176e-17 0)
(0.4179104478 -3.966595982e-17 0)
(0.4179104478 -1.868090763e-16 0)
(0.4179104478 -2.351519063e-16 0)
(0.4179104478 1.055376962e-16 0)
(0.4179104478 2.918646042e-16 0)
(0.4179104478 -8.455227226e-17 0)
(0.4179104478 -2.504763314e-17 0)
(0.4179104478 1.220600936e-16 0)
(0.4179104478 -5.0741779e-17 0)
(0.4179104478 7.598007254e-17 0)
(0.4179104478 2.52015471e-16 0)
(0.4179104478 -1.925263608e-18 0)
(0.4179104478 -1.319269334e-16 0)
(0.4179104478 9.716425814e-17 0)
(0.4179104478 -1.641226422e-16 0)
(0.4179104478 -2.563879859e-16 0)
(0.4179104478 -3.952081244e-17 0)
(0.4179104478 1.54511652e-16 0)
(0.4179104478 8.680015228e-17 0)
(0.4179104478 1.000769218e-16 0)
(0.4179104478 1.154372101e-16 0)
(0.4179104478 -1.267466351e-16 0)
(0.4179104478 -1.903129438e-16 0)
(0.4179104478 -1.923845427e-16 0)
(0.4179104478 6.827454918e-17 0)
(0.4179104478 -8.377765392e-17 0)
(0.4179104478 -3.565699692e-16 0)
(0.4179104478 -1.021598646e-16 0)
(0.4179104478 2.025504797e-16 0)
(0.4179104478 1.198482512e-16 0)
(0.4179104478 1.40022058e-16 0)
(0.4179104478 1.101033983e-16 0)
(0.4179104478 -2.990766877e-16 0)
(0.4179104478 -6.573407815e-17 0)
(0.4179104478 3.80604352e-17 0)
(0.4179104478 1.254605885e-16 0)
(0.4179104478 2.540538438e-16 0)
(0.4179104478 -3.15138693e-16 0)
(0.4179104478 -7.462670137e-17 0)
(0.4179104478 1.496841725e-16 0)
(0.4179104478 1.321904491e-18 0)
(0.4179104478 -6.90231517e-17 0)
(0.4179104478 3.029386786e-17 0)
(0.4179104478 8.995705211e-17 0)
(0.4179104478 -2.361607008e-17 0)
(0.4179104478 -3.708011591e-17 0)
(0.4179104478 -1.507986474e-16 0)
(0.4179104478 9.824346962e-18 0)
(0.4179104478 1.229903781e-16 0)
(0.4179104478 -4.013595505e-17 0)
(0.4179104478 -2.131322233e-17 0)
(0.4179104478 -1.945507024e-18 0)
(0.4179104478 2.270197291e-16 0)
(0.4179104478 5.054913174e-17 0)
(0.4179104478 -1.713033066e-16 0)
(0.4179104478 -1.412496368e-17 0)
(0.4179104478 -2.654158266e-17 0)
(0.4179104478 -5.26153598e-17 0)
(0.4179104478 9.828567139e-17 0)
(0.4179104478 7.785848049e-17 0)
(0.4179104478 -9.128505167e-17 0)
(0.4179104478 4.371019968e-17 0)
(0.4179104478 8.081453207e-17 0)
(0.4179104478 7.708198662e-17 0)
(0.4179104478 1.971949389e-16 0)
(0.4179104478 -6.409848375e-17 0)
(0.4179104478 -2.184813716e-16 0)
(0.4179104478 2.029437519e-16 0)
(0.4179104478 -2.668339813e-16 0)
(0.4179104478 -1.637407266e-16 0)
(0.4179104478 3.976431488e-16 0)
(0.4179104478 1.31336868e-16 0)
(0.4179104478 -3.316194492e-16 0)
(0.4179104478 -2.444243333e-16 0)
(0.4179104478 3.97389629e-16 0)
(0.4179104478 2.636252846e-16 0)
(0.4179104478 6.800904453e-18 0)
(0.4179104478 8.730643112e-17 0)
(0.4179104478 -1.642356711e-16 0)
(0.4179104478 -3.679610239e-16 0)
(0.4179104478 -2.901317784e-17 0)
(0.4179104478 3.11659409e-16 0)
(0.4179104478 -4.045726584e-17 0)
(0.4179104478 -9.869954076e-17 0)
(0.4179104478 -8.262762279e-17 0)
(0.4179104478 1.871062744e-16 0)
(0.4179104478 8.947488142e-17 0)
(0.4179104478 -2.182773585e-16 0)
(0.4179104478 -1.795910253e-16 0)
(0.4179104478 2.165748749e-16 0)
(0.4179104478 1.412559951e-16 0)
(0.4179104478 -1.941569012e-16 0)
(0.4179104478 1.593316305e-16 0)
(0.4179104478 -5.139724479e-17 0)
(0.4179104478 -2.613182776e-16 0)
(0.4179104478 -3.395498642e-17 0)
(0.4179104478 2.819110909e-16 0)
(0.4179104478 -7.639933223e-18 0)
(0.4179104478 -4.227871508e-16 0)
(0.4179104478 1.079690848e-16 0)
(0.4179104478 3.562839109e-16 0)
(0.4179104478 -2.646069255e-17 0)
(0.4179104478 -1.739166645e-16 0)
(0.4179104478 5.016417602e-17 0)
(0.4179104478 1.179885107e-16 0)
(0.4179104478 -1.335736342e-16 0)
(0.4179104478 -1.067517684e-16 0)
(0.4179104478 -2.852188701e-16 0)
(0.4179104478 3.508849071e-16 0)
(0.4179104478 3.240259222e-16 0)
(0.4179104478 -1.675719948e-16 0)
(0.4179104478 -1.485218114e-16 0)
(0.4179104478 -1.158313105e-16 0)
(0.4179104478 8.284775263e-17 0)
(0.4179104478 1.213558978e-16 0)
(0.4179104478 -6.109943177e-17 0)
(0.4179104478 -8.853260145e-17 0)
(0.4179104478 1.492010905e-16 0)
(0.4179104478 -1.853437674e-16 0)
(0.4179104478 -2.216460044e-16 0)
(0.4179104478 2.913780112e-16 0)
(0.4179104478 1.84038857e-16 0)
(0.4179104478 -5.006537719e-17 0)
(0.4179104478 -2.224926788e-17 0)
(0.4179104478 -1.694432863e-16 0)
(0.4179104478 1.490398604e-16 0)
(0.4179104478 -1.969032885e-16 0)
(0.4179104478 -1.928269985e-16 0)
(0.4179104478 1.711316155e-16 0)
(0.4179104478 -5.871601324e-17 0)
(0.4179104478 1.457331155e-16 0)
(0.4179104478 -5.46417774e-16 0)
(0.4179104478 1.248639523e-16 0)
(0.4179104478 8.616008472e-16 0)
(0.4179104478 2.367340489e-16 0)
(0.4179104478 -6.558645012e-16 0)
(0.4179104478 -6.894449258e-16 0)
(0.4179104478 2.033814129e-16 0)
(0.4179104478 4.277277394e-16 0)
(0.4179104478 2.044850044e-16 0)
(0.4179104478 -6.889317925e-16 0)
(0.4179104478 -1.184407355e-16 0)
(0.4179104478 8.742529651e-16 0)
(0.4179104478 -2.091104209e-16 0)
(0.4179104478 -4.538820469e-16 0)
(0.4179104478 4.825461957e-16 0)
(0.4179104478 6.229590756e-16 0)
(0.4179104478 1.973662179e-17 0)
(0.4179104478 -9.26320612e-16 0)
(0.4179104478 -2.788429992e-16 0)
(0.4179104478 6.139823143e-16 0)
(0.4179104478 -3.944978293e-16 0)
(0.4179104478 -1.402238494e-16 0)
(0.4179104478 3.952097197e-16 0)
(0.4179104478 7.90964354e-17 0)
(0.4179104478 1.707558426e-16 0)
(0.4179104478 -3.813379206e-16 0)
(0.4179104478 1.331454754e-16 0)
(0.4179104478 1.417045246e-16 0)
(0.4179104478 8.317198679e-17 0)
(0.4179104478 -1.187667048e-16 0)
(0.4179104478 -1.831798739e-16 0)
(0.4179104478 -1.40702657e-16 0)
(0.4179104478 1.44456841e-16 0)
(0.4179104478 6.486548782e-16 0)
(0.4179104478 -2.946974494e-16 0)
(0.4179104478 -1.335270148e-16 0)
(0.4179104478 4.216888381e-16 0)
(0.4179104478 -7.145146248e-16 0)
(0.4179104478 -2.719398215e-16 0)
(0.4179104478 5.896490451e-16 0)
(0.4179104478 1.535338689e-17 0)
(0.4179104478 -4.103922864e-17 0)
(0.4179104478 -8.455917768e-16 0)
(0.4179104478 -1.888291121e-17 0)
(0.4179104478 9.820390611e-16 0)
(0.4179104478 -5.748126228e-16 0)
(0.4179104478 -1.349071915e-16 0)
(0.4179104478 6.978137428e-16 0)
(0.4179104478 8.357282646e-17 0)
(0.4179104478 -5.805178898e-17 0)
(0.4179104478 -8.465576074e-16 0)
(0.4179104478 -9.525020207e-18 0)
(0.4179104478 9.850447031e-16 0)
(0.4179104478 -4.39046702e-17 0)
(0.4179104478 -6.63660115e-16 0)
(0.4179104478 -1.086345249e-16 0)
(0.4179104478 3.029879496e-16 0)
(0.4179104478 2.100866366e-16 0)
(0.4179104478 1.731493298e-16 0)
(0.4179104478 -2.834832607e-16 0)
(0.4179104478 -2.612761182e-17 0)
(0.4179104478 -2.596568505e-16 0)
(0.4179104478 -3.21946668e-16 0)
(0.4179104478 3.991425557e-16 0)
(0.4179104478 1.967425841e-16 0)
(0.4179104478 2.192486262e-16 0)
(0.1492537313 6.49881316e-17 0)
(0.1492537313 3.782620549e-18 0)
(0.1492537313 1.347233171e-17 0)
(0.1492537313 -2.881279419e-17 0)
(0.1492537313 -9.627472195e-17 0)
(0.1492537313 -1.10448191e-16 0)
(0.1492537313 7.369416232e-17 0)
(0.1492537313 1.314448041e-16 0)
(0.1492537313 -2.552002502e-17 0)
(0.1492537313 -2.085196683e-17 0)
(0.1492537313 2.330791937e-17 0)
(0.1492537313 -2.009423901e-17 0)
(0.1492537313 2.689173328e-17 0)
(0.1492537313 9.767896958e-17 0)
(0.1492537313 -3.636489851e-17 0)
(0.1492537313 -7.221886453e-17 0)
(0.1492537313 7.313340477e-17 0)
(0.1492537313 -6.730368022e-17 0)
(0.1492537313 -1.258417579e-16 0)
(0.1492537313 3.106149859e-17 0)
(0.1492537313 8.262995013e-17 0)
(0.1492537313 3.428436893e-18 0)
(0.1492537313 5.200172993e-17 0)
(0.1492537313 5.473295566e-17 0)
(0.1492537313 -5.267681919e-17 0)
(0.1492537313 -1.053781228e-16 0)
(0.1492537313 -1.05141165e-16 0)
(0.1492537313 5.42041166e-17 0)
(0.1492537313 -3.880971168e-19 0)
(0.1492537313 -1.888675359e-16 0)
(0.1492537313 -3.620523552e-17 0)
(0.1492537313 9.72635825e-17 0)
(0.1492537313 5.141076344e-17 0)
(0.1492537313 7.394613151e-17 0)
(0.1492537313 6.075675075e-17 0)
(0.1492537313 -1.980698906e-16 0)
(0.1492537313 -3.064702016e-17 0)
(0.1492537313 4.467258144e-17 0)
(0.1492537313 5.761228142e-17 0)
(0.1492537313 1.535852094e-16 0)
(0.1492537313 -1.676857679e-16 0)
(0.1492537313 -2.020332642e-17 0)
(0.1492537313 5.662574607e-17 0)
(0.1492537313 -3.098514008e-17 0)
(0.1492537313 -5.428196845e-17 0)
(0.1492537313 2.044681748e-17 0)
(0.1492537313 7.228693712e-17 0)
(0.1492537313 -1.269709223e-17 0)
(0.1492537313 -2.704835201e-17 0)
(0.1492537313 -7.832215283e-17 0)
(0.1492537313 2.734452904e-17 0)
(0.1492537313 4.930465021e-17 0)
(0.1492537313 1.495789678e-17 0)
(0.1492537313 -5.908379959e-18 0)
(0.1492537313 -3.830026095e-17 0)
(0.1492537313 7.784903117e-17 0)
(0.1492537313 4.152431723e-17 0)
(0.1492537313 -7.381488511e-17 0)
(0.1492537313 -3.210501664e-18 0)
(0.1492537313 2.477260714e-18 0)
(0.1492537313 -4.937843015e-17 0)
(0.1492537313 6.006312559e-17 0)
(0.1492537313 4.149229759e-17 0)
(0.1492537313 -7.2078753e-17 0)
(0.1492537313 1.504887388e-17 0)
(0.1492537313 3.579494501e-17 0)
(0.1492537313 3.169201832e-17 0)
(0.1492537313 6.494651539e-17 0)
(0.1492537313 -4.421627879e-17 0)
(0.1492537313 -9.049100141e-17 0)
(0.1492537313 1.202652437e-16 0)
(0.1492537313 -1.678327723e-16 0)
(0.1492537313 -3.139129734e-17 0)
(0.1492537313 2.254186051e-16 0)
(0.1492537313 -1.1828168e-17 0)
(0.1492537313 -2.086380321e-16 0)
(0.1492537313 -3.217546305e-17 0)
(0.1492537313 2.717823015e-16 0)
(0.1492537313 5.619329946e-17 0)
(0.1492537313 -2.819084549e-17 0)
(0.1492537313 3.096133161e-17 0)
(0.1492537313 -7.834913628e-17 0)
(0.1492537313 -1.586591964e-16 0)
(0.1492537313 1.596142743e-17 0)
(0.1492537313 1.998908775e-16 0)
(0.1492537313 -9.339441592e-17 0)
(0.1492537313 -6.645160149e-17 0)
(0.1492537313 -1.32269143e-17 0)
(0.1492537313 1.228667735e-16 0)
(0.1492537313 2.996256134e-17 0)
(0.1492537313 -1.204417877e-16 0)
(0.1492537313 -1.318576242e-16 0)
(0.1492537313 8.186650855e-17 0)
(0.1492537313 1.365931446e-16 0)
(0.1492537313 -3.131017591e-17 0)
(0.1492537313 8.871662503e-17 0)
(0.1492537313 -5.074806752e-17 0)
(0.1492537313 -1.016751776e-16 0)
(0.1492537313 -4.470294682e-17 0)
(0.1492537313 1.286218779e-16 0)
(0.1492537313 8.04924509e-17 0)
(0.1492537313 -2.033921949e-16 0)
(0.1492537313 4.143895223e-17 0)
(0.1492537313 1.052559643e-16 0)
(0.1492537313 -3.577612723e-17 0)
(0.1492537313 -4.107367602e-17 0)
(0.1492537313 4.028558073e-17 0)
(0.1492537313 2.163130004e-17 0)
(0.1492537313 -6.888701752e-17 0)
(0.1492537313 2.176864173e-17 0)
(0.1492537313 -1.872013731e-16 0)
(0.1492537313 1.073742958e-16 0)
(0.1492537313 1.06762987e-16 0)
(0.1492537313 -3.473936987e-17 0)
(0.1492537313 5.01443356e-18 0)
(0.1492537313 -7.111723701e-17 0)
(0.1492537313 -2.457241604e-17 0)
(0.1492537313 5.980108219e-17 0)
(0.1492537313 3.059469926e-17 0)
(0.1492537313 -7.381439274e-17 0)
(0.1492537313 -1.529124908e-17 0)
(0.1492537313 -1.087618856e-16 0)
(0.1492537313 -6.207426531e-17 0)
(0.1492537313 2.0798851e-16 0)
(0.1492537313 5.542445316e-17 0)
(0.1492537313 -5.151842342e-17 0)
(0.1492537313 5.024653485e-17 0)
(0.1492537313 -9.503156098e-17 0)
(0.1492537313 6.830901509e-17 0)
(0.1492537313 -8.237144242e-17 0)
(0.1492537313 -1.064809804e-17 0)
(0.1492537313 1.121130802e-16 0)
(0.1492537313 -1.419210275e-16 0)
(0.1492537313 1.118738923e-16 0)
(0.1492537313 -2.598606144e-16 0)
(0.1492537313 -1.223646213e-17 0)
(0.1492537313 3.84228141e-16 0)
(0.1492537313 9.477492626e-17 0)
(0.1492537313 -3.061974416e-16 0)
(0.1492537313 -2.660842917e-16 0)
(0.1492537313 1.876636257e-16 0)
(0.1492537313 1.531680553e-16 0)
(0.1492537313 1.346587861e-16 0)
(0.1492537313 -3.81497093e-16 0)
(0.1492537313 -1.192320389e-16 0)
(0.1492537313 4.7507025e-16 0)
(0.1492537313 -9.330241244e-17 0)
(0.1492537313 -2.213680075e-16 0)
(0.1492537313 2.723368753e-16 0)
(0.1492537313 2.412715331e-16 0)
(0.1492537313 -6.427754027e-17 0)
(0.1492537313 -4.034923366e-16 0)
(0.1492537313 -1.215318024e-16 0)
(0.1492537313 3.117100701e-16 0)
(0.1492537313 -2.171451663e-16 0)
(0.1492537313 -7.349758136e-18 0)
(0.1492537313 2.489874602e-16 0)
(0.1492537313 -1.301013975e-17 0)
(0.1492537313 7.335004888e-17 0)
(0.1492537313 -2.059266783e-16 0)
(0.1492537313 4.831596255e-17 0)
(0.1492537313 1.342128212e-17 0)
(0.1492537313 5.291660484e-17 0)
(0.1492537313 1.776100694e-18 0)
(0.1492537313 -3.853847527e-17 0)
(0.1492537313 -9.586842298e-17 0)
(0.1492537313 4.630849988e-17 0)
(0.1492537313 4.078139133e-16 0)
(0.1492537313 -1.920183465e-16 0)
(0.1492537313 -1.065712114e-16 0)
(0.1492537313 2.181976686e-16 0)
(0.1492537313 -4.165847142e-16 0)
(0.1492537313 -4.466976497e-17 0)
(0.1492537313 4.413303379e-16 0)
(0.1492537313 -4.843732401e-17 0)
(0.1492537313 -8.639906815e-18 0)
(0.1492537313 -4.146127591e-16 0)
(0.1492537313 -3.254415921e-17 0)
(0.1492537313 5.004783273e-16 0)
(0.1492537313 -3.62070959e-16 0)
(0.1492537313 -2.808394772e-17 0)
(0.1492537313 3.939974188e-16 0)
(0.1492537313 -3.022458557e-17 0)
(0.1492537313 -6.865339149e-18 0)
(0.1492537313 -4.57138724e-16 0)
(0.1492537313 -2.799120146e-17 0)
(0.1492537313 4.965563786e-16 0)
(0.1492537313 -9.877249521e-17 0)
(0.1492537313 -3.430064787e-16 0)
(0.1492537313 1.09784778e-16 0)
(0.1492537313 2.155337692e-16 0)
(0.1492537313 -8.134730306e-18 0)
(0.1492537313 8.49038779e-17 0)
(0.1492537313 -1.280990915e-16 0)
(0.1492537313 3.420241329e-18 0)
(0.1492537313 -1.897592269e-16 0)
(0.1492537313 -1.673415439e-16 0)
(0.1492537313 3.151019507e-16 0)
(0.1492537313 5.546440249e-17 0)
(0.1492537313 -1.667856809e-17 0)
)
;

boundaryField
{
    inlet
    {
        type            cyclic;
    }
    outlet
    {
        type            cyclic;
    }
    topWall
    {
        type            fixedValue;
        value           uniform (0 0 0);
    }
    bottomWall
    {
        type            fixedValue;
        value           uniform (0 0 0);
    }
    frontAndBack
    {
        type            empty;
    }
}


// ************************************************************************* //
