/*--------------------------------*- C++ -*----------------------------------*\
  =========                 |
  \\      /  F ield         | OpenFOAM: The Open Source CFD Toolbox
   \\    /   O peration     | Website:  https://openfoam.org
    \\  /    A nd           | Version:  10
     \\/     M anipulation  |
\*---------------------------------------------------------------------------*/
FoamFile
{
    format      ascii;
    class       surfaceScalarField;
    location    "3500";
    object      phi;
}
// * * * * * * * * * * * * * * * * * * * * * * * * * * * * * * * * * * * * * //

dimensions      [0 3 -1 0 0 0 0];

internalField   nonuniform List<scalar> 
7780
(
7.462686567e-06
2.21044267e-19
7.462686567e-06
1.294718043e-20
7.462686567e-06
3.333231834e-22
7.462686567e-06
-3.329199698e-23
7.462686567e-06
-1.048247746e-21
7.462686567e-06
-4.776155746e-21
7.462686567e-06
1.042318134e-21
7.462686567e-06
2.516666512e-21
7.462686567e-06
-3.396339812e-21
7.462686567e-06
1.817893142e-21
7.462686567e-06
1.892015601e-21
7.462686567e-06
8.856958144e-22
7.462686567e-06
-2.867632713e-21
7.462686567e-06
1.054253987e-22
7.462686567e-06
1.699869204e-21
7.462686567e-06
-2.660339077e-21
7.462686567e-06
-2.381582645e-21
7.462686567e-06
3.316029102e-21
7.462686567e-06
-2.690462009e-22
7.462686567e-06
1.156786554e-23
7.462686567e-06
-1.292105368e-21
7.462686567e-06
-3.960177456e-21
7.462686567e-06
-4.48635013e-21
7.462686567e-06
4.202640974e-21
7.462686567e-06
4.202683613e-21
7.462686567e-06
1.886756126e-21
7.462686567e-06
1.559271443e-21
7.462686567e-06
1.413369756e-21
7.462686567e-06
1.139773727e-21
7.462686567e-06
-6.262690935e-21
7.462686567e-06
2.552268034e-21
7.462686567e-06
-1.613615044e-21
7.462686567e-06
-2.90752021e-21
7.462686567e-06
3.887266298e-21
7.462686567e-06
-7.862490109e-21
7.462686567e-06
1.71826666e-21
7.462686567e-06
-1.511855667e-21
7.462686567e-06
-6.713642164e-22
7.462686567e-06
3.435545785e-21
7.462686567e-06
2.424685726e-21
7.462686567e-06
2.366101384e-21
7.462686567e-06
-2.717894092e-21
7.462686567e-06
4.277804063e-21
7.462686567e-06
-6.303844083e-21
7.462686567e-06
4.539067167e-22
7.462686567e-06
-6.328147036e-22
7.462686567e-06
-6.100767705e-21
7.462686567e-06
2.792909782e-21
7.462686567e-06
-1.885298752e-21
7.462686567e-06
2.569230523e-21
7.462686567e-06
4.955517712e-21
7.462686567e-06
-4.829028252e-21
7.462686567e-06
1.184068312e-21
7.462686567e-06
3.466632956e-21
7.462686567e-06
-2.541165553e-21
7.462686567e-06
-1.708092796e-21
7.462686567e-06
5.720279482e-21
7.462686567e-06
-3.622183987e-21
7.462686567e-06
3.176439006e-21
7.462686567e-06
3.124821173e-21
7.462686567e-06
-6.401898786e-21
7.462686567e-06
2.108437906e-21
7.462686567e-06
1.472712721e-21
7.462686567e-06
-7.41269264e-21
7.462686567e-06
-1.740681968e-21
7.462686567e-06
5.208171047e-21
7.462686567e-06
1.287333473e-22
7.462686567e-06
6.246683303e-23
7.462686567e-06
7.828245089e-21
7.462686567e-06
-6.250540457e-22
7.462686567e-06
-1.243259193e-20
7.462686567e-06
2.436643433e-21
7.462686567e-06
1.369320984e-20
7.462686567e-06
-7.94636995e-21
7.462686567e-06
-1.124931204e-20
7.462686567e-06
8.581483281e-21
7.462686567e-06
1.203796988e-20
7.462686567e-06
-7.611994813e-22
7.462686567e-06
-1.910490396e-20
7.462686567e-06
3.813082381e-21
7.462686567e-06
1.009461425e-20
7.462686567e-06
-6.496265463e-21
7.462686567e-06
-3.579307106e-21
7.462686567e-06
5.134838219e-21
7.462686567e-06
6.094834837e-21
7.462686567e-06
3.939979892e-21
7.462686567e-06
-4.498120501e-21
7.462686567e-06
-8.255864807e-21
7.462686567e-06
-6.018436388e-21
7.462686567e-06
9.13436199e-21
7.462686567e-06
1.03890257e-20
7.462686567e-06
-9.984081551e-21
7.462686567e-06
-8.893491115e-21
7.462686567e-06
1.111958661e-20
7.462686567e-06
2.277136206e-21
7.462686567e-06
-1.302185096e-20
7.462686567e-06
9.496481749e-21
7.462686567e-06
9.032671796e-21
7.462686567e-06
-1.347492918e-20
7.462686567e-06
-1.108589616e-20
7.462686567e-06
1.116548989e-20
7.462686567e-06
1.160494455e-20
7.462686567e-06
-3.36285497e-21
7.462686567e-06
-7.898367224e-21
7.462686567e-06
8.59432132e-22
7.462686567e-06
8.872948039e-21
7.462686567e-06
-3.494350779e-21
7.462686567e-06
-1.203278183e-20
7.462686567e-06
3.434012207e-21
7.462686567e-06
1.767950475e-20
7.462686567e-06
-8.023587057e-21
7.462686567e-06
-1.353616236e-20
7.462686567e-06
7.968729701e-21
7.462686567e-06
5.710594984e-21
7.462686567e-06
6.333889581e-21
7.462686567e-06
-5.104403565e-21
7.462686567e-06
-1.652580333e-20
7.462686567e-06
1.187590442e-20
7.462686567e-06
1.730415255e-20
7.462686567e-06
-8.024745037e-21
7.462686567e-06
-1.670348077e-20
7.462686567e-06
1.442573475e-21
7.462686567e-06
1.300654535e-20
7.462686567e-06
-6.269408752e-23
7.462686567e-06
3.980613958e-22
7.462686567e-06
6.427285935e-22
7.462686567e-06
1.491396863e-21
7.462686567e-06
-6.115859393e-21
7.462686567e-06
-1.72465871e-20
7.462686567e-06
1.53072136e-20
7.462686567e-06
6.357376994e-21
7.462686567e-06
-7.042712271e-21
7.462686567e-06
5.896782584e-21
7.462686567e-06
-1.499696212e-20
7.462686567e-06
2.986289671e-21
7.462686567e-06
7.926037681e-21
7.462686567e-06
-7.78095502e-21
7.462686567e-06
-3.243877359e-22
7.462686567e-06
8.962957024e-21
7.462686567e-06
2.700741288e-21
7.462686567e-06
-1.281192149e-20
7.462686567e-06
-8.847880724e-21
7.462686567e-06
9.773112652e-22
7.462686567e-06
1.219986311e-20
7.462686567e-06
3.248303651e-21
7.462686567e-06
-4.172641214e-21
7.462686567e-06
1.352565562e-20
7.462686567e-06
1.651325106e-21
7.462686567e-06
-1.595429936e-20
7.462686567e-06
5.587888606e-22
7.462686567e-06
-3.759763563e-21
7.462686567e-06
1.670956308e-20
7.462686567e-06
-8.5197246e-22
7.462686567e-06
-2.304401275e-20
7.462686567e-06
2.500067585e-20
7.462686567e-06
9.196315224e-21
7.462686567e-06
-2.014066483e-20
7.462686567e-06
-6.339454606e-21
7.462686567e-06
-6.545767838e-21
7.462686567e-06
1.78426654e-20
7.462686567e-06
9.30918418e-21
7.462686567e-06
-1.033225473e-20
7.462686567e-06
3.645596639e-22
7.462686567e-06
4.507809158e-21
7.462686567e-06
-4.900457351e-21
7.462686567e-06
-1.116896299e-20
7.462686567e-06
1.839823644e-21
7.462686567e-06
-9.010143506e-22
7.462686567e-06
9.158950982e-21
7.462686567e-06
1.245558485e-20
7.462686567e-06
-1.457030519e-20
7.462686567e-06
5.822945944e-23
7.462686567e-06
1.898740712e-20
7.462686567e-06
-2.443533346e-20
7.462686567e-06
7.989262382e-21
7.462686567e-06
-4.920354251e-21
7.462686567e-06
-5.099415823e-21
7.462686567e-06
2.04010002e-20
7.462686567e-06
-2.698992538e-20
7.462686567e-06
2.175857734e-20
7.462686567e-06
6.699386832e-21
7.462686567e-06
-2.141334192e-20
7.462686567e-06
1.185942408e-20
7.462686567e-06
-1.456896683e-20
7.462686567e-06
4.609367902e-21
7.462686567e-06
2.248292083e-20
7.462686567e-06
-2.557078551e-20
7.462686567e-06
8.032694136e-21
7.462686567e-06
1.887312949e-20
7.462686567e-06
-1.911755452e-20
7.462686567e-06
-1.367360596e-20
7.462686567e-06
7.583401191e-21
7.462686567e-06
-4.652584828e-21
7.462686567e-06
-1.524976584e-21
7.462686567e-06
1.855422096e-20
7.462686567e-06
-6.774746445e-21
7.462686567e-06
3.559428893e-21
7.462686567e-06
2.145550624e-21
7.462686567e-06
-2.896129664e-20
3.222214219e-21
2.089552239e-05
1.4577495e-19
2.089552239e-05
4.173401417e-20
2.089552239e-05
1.077133538e-20
2.089552239e-05
1.460031082e-20
2.089552239e-05
4.668636442e-21
2.089552239e-05
-7.899400259e-21
2.089552239e-05
-7.977438693e-22
2.089552239e-05
2.169296424e-21
2.089552239e-05
1.683113572e-21
2.089552239e-05
7.983329779e-21
2.089552239e-05
2.25222652e-21
2.089552239e-05
2.343981846e-21
2.089552239e-05
-2.5543726e-21
2.089552239e-05
-5.458533091e-21
2.089552239e-05
3.707743572e-21
2.089552239e-05
-6.933021308e-21
2.089552239e-05
-4.813110386e-21
2.089552239e-05
4.342452132e-21
2.089552239e-05
-4.999719239e-21
2.089552239e-05
2.331853614e-21
2.089552239e-05
-6.457752635e-21
2.089552239e-05
-1.303690494e-20
2.089552239e-05
-4.61368701e-21
2.089552239e-05
1.400674085e-20
2.089552239e-05
1.408629491e-20
2.089552239e-05
2.688199234e-21
2.089552239e-05
3.538663696e-21
2.089552239e-05
-1.078621524e-22
2.089552239e-05
-7.86726642e-22
2.089552239e-05
-1.38305958e-20
2.089552239e-05
7.752161494e-21
2.089552239e-05
-4.74649866e-22
2.089552239e-05
-1.27987908e-20
2.089552239e-05
3.841176284e-21
2.089552239e-05
-1.303870749e-20
2.089552239e-05
2.769712168e-21
2.089552239e-05
-2.629065729e-21
2.089552239e-05
-1.419794478e-21
2.089552239e-05
2.975661663e-21
2.089552239e-05
3.562120301e-21
2.089552239e-05
3.141684268e-21
2.089552239e-05
5.73830458e-21
2.089552239e-05
1.492045158e-20
2.089552239e-05
-1.923365482e-20
2.089552239e-05
-3.537417502e-21
2.089552239e-05
-7.973846097e-22
2.089552239e-05
-1.400050481e-20
2.089552239e-05
-1.194711173e-21
2.089552239e-05
-2.952557052e-21
2.089552239e-05
5.622821396e-21
2.089552239e-05
1.402207069e-20
2.089552239e-05
-8.326282577e-21
2.089552239e-05
-1.615333582e-21
2.089552239e-05
1.012124868e-20
2.089552239e-05
-3.452269589e-21
2.089552239e-05
-3.402447977e-21
2.089552239e-05
9.547615088e-21
2.089552239e-05
-5.585323978e-21
2.089552239e-05
6.6084903e-21
2.089552239e-05
4.067499938e-21
2.089552239e-05
-1.131894469e-20
2.089552239e-05
4.408574961e-21
2.089552239e-05
3.683825539e-21
2.089552239e-05
-1.117968877e-20
2.089552239e-05
-4.178976663e-21
2.089552239e-05
1.135694607e-20
2.089552239e-05
-1.367092772e-21
2.089552239e-05
1.248536539e-20
2.089552239e-05
2.170846695e-20
2.089552239e-05
-1.585818545e-20
2.089552239e-05
-2.621980923e-20
2.089552239e-05
1.481836919e-20
2.089552239e-05
1.617795363e-20
2.089552239e-05
-1.497760275e-20
2.089552239e-05
-1.082149087e-20
2.089552239e-05
1.269549382e-20
2.089552239e-05
2.183104914e-20
2.089552239e-05
-8.062935804e-21
2.089552239e-05
-3.028402275e-20
2.089552239e-05
8.088084355e-21
2.089552239e-05
1.788029933e-20
2.089552239e-05
-1.655805767e-20
2.089552239e-05
-5.2410056e-21
2.089552239e-05
1.924841508e-20
2.089552239e-05
1.078681406e-20
2.089552239e-05
5.978850755e-21
2.089552239e-05
-2.053169426e-21
2.089552239e-05
-2.642668202e-20
2.089552239e-05
-1.685294171e-20
2.089552239e-05
2.650226941e-20
2.089552239e-05
2.08384675e-20
2.089552239e-05
-2.099412357e-20
2.089552239e-05
-1.412590073e-20
2.089552239e-05
1.907979085e-20
2.089552239e-05
1.155681e-21
2.089552239e-05
-1.909873515e-20
2.089552239e-05
1.832316054e-20
2.089552239e-05
9.661850416e-21
2.089552239e-05
-2.654290023e-20
2.089552239e-05
-2.205589803e-20
2.089552239e-05
2.375035072e-20
2.089552239e-05
2.460675372e-20
2.089552239e-05
1.645494836e-21
2.089552239e-05
-1.113351464e-20
2.089552239e-05
-1.158416244e-20
2.089552239e-05
1.667605446e-20
2.089552239e-05
-5.256425641e-21
2.089552239e-05
-1.788163034e-20
2.089552239e-05
8.128807877e-21
2.089552239e-05
2.037963675e-20
2.089552239e-05
-8.926196247e-21
2.089552239e-05
-1.785074938e-20
2.089552239e-05
1.639436198e-20
2.089552239e-05
1.479092853e-20
2.089552239e-05
3.068838844e-21
2.089552239e-05
-1.200040742e-20
2.089552239e-05
-2.066615241e-20
2.089552239e-05
2.646935882e-20
2.089552239e-05
2.936239506e-20
2.089552239e-05
-1.960599202e-20
2.089552239e-05
-2.814616642e-20
2.089552239e-05
-5.632850297e-22
2.089552239e-05
2.095987182e-20
2.089552239e-05
1.582378831e-20
2.089552239e-05
6.624875382e-21
2.089552239e-05
-1.121914662e-20
2.089552239e-05
-6.381422284e-22
2.089552239e-05
-2.672873234e-20
2.089552239e-05
-2.647362544e-20
2.089552239e-05
3.768566454e-20
2.089552239e-05
1.379165518e-20
2.089552239e-05
-1.137908585e-20
2.089552239e-05
2.286932206e-22
2.089552239e-05
-2.624204936e-20
2.089552239e-05
-4.603830247e-21
2.089552239e-05
1.264911496e-20
2.089552239e-05
-4.759867769e-21
2.089552239e-05
-6.799483797e-21
2.089552239e-05
1.946921886e-20
2.089552239e-05
6.074380635e-22
2.089552239e-05
-3.548333701e-20
2.089552239e-05
-1.081361153e-20
2.089552239e-05
7.693427488e-21
2.089552239e-05
2.30924071e-20
2.089552239e-05
2.196034626e-20
2.089552239e-05
-9.1149484e-21
2.089552239e-05
2.035824694e-20
2.089552239e-05
6.617142027e-21
2.089552239e-05
-1.853293928e-20
2.089552239e-05
-1.548311911e-20
2.089552239e-05
-9.053271599e-21
2.089552239e-05
3.676060184e-20
2.089552239e-05
3.550316158e-21
2.089552239e-05
-2.86784029e-20
2.089552239e-05
3.953269186e-20
2.089552239e-05
1.353779284e-20
2.089552239e-05
-3.927253458e-20
2.089552239e-05
-1.169402442e-20
2.089552239e-05
-8.778991906e-21
2.089552239e-05
3.26305357e-20
2.089552239e-05
1.242657325e-20
2.089552239e-05
-1.60326584e-20
2.089552239e-05
1.300405782e-20
2.089552239e-05
1.171121791e-20
2.089552239e-05
-3.534850335e-20
2.089552239e-05
-2.712737688e-20
2.089552239e-05
1.241533516e-20
2.089552239e-05
3.991703218e-21
2.089552239e-05
2.530518666e-20
2.089552239e-05
1.737157514e-20
2.089552239e-05
-1.621720011e-20
2.089552239e-05
-1.779593203e-22
2.089552239e-05
2.073482151e-20
2.089552239e-05
-3.751350917e-20
2.089552239e-05
8.081119919e-21
2.089552239e-05
-2.047703847e-20
2.089552239e-05
-2.483973596e-21
2.089552239e-05
4.631367306e-20
2.089552239e-05
-3.602438842e-20
2.089552239e-05
2.285901035e-20
2.089552239e-05
2.295810898e-20
2.089552239e-05
-3.589432352e-20
2.089552239e-05
1.415794318e-20
2.089552239e-05
-2.211846225e-20
2.089552239e-05
5.92272384e-22
2.089552239e-05
5.061435106e-20
2.089552239e-05
-3.93023597e-20
2.089552239e-05
1.105671043e-20
2.089552239e-05
3.019105455e-20
2.089552239e-05
-4.916937275e-20
2.089552239e-05
-2.784193033e-20
2.089552239e-05
2.098098928e-20
2.089552239e-05
-8.273323189e-21
2.089552239e-05
7.16383083e-21
2.089552239e-05
2.916852874e-20
2.089552239e-05
-3.799874771e-21
2.089552239e-05
4.389167133e-21
2.089552239e-05
-2.801670357e-21
2.089552239e-05
-5.020368217e-20
2.057898578e-20
3.28358209e-05
1.248028977e-19
3.28358209e-05
5.289484745e-20
3.28358209e-05
2.528202844e-20
3.28358209e-05
1.767125003e-20
3.28358209e-05
1.467953784e-20
3.28358209e-05
6.957548935e-21
3.28358209e-05
1.538293022e-21
3.28358209e-05
-3.75043628e-21
3.28358209e-05
-1.138315914e-21
3.28358209e-05
1.477955861e-20
3.28358209e-05
9.326589943e-21
3.28358209e-05
3.80139884e-21
3.28358209e-05
6.228293804e-22
3.28358209e-05
-2.902638879e-21
3.28358209e-05
-4.020727726e-21
3.28358209e-05
-7.426958818e-21
3.28358209e-05
-8.609879372e-21
3.28358209e-05
-3.344350576e-22
3.28358209e-05
-6.095877078e-21
3.28358209e-05
-6.070062257e-21
3.28358209e-05
-4.439228022e-21
3.28358209e-05
-1.732073171e-20
3.28358209e-05
-1.845680417e-20
3.28358209e-05
2.151468089e-20
3.28358209e-05
2.260634402e-20
3.28358209e-05
8.959959348e-21
3.28358209e-05
1.230568641e-20
3.28358209e-05
-1.458867614e-22
3.28358209e-05
-2.449333572e-21
3.28358209e-05
-2.050521036e-20
3.28358209e-05
2.488503236e-21
3.28358209e-05
-6.169239811e-22
3.28358209e-05
-1.263436342e-20
3.28358209e-05
-7.65398402e-21
3.28358209e-05
-2.116953517e-20
3.28358209e-05
-6.405734479e-21
3.28358209e-05
6.305356793e-21
3.28358209e-05
7.885689676e-21
3.28358209e-05
5.560567855e-21
3.28358209e-05
3.341841923e-21
3.28358209e-05
7.335077332e-21
3.28358209e-05
-4.305419761e-21
3.28358209e-05
1.099690272e-20
3.28358209e-05
-1.255635575e-20
3.28358209e-05
-1.563438519e-20
3.28358209e-05
-4.67906711e-21
3.28358209e-05
-1.482511618e-20
3.28358209e-05
-2.025227775e-21
3.28358209e-05
4.914802538e-21
3.28358209e-05
4.096597838e-22
3.28358209e-05
8.125818147e-21
3.28358209e-05
-2.557630456e-21
3.28358209e-05
-9.119582108e-22
3.28358209e-05
1.775268893e-20
3.28358209e-05
-3.248605792e-21
3.28358209e-05
-6.254179617e-21
3.28358209e-05
7.199042904e-21
3.28358209e-05
-4.534985849e-21
3.28358209e-05
1.313795103e-20
3.28358209e-05
-2.451636186e-21
3.28358209e-05
-1.727248177e-20
3.28358209e-05
7.073456235e-21
3.28358209e-05
1.384186044e-20
3.28358209e-05
-1.491599607e-20
3.28358209e-05
-1.739694921e-21
3.28358209e-05
1.442333144e-20
3.28358209e-05
1.251808611e-21
3.28358209e-05
1.485518755e-20
3.28358209e-05
2.117270854e-20
3.28358209e-05
-2.526445291e-20
3.28358209e-05
-4.002003373e-20
3.28358209e-05
2.731951791e-20
3.28358209e-05
1.403428596e-20
3.28358209e-05
-9.922349385e-21
3.28358209e-05
-1.612480833e-20
3.28358209e-05
9.870721446e-21
3.28358209e-05
3.847676808e-20
3.28358209e-05
-1.355437734e-20
3.28358209e-05
-4.574862384e-20
3.28358209e-05
8.697317183e-21
3.28358209e-05
2.747740338e-20
3.28358209e-05
-2.256009246e-20
3.28358209e-05
-5.45102344e-21
3.28358209e-05
4.494030173e-20
3.28358209e-05
1.008899287e-20
3.28358209e-05
1.50517236e-21
3.28358209e-05
3.826590298e-21
3.28358209e-05
-3.335006903e-20
3.28358209e-05
-2.880183402e-20
3.28358209e-05
4.042719413e-20
3.28358209e-05
8.729145547e-21
3.28358209e-05
-3.085392603e-20
3.28358209e-05
-1.509300026e-20
3.28358209e-05
3.033024202e-20
3.28358209e-05
3.998550639e-21
3.28358209e-05
-3.661755537e-20
3.28358209e-05
1.459144956e-20
3.28358209e-05
1.744645408e-20
3.28358209e-05
-2.247619573e-20
3.28358209e-05
-3.825374371e-20
3.28358209e-05
2.073274139e-20
3.28358209e-05
4.898808298e-20
3.28358209e-05
1.007554335e-20
3.28358209e-05
-2.513763162e-20
3.28358209e-05
-2.607272477e-20
3.28358209e-05
2.445922412e-20
3.28358209e-05
1.78677869e-20
3.28358209e-05
-2.473218951e-20
3.28358209e-05
2.69199504e-21
3.28358209e-05
3.42643171e-20
3.28358209e-05
-3.246600057e-21
3.28358209e-05
-3.193823069e-20
3.28358209e-05
1.698563356e-21
3.28358209e-05
2.448282049e-20
3.28358209e-05
1.668730405e-20
3.28358209e-05
-1.921491077e-20
3.28358209e-05
-2.140021697e-20
3.28358209e-05
4.098893109e-20
3.28358209e-05
3.387322247e-20
3.28358209e-05
-2.389593607e-20
3.28358209e-05
-3.983992479e-20
3.28358209e-05
4.467269666e-21
3.28358209e-05
3.220541794e-20
3.28358209e-05
2.948071112e-20
3.28358209e-05
-2.073879291e-21
3.28358209e-05
-2.527106312e-20
3.28358209e-05
-3.015615851e-22
3.28358209e-05
-5.282079143e-20
3.28358209e-05
-2.21883352e-20
3.28358209e-05
5.079207208e-20
3.28358209e-05
2.696704007e-20
3.28358209e-05
-6.092367033e-22
3.28358209e-05
-2.920071447e-20
3.28358209e-05
-3.283347274e-20
3.28358209e-05
-1.311905045e-21
3.28358209e-05
8.783439325e-21
3.28358209e-05
1.668632837e-22
3.28358209e-05
-1.275111791e-20
3.28358209e-05
1.801252212e-20
3.28358209e-05
-3.330307714e-21
3.28358209e-05
-5.56381341e-20
3.28358209e-05
-6.276174402e-21
3.28358209e-05
1.737624753e-20
3.28358209e-05
3.860386157e-20
3.28358209e-05
4.151716055e-20
3.28358209e-05
-1.72203414e-20
3.28358209e-05
1.939339184e-20
3.28358209e-05
2.225320049e-20
3.28358209e-05
-9.068655526e-21
3.28358209e-05
-4.648316129e-20
3.28358209e-05
-2.392876982e-20
3.28358209e-05
6.316214209e-20
3.28358209e-05
5.232223805e-21
3.28358209e-05
-3.725615243e-20
3.28358209e-05
5.188680902e-20
3.28358209e-05
1.975281907e-20
3.28358209e-05
-4.260318279e-20
3.28358209e-05
-2.857510515e-20
3.28358209e-05
-1.208880479e-20
3.28358209e-05
4.434083712e-20
3.28358209e-05
1.215379508e-20
3.28358209e-05
-2.621253388e-22
3.28358209e-05
2.499767863e-20
3.28358209e-05
6.256296748e-21
3.28358209e-05
-6.950927494e-20
3.28358209e-05
-3.990674619e-20
3.28358209e-05
2.001257448e-20
3.28358209e-05
2.11215195e-20
3.28358209e-05
3.679654619e-20
3.28358209e-05
9.742574529e-21
3.28358209e-05
-6.649208265e-21
3.28358209e-05
3.137581635e-21
3.28358209e-05
8.336543569e-21
3.28358209e-05
-3.163681231e-20
3.28358209e-05
4.208144997e-21
3.28358209e-05
-5.05506534e-20
3.28358209e-05
-9.694926534e-21
3.28358209e-05
6.901462259e-20
3.28358209e-05
-2.379484488e-20
3.28358209e-05
2.595963697e-20
3.28358209e-05
3.900998878e-20
3.28358209e-05
-3.760957633e-20
3.28358209e-05
-1.610851092e-20
3.28358209e-05
-1.094694159e-20
3.28358209e-05
1.128326014e-20
3.28358209e-05
5.648642719e-20
3.28358209e-05
-4.528879867e-20
3.28358209e-05
6.390756381e-21
3.28358209e-05
2.822024643e-20
3.28358209e-05
-7.108673476e-20
3.28358209e-05
-4.250565893e-20
3.28358209e-05
1.931030265e-20
3.28358209e-05
-1.258388744e-20
3.28358209e-05
2.915559294e-20
3.28358209e-05
4.086652945e-20
3.28358209e-05
-2.293663378e-20
3.28358209e-05
5.196776929e-21
3.28358209e-05
-1.735316637e-21
3.28358209e-05
-7.454783235e-20
3.003886123e-20
4.328358209e-05
1.050549843e-19
4.328358209e-05
6.689713778e-20
4.328358209e-05
3.528072253e-20
4.328358209e-05
2.511588005e-20
4.328358209e-05
1.23833181e-20
4.328358209e-05
1.246600614e-20
4.328358209e-05
1.491720541e-20
4.328358209e-05
-6.488744028e-21
4.328358209e-05
2.186600887e-22
4.328358209e-05
2.056566519e-20
4.328358209e-05
3.856731731e-21
4.328358209e-05
-4.055551272e-21
4.328358209e-05
1.424119354e-20
4.328358209e-05
7.488232664e-23
4.328358209e-05
-5.885569137e-21
4.328358209e-05
-1.0812137e-20
4.328358209e-05
-1.317275839e-20
4.328358209e-05
-7.835665741e-21
4.328358209e-05
-3.644732733e-21
4.328358209e-05
-1.540608013e-20
4.328358209e-05
-1.311847542e-20
4.328358209e-05
-1.592520777e-20
4.328358209e-05
-5.894359468e-21
4.328358209e-05
2.067337687e-20
4.328358209e-05
2.149620253e-20
4.328358209e-05
1.832083293e-20
4.328358209e-05
2.467374805e-20
4.328358209e-05
-5.997200918e-21
4.328358209e-05
-1.808969328e-20
4.328358209e-05
-2.536704453e-20
4.328358209e-05
-1.117073013e-21
4.328358209e-05
-5.707766488e-21
4.328358209e-05
-3.736741823e-20
4.328358209e-05
-1.913488145e-20
4.328358209e-05
-9.452344868e-21
4.328358209e-05
-5.161426932e-21
4.328358209e-05
1.058899453e-20
4.328358209e-05
1.819194883e-20
4.328358209e-05
1.959236612e-21
4.328358209e-05
-1.167000084e-21
4.328358209e-05
5.950355487e-22
4.328358209e-05
-6.82791117e-21
4.328358209e-05
5.685491803e-21
4.328358209e-05
-2.005396747e-20
4.328358209e-05
-6.476355458e-21
4.328358209e-05
-1.852181255e-21
4.328358209e-05
-1.423690396e-20
4.328358209e-05
-1.112727756e-20
4.328358209e-05
1.636915693e-21
4.328358209e-05
1.052230983e-20
4.328358209e-05
1.108101889e-20
4.328358209e-05
-5.455877926e-21
4.328358209e-05
2.285163359e-20
4.328358209e-05
2.433262428e-20
4.328358209e-05
-4.095627366e-21
4.328358209e-05
-1.671552459e-20
4.328358209e-05
1.300633796e-20
4.328358209e-05
7.694399863e-21
4.328358209e-05
-3.37834536e-21
4.328358209e-05
-6.744352193e-21
4.328358209e-05
1.779325243e-21
4.328358209e-05
1.104762637e-20
4.328358209e-05
1.055027941e-20
4.328358209e-05
-1.689532405e-20
4.328358209e-05
-2.802299829e-21
4.328358209e-05
1.713637775e-20
4.328358209e-05
3.39151895e-21
4.328358209e-05
2.026910282e-20
4.328358209e-05
7.220279789e-21
4.328358209e-05
-4.140330737e-20
4.328358209e-05
-3.957534207e-20
4.328358209e-05
3.839240322e-20
4.328358209e-05
9.614095707e-21
4.328358209e-05
-1.159545098e-20
4.328358209e-05
-1.963350019e-20
4.328358209e-05
6.918859223e-21
4.328358209e-05
4.388950596e-20
4.328358209e-05
-2.363071043e-20
4.328358209e-05
-4.472601124e-20
4.328358209e-05
1.337770139e-20
4.328358209e-05
3.56660611e-20
4.328358209e-05
-2.261776793e-20
4.328358209e-05
1.242150713e-22
4.328358209e-05
5.1896948e-20
4.328358209e-05
1.910272831e-20
4.328358209e-05
4.746991587e-21
4.328358209e-05
5.992374499e-21
4.328358209e-05
-3.428855108e-20
4.328358209e-05
-2.785739603e-20
4.328358209e-05
3.945152849e-20
4.328358209e-05
-5.930652478e-21
4.328358209e-05
-3.18945157e-20
4.328358209e-05
-1.354072923e-20
4.328358209e-05
2.723468043e-20
4.328358209e-05
-3.828193879e-21
4.328358209e-05
-5.185316061e-20
4.328358209e-05
1.17375004e-20
4.328358209e-05
2.439718825e-20
4.328358209e-05
-2.615489774e-20
4.328358209e-05
-3.737803203e-20
4.328358209e-05
3.881202633e-20
4.328358209e-05
5.791780157e-20
4.328358209e-05
-2.570236182e-21
4.328358209e-05
-2.955656272e-20
4.328358209e-05
-2.359888174e-20
4.328358209e-05
2.914765517e-20
4.328358209e-05
1.774725476e-20
4.328358209e-05
-2.422503654e-20
4.328358209e-05
1.157253685e-20
4.328358209e-05
2.731478047e-20
4.328358209e-05
-6.611777566e-21
4.328358209e-05
-3.208829798e-20
4.328358209e-05
4.456139982e-21
4.328358209e-05
3.560432401e-20
4.328358209e-05
2.698363357e-20
4.328358209e-05
-3.067443473e-20
4.328358209e-05
-1.626482145e-20
4.328358209e-05
5.900506967e-20
4.328358209e-05
3.728359393e-20
4.328358209e-05
-3.15897562e-20
4.328358209e-05
-4.116101597e-20
4.328358209e-05
3.251849836e-21
4.328358209e-05
3.416251159e-20
4.328358209e-05
3.109035663e-20
4.328358209e-05
-7.072924594e-21
4.328358209e-05
-2.437672317e-20
4.328358209e-05
-7.447066192e-22
4.328358209e-05
-7.749748197e-20
4.328358209e-05
-2.511573842e-20
4.328358209e-05
6.348522637e-20
4.328358209e-05
3.709018914e-20
4.328358209e-05
4.558514777e-21
4.328358209e-05
-3.878923476e-20
4.328358209e-05
-3.117358562e-20
4.328358209e-05
6.882392567e-21
4.328358209e-05
-7.146681317e-22
4.328358209e-05
-1.044308079e-20
4.328358209e-05
-1.268270183e-20
4.328358209e-05
1.653564255e-20
4.328358209e-05
3.531031324e-21
4.328358209e-05
-6.378026647e-20
4.328358209e-05
-7.933122379e-21
4.328358209e-05
1.943609125e-20
4.328358209e-05
4.6857055e-20
4.328358209e-05
7.153364167e-20
4.328358209e-05
-1.379063718e-20
4.328358209e-05
2.368099159e-20
4.328358209e-05
3.523941823e-20
4.328358209e-05
-1.469489508e-20
4.328358209e-05
-5.76926336e-20
4.328358209e-05
-3.00218804e-20
4.328358209e-05
7.26087848e-20
4.328358209e-05
4.561036024e-21
4.328358209e-05
-4.178844138e-20
4.328358209e-05
6.947750454e-20
4.328358209e-05
2.170283955e-20
4.328358209e-05
-6.125102112e-20
4.328358209e-05
-4.470415883e-20
4.328358209e-05
-6.830987156e-21
4.328358209e-05
5.393277398e-20
4.328358209e-05
1.173177352e-20
4.328358209e-05
1.554663279e-20
4.328358209e-05
4.118238866e-20
4.328358209e-05
-6.988825155e-21
4.328358209e-05
-8.570459388e-20
4.328358209e-05
-4.276167792e-20
4.328358209e-05
3.816564963e-20
4.328358209e-05
2.644036852e-20
4.328358209e-05
3.665964659e-20
4.328358209e-05
5.133533549e-21
4.328358209e-05
9.267852481e-21
4.328358209e-05
1.144799713e-20
4.328358209e-05
-2.032549861e-20
4.328358209e-05
-3.74921048e-20
4.328358209e-05
1.682839792e-20
4.328358209e-05
-7.293689547e-20
4.328358209e-05
-1.269204358e-20
4.328358209e-05
7.770615542e-20
4.328358209e-05
-2.276872252e-20
4.328358209e-05
4.275379181e-20
4.328358209e-05
4.727243209e-20
4.328358209e-05
-3.951797193e-20
4.328358209e-05
-3.959631201e-20
4.328358209e-05
-2.04936111e-21
4.328358209e-05
3.101795015e-20
4.328358209e-05
4.574022903e-20
4.328358209e-05
-5.005297316e-20
4.328358209e-05
3.979860803e-21
4.328358209e-05
3.373015422e-20
4.328358209e-05
-9.322726791e-20
4.328358209e-05
-5.275039024e-20
4.328358209e-05
1.972394396e-20
4.328358209e-05
-4.528063224e-21
4.328358209e-05
3.681789044e-20
4.328358209e-05
2.646786934e-20
4.328358209e-05
-3.354583862e-20
4.328358209e-05
2.244785585e-20
4.328358209e-05
-1.014348276e-20
4.328358209e-05
-8.003478609e-20
2.865572234e-20
5.223880597e-05
9.398138987e-20
5.223880597e-05
6.845015189e-20
5.223880597e-05
3.961425342e-20
5.223880597e-05
2.333968253e-20
5.223880597e-05
2.018241115e-20
5.223880597e-05
1.581339229e-20
5.223880597e-05
2.346551666e-20
5.223880597e-05
9.407234109e-21
5.223880597e-05
-3.970368803e-21
5.223880597e-05
2.568976305e-20
5.223880597e-05
1.27581141e-20
5.223880597e-05
-4.297005455e-21
5.223880597e-05
1.112118614e-20
5.223880597e-05
5.666790979e-22
5.223880597e-05
-4.231277501e-21
5.223880597e-05
-1.131637792e-20
5.223880597e-05
-3.008099355e-20
5.223880597e-05
-1.697524013e-20
5.223880597e-05
-9.883333231e-21
5.223880597e-05
-2.841336336e-21
5.223880597e-05
-1.429329733e-20
5.223880597e-05
-3.643982766e-20
5.223880597e-05
-9.559158225e-22
5.223880597e-05
2.086052941e-20
5.223880597e-05
2.159362051e-20
5.223880597e-05
2.569536636e-20
5.223880597e-05
1.872457877e-20
5.223880597e-05
3.397012263e-21
5.223880597e-05
-3.436314772e-20
5.223880597e-05
-3.037134509e-20
5.223880597e-05
4.118721904e-21
5.223880597e-05
-1.430240284e-20
5.223880597e-05
-4.621707977e-20
5.223880597e-05
-1.902524509e-20
5.223880597e-05
-1.631034336e-20
5.223880597e-05
-2.987710981e-21
5.223880597e-05
1.273374225e-20
5.223880597e-05
2.96342373e-20
5.223880597e-05
1.087296695e-20
5.223880597e-05
-8.361299254e-22
5.223880597e-05
-4.528037401e-21
5.223880597e-05
-2.967891083e-20
5.223880597e-05
-3.396286632e-21
5.223880597e-05
-1.636507048e-20
5.223880597e-05
-1.977039917e-20
5.223880597e-05
-4.52813483e-23
5.223880597e-05
-4.894943421e-21
5.223880597e-05
-1.720096769e-20
5.223880597e-05
1.944215075e-21
5.223880597e-05
8.873232321e-21
5.223880597e-05
5.198515058e-21
5.223880597e-05
9.078288901e-21
5.223880597e-05
3.126480596e-20
5.223880597e-05
2.466438672e-20
5.223880597e-05
-1.698303017e-20
5.223880597e-05
-7.510398115e-21
5.223880597e-05
1.966383914e-20
5.223880597e-05
1.040242366e-20
5.223880597e-05
-3.331250482e-21
5.223880597e-05
9.226963883e-21
5.223880597e-05
-5.87496521e-21
5.223880597e-05
9.739757957e-21
5.223880597e-05
1.405071324e-20
5.223880597e-05
-7.137128128e-21
5.223880597e-05
-8.44338258e-21
5.223880597e-05
2.525052176e-20
5.223880597e-05
2.592458747e-21
5.223880597e-05
2.359294992e-20
5.223880597e-05
3.705512256e-21
5.223880597e-05
-3.883960772e-20
5.223880597e-05
-4.057434431e-20
5.223880597e-05
2.220013909e-20
5.223880597e-05
1.803248533e-20
5.223880597e-05
-8.315183478e-21
5.223880597e-05
-1.295510088e-20
5.223880597e-05
5.586660889e-21
5.223880597e-05
3.383520725e-20
5.223880597e-05
-1.861354158e-20
5.223880597e-05
-5.07503816e-20
5.223880597e-05
2.002712832e-20
5.223880597e-05
2.966109981e-20
5.223880597e-05
-1.315480138e-20
5.223880597e-05
1.964051694e-20
5.223880597e-05
4.380073085e-20
5.223880597e-05
7.029967347e-21
5.223880597e-05
3.709878615e-21
5.223880597e-05
3.986115448e-21
5.223880597e-05
-2.230601379e-20
5.223880597e-05
-2.066450455e-20
5.223880597e-05
3.271832832e-20
5.223880597e-05
-2.067734148e-20
5.223880597e-05
-3.771838559e-20
5.223880597e-05
-1.070119022e-20
5.223880597e-05
1.040939242e-20
5.223880597e-05
-1.114534103e-20
5.223880597e-05
-4.482041086e-20
5.223880597e-05
7.344161046e-21
5.223880597e-05
2.605346779e-20
5.223880597e-05
-1.330835912e-20
5.223880597e-05
-3.955305483e-20
5.223880597e-05
3.351333165e-20
5.223880597e-05
6.369106006e-20
5.223880597e-05
1.830600062e-21
5.223880597e-05
-3.520453799e-20
5.223880597e-05
-1.919251535e-20
5.223880597e-05
3.528508185e-20
5.223880597e-05
1.385999251e-20
5.223880597e-05
-2.19113632e-20
5.223880597e-05
7.022101527e-21
5.223880597e-05
2.726112422e-20
5.223880597e-05
-3.244113418e-21
5.223880597e-05
-2.304872011e-20
5.223880597e-05
-8.484453986e-21
5.223880597e-05
4.402948531e-20
5.223880597e-05
3.078084564e-20
5.223880597e-05
-2.436548101e-20
5.223880597e-05
-4.863702203e-21
5.223880597e-05
7.058132383e-20
5.223880597e-05
3.255337591e-20
5.223880597e-05
-3.001139916e-20
5.223880597e-05
-3.628290952e-20
5.223880597e-05
-7.324962678e-21
5.223880597e-05
3.516845389e-20
5.223880597e-05
2.482624007e-20
5.223880597e-05
-2.270925289e-20
5.223880597e-05
-1.730932242e-20
5.223880597e-05
7.103250681e-22
5.223880597e-05
-8.898618655e-20
5.223880597e-05
-2.212986913e-20
5.223880597e-05
7.477406866e-20
5.223880597e-05
4.951937803e-20
5.223880597e-05
2.098552805e-21
5.223880597e-05
-4.309334153e-20
5.223880597e-05
-4.69121985e-20
5.223880597e-05
9.710279091e-21
5.223880597e-05
-4.059727658e-22
5.223880597e-05
-1.632185819e-20
5.223880597e-05
-8.457433715e-21
5.223880597e-05
2.272286238e-21
5.223880597e-05
3.917414218e-21
5.223880597e-05
-5.313510374e-20
5.223880597e-05
-1.065202757e-20
5.223880597e-05
1.411244075e-20
5.223880597e-05
8.209099322e-20
5.223880597e-05
8.760117644e-20
5.223880597e-05
-8.286569532e-21
5.223880597e-05
3.916036596e-20
5.223880597e-05
3.276341445e-20
5.223880597e-05
-2.861551854e-20
5.223880597e-05
-6.736916633e-20
5.223880597e-05
-3.791422353e-20
5.223880597e-05
5.738113271e-20
5.223880597e-05
1.921444019e-21
5.223880597e-05
-3.106618434e-20
5.223880597e-05
6.955741574e-20
5.223880597e-05
3.156935807e-20
5.223880597e-05
-5.85345437e-20
5.223880597e-05
-5.608036549e-20
5.223880597e-05
-2.859553497e-21
5.223880597e-05
4.902148937e-20
5.223880597e-05
2.173633639e-20
5.223880597e-05
2.067831668e-20
5.223880597e-05
3.982998027e-20
5.223880597e-05
-1.827168489e-20
5.223880597e-05
-8.063396011e-20
5.223880597e-05
-4.988063707e-20
5.223880597e-05
4.398174053e-20
5.223880597e-05
4.699982387e-20
5.223880597e-05
2.802734388e-20
5.223880597e-05
2.090396704e-21
5.223880597e-05
2.230805794e-20
5.223880597e-05
8.323755166e-21
5.223880597e-05
-4.287573108e-20
5.223880597e-05
-4.69965321e-20
5.223880597e-05
1.742920354e-20
5.223880597e-05
-6.976266428e-20
5.223880597e-05
-1.757081211e-20
5.223880597e-05
8.041520656e-20
5.223880597e-05
-1.831230202e-20
5.223880597e-05
5.146913819e-20
5.223880597e-05
5.008011562e-20
5.223880597e-05
-3.992872243e-20
5.223880597e-05
-5.107916914e-20
5.223880597e-05
-1.563444644e-20
5.223880597e-05
5.362855915e-20
5.223880597e-05
5.010799915e-20
5.223880597e-05
-5.725313432e-20
5.223880597e-05
8.678702748e-21
5.223880597e-05
1.867466037e-20
5.223880597e-05
-9.755476659e-20
5.223880597e-05
-6.977846875e-20
5.223880597e-05
1.107132503e-20
5.223880597e-05
8.006730845e-21
5.223880597e-05
3.569038598e-20
5.223880597e-05
1.837527219e-20
5.223880597e-05
-4.154648382e-20
5.223880597e-05
2.378802815e-20
5.223880597e-05
-1.547810719e-20
5.223880597e-05
-6.162200201e-20
3.396478965e-20
5.970149254e-05
8.544238638e-20
5.970149254e-05
6.37594109e-20
5.970149254e-05
3.180197093e-20
5.970149254e-05
2.449211725e-20
5.970149254e-05
2.365197562e-20
5.970149254e-05
2.688986611e-20
5.970149254e-05
3.750483946e-20
5.970149254e-05
1.06068631e-20
5.970149254e-05
1.197729559e-20
5.970149254e-05
3.157230392e-20
5.970149254e-05
8.063813767e-21
5.970149254e-05
4.946106499e-21
5.970149254e-05
2.001793129e-20
5.970149254e-05
-1.102619637e-20
5.970149254e-05
-2.086119209e-20
5.970149254e-05
-2.027809059e-20
5.970149254e-05
-3.753657917e-20
5.970149254e-05
-2.375497823e-20
5.970149254e-05
-7.017994409e-21
5.970149254e-05
-5.305311499e-22
5.970149254e-05
-1.954623157e-20
5.970149254e-05
-2.162532129e-20
5.970149254e-05
1.176376774e-20
5.970149254e-05
1.50692694e-20
5.970149254e-05
1.931159169e-20
5.970149254e-05
3.206835175e-20
5.970149254e-05
1.538939175e-20
5.970149254e-05
-8.005489161e-21
5.970149254e-05
-4.658486692e-20
5.970149254e-05
-1.809935302e-20
5.970149254e-05
-1.251686654e-21
5.970149254e-05
-3.090551229e-20
5.970149254e-05
-4.535944012e-20
5.970149254e-05
-1.808588777e-20
5.970149254e-05
-1.969163348e-20
5.970149254e-05
-5.207394422e-21
5.970149254e-05
3.000193012e-20
5.970149254e-05
3.853909324e-20
5.970149254e-05
1.193478648e-20
5.970149254e-05
-2.031727136e-20
5.970149254e-05
-1.239607267e-20
5.970149254e-05
-3.167099347e-20
5.970149254e-05
-3.422842834e-20
5.970149254e-05
-1.741359473e-20
5.970149254e-05
-1.477436416e-20
5.970149254e-05
-1.478164953e-21
5.970149254e-05
-4.370571216e-21
5.970149254e-05
-6.013442423e-21
5.970149254e-05
2.319799983e-21
5.970149254e-05
1.010289384e-20
5.970149254e-05
-4.319549913e-21
5.970149254e-05
1.206775863e-20
5.970149254e-05
3.534243775e-20
5.970149254e-05
2.331077529e-20
5.970149254e-05
-6.098673785e-21
5.970149254e-05
-1.423956402e-20
5.970149254e-05
1.6916693e-20
5.970149254e-05
2.441126586e-20
5.970149254e-05
1.349144688e-20
5.970149254e-05
-1.300366323e-22
5.970149254e-05
-1.418262061e-20
5.970149254e-05
6.933731773e-22
5.970149254e-05
1.752376112e-20
5.970149254e-05
-9.284581794e-21
5.970149254e-05
1.568628338e-20
5.970149254e-05
2.798230855e-20
5.970149254e-05
-3.682198479e-21
5.970149254e-05
7.137362218e-21
5.970149254e-05
5.823395014e-21
5.970149254e-05
-3.600623721e-20
5.970149254e-05
-4.140257808e-20
5.970149254e-05
1.602705302e-20
5.970149254e-05
2.46957009e-20
5.970149254e-05
-5.260952965e-21
5.970149254e-05
-2.1134193e-20
5.970149254e-05
-3.894968529e-25
5.970149254e-05
3.390424412e-20
5.970149254e-05
-1.643136197e-20
5.970149254e-05
-4.142788606e-20
5.970149254e-05
3.645017815e-20
5.970149254e-05
3.588242487e-20
5.970149254e-05
-1.062252271e-20
5.970149254e-05
2.534398584e-20
5.970149254e-05
3.059457398e-20
5.970149254e-05
-7.153444955e-21
5.970149254e-05
7.502135374e-21
5.970149254e-05
-2.574442599e-21
5.970149254e-05
-2.987671305e-20
5.970149254e-05
-1.380703879e-21
5.970149254e-05
2.787294826e-20
5.970149254e-05
-2.24880565e-20
5.970149254e-05
-4.418448131e-20
5.970149254e-05
-2.182639802e-20
5.970149254e-05
-5.704392297e-21
5.970149254e-05
-5.125578601e-21
5.970149254e-05
-3.997726405e-20
5.970149254e-05
8.460519741e-21
5.970149254e-05
3.187721637e-20
5.970149254e-05
-1.60536878e-20
5.970149254e-05
-3.462055781e-20
5.970149254e-05
5.037882403e-20
5.970149254e-05
5.925617418e-20
5.970149254e-05
-1.134749463e-21
5.970149254e-05
-2.355458863e-20
5.970149254e-05
-2.886133693e-20
5.970149254e-05
1.819093745e-20
5.970149254e-05
1.527106374e-20
5.970149254e-05
-3.594473967e-20
5.970149254e-05
4.31462495e-21
5.970149254e-05
4.005599079e-20
5.970149254e-05
-3.425230957e-21
5.970149254e-05
-1.269125664e-20
5.970149254e-05
-2.886379924e-21
5.970149254e-05
3.994616675e-20
5.970149254e-05
4.162986715e-20
5.970149254e-05
-1.061280288e-20
5.970149254e-05
-4.796308255e-21
5.970149254e-05
5.178439699e-20
5.970149254e-05
4.168144636e-20
5.970149254e-05
-1.64207693e-20
5.970149254e-05
-3.407766358e-20
5.970149254e-05
-9.01015276e-21
5.970149254e-05
3.248126583e-20
5.970149254e-05
1.600195611e-21
5.970149254e-05
-3.900434142e-20
5.970149254e-05
-1.851160145e-20
5.970149254e-05
-3.844095829e-21
5.970149254e-05
-8.059364778e-20
5.970149254e-05
-1.681962009e-20
5.970149254e-05
7.54461562e-20
5.970149254e-05
5.867371576e-20
5.970149254e-05
6.463379154e-21
5.970149254e-05
-5.329061529e-20
5.970149254e-05
-4.957278276e-20
5.970149254e-05
2.056921245e-20
5.970149254e-05
-1.626601678e-21
5.970149254e-05
-1.805566137e-20
5.970149254e-05
-1.690409121e-20
5.970149254e-05
-1.348112502e-20
5.970149254e-05
1.019485832e-20
5.970149254e-05
-4.622250878e-20
5.970149254e-05
-1.586520941e-20
5.970149254e-05
3.477792756e-20
5.970149254e-05
8.475072994e-20
5.970149254e-05
8.658959312e-20
5.970149254e-05
2.282002806e-20
5.970149254e-05
4.473189263e-20
5.970149254e-05
4.641366268e-20
5.970149254e-05
-4.095021009e-20
5.970149254e-05
-7.246315076e-20
5.970149254e-05
-4.746723305e-20
5.970149254e-05
3.386015891e-20
5.970149254e-05
6.173223345e-21
5.970149254e-05
-2.55397656e-20
5.970149254e-05
5.001472672e-20
5.970149254e-05
4.14821543e-20
5.970149254e-05
-4.57692028e-20
5.970149254e-05
-5.616601213e-20
5.970149254e-05
3.392978005e-21
5.970149254e-05
6.50592092e-20
5.970149254e-05
2.349498306e-20
5.970149254e-05
1.674279237e-20
5.970149254e-05
1.991262487e-20
5.970149254e-05
-2.129123019e-20
5.970149254e-05
-7.580087667e-20
5.970149254e-05
-3.831220688e-20
5.970149254e-05
5.009735277e-20
5.970149254e-05
5.460580497e-20
5.970149254e-05
2.976435195e-20
5.970149254e-05
-6.101649258e-21
5.970149254e-05
2.235549026e-20
5.970149254e-05
3.653488964e-21
5.970149254e-05
-6.23081679e-20
5.970149254e-05
-4.01116926e-20
5.970149254e-05
2.726116566e-21
5.970149254e-05
-4.11805612e-20
5.970149254e-05
-9.250254519e-21
5.970149254e-05
5.08398298e-20
5.970149254e-05
-6.328532963e-21
5.970149254e-05
5.33234404e-20
5.970149254e-05
5.292710928e-20
5.970149254e-05
-3.37713562e-20
5.970149254e-05
-5.447433321e-20
5.970149254e-05
-1.247443658e-20
5.970149254e-05
7.451502654e-20
5.970149254e-05
3.857109531e-20
5.970149254e-05
-7.03735136e-20
5.970149254e-05
-2.391170017e-21
5.970149254e-05
8.892594265e-21
5.970149254e-05
-8.932560713e-20
5.970149254e-05
-7.015440664e-20
5.970149254e-05
-1.553269553e-20
5.970149254e-05
1.876592999e-20
5.970149254e-05
4.42775981e-20
5.970149254e-05
-8.370429639e-21
5.970149254e-05
-2.57804698e-20
5.970149254e-05
2.186668868e-20
5.970149254e-05
-8.03762911e-21
5.970149254e-05
-4.059288332e-20
3.016440043e-20
6.567164179e-05
5.946909895e-20
6.567164179e-05
6.358722682e-20
6.567164179e-05
3.640177441e-20
6.567164179e-05
1.546576651e-20
6.567164179e-05
1.686839618e-20
6.567164179e-05
4.406735659e-20
6.567164179e-05
3.571408389e-20
6.567164179e-05
2.45666943e-20
6.567164179e-05
1.805683088e-20
6.567164179e-05
2.59515246e-20
6.567164179e-05
8.499913311e-21
6.567164179e-05
6.776542176e-21
6.567164179e-05
2.261374844e-20
6.567164179e-05
-5.821225073e-21
6.567164179e-05
-3.5129542e-20
6.567164179e-05
-2.592955986e-20
6.567164179e-05
-4.323126909e-20
6.567164179e-05
-2.426558498e-20
6.567164179e-05
-4.82562569e-21
6.567164179e-05
-6.119653304e-21
6.567164179e-05
-1.228127036e-20
6.567164179e-05
-1.82100942e-20
6.567164179e-05
1.161252345e-20
6.567164179e-05
1.795176843e-20
6.567164179e-05
1.306621153e-20
6.567164179e-05
1.672660096e-20
6.567164179e-05
1.020979873e-21
6.567164179e-05
-1.842311767e-20
6.567164179e-05
-5.077853228e-20
6.567164179e-05
-1.471390277e-20
6.567164179e-05
-2.783437343e-20
6.567164179e-05
-4.260883423e-20
6.567164179e-05
-3.649884051e-20
6.567164179e-05
-1.577838026e-20
6.567164179e-05
-2.638599954e-20
6.567164179e-05
-3.726942789e-21
6.567164179e-05
4.600855641e-20
6.567164179e-05
4.102563284e-20
6.567164179e-05
1.359878014e-20
6.567164179e-05
-1.768232116e-20
6.567164179e-05
-2.480867864e-20
6.567164179e-05
-3.586472256e-20
6.567164179e-05
-2.63706292e-20
6.567164179e-05
-8.435804612e-21
6.567164179e-05
-4.41265849e-22
6.567164179e-05
-1.48860331e-20
6.567164179e-05
-1.201349569e-20
6.567164179e-05
-4.188732372e-21
6.567164179e-05
1.893338073e-21
6.567164179e-05
2.045640134e-21
6.567164179e-05
2.106690241e-21
6.567164179e-05
6.156856243e-21
6.567164179e-05
2.795479718e-20
6.567164179e-05
2.679822974e-20
6.567164179e-05
6.900181783e-21
6.567164179e-05
-5.361888471e-21
6.567164179e-05
7.444770458e-21
6.567164179e-05
2.939101492e-20
6.567164179e-05
2.528409351e-20
6.567164179e-05
-3.943899899e-21
6.567164179e-05
-4.585405566e-21
6.567164179e-05
1.561544668e-21
6.567164179e-05
-4.224907616e-21
6.567164179e-05
1.098018311e-20
6.567164179e-05
9.340707139e-21
6.567164179e-05
2.035375227e-20
6.567164179e-05
2.993652872e-21
6.567164179e-05
1.716668991e-20
6.567164179e-05
-1.531243782e-20
6.567164179e-05
-3.510171934e-20
6.567164179e-05
-2.625741212e-20
6.567164179e-05
6.3852102e-21
6.567164179e-05
1.463129579e-20
6.567164179e-05
-9.705566462e-21
6.567164179e-05
-1.073917466e-20
6.567164179e-05
5.902017823e-21
6.567164179e-05
2.524083536e-20
6.567164179e-05
-2.095259165e-20
6.567164179e-05
-2.459606019e-20
6.567164179e-05
4.169353816e-20
6.567164179e-05
3.294799727e-20
6.567164179e-05
5.287739688e-21
6.567164179e-05
1.306907659e-20
6.567164179e-05
1.938792197e-20
6.567164179e-05
-1.073104457e-20
6.567164179e-05
-1.419264474e-20
6.567164179e-05
-1.176747437e-20
6.567164179e-05
-1.221698847e-20
6.567164179e-05
-4.57315998e-21
6.567164179e-05
2.007879234e-20
6.567164179e-05
-8.321302429e-21
6.567164179e-05
-3.037198667e-20
6.567164179e-05
-3.084946231e-20
6.567164179e-05
-2.101473622e-20
6.567164179e-05
-2.100351038e-20
6.567164179e-05
-3.937978558e-20
6.567164179e-05
5.143504616e-21
6.567164179e-05
3.004645903e-20
6.567164179e-05
-1.092912497e-20
6.567164179e-05
-2.239482006e-20
6.567164179e-05
3.603795247e-20
6.567164179e-05
6.860125381e-20
6.567164179e-05
1.684625048e-20
6.567164179e-05
-2.125668147e-20
6.567164179e-05
-2.275669894e-20
6.567164179e-05
1.660369638e-21
6.567164179e-05
-1.22816313e-20
6.567164179e-05
-3.326980569e-20
6.567164179e-05
1.651847684e-20
6.567164179e-05
3.571908155e-20
6.567164179e-05
1.107045171e-20
6.567164179e-05
-1.720646458e-20
6.567164179e-05
4.230652916e-21
6.567164179e-05
5.93982406e-20
6.567164179e-05
3.527950598e-20
6.567164179e-05
3.546832145e-21
6.567164179e-05
-4.864274819e-21
6.567164179e-05
4.797259659e-20
6.567164179e-05
4.457311279e-20
6.567164179e-05
-5.820827849e-21
6.567164179e-05
-1.414803672e-20
6.567164179e-05
-5.052497853e-21
6.567164179e-05
8.109462956e-21
6.567164179e-05
-2.20902556e-20
6.567164179e-05
-3.887110312e-20
6.567164179e-05
-2.742012013e-20
6.567164179e-05
-2.589421659e-20
6.567164179e-05
-5.376016811e-20
6.567164179e-05
-8.274838777e-21
6.567164179e-05
7.61570889e-20
6.567164179e-05
5.717956863e-20
6.567164179e-05
-6.952899632e-22
6.567164179e-05
-4.358391825e-20
6.567164179e-05
-4.419444742e-20
6.567164179e-05
8.598007187e-21
6.567164179e-05
-1.511454571e-20
6.567164179e-05
-1.963458284e-20
6.567164179e-05
-2.875282848e-20
6.567164179e-05
-6.222305442e-21
6.567164179e-05
8.074482555e-21
6.567164179e-05
-3.289782737e-20
6.567164179e-05
4.026824909e-21
6.567164179e-05
2.676678386e-20
6.567164179e-05
8.355324923e-20
6.567164179e-05
7.471851295e-20
6.567164179e-05
3.681983166e-20
6.567164179e-05
4.843836749e-20
6.567164179e-05
2.361011045e-20
6.567164179e-05
-2.149141312e-20
6.567164179e-05
-6.895120534e-20
6.567164179e-05
-4.151600398e-20
6.567164179e-05
1.02359015e-20
6.567164179e-05
-1.088141939e-20
6.567164179e-05
-3.124223523e-20
6.567164179e-05
4.682656806e-20
6.567164179e-05
4.114133536e-20
6.567164179e-05
-2.951820101e-20
6.567164179e-05
-3.274334984e-20
6.567164179e-05
7.059387329e-21
6.567164179e-05
6.257183521e-20
6.567164179e-05
3.100038966e-20
6.567164179e-05
3.928405519e-21
6.567164179e-05
8.035916996e-22
6.567164179e-05
-2.082648059e-20
6.567164179e-05
-5.739903961e-20
6.567164179e-05
-2.521249042e-20
6.567164179e-05
5.599813834e-20
6.567164179e-05
5.031490226e-20
6.567164179e-05
3.101302251e-20
6.567164179e-05
-1.115711147e-20
6.567164179e-05
-4.436169548e-21
6.567164179e-05
2.331197829e-21
6.567164179e-05
-5.325371077e-20
6.567164179e-05
-5.064153639e-20
6.567164179e-05
1.777146235e-21
6.567164179e-05
-4.386793503e-20
6.567164179e-05
-5.825897275e-22
6.567164179e-05
3.336843029e-20
6.567164179e-05
7.065524728e-21
6.567164179e-05
4.33514753e-20
6.567164179e-05
4.859560825e-20
6.567164179e-05
-1.598214645e-20
6.567164179e-05
-2.528633964e-20
6.567164179e-05
3.551105553e-21
6.567164179e-05
5.334978152e-20
6.567164179e-05
9.653188941e-21
6.567164179e-05
-6.393208173e-20
6.567164179e-05
-1.268042159e-20
6.567164179e-05
9.341035437e-21
6.567164179e-05
-7.167931104e-20
6.567164179e-05
-7.670107764e-20
6.567164179e-05
-2.554154168e-20
6.567164179e-05
1.464593407e-21
6.567164179e-05
3.348392456e-20
6.567164179e-05
8.638213945e-21
6.567164179e-05
-1.025696455e-20
6.567164179e-05
3.242083563e-21
6.567164179e-05
-3.562672106e-22
6.567164179e-05
-3.425088293e-20
2.424436121e-20
7.014925373e-05
5.850649739e-20
7.014925373e-05
4.37852261e-20
7.014925373e-05
3.728911633e-20
7.014925373e-05
2.185850968e-20
7.014925373e-05
2.195787295e-20
7.014925373e-05
4.579520135e-20
7.014925373e-05
4.056247872e-20
7.014925373e-05
3.128969916e-20
7.014925373e-05
3.542412575e-20
7.014925373e-05
1.411261334e-20
7.014925373e-05
1.778085061e-20
7.014925373e-05
1.079710611e-20
7.014925373e-05
1.354888644e-20
7.014925373e-05
-8.268180019e-21
7.014925373e-05
-3.439893133e-20
7.014925373e-05
-4.615643705e-20
7.014925373e-05
-4.571323549e-20
7.014925373e-05
-2.821168285e-20
7.014925373e-05
7.384460537e-21
7.014925373e-05
-4.737740709e-21
7.014925373e-05
-4.588362075e-21
7.014925373e-05
4.939518579e-21
7.014925373e-05
-5.338599503e-21
7.014925373e-05
-8.628185806e-21
7.014925373e-05
1.983308472e-20
7.014925373e-05
5.984168971e-21
7.014925373e-05
-1.451386005e-20
7.014925373e-05
-3.616667743e-20
7.014925373e-05
-3.953924326e-20
7.014925373e-05
-2.8081905e-20
7.014925373e-05
-4.278837514e-20
7.014925373e-05
-4.898907591e-20
7.014925373e-05
-3.326605628e-20
7.014925373e-05
-3.704673212e-20
7.014925373e-05
-2.011001806e-20
7.014925373e-05
1.688687712e-20
7.014925373e-05
2.369578055e-20
7.014925373e-05
4.689976918e-20
7.014925373e-05
1.519858748e-20
7.014925373e-05
-2.097717644e-20
7.014925373e-05
-3.884557237e-20
7.014925373e-05
-3.916364548e-20
7.014925373e-05
-1.732694827e-20
7.014925373e-05
-4.918657108e-21
7.014925373e-05
-1.005237221e-20
7.014925373e-05
-1.929198483e-20
7.014925373e-05
-1.2782154e-20
7.014925373e-05
2.313840083e-20
7.014925373e-05
8.354099905e-21
7.014925373e-05
-2.733606604e-21
7.014925373e-05
8.479120156e-22
7.014925373e-05
-2.842830463e-21
7.014925373e-05
4.450936703e-20
7.014925373e-05
3.26214474e-20
7.014925373e-05
1.802386691e-20
7.014925373e-05
7.615355768e-21
7.014925373e-05
1.118061633e-20
7.014925373e-05
2.051288739e-20
7.014925373e-05
2.676377083e-20
7.014925373e-05
-5.847983431e-22
7.014925373e-05
-1.557935653e-20
7.014925373e-05
-3.950795648e-23
7.014925373e-05
1.194538551e-20
7.014925373e-05
5.073732472e-21
7.014925373e-05
7.738411685e-21
7.014925373e-05
8.247567389e-21
7.014925373e-05
4.290914329e-21
7.014925373e-05
7.016042425e-21
7.014925373e-05
-2.943441197e-20
7.014925373e-05
-2.364467085e-20
7.014925373e-05
-1.696335819e-20
7.014925373e-05
1.605392098e-20
7.014925373e-05
1.545726652e-20
7.014925373e-05
-1.65340922e-21
7.014925373e-05
-2.12292834e-20
7.014925373e-05
3.606501043e-21
7.014925373e-05
2.029765529e-20
7.014925373e-05
-4.814447552e-21
7.014925373e-05
-4.875963191e-21
7.014925373e-05
1.798315502e-20
7.014925373e-05
2.672755026e-20
7.014925373e-05
1.845259477e-20
7.014925373e-05
5.322012369e-21
7.014925373e-05
1.536199734e-20
7.014925373e-05
-6.831784745e-22
7.014925373e-05
-3.772869339e-20
7.014925373e-05
-2.11938373e-20
7.014925373e-05
-8.259915968e-21
7.014925373e-05
-3.078502845e-21
7.014925373e-05
1.028557363e-20
7.014925373e-05
3.329092628e-21
7.014925373e-05
-2.742983678e-20
7.014925373e-05
-4.256639422e-20
7.014925373e-05
-2.738044195e-20
7.014925373e-05
-8.553677463e-21
7.014925373e-05
-5.151106957e-20
7.014925373e-05
-1.870750034e-20
7.014925373e-05
1.677225911e-20
7.014925373e-05
-1.324781617e-21
7.014925373e-05
-7.334589651e-22
7.014925373e-05
3.543927053e-20
7.014925373e-05
4.804488454e-20
7.014925373e-05
2.402951915e-20
7.014925373e-05
-1.698057986e-20
7.014925373e-05
-3.515148801e-20
7.014925373e-05
-8.680012039e-21
7.014925373e-05
-5.603378779e-21
7.014925373e-05
-1.862242216e-20
7.014925373e-05
-4.569273472e-22
7.014925373e-05
3.243074677e-20
7.014925373e-05
2.127289358e-20
7.014925373e-05
5.501508006e-21
7.014925373e-05
2.554392333e-20
7.014925373e-05
3.793196148e-20
7.014925373e-05
3.990747009e-20
7.014925373e-05
1.79207098e-20
7.014925373e-05
-1.139523647e-20
7.014925373e-05
3.076921807e-20
7.014925373e-05
4.507794811e-20
7.014925373e-05
1.759682613e-20
7.014925373e-05
-4.0074687e-21
7.014925373e-05
1.273300746e-22
7.014925373e-05
-1.872538302e-21
7.014925373e-05
-2.903846739e-20
7.014925373e-05
-5.727801736e-20
7.014925373e-05
-4.936068474e-20
7.014925373e-05
-1.920258101e-20
7.014925373e-05
-4.024360366e-20
7.014925373e-05
1.074010039e-20
7.014925373e-05
6.320342161e-20
7.014925373e-05
3.897930085e-20
7.014925373e-05
1.351506549e-20
7.014925373e-05
-4.492785542e-20
7.014925373e-05
-3.524034452e-20
7.014925373e-05
1.226328694e-20
7.014925373e-05
-1.094217516e-20
7.014925373e-05
-2.9761007e-20
7.014925373e-05
-1.891415231e-20
7.014925373e-05
-7.625377729e-21
7.014925373e-05
1.476827085e-20
7.014925373e-05
-2.343839517e-20
7.014925373e-05
4.260604882e-21
7.014925373e-05
3.890662717e-20
7.014925373e-05
7.71891941e-20
7.014925373e-05
8.283317489e-20
7.014925373e-05
3.709002406e-20
7.014925373e-05
4.942235522e-20
7.014925373e-05
1.962466649e-20
7.014925373e-05
-2.067221898e-20
7.014925373e-05
-5.13966705e-20
7.014925373e-05
-4.859642328e-20
7.014925373e-05
-3.326213158e-21
7.014925373e-05
-2.164265429e-20
7.014925373e-05
-1.159119148e-20
7.014925373e-05
3.957331841e-20
7.014925373e-05
2.818206181e-20
7.014925373e-05
-2.010269182e-20
7.014925373e-05
-2.135368482e-20
7.014925373e-05
8.920554224e-21
7.014925373e-05
4.531132502e-20
7.014925373e-05
9.459566005e-21
7.014925373e-05
2.479314016e-22
7.014925373e-05
-3.237577202e-21
7.014925373e-05
-6.251602558e-21
7.014925373e-05
-4.562960443e-20
7.014925373e-05
-1.347082135e-20
7.014925373e-05
5.225231131e-20
7.014925373e-05
4.246642894e-20
7.014925373e-05
3.553297186e-20
7.014925373e-05
-3.284388643e-20
7.014925373e-05
-8.05891286e-21
7.014925373e-05
7.337097932e-21
7.014925373e-05
-3.230166319e-20
7.014925373e-05
-4.228306739e-20
7.014925373e-05
-5.42539548e-21
7.014925373e-05
-1.468528045e-20
7.014925373e-05
-3.297785196e-20
7.014925373e-05
1.565188423e-20
7.014925373e-05
6.629280903e-21
7.014925373e-05
5.46981526e-20
7.014925373e-05
5.141930497e-20
7.014925373e-05
-9.829293124e-22
7.014925373e-05
-5.389800544e-21
7.014925373e-05
1.669631247e-20
7.014925373e-05
4.371577273e-20
7.014925373e-05
1.186572283e-20
7.014925373e-05
-6.226550827e-20
7.014925373e-05
-1.386865328e-20
7.014925373e-05
1.352139914e-20
7.014925373e-05
-7.602427258e-20
7.014925373e-05
-7.462438982e-20
7.014925373e-05
-2.751856464e-20
7.014925373e-05
6.109545024e-21
7.014925373e-05
3.241729267e-20
7.014925373e-05
5.346813429e-21
7.014925373e-05
-3.284826719e-21
7.014925373e-05
5.403397919e-21
7.014925373e-05
-1.748851138e-21
7.014925373e-05
-2.436397114e-20
1.168623328e-20
7.313432836e-05
3.55561292e-20
7.313432836e-05
3.468034646e-20
7.313432836e-05
4.268573325e-20
7.313432836e-05
4.390973261e-20
7.313432836e-05
3.710383563e-20
7.313432836e-05
4.240432679e-20
7.313432836e-05
5.171453491e-20
7.313432836e-05
3.012659432e-20
7.313432836e-05
3.439288203e-20
7.313432836e-05
1.573356251e-20
7.313432836e-05
3.013342292e-21
7.313432836e-05
1.252941539e-20
7.313432836e-05
1.951243569e-20
7.313432836e-05
-2.051844713e-20
7.313432836e-05
-3.03585315e-20
7.313432836e-05
-4.50896113e-20
7.313432836e-05
-5.121475468e-20
7.313432836e-05
-1.994130604e-20
7.313432836e-05
1.644053192e-21
7.313432836e-05
-1.393944039e-21
7.313432836e-05
-6.266239554e-21
7.313432836e-05
8.960595233e-21
7.313432836e-05
-1.827862413e-21
7.313432836e-05
-1.098076009e-20
7.313432836e-05
5.419008461e-21
7.313432836e-05
-7.958163709e-21
7.313432836e-05
-2.878416417e-20
7.313432836e-05
-2.800864921e-20
7.313432836e-05
-2.941180616e-20
7.313432836e-05
-3.034507721e-20
7.313432836e-05
-4.801317965e-20
7.313432836e-05
-6.067716066e-20
7.313432836e-05
-4.304502725e-20
7.313432836e-05
-2.313961982e-20
7.313432836e-05
-3.964808077e-21
7.313432836e-05
1.960329685e-20
7.313432836e-05
1.870519254e-20
7.313432836e-05
2.59134309e-20
7.313432836e-05
6.805409799e-21
7.313432836e-05
-1.31729824e-20
7.313432836e-05
-2.632209182e-20
7.313432836e-05
-2.74565868e-20
7.313432836e-05
-2.552926351e-20
7.313432836e-05
-2.092375118e-20
7.313432836e-05
-6.048322935e-21
7.313432836e-05
-2.110020298e-20
7.313432836e-05
-1.127916231e-22
7.313432836e-05
3.210256064e-20
7.313432836e-05
1.322232144e-20
7.313432836e-05
-4.107535188e-21
7.313432836e-05
-3.803221669e-21
7.313432836e-05
2.430664424e-21
7.313432836e-05
3.602844201e-20
7.313432836e-05
4.781110242e-20
7.313432836e-05
2.446411935e-20
7.313432836e-05
3.727594438e-20
7.313432836e-05
5.482848411e-21
7.313432836e-05
-2.174802154e-21
7.313432836e-05
1.688980346e-20
7.313432836e-05
1.449899355e-20
7.313432836e-05
1.781266214e-21
7.313432836e-05
3.782767751e-21
7.313432836e-05
-9.312157767e-21
7.313432836e-05
-1.496309804e-20
7.313432836e-05
1.221652667e-20
7.313432836e-05
1.420220949e-20
7.313432836e-05
8.244017847e-21
7.313432836e-05
-1.048636563e-20
7.313432836e-05
-8.056853503e-21
7.313432836e-05
-1.786603783e-20
7.313432836e-05
-8.536945019e-21
7.313432836e-05
7.563856225e-21
7.313432836e-05
1.243487364e-20
7.313432836e-05
4.209028572e-21
7.313432836e-05
-4.327595795e-21
7.313432836e-05
-1.313616059e-20
7.313432836e-05
1.471817858e-20
7.313432836e-05
1.652619354e-21
7.313432836e-05
-9.598817829e-21
7.313432836e-05
2.65019006e-20
7.313432836e-05
1.079879592e-20
7.313432836e-05
1.73591797e-20
7.313432836e-05
-3.260901207e-22
7.313432836e-05
1.385022396e-20
7.313432836e-05
1.043962548e-20
7.313432836e-05
-4.130441975e-20
7.313432836e-05
-4.850077828e-20
7.313432836e-05
-2.159355098e-20
7.313432836e-05
5.662082745e-22
7.313432836e-05
-7.692671684e-21
7.313432836e-05
8.594946069e-21
7.313432836e-05
1.555630483e-21
7.313432836e-05
-3.179398727e-20
7.313432836e-05
-2.931689614e-20
7.313432836e-05
-2.860610552e-20
7.313432836e-05
-6.617773664e-20
7.313432836e-05
-2.127301979e-20
7.313432836e-05
2.754067649e-20
7.313432836e-05
3.594636369e-21
7.313432836e-05
-1.302264303e-20
7.313432836e-05
1.149644918e-20
7.313432836e-05
3.183460377e-20
7.313432836e-05
2.013554634e-20
7.313432836e-05
-2.400280759e-20
7.313432836e-05
-3.773965284e-20
7.313432836e-05
-1.369568551e-20
7.313432836e-05
1.445006145e-21
7.313432836e-05
1.923232913e-21
7.313432836e-05
7.325039435e-21
7.313432836e-05
1.037696034e-20
7.313432836e-05
1.910927502e-20
7.313432836e-05
3.457963498e-20
7.313432836e-05
2.343299087e-20
7.313432836e-05
2.4477822e-20
7.313432836e-05
3.693011054e-20
7.313432836e-05
2.362421129e-20
7.313432836e-05
2.412481478e-21
7.313432836e-05
1.218930195e-22
7.313432836e-05
2.180025093e-20
7.313432836e-05
2.558202836e-20
7.313432836e-05
1.608673714e-20
7.313432836e-05
3.534673267e-21
7.313432836e-05
-7.706197956e-21
7.313432836e-05
-3.17390587e-20
7.313432836e-05
-4.820600109e-20
7.313432836e-05
-7.029644161e-20
7.313432836e-05
-1.071501251e-20
7.313432836e-05
-1.458708093e-20
7.313432836e-05
-2.485617982e-21
7.313432836e-05
3.804938979e-20
7.313432836e-05
4.010336639e-20
7.313432836e-05
2.9218287e-20
7.313432836e-05
-2.973556753e-20
7.313432836e-05
-2.878915618e-20
7.313432836e-05
-1.207074858e-20
7.313432836e-05
-2.008897811e-20
7.313432836e-05
-2.471748051e-20
7.313432836e-05
-1.894320029e-20
7.313432836e-05
1.695561636e-20
7.313432836e-05
1.783105832e-20
7.313432836e-05
-2.684406325e-20
7.313432836e-05
2.345834679e-20
7.313432836e-05
5.504885985e-20
7.313432836e-05
5.390165704e-20
7.313432836e-05
7.944852324e-20
7.313432836e-05
3.175609097e-20
7.313432836e-05
6.258601335e-20
7.313432836e-05
1.663968832e-20
7.313432836e-05
-2.131119613e-20
7.313432836e-05
-5.496404661e-20
7.313432836e-05
-3.452283637e-20
7.313432836e-05
-2.374626279e-20
7.313432836e-05
-3.620883797e-20
7.313432836e-05
-1.44371203e-20
7.313432836e-05
2.096676481e-20
7.313432836e-05
2.152384796e-20
7.313432836e-05
-4.468108827e-21
7.313432836e-05
-5.55631081e-21
7.313432836e-05
-1.21957689e-20
7.313432836e-05
1.022163191e-20
7.313432836e-05
2.043225506e-20
7.313432836e-05
6.958547158e-21
7.313432836e-05
-4.269360699e-21
7.313432836e-05
-1.326562713e-20
7.313432836e-05
-2.08914195e-20
7.313432836e-05
-5.294383831e-21
7.313432836e-05
5.018120013e-20
7.313432836e-05
4.635056706e-20
7.313432836e-05
3.844646614e-20
7.313432836e-05
-2.783441699e-20
7.313432836e-05
-1.512565885e-20
7.313432836e-05
-3.463546314e-22
7.313432836e-05
-3.101652857e-20
7.313432836e-05
-4.485719911e-20
7.313432836e-05
-1.983225871e-20
7.313432836e-05
-1.046492787e-21
7.313432836e-05
-4.158864842e-20
7.313432836e-05
2.298176835e-21
7.313432836e-05
1.054546286e-20
7.313432836e-05
4.334211818e-20
7.313432836e-05
6.163937507e-20
7.313432836e-05
1.777641083e-20
7.313432836e-05
1.85271345e-20
7.313432836e-05
2.687681651e-20
7.313432836e-05
3.718249042e-20
7.313432836e-05
-1.041937373e-20
7.313432836e-05
-5.397972673e-20
7.313432836e-05
-1.981226097e-20
7.313432836e-05
-1.027519216e-24
7.313432836e-05
-6.013850582e-20
7.313432836e-05
-6.026776103e-20
7.313432836e-05
-1.190088838e-20
7.313432836e-05
4.386569328e-21
7.313432836e-05
2.274511877e-20
7.313432836e-05
2.270259748e-20
7.313432836e-05
-1.451740779e-20
7.313432836e-05
-1.138269538e-20
7.313432836e-05
-3.435109176e-21
7.313432836e-05
-1.740629796e-20
1.396856723e-20
7.462686567e-05
2.663297623e-20
7.462686567e-05
4.091961637e-20
7.462686567e-05
5.277343545e-20
7.462686567e-05
4.17824622e-20
7.462686567e-05
5.000147689e-20
7.462686567e-05
5.44702873e-20
7.462686567e-05
3.355536042e-20
7.462686567e-05
2.633835325e-20
7.462686567e-05
1.678085742e-20
7.462686567e-05
1.613484975e-20
7.462686567e-05
1.25963612e-20
7.462686567e-05
1.875656433e-20
7.462686567e-05
8.989720029e-21
7.462686567e-05
-1.576255679e-20
7.462686567e-05
-2.582915705e-20
7.462686567e-05
-3.514167008e-20
7.462686567e-05
-3.315650213e-20
7.462686567e-05
6.214097867e-22
7.462686567e-05
-9.395174376e-21
7.462686567e-05
7.725986593e-21
7.462686567e-05
3.877572957e-21
7.462686567e-05
2.386946037e-21
7.462686567e-05
-1.58626825e-20
7.462686567e-05
-4.367440612e-21
7.462686567e-05
-4.440277345e-21
7.462686567e-05
-2.35444835e-20
7.462686567e-05
-3.172627397e-20
7.462686567e-05
-1.740217207e-20
7.462686567e-05
-1.055251449e-20
7.462686567e-05
-3.055825209e-20
7.462686567e-05
-5.091372487e-20
7.462686567e-05
-5.813769078e-20
7.462686567e-05
-4.142718766e-20
7.462686567e-05
-2.438158815e-20
7.462686567e-05
-5.103713948e-21
7.462686567e-05
1.217171369e-20
7.462686567e-05
1.311204433e-20
7.462686567e-05
1.411395112e-20
7.462686567e-05
-9.374922981e-21
7.462686567e-05
-1.358547328e-20
7.462686567e-05
-2.496474138e-20
7.462686567e-05
-1.055384079e-20
7.462686567e-05
-2.299886761e-20
7.462686567e-05
-4.470757024e-20
7.462686567e-05
-1.208016912e-20
7.462686567e-05
-1.173645892e-20
7.462686567e-05
2.054931481e-21
7.462686567e-05
1.981388942e-20
7.462686567e-05
3.109736739e-20
7.462686567e-05
-7.955538096e-21
7.462686567e-05
2.71009484e-21
7.462686567e-05
3.040886049e-20
7.462686567e-05
3.906775125e-20
7.462686567e-05
3.73952893e-20
7.462686567e-05
3.426199218e-20
7.462686567e-05
4.033736086e-20
7.462686567e-05
2.586406503e-20
7.462686567e-05
1.578838153e-21
7.462686567e-05
1.485398459e-20
7.462686567e-05
1.45850058e-20
7.462686567e-05
9.178874493e-21
7.462686567e-05
-1.145565222e-20
7.462686567e-05
-2.246207177e-20
7.462686567e-05
-3.608012863e-21
7.462686567e-05
9.280764745e-21
7.462686567e-05
9.626681754e-21
7.462686567e-05
6.620310693e-21
7.462686567e-05
-7.692165724e-21
7.462686567e-05
-8.71769532e-21
7.462686567e-05
-1.384262488e-20
7.462686567e-05
6.78635755e-22
7.462686567e-05
9.986692474e-22
7.462686567e-05
6.992761101e-21
7.462686567e-05
1.54524029e-20
7.462686567e-05
-3.208145017e-23
7.462686567e-05
-1.947964132e-20
7.462686567e-05
4.251382977e-21
7.462686567e-05
1.34416242e-20
7.462686567e-05
6.008269971e-21
7.462686567e-05
1.561942618e-20
7.462686567e-05
-4.074022399e-21
7.462686567e-05
3.099204699e-21
7.462686567e-05
5.426315481e-21
7.462686567e-05
4.466529101e-21
7.462686567e-05
-1.092007691e-20
7.462686567e-05
-4.380229297e-20
7.462686567e-05
-5.29864184e-20
7.462686567e-05
-2.543566912e-20
7.462686567e-05
-2.878401262e-21
7.462686567e-05
7.343694562e-21
7.462686567e-05
7.558241251e-21
7.462686567e-05
-7.625568527e-21
7.462686567e-05
-2.020000678e-20
7.462686567e-05
-2.489803808e-20
7.462686567e-05
-2.25410338e-20
7.462686567e-05
-5.107556135e-20
7.462686567e-05
-2.226426197e-20
7.462686567e-05
-1.258362855e-20
7.462686567e-05
-8.506539743e-21
7.462686567e-05
-1.464933609e-21
7.462686567e-05
1.058442625e-20
7.462686567e-05
7.578500454e-21
7.462686567e-05
1.095121038e-20
7.462686567e-05
-2.241365738e-21
7.462686567e-05
-3.053951075e-20
7.462686567e-05
-2.848589869e-20
7.462686567e-05
1.489455955e-20
7.462686567e-05
1.105050902e-20
7.462686567e-05
-5.654939395e-21
7.462686567e-05
5.879905001e-21
7.462686567e-05
2.871035702e-20
7.462686567e-05
4.055672463e-20
7.462686567e-05
2.5196592e-20
7.462686567e-05
1.575220048e-20
7.462686567e-05
1.901495282e-20
7.462686567e-05
3.935524681e-20
7.462686567e-05
1.845776357e-20
7.462686567e-05
-6.188910561e-21
7.462686567e-05
6.789927572e-21
7.462686567e-05
2.248291782e-20
7.462686567e-05
2.109681483e-20
7.462686567e-05
8.644938811e-21
7.462686567e-05
-7.521481671e-21
7.462686567e-05
-2.016041948e-20
7.462686567e-05
-5.143136115e-20
7.462686567e-05
-5.343973411e-20
7.462686567e-05
-1.97189904e-20
7.462686567e-05
-1.095346036e-20
7.462686567e-05
-5.738810282e-21
7.462686567e-05
1.509165251e-20
7.462686567e-05
2.95398817e-20
7.462686567e-05
2.685185696e-20
7.462686567e-05
-1.53780324e-20
7.462686567e-05
-3.375268732e-20
7.462686567e-05
-1.995978654e-20
7.462686567e-05
-2.329251875e-20
7.462686567e-05
-2.143125134e-20
7.462686567e-05
-9.73340002e-21
7.462686567e-05
2.616448292e-20
7.462686567e-05
5.963579244e-21
7.462686567e-05
-7.071527533e-21
7.462686567e-05
3.991303594e-20
7.462686567e-05
8.710048851e-20
7.462686567e-05
5.053587131e-20
7.462686567e-05
4.017387472e-20
7.462686567e-05
5.063722845e-20
7.462686567e-05
4.790722645e-20
7.462686567e-05
2.372501286e-20
7.462686567e-05
-1.00659326e-20
7.462686567e-05
-3.416368313e-20
7.462686567e-05
-1.913914622e-20
7.462686567e-05
-5.503156952e-20
7.462686567e-05
-5.623460489e-20
7.462686567e-05
-1.489363702e-20
7.462686567e-05
1.456756583e-20
7.462686567e-05
9.136225297e-21
7.462686567e-05
2.077429454e-20
7.462686567e-05
2.383021977e-20
7.462686567e-05
-3.346629775e-20
7.462686567e-05
-1.313442877e-20
7.462686567e-05
1.444078905e-20
7.462686567e-05
1.364596619e-20
7.462686567e-05
-7.359895597e-21
7.462686567e-05
-8.545347234e-22
7.462686567e-05
-1.538621738e-20
7.462686567e-05
2.553552299e-20
7.462686567e-05
4.435170385e-20
7.462686567e-05
4.741298331e-20
7.462686567e-05
2.931846457e-20
7.462686567e-05
-2.29621167e-20
7.462686567e-05
-2.829984162e-20
7.462686567e-05
-3.202679893e-20
7.462686567e-05
-3.074024203e-20
7.462686567e-05
-3.233748316e-20
7.462686567e-05
-1.714240991e-20
7.462686567e-05
-1.031829178e-20
7.462686567e-05
-4.753281174e-20
7.462686567e-05
-4.041434018e-21
7.462686567e-05
3.51810287e-20
7.462686567e-05
3.116529506e-20
7.462686567e-05
4.138813225e-20
7.462686567e-05
3.422242324e-20
7.462686567e-05
5.157372253e-20
7.462686567e-05
3.711003579e-20
7.462686567e-05
4.622593766e-21
7.462686567e-05
-9.063049992e-21
7.462686567e-05
-2.242500254e-20
7.462686567e-05
-2.244855432e-20
7.462686567e-05
-2.78670105e-20
7.462686567e-05
-5.54269786e-20
7.462686567e-05
-4.036374993e-20
7.462686567e-05
3.623805393e-21
7.462686567e-05
1.510603323e-20
7.462686567e-05
2.248319379e-20
7.462686567e-05
2.067052242e-20
7.462686567e-05
-1.482233533e-20
7.462686567e-05
-2.794716393e-20
7.462686567e-05
-9.285307321e-22
7.462686567e-05
-3.713322327e-21
6.606065837e-21
7.462686567e-05
3.000305866e-20
7.462686567e-05
3.468640801e-20
7.462686567e-05
5.735198434e-20
7.462686567e-05
4.877443501e-20
7.462686567e-05
3.619174116e-20
7.462686567e-05
4.731643639e-20
7.462686567e-05
2.36179749e-20
7.462686567e-05
1.60003026e-20
7.462686567e-05
1.245822813e-20
7.462686567e-05
1.411402366e-20
7.462686567e-05
1.501444057e-20
7.462686567e-05
2.041583176e-20
7.462686567e-05
1.413374072e-20
7.462686567e-05
2.957235886e-21
7.462686567e-05
-1.340896172e-20
7.462686567e-05
-2.713263173e-20
7.462686567e-05
-1.980698512e-20
7.462686567e-05
-1.295109859e-20
7.462686567e-05
-1.011459927e-20
7.462686567e-05
-1.055246988e-20
7.462686567e-05
7.113275879e-21
7.462686567e-05
-1.485698207e-21
7.462686567e-05
-7.096575071e-21
7.462686567e-05
-1.616654772e-20
7.462686567e-05
-3.137346424e-21
7.462686567e-05
-1.831920147e-20
7.462686567e-05
-4.686964023e-20
7.462686567e-05
-1.054429681e-20
7.462686567e-05
4.560958447e-21
7.462686567e-05
-2.220776755e-20
7.462686567e-05
-5.59229383e-20
7.462686567e-05
-4.623823301e-20
7.462686567e-05
-3.67820301e-20
7.462686567e-05
-2.789076917e-20
7.462686567e-05
1.476873894e-22
7.462686567e-05
1.711577217e-20
7.462686567e-05
1.915428795e-20
7.462686567e-05
1.596728941e-22
7.462686567e-05
-3.288382418e-21
7.462686567e-05
-1.883116051e-20
7.462686567e-05
-9.070437365e-21
7.462686567e-05
-2.551716793e-22
7.462686567e-05
-3.509174876e-20
7.462686567e-05
-5.484757083e-20
7.462686567e-05
-3.874067149e-20
7.462686567e-05
-6.682862364e-21
7.462686567e-05
-1.989212498e-21
7.462686567e-05
3.37068894e-20
7.462686567e-05
2.51882985e-20
7.462686567e-05
1.292651657e-20
7.462686567e-05
1.415274005e-20
7.462686567e-05
3.359507893e-20
7.462686567e-05
3.073911021e-20
7.462686567e-05
2.58979349e-20
7.462686567e-05
4.397052098e-20
7.462686567e-05
5.248625538e-20
7.462686567e-05
3.693371064e-20
7.462686567e-05
-2.15277868e-21
7.462686567e-05
1.764951376e-21
7.462686567e-05
1.169019067e-20
7.462686567e-05
1.380364052e-21
7.462686567e-05
-1.166701796e-20
7.462686567e-05
-8.679851215e-22
7.462686567e-05
1.250779697e-20
7.462686567e-05
2.059424732e-21
7.462686567e-05
-7.120423835e-22
7.462686567e-05
-1.052476649e-20
7.462686567e-05
-4.900447278e-21
7.462686567e-05
-5.978008017e-21
7.462686567e-05
-2.103540003e-20
7.462686567e-05
2.796638582e-20
7.462686567e-05
1.726785931e-20
7.462686567e-05
-1.866027218e-20
7.462686567e-05
8.196688549e-21
7.462686567e-05
7.715418279e-21
7.462686567e-05
-1.694322178e-20
7.462686567e-05
-1.706300111e-20
7.462686567e-05
1.924762785e-20
7.462686567e-05
2.059714936e-20
7.462686567e-05
9.912172344e-21
7.462686567e-05
-1.896071392e-20
7.462686567e-05
-1.338191375e-21
7.462686567e-05
-4.98117872e-21
7.462686567e-05
2.47789778e-21
7.462686567e-05
1.663324383e-21
7.462686567e-05
-4.800141108e-20
7.462686567e-05
-5.04591907e-20
7.462686567e-05
-2.720870186e-20
7.462686567e-05
-5.612151439e-21
7.462686567e-05
4.285389865e-21
7.462686567e-05
1.266795558e-21
7.462686567e-05
-1.036472652e-20
7.462686567e-05
-1.719572694e-20
7.462686567e-05
-5.919233238e-21
7.462686567e-05
-3.180858392e-20
7.462686567e-05
-2.308155608e-20
7.462686567e-05
-2.890393586e-20
7.462686567e-05
-3.245944573e-20
7.462686567e-05
-1.605120215e-20
7.462686567e-05
-4.065674516e-21
7.462686567e-05
-2.160476396e-20
7.462686567e-05
-5.73669543e-21
7.462686567e-05
2.202201354e-20
7.462686567e-05
5.147122518e-21
7.462686567e-05
-2.534512323e-20
7.462686567e-05
-2.058437053e-20
7.462686567e-05
2.385927463e-20
7.462686567e-05
1.29033033e-20
7.462686567e-05
-1.982024821e-20
7.462686567e-05
-2.747943664e-21
7.462686567e-05
3.415341335e-20
7.462686567e-05
5.959385081e-20
7.462686567e-05
3.370673611e-20
7.462686567e-05
-3.963716812e-21
7.462686567e-05
2.401052565e-20
7.462686567e-05
3.811760397e-20
7.462686567e-05
9.615074392e-21
7.462686567e-05
-2.03994966e-20
7.462686567e-05
1.073116962e-20
7.462686567e-05
3.826559094e-20
7.462686567e-05
1.366898525e-20
7.462686567e-05
8.015976643e-21
7.462686567e-05
6.114571293e-22
7.462686567e-05
-2.096448915e-20
7.462686567e-05
-3.465274376e-20
7.462686567e-05
-4.998807957e-20
7.462686567e-05
-2.696407887e-20
7.462686567e-05
-2.200849953e-20
7.462686567e-05
7.293718105e-22
7.462686567e-05
-7.606809878e-21
7.462686567e-05
1.82646347e-20
7.462686567e-05
3.505065152e-20
7.462686567e-05
-9.247253024e-21
7.462686567e-05
-2.849530515e-20
7.462686567e-05
-4.868129727e-20
7.462686567e-05
-3.269845927e-20
7.462686567e-05
-2.471580369e-21
7.462686567e-05
3.546856238e-21
7.462686567e-05
2.044145986e-20
7.462686567e-05
4.570104628e-21
7.462686567e-05
1.601099157e-21
7.462686567e-05
5.657800196e-20
7.462686567e-05
9.699529148e-20
7.462686567e-05
4.077388024e-20
7.462686567e-05
3.167270446e-20
7.462686567e-05
4.603247395e-20
7.462686567e-05
3.168947462e-20
7.462686567e-05
2.61149684e-20
7.462686567e-05
4.668969839e-21
7.462686567e-05
-1.316578521e-20
7.462686567e-05
4.643126883e-22
7.462686567e-05
-7.246291606e-20
7.462686567e-05
-6.34912456e-20
7.462686567e-05
1.615816886e-22
7.462686567e-05
-8.592787932e-21
7.462686567e-05
-7.85897394e-21
7.462686567e-05
2.861844136e-20
7.462686567e-05
2.958140103e-20
7.462686567e-05
-2.361221173e-20
7.462686567e-05
-4.076910443e-20
7.462686567e-05
1.140007775e-20
7.462686567e-05
7.243205064e-21
7.462686567e-05
-3.881072595e-21
7.462686567e-05
-7.124556743e-21
7.462686567e-05
1.377383579e-20
7.462686567e-05
2.358672574e-20
7.462686567e-05
3.976615375e-20
7.462686567e-05
4.97633336e-20
7.462686567e-05
2.533714907e-20
7.462686567e-05
-2.369597256e-20
7.462686567e-05
-1.553953679e-20
7.462686567e-05
-4.3602012e-20
7.462686567e-05
-4.830975843e-20
7.462686567e-05
-2.180682259e-20
7.462686567e-05
-2.679541586e-20
7.462686567e-05
-1.765373836e-20
7.462686567e-05
-3.777838494e-20
7.462686567e-05
-1.04787999e-20
7.462686567e-05
5.143063199e-20
7.462686567e-05
1.307483708e-20
7.462686567e-05
3.765266477e-20
7.462686567e-05
5.680382808e-20
7.462686567e-05
6.971943926e-20
7.462686567e-05
4.8619184e-20
7.462686567e-05
-3.387527181e-20
7.462686567e-05
-1.547561139e-20
7.462686567e-05
-5.263270016e-21
7.462686567e-05
-7.147693046e-21
7.462686567e-05
-4.456791712e-20
7.462686567e-05
-4.808546081e-20
7.462686567e-05
-2.166866788e-20
7.462686567e-05
2.265828702e-21
7.462686567e-05
7.939992182e-21
7.462686567e-05
2.663608552e-22
7.462686567e-05
1.520663446e-20
7.462686567e-05
-1.091218962e-20
7.462686567e-05
-2.414413839e-20
7.462686567e-05
-5.264905362e-21
7.462686567e-05
6.244249289e-21
2.455071606e-21
7.313432836e-05
9.107427485e-21
7.313432836e-05
2.273390243e-20
7.313432836e-05
3.425931715e-20
7.313432836e-05
3.317796364e-20
7.313432836e-05
4.266781336e-20
7.313432836e-05
2.343039069e-20
7.313432836e-05
1.965743304e-20
7.313432836e-05
2.605314003e-20
7.313432836e-05
1.702777875e-20
7.313432836e-05
1.057170811e-20
7.313432836e-05
1.813362978e-20
7.313432836e-05
1.43277285e-20
7.313432836e-05
3.448003589e-21
7.313432836e-05
1.760861021e-20
7.313432836e-05
6.833106987e-21
7.313432836e-05
-1.908084083e-20
7.313432836e-05
-1.103594463e-20
7.313432836e-05
-1.824051487e-20
7.313432836e-05
-2.303925164e-20
7.313432836e-05
-1.254983869e-20
7.313432836e-05
-1.396572465e-21
7.313432836e-05
-1.066285177e-20
7.313432836e-05
1.056243419e-21
7.313432836e-05
-1.385512838e-20
7.313432836e-05
-4.704929045e-21
7.313432836e-05
-1.573955145e-20
7.313432836e-05
-3.914969045e-20
7.313432836e-05
-2.172446327e-20
7.313432836e-05
1.529230382e-20
7.313432836e-05
-1.176941757e-20
7.313432836e-05
-3.860501984e-20
7.313432836e-05
-5.365748211e-20
7.313432836e-05
-4.130570775e-20
7.313432836e-05
-1.22070196e-20
7.313432836e-05
1.941475904e-20
7.313432836e-05
9.016214543e-21
7.313432836e-05
3.22988219e-20
7.313432836e-05
5.630579882e-21
7.313432836e-05
-2.193517366e-20
7.313432836e-05
-3.171324407e-20
7.313432836e-05
6.731623897e-23
7.313432836e-05
1.29156404e-20
7.313432836e-05
-3.406629854e-20
7.313432836e-05
-6.200536306e-20
7.313432836e-05
-4.168056826e-20
7.313432836e-05
-2.892133863e-20
7.313432836e-05
1.56338783e-20
7.313432836e-05
4.394957348e-20
7.313432836e-05
3.643056026e-20
7.313432836e-05
1.576286641e-20
7.313432836e-05
1.478318253e-20
7.313432836e-05
2.121288148e-20
7.313432836e-05
1.753202788e-20
7.313432836e-05
2.855979664e-20
7.313432836e-05
3.22912904e-20
7.313432836e-05
4.742640393e-20
7.313432836e-05
4.428425237e-20
7.313432836e-05
2.676865687e-21
7.313432836e-05
1.08572614e-20
7.313432836e-05
2.738491576e-20
7.313432836e-05
6.535375401e-21
7.313432836e-05
-2.431240474e-20
7.313432836e-05
7.61533551e-21
7.313432836e-05
1.446310505e-20
7.313432836e-05
1.209632828e-20
7.313432836e-05
-1.390717473e-20
7.313432836e-05
-1.897761984e-20
7.313432836e-05
-7.344757213e-21
7.313432836e-05
-4.214159559e-21
7.313432836e-05
-2.058723006e-20
7.313432836e-05
2.675638499e-20
7.313432836e-05
1.948030748e-20
7.313432836e-05
-1.684162249e-20
7.313432836e-05
1.100740793e-20
7.313432836e-05
2.35394833e-20
7.313432836e-05
-7.316438717e-21
7.313432836e-05
-3.610377073e-20
7.313432836e-05
1.216659921e-20
7.313432836e-05
2.975509373e-20
7.313432836e-05
-7.114693038e-21
7.313432836e-05
2.432723725e-21
7.313432836e-05
-1.718917769e-20
7.313432836e-05
-2.953808096e-20
7.313432836e-05
1.594919131e-20
7.313432836e-05
2.435662738e-20
7.313432836e-05
-3.247967684e-20
7.313432836e-05
-4.430647672e-20
7.313432836e-05
-3.094661473e-20
7.313432836e-05
3.423301551e-21
7.313432836e-05
6.064870812e-21
7.313432836e-05
-1.642967376e-20
7.313432836e-05
-2.096202601e-20
7.313432836e-05
3.708956247e-21
7.313432836e-05
5.661477929e-21
7.313432836e-05
-3.196239935e-20
7.313432836e-05
-1.690989794e-20
7.313432836e-05
-3.369216443e-20
7.313432836e-05
-4.885137286e-20
7.313432836e-05
-2.127138798e-20
7.313432836e-05
-6.869096614e-21
7.313432836e-05
-1.36224564e-20
7.313432836e-05
-3.586688978e-20
7.313432836e-05
1.821963306e-20
7.313432836e-05
9.21403387e-21
7.313432836e-05
-1.170098855e-20
7.313432836e-05
-3.387182776e-20
7.313432836e-05
1.595964375e-20
7.313432836e-05
3.237992012e-20
7.313432836e-05
-2.184608071e-20
7.313432836e-05
-2.162402763e-20
7.313432836e-05
1.707457332e-20
7.313432836e-05
6.272929996e-20
7.313432836e-05
5.766215483e-20
7.313432836e-05
6.541981293e-21
7.313432836e-05
5.033018997e-21
7.313432836e-05
3.133627877e-20
7.313432836e-05
1.541916274e-20
7.313432836e-05
-5.924113696e-21
7.313432836e-05
2.313880559e-21
7.313432836e-05
3.643658057e-20
7.313432836e-05
2.746559455e-20
7.313432836e-05
-5.315577995e-22
7.313432836e-05
-2.337766839e-20
7.313432836e-05
-2.203170148e-20
7.313432836e-05
-2.278133177e-20
7.313432836e-05
-2.051352283e-20
7.313432836e-05
-2.259766059e-20
7.313432836e-05
-3.99158004e-20
7.313432836e-05
-1.400851586e-20
7.313432836e-05
-2.665233531e-21
7.313432836e-05
9.409708189e-21
7.313432836e-05
3.336066762e-20
7.313432836e-05
-9.675762939e-21
7.313432836e-05
-6.125313815e-22
7.313432836e-05
-5.381685528e-20
7.313432836e-05
-3.158426061e-20
7.313432836e-05
4.756855761e-21
7.313432836e-05
5.63569527e-21
7.313432836e-05
-1.117204576e-20
7.313432836e-05
-2.628825057e-20
7.313432836e-05
1.930381776e-20
7.313432836e-05
8.639053536e-20
7.313432836e-05
8.985463058e-20
7.313432836e-05
1.865579959e-20
7.313432836e-05
5.375070408e-21
7.313432836e-05
6.43052624e-20
7.313432836e-05
2.963611712e-20
7.313432836e-05
1.494375468e-20
7.313432836e-05
2.784905749e-20
7.313432836e-05
2.8090136e-20
7.313432836e-05
5.368765017e-21
7.313432836e-05
-7.586072516e-20
7.313432836e-05
-6.351229898e-20
7.313432836e-05
1.639294313e-20
7.313432836e-05
-2.966749165e-20
7.313432836e-05
-1.210094257e-20
7.313432836e-05
2.898217678e-20
7.313432836e-05
1.296973474e-20
7.313432836e-05
-1.305189194e-20
7.313432836e-05
-4.35233164e-20
7.313432836e-05
-6.08378731e-21
7.313432836e-05
-3.297009115e-21
7.313432836e-05
7.17391563e-21
7.313432836e-05
1.114796672e-20
7.313432836e-05
1.974744648e-21
7.313432836e-05
2.581976677e-20
7.313432836e-05
2.558069637e-20
7.313432836e-05
6.415936453e-20
7.313432836e-05
7.988189576e-21
7.313432836e-05
-1.198124863e-20
7.313432836e-05
1.235902893e-20
7.313432836e-05
-7.083876093e-20
7.313432836e-05
-7.773171529e-20
7.313432836e-05
-1.493357262e-20
7.313432836e-05
-2.42397944e-20
7.313432836e-05
1.140971049e-20
7.313432836e-05
-6.605004097e-20
7.313432836e-05
-2.25715034e-20
7.313432836e-05
8.244098972e-20
7.313432836e-05
2.527202238e-21
7.313432836e-05
2.235941154e-20
7.313432836e-05
7.84014364e-20
7.313432836e-05
7.610260667e-20
7.313432836e-05
4.589134823e-20
7.313432836e-05
-5.296597022e-20
7.313432836e-05
-1.931035377e-20
7.313432836e-05
4.170226757e-20
7.313432836e-05
-3.151506448e-21
7.313432836e-05
-7.480662827e-20
7.313432836e-05
-6.361344886e-20
7.313432836e-05
5.008571205e-21
7.313432836e-05
2.587055807e-20
7.313432836e-05
9.482967945e-21
7.313432836e-05
-2.061536834e-20
7.313432836e-05
-1.187714607e-20
7.313432836e-05
-8.314867341e-21
7.313432836e-05
-1.615420889e-20
7.313432836e-05
1.45534548e-20
7.313432836e-05
7.319128145e-21
4.953578988e-21
7.014925373e-05
-7.303789135e-21
7.014925373e-05
8.665668402e-21
7.014925373e-05
1.439161802e-20
7.014925373e-05
3.333675528e-21
7.014925373e-05
3.440847946e-20
7.014925373e-05
4.043787796e-20
7.014925373e-05
2.230722116e-20
7.014925373e-05
2.144714591e-20
7.014925373e-05
1.175801496e-20
7.014925373e-05
-3.831313955e-21
7.014925373e-05
1.782285722e-20
7.014925373e-05
1.733049534e-20
7.014925373e-05
1.021348347e-20
7.014925373e-05
1.190259098e-20
7.014925373e-05
1.006363939e-20
7.014925373e-05
-1.646292199e-20
7.014925373e-05
-1.811133434e-20
7.014925373e-05
-1.026204328e-20
7.014925373e-05
-3.622164814e-20
7.014925373e-05
-2.272840823e-20
7.014925373e-05
-1.77217244e-21
7.014925373e-05
1.207905204e-20
7.014925373e-05
1.012768069e-21
7.014925373e-05
-4.870344675e-21
7.014925373e-05
-2.255459245e-20
7.014925373e-05
-1.884418284e-20
7.014925373e-05
-2.575759002e-20
7.014925373e-05
-1.855585319e-20
7.014925373e-05
8.669458273e-21
7.014925373e-05
-9.05136872e-21
7.014925373e-05
-2.845203975e-20
7.014925373e-05
-3.866130213e-20
7.014925373e-05
-3.40527907e-20
7.014925373e-05
3.855707165e-21
7.014925373e-05
3.845203458e-20
7.014925373e-05
6.15406832e-21
7.014925373e-05
1.678306996e-20
7.014925373e-05
-8.233740526e-21
7.014925373e-05
-1.52590888e-20
7.014925373e-05
-7.990100536e-21
7.014925373e-05
-1.40517214e-20
7.014925373e-05
1.639472216e-20
7.014925373e-05
-2.641725176e-20
7.014925373e-05
-5.40000402e-20
7.014925373e-05
-4.234605949e-20
7.014925373e-05
-2.868328662e-20
7.014925373e-05
8.331096498e-21
7.014925373e-05
3.086765297e-20
7.014925373e-05
4.494590814e-20
7.014925373e-05
6.485764401e-21
7.014925373e-05
1.222971892e-20
7.014925373e-05
1.201796383e-20
7.014925373e-05
1.776250651e-20
7.014925373e-05
1.554717624e-20
7.014925373e-05
1.930126237e-20
7.014925373e-05
4.872422806e-20
7.014925373e-05
4.28585888e-20
7.014925373e-05
6.478989463e-21
7.014925373e-05
9.759300459e-21
7.014925373e-05
2.290436691e-20
7.014925373e-05
4.583860266e-21
7.014925373e-05
-1.256713432e-20
7.014925373e-05
5.272249384e-21
7.014925373e-05
6.152055083e-21
7.014925373e-05
2.203629836e-20
7.014925373e-05
-4.475171841e-21
7.014925373e-05
-3.007254674e-20
7.014925373e-05
-6.066412206e-21
7.014925373e-05
-6.97592516e-21
7.014925373e-05
-2.254312111e-20
7.014925373e-05
3.307672219e-20
7.014925373e-05
8.03836437e-21
7.014925373e-05
-8.479824983e-21
7.014925373e-05
1.922639883e-20
7.014925373e-05
3.166390423e-20
7.014925373e-05
-1.922108764e-20
7.014925373e-05
-4.706215332e-20
7.014925373e-05
2.209542669e-20
7.014925373e-05
3.420417597e-20
7.014925373e-05
-9.413595386e-21
7.014925373e-05
-2.670125905e-20
7.014925373e-05
-1.760112791e-20
7.014925373e-05
-1.303349129e-20
7.014925373e-05
1.017912973e-20
7.014925373e-05
2.232933607e-20
7.014925373e-05
1.29034059e-20
7.014925373e-05
-2.987751753e-20
7.014925373e-05
-5.227035468e-20
7.014925373e-05
-2.763029886e-21
7.014925373e-05
1.344611772e-20
7.014925373e-05
-2.920298558e-20
7.014925373e-05
-2.04328314e-20
7.014925373e-05
1.218087516e-20
7.014925373e-05
8.307575762e-21
7.014925373e-05
-2.645165327e-20
7.014925373e-05
3.33440472e-21
7.014925373e-05
-3.538578803e-20
7.014925373e-05
-6.007322686e-20
7.014925373e-05
-1.303237377e-20
7.014925373e-05
2.083188112e-20
7.014925373e-05
-2.445457571e-20
7.014925373e-05
-4.349039731e-20
7.014925373e-05
1.178237678e-20
7.014925373e-05
2.670984829e-20
7.014925373e-05
-2.205016031e-20
7.014925373e-05
-4.297974711e-20
7.014925373e-05
2.458253204e-20
7.014925373e-05
5.097621666e-20
7.014925373e-05
-4.120129725e-20
7.014925373e-05
-4.0751552e-20
7.014925373e-05
1.108440409e-20
7.014925373e-05
8.227965794e-20
7.014925373e-05
6.560487041e-20
7.014925373e-05
1.359018738e-20
7.014925373e-05
-1.476681639e-20
7.014925373e-05
7.713981883e-21
7.014925373e-05
3.974925311e-20
7.014925373e-05
-1.50142566e-22
7.014925373e-05
1.380698228e-22
7.014925373e-05
3.372656289e-20
7.014925373e-05
2.710332632e-20
7.014925373e-05
-2.521463029e-20
7.014925373e-05
-4.634870006e-20
7.014925373e-05
4.004280115e-21
7.014925373e-05
2.076002399e-21
7.014925373e-05
-2.118652282e-20
7.014925373e-05
-2.292823353e-20
7.014925373e-05
-5.554009378e-20
7.014925373e-05
-3.198660773e-20
7.014925373e-05
-3.200503877e-21
7.014925373e-05
8.451139164e-21
7.014925373e-05
2.719090052e-20
7.014925373e-05
4.744892114e-21
7.014925373e-05
7.49502355e-21
7.014925373e-05
-6.693466538e-20
7.014925373e-05
-9.66070402e-21
7.014925373e-05
2.800000827e-20
7.014925373e-05
6.112487582e-21
7.014925373e-05
-3.522427694e-20
7.014925373e-05
-6.944320064e-20
7.014925373e-05
2.772449424e-20
7.014925373e-05
1.122255782e-19
7.014925373e-05
8.22778375e-20
7.014925373e-05
-1.677722935e-20
7.014925373e-05
-1.71296471e-20
7.014925373e-05
8.843199418e-20
7.014925373e-05
2.249056822e-20
7.014925373e-05
1.783612907e-20
7.014925373e-05
3.385495342e-20
7.014925373e-05
4.108433153e-20
7.014925373e-05
2.717774446e-20
7.014925373e-05
-9.16618947e-20
7.014925373e-05
-5.877544217e-20
7.014925373e-05
3.604771325e-20
7.014925373e-05
-3.769452674e-20
7.014925373e-05
-2.608010703e-20
7.014925373e-05
4.227522985e-20
7.014925373e-05
2.465220971e-21
7.014925373e-05
-1.254129047e-20
7.014925373e-05
-6.310339129e-20
7.014925373e-05
-3.705895758e-21
7.014925373e-05
1.728338951e-20
7.014925373e-05
1.068524902e-20
7.014925373e-05
5.859312157e-21
7.014925373e-05
4.595875068e-21
7.014925373e-05
2.326074325e-20
7.014925373e-05
2.845623006e-20
7.014925373e-05
6.219145744e-20
7.014925373e-05
-5.223218739e-22
7.014925373e-05
-3.73658186e-21
7.014925373e-05
3.409247844e-20
7.014925373e-05
-8.97251634e-20
7.014925373e-05
-7.452605602e-20
7.014925373e-05
-1.344701315e-20
7.014925373e-05
-2.355427005e-20
7.014925373e-05
2.854489009e-21
7.014925373e-05
-1.02474636e-19
7.014925373e-05
-5.626210384e-21
7.014925373e-05
1.151497521e-19
7.014925373e-05
-1.692087938e-20
7.014925373e-05
2.851738929e-21
7.014925373e-05
1.059977358e-19
7.014925373e-05
7.311234053e-20
7.014925373e-05
3.225245475e-20
7.014925373e-05
-5.925661027e-20
7.014925373e-05
-1.579149473e-20
7.014925373e-05
7.002703429e-20
7.014925373e-05
-1.888260883e-22
7.014925373e-05
-9.324552781e-20
7.014925373e-05
-5.96836209e-20
7.014925373e-05
2.320087e-20
7.014925373e-05
4.261255526e-20
7.014925373e-05
4.713476695e-21
7.014925373e-05
-4.236319929e-20
7.014925373e-05
-1.836605835e-20
7.014925373e-05
-1.931032134e-20
7.014925373e-05
-1.239952703e-20
7.014925373e-05
3.60777217e-20
7.014925373e-05
4.14285359e-20
2.595066559e-20
6.567164179e-05
1.147933123e-21
6.567164179e-05
-3.498408075e-21
6.567164179e-05
-1.721643858e-21
6.567164179e-05
5.418266953e-21
6.567164179e-05
2.696637635e-20
6.567164179e-05
2.699142072e-20
6.567164179e-05
1.712512372e-20
6.567164179e-05
1.257959391e-20
6.567164179e-05
6.150397535e-21
6.567164179e-05
3.54631559e-21
6.567164179e-05
2.838827087e-20
6.567164179e-05
2.659501345e-20
6.567164179e-05
-5.229337459e-21
6.567164179e-05
1.743338382e-20
6.567164179e-05
1.601237733e-20
6.567164179e-05
-1.626046944e-20
6.567164179e-05
-1.19467058e-20
6.567164179e-05
-1.440764068e-20
6.567164179e-05
-4.698366967e-20
6.567164179e-05
-3.019801789e-20
6.567164179e-05
9.803139145e-21
6.567164179e-05
1.385740573e-20
6.567164179e-05
1.637530733e-20
6.567164179e-05
7.600348452e-21
6.567164179e-05
-1.182929485e-20
6.567164179e-05
-2.329362655e-20
6.567164179e-05
-2.677103967e-20
6.567164179e-05
-2.940727544e-20
6.567164179e-05
-1.133510412e-20
6.567164179e-05
-2.907642021e-21
6.567164179e-05
-2.187867544e-20
6.567164179e-05
-1.624641515e-20
6.567164179e-05
-8.681444647e-21
6.567164179e-05
-7.575751246e-22
6.567164179e-05
2.459819309e-20
6.567164179e-05
1.199208702e-20
6.567164179e-05
1.242844187e-20
6.567164179e-05
-5.17396792e-21
6.567164179e-05
-2.419695803e-21
6.567164179e-05
4.980954451e-21
6.567164179e-05
-3.466406982e-20
6.567164179e-05
1.017530758e-20
6.567164179e-05
-7.585382503e-21
6.567164179e-05
-4.841876082e-20
6.567164179e-05
-4.598386638e-20
6.567164179e-05
-5.598680019e-21
6.567164179e-05
1.280630828e-20
6.567164179e-05
1.591501023e-20
6.567164179e-05
2.96710094e-20
6.567164179e-05
1.006881178e-20
6.567164179e-05
1.077054385e-20
6.567164179e-05
2.201966773e-20
6.567164179e-05
1.157224096e-20
6.567164179e-05
3.111065743e-21
6.567164179e-05
-7.047022072e-21
6.567164179e-05
5.17992377e-20
6.567164179e-05
4.402723752e-20
6.567164179e-05
2.194032803e-20
6.567164179e-05
-4.381623689e-21
6.567164179e-05
1.90224443e-20
6.567164179e-05
-8.059160537e-21
6.567164179e-05
-1.164239484e-20
6.567164179e-05
1.62405898e-20
6.567164179e-05
1.095851595e-20
6.567164179e-05
-1.274645092e-20
6.567164179e-05
1.436626397e-20
6.567164179e-05
-1.522171217e-20
6.567164179e-05
-2.521313326e-21
6.567164179e-05
-2.772124937e-21
6.567164179e-05
-2.12535009e-20
6.567164179e-05
2.708034734e-20
6.567164179e-05
1.492562788e-21
6.567164179e-05
-1.397048296e-20
6.567164179e-05
2.744601057e-20
6.567164179e-05
4.463416375e-20
6.567164179e-05
-2.886062476e-20
6.567164179e-05
-5.610406156e-20
6.567164179e-05
3.125422556e-20
6.567164179e-05
3.883726665e-20
6.567164179e-05
-1.23966063e-20
6.567164179e-05
-2.096407031e-20
6.567164179e-05
-3.443799474e-20
6.567164179e-05
-5.108890324e-21
6.567164179e-05
2.179126342e-21
6.567164179e-05
3.028300371e-20
6.567164179e-05
1.911127336e-20
6.567164179e-05
-2.342884192e-20
6.567164179e-05
-5.24752236e-20
6.567164179e-05
-9.688439142e-21
6.567164179e-05
1.810896964e-20
6.567164179e-05
-3.055334834e-20
6.567164179e-05
-2.627638506e-20
6.567164179e-05
1.732159592e-20
6.567164179e-05
4.573232078e-21
6.567164179e-05
-2.970579794e-20
6.567164179e-05
2.570918055e-20
6.567164179e-05
-2.691062431e-20
6.567164179e-05
-6.874424765e-20
6.567164179e-05
3.852478165e-21
6.567164179e-05
2.496302174e-20
6.567164179e-05
-3.105945897e-20
6.567164179e-05
-4.179895874e-20
6.567164179e-05
2.172625512e-20
6.567164179e-05
2.798354005e-20
6.567164179e-05
-2.837851089e-20
6.567164179e-05
-5.311733008e-20
6.567164179e-05
3.608516527e-20
6.567164179e-05
5.234879318e-20
6.567164179e-05
-4.089357953e-20
6.567164179e-05
-4.951551923e-20
6.567164179e-05
-1.014857332e-22
6.567164179e-05
6.655776895e-20
6.567164179e-05
6.071842594e-20
6.567164179e-05
2.080229168e-20
6.567164179e-05
-1.244804624e-20
6.567164179e-05
1.284953651e-20
6.567164179e-05
2.693903807e-20
6.567164179e-05
2.61193974e-22
6.567164179e-05
1.387298693e-20
6.567164179e-05
2.892164102e-20
6.567164179e-05
3.032297764e-21
6.567164179e-05
-3.806956509e-20
6.567164179e-05
-3.24595295e-20
6.567164179e-05
2.714960709e-20
6.567164179e-05
1.626639363e-20
6.567164179e-05
-1.837760623e-20
6.567164179e-05
-2.138586856e-20
6.567164179e-05
-6.218221167e-20
6.567164179e-05
-2.726876686e-20
6.567164179e-05
1.483100507e-21
6.567164179e-05
-2.692685859e-21
6.567164179e-05
2.480394129e-20
6.567164179e-05
1.531369012e-20
6.567164179e-05
-2.453477269e-21
6.567164179e-05
-7.341102303e-20
6.567164179e-05
8.948939491e-22
6.567164179e-05
4.38036727e-20
6.567164179e-05
1.713475212e-21
6.567164179e-05
-4.816483333e-20
6.567164179e-05
-7.846636114e-20
6.567164179e-05
1.660770023e-20
6.567164179e-05
9.387957947e-20
6.567164179e-05
8.09108965e-20
6.567164179e-05
-4.577709804e-20
6.567164179e-05
-1.711913481e-20
6.567164179e-05
9.771744116e-20
6.567164179e-05
3.229445391e-20
6.567164179e-05
1.272090075e-20
6.567164179e-05
5.031111317e-20
6.567164179e-05
6.311358819e-20
6.567164179e-05
4.063937288e-20
6.567164179e-05
-1.133288726e-19
6.567164179e-05
-8.105602776e-20
6.567164179e-05
3.220026463e-20
6.567164179e-05
-3.245151471e-20
6.567164179e-05
-1.986063073e-20
6.567164179e-05
2.792052841e-20
6.567164179e-05
-5.093599932e-21
6.567164179e-05
-3.44334087e-21
6.567164179e-05
-4.914347019e-20
6.567164179e-05
7.124938419e-22
6.567164179e-05
7.944890349e-22
6.567164179e-05
4.496750222e-21
6.567164179e-05
1.790552291e-20
6.567164179e-05
3.459050859e-21
6.567164179e-05
1.978605655e-20
6.567164179e-05
3.636096159e-20
6.567164179e-05
7.11631042e-20
6.567164179e-05
1.04852233e-20
6.567164179e-05
-2.098783319e-20
6.567164179e-05
4.343605202e-20
6.567164179e-05
-1.062873321e-19
6.567164179e-05
-8.54045741e-20
6.567164179e-05
-7.133992187e-22
6.567164179e-05
-4.087483362e-20
6.567164179e-05
7.443365134e-21
6.567164179e-05
-1.103839138e-19
6.567164179e-05
-2.780495761e-20
6.567164179e-05
1.386171684e-19
6.567164179e-05
-1.670710034e-20
6.567164179e-05
2.195630152e-20
6.567164179e-05
1.147835413e-19
6.567164179e-05
3.422330573e-20
6.567164179e-05
3.838715586e-20
6.567164179e-05
-7.681408859e-20
6.567164179e-05
-1.785269202e-20
6.567164179e-05
9.796520564e-20
6.567164179e-05
-9.340835218e-21
6.567164179e-05
-8.250132319e-20
6.567164179e-05
-5.955523922e-20
6.567164179e-05
2.230806628e-20
6.567164179e-05
6.743380975e-20
6.567164179e-05
3.001687331e-20
6.567164179e-05
-4.922787635e-20
6.567164179e-05
-4.98875255e-20
6.567164179e-05
-3.372239995e-20
6.567164179e-05
6.496402258e-21
6.567164179e-05
5.036542798e-20
6.567164179e-05
2.685591621e-20
2.276010686e-20
5.970149254e-05
1.493794408e-21
5.970149254e-05
-2.780793197e-21
5.970149254e-05
-7.00989522e-21
5.970149254e-05
6.222396098e-21
5.970149254e-05
1.88648047e-20
5.970149254e-05
1.462865047e-20
5.970149254e-05
1.018884745e-20
5.970149254e-05
2.504123708e-20
5.970149254e-05
-3.320283342e-21
5.970149254e-05
1.075524743e-21
5.970149254e-05
2.7651256e-20
5.970149254e-05
1.362012322e-20
5.970149254e-05
-2.460456532e-21
5.970149254e-05
1.874870833e-20
5.970149254e-05
3.112401664e-20
5.970149254e-05
-1.34996262e-20
5.970149254e-05
-6.685179852e-21
5.970149254e-05
-1.906527798e-20
5.970149254e-05
-3.996040431e-20
5.970149254e-05
-3.063295955e-20
5.970149254e-05
-5.072561777e-22
5.970149254e-05
8.411222567e-21
5.970149254e-05
2.617587613e-20
5.970149254e-05
2.375187038e-20
5.970149254e-05
-1.361491014e-20
5.970149254e-05
-3.216154711e-20
5.970149254e-05
-2.485456944e-20
5.970149254e-05
-2.070697865e-20
5.970149254e-05
-1.24149178e-20
5.970149254e-05
-1.816618456e-20
5.970149254e-05
-2.199827547e-20
5.970149254e-05
-1.879263567e-21
5.970149254e-05
-8.804574022e-21
5.970149254e-05
1.306777592e-20
5.970149254e-05
2.764351817e-20
5.970149254e-05
2.020671426e-21
5.970149254e-05
6.162094022e-21
5.970149254e-05
-1.564371527e-20
5.970149254e-05
-1.142901653e-20
5.970149254e-05
1.623055674e-20
5.970149254e-05
-3.045880631e-20
5.970149254e-05
2.223203046e-21
5.970149254e-05
1.02711268e-20
5.970149254e-05
-2.770320965e-20
5.970149254e-05
-3.053637402e-20
5.970149254e-05
-1.194340963e-20
5.970149254e-05
-1.051197585e-20
5.970149254e-05
4.968337711e-21
5.970149254e-05
2.558137946e-20
5.970149254e-05
5.170142839e-21
5.970149254e-05
1.394012173e-20
5.970149254e-05
2.400146798e-20
5.970149254e-05
9.154917916e-21
5.970149254e-05
-5.158295371e-22
5.970149254e-05
-1.280728361e-20
5.970149254e-05
2.708899129e-20
5.970149254e-05
5.271040747e-20
5.970149254e-05
2.143127605e-20
5.970149254e-05
-6.530600367e-21
5.970149254e-05
-1.822482639e-21
5.970149254e-05
5.080880555e-21
5.970149254e-05
4.625367409e-21
5.970149254e-05
2.166203617e-20
5.970149254e-05
-1.482653447e-21
5.970149254e-05
7.612170875e-21
5.970149254e-05
1.363442565e-20
5.970149254e-05
-1.947706992e-20
5.970149254e-05
-8.889932397e-21
5.970149254e-05
2.776528715e-21
5.970149254e-05
-2.00651334e-20
5.970149254e-05
4.096965977e-20
5.970149254e-05
-2.995857268e-21
5.970149254e-05
-2.028350096e-20
5.970149254e-05
2.964454221e-20
5.970149254e-05
4.846750461e-20
5.970149254e-05
-3.023949378e-20
5.970149254e-05
-6.795006571e-20
5.970149254e-05
3.653146123e-20
5.970149254e-05
5.394313973e-20
5.970149254e-05
-1.367955329e-20
5.970149254e-05
-2.725787835e-20
5.970149254e-05
-2.093981635e-20
5.970149254e-05
-2.697772414e-20
5.970149254e-05
2.393881465e-21
5.970149254e-05
5.694814677e-20
5.970149254e-05
5.373817551e-22
5.970149254e-05
-4.063618235e-20
5.970149254e-05
-5.113289025e-20
5.970149254e-05
-3.228370981e-21
5.970149254e-05
2.319129134e-20
5.970149254e-05
-1.984585567e-20
5.970149254e-05
-1.045246417e-20
5.970149254e-05
2.434050908e-20
5.970149254e-05
6.580585792e-21
5.970149254e-05
-3.090002252e-20
5.970149254e-05
4.357264256e-20
5.970149254e-05
-1.622968887e-20
5.970149254e-05
-7.068337276e-20
5.970149254e-05
1.16039706e-21
5.970149254e-05
2.508940457e-20
5.970149254e-05
-3.279824335e-20
5.970149254e-05
-5.207069743e-20
5.970149254e-05
2.078479805e-20
5.970149254e-05
4.559085716e-20
5.970149254e-05
-2.960579721e-20
5.970149254e-05
-4.314498221e-20
5.970149254e-05
2.263321871e-20
5.970149254e-05
4.527387209e-20
5.970149254e-05
-3.159114873e-20
5.970149254e-05
-4.608355347e-20
5.970149254e-05
-1.556877907e-20
5.970149254e-05
5.357701649e-20
5.970149254e-05
6.040871838e-20
5.970149254e-05
1.674092809e-20
5.970149254e-05
-1.669637375e-20
5.970149254e-05
-3.779502354e-21
5.970149254e-05
2.226076654e-20
5.970149254e-05
4.067944271e-21
5.970149254e-05
4.921498384e-21
5.970149254e-05
2.244456565e-20
5.970149254e-05
2.362259286e-20
5.970149254e-05
-4.522178412e-20
5.970149254e-05
-2.559826281e-20
5.970149254e-05
4.424082851e-20
5.970149254e-05
7.604784204e-21
5.970149254e-05
-2.150160439e-20
5.970149254e-05
-1.622567553e-20
5.970149254e-05
-4.915369522e-20
5.970149254e-05
-2.305225425e-20
5.970149254e-05
-1.291934756e-20
5.970149254e-05
-1.089492907e-20
5.970149254e-05
3.47789722e-20
5.970149254e-05
1.627311496e-20
5.970149254e-05
-7.849546882e-21
5.970149254e-05
-7.998562397e-20
5.970149254e-05
1.560761782e-20
5.970149254e-05
6.937926952e-20
5.970149254e-05
6.026952732e-21
5.970149254e-05
-5.375159493e-20
5.970149254e-05
-8.433406543e-20
5.970149254e-05
1.837351974e-20
5.970149254e-05
8.419352143e-20
5.970149254e-05
6.939393905e-20
5.970149254e-05
-6.550175223e-20
5.970149254e-05
-2.445482309e-20
5.970149254e-05
8.896992942e-20
5.970149254e-05
2.380485279e-20
5.970149254e-05
1.773343453e-20
5.970149254e-05
5.625625654e-20
5.970149254e-05
7.345863299e-20
5.970149254e-05
3.605110701e-20
5.970149254e-05
-1.205917159e-19
5.970149254e-05
-7.55899362e-20
5.970149254e-05
3.772414025e-20
5.970149254e-05
-4.136193312e-20
5.970149254e-05
-1.357245806e-20
5.970149254e-05
4.525499913e-20
5.970149254e-05
-1.004345424e-20
5.970149254e-05
-4.380442664e-21
5.970149254e-05
-3.996538544e-20
5.970149254e-05
5.605451747e-21
5.970149254e-05
-1.829677553e-21
5.970149254e-05
1.854439212e-21
5.970149254e-05
1.299033835e-20
5.970149254e-05
4.566430209e-21
5.970149254e-05
5.958695527e-21
5.970149254e-05
2.728385733e-20
5.970149254e-05
8.14357426e-20
5.970149254e-05
-1.596387876e-20
5.970149254e-05
-1.59854054e-20
5.970149254e-05
3.883241273e-20
5.970149254e-05
-1.131138274e-19
5.970149254e-05
-7.392835071e-20
5.970149254e-05
3.136475757e-20
5.970149254e-05
-3.20736524e-20
5.970149254e-05
1.103810627e-21
5.970149254e-05
-1.225719643e-19
5.970149254e-05
-2.330355663e-20
5.970149254e-05
1.449274151e-19
5.970149254e-05
-2.517504248e-20
5.970149254e-05
1.460108644e-20
5.970149254e-05
1.173560064e-19
5.970149254e-05
4.223423024e-20
5.970149254e-05
3.087998227e-20
5.970149254e-05
-9.854122002e-20
5.970149254e-05
-2.561986766e-20
5.970149254e-05
1.227381396e-19
5.970149254e-05
-8.297659069e-21
5.970149254e-05
-1.033504346e-19
5.970149254e-05
-5.740062012e-20
5.970149254e-05
4.037012087e-20
5.970149254e-05
7.139311638e-20
5.970149254e-05
4.046014423e-20
5.970149254e-05
-5.722364456e-20
5.970149254e-05
-5.328598397e-20
5.970149254e-05
-4.083362208e-20
5.970149254e-05
2.641170662e-21
5.970149254e-05
5.552804118e-20
5.970149254e-05
2.584157863e-20
1.504178909e-20
5.223880597e-05
-9.044382825e-21
5.223880597e-05
-1.602922676e-20
5.223880597e-05
1.29523654e-20
5.223880597e-05
3.224998613e-21
5.223880597e-05
6.017442733e-21
5.223880597e-05
1.215476792e-21
5.223880597e-05
1.784028406e-20
5.223880597e-05
9.740971597e-21
5.223880597e-05
-7.805928634e-21
5.223880597e-05
2.596945882e-21
5.223880597e-05
3.151763551e-20
5.223880597e-05
9.058921072e-21
5.223880597e-05
1.616196239e-21
5.223880597e-05
2.734771195e-20
5.223880597e-05
2.075918764e-20
5.223880597e-05
-1.464740903e-20
5.223880597e-05
5.460957651e-21
5.223880597e-05
-1.89664883e-20
5.223880597e-05
-4.37729121e-20
5.223880597e-05
-1.376664686e-20
5.223880597e-05
1.165690574e-20
5.223880597e-05
2.846590384e-22
5.223880597e-05
1.616478238e-20
5.223880597e-05
3.327669428e-20
5.223880597e-05
-2.178861605e-21
5.223880597e-05
-3.064975872e-20
5.223880597e-05
-2.808789324e-20
5.223880597e-05
-1.41208515e-20
5.223880597e-05
-1.431881055e-20
5.223880597e-05
-3.076533752e-20
5.223880597e-05
-1.502876577e-20
5.223880597e-05
-3.744596022e-21
5.223880597e-05
-1.871973597e-21
5.223880597e-05
9.609625667e-21
5.223880597e-05
3.135358687e-20
5.223880597e-05
-2.623535527e-21
5.223880597e-05
5.961824548e-21
5.223880597e-05
-1.355281525e-20
5.223880597e-05
-1.140960851e-20
5.223880597e-05
1.315223178e-20
5.223880597e-05
-1.338651838e-20
5.223880597e-05
-5.627514645e-22
5.223880597e-05
3.413989929e-21
5.223880597e-05
-1.186970679e-20
5.223880597e-05
-1.560675106e-20
5.223880597e-05
9.791924784e-22
5.223880597e-05
-1.275323545e-20
5.223880597e-05
-7.415917299e-21
5.223880597e-05
1.985093885e-20
5.223880597e-05
-7.130937851e-22
5.223880597e-05
4.309443681e-21
5.223880597e-05
1.333267019e-20
5.223880597e-05
2.994231756e-21
5.223880597e-05
-5.514842681e-21
5.223880597e-05
-2.325506818e-21
5.223880597e-05
4.351826687e-20
5.223880597e-05
3.593597215e-20
5.223880597e-05
-1.290756146e-20
5.223880597e-05
-1.206429664e-20
5.223880597e-05
2.677422448e-21
5.223880597e-05
1.083804264e-20
5.223880597e-05
1.164851223e-20
5.223880597e-05
1.767821884e-20
5.223880597e-05
1.786013635e-21
5.223880597e-05
-7.346640941e-22
5.223880597e-05
6.767101687e-21
5.223880597e-05
-9.939792205e-21
5.223880597e-05
1.932421362e-20
5.223880597e-05
2.742520439e-21
5.223880597e-05
-2.540230658e-20
5.223880597e-05
4.393081971e-20
5.223880597e-05
-1.907179008e-20
5.223880597e-05
-3.366407947e-20
5.223880597e-05
3.636328142e-20
5.223880597e-05
5.525751019e-20
5.223880597e-05
-2.090551075e-20
5.223880597e-05
-7.544119119e-20
5.223880597e-05
2.951959879e-20
5.223880597e-05
5.708239727e-20
5.223880597e-05
-1.651267804e-20
5.223880597e-05
-1.994404971e-20
5.223880597e-05
-2.793717589e-20
5.223880597e-05
-2.85045608e-20
5.223880597e-05
5.948995715e-21
5.223880597e-05
5.402070335e-20
5.223880597e-05
-1.075601235e-20
5.223880597e-05
-3.576299513e-20
5.223880597e-05
-3.535610692e-20
5.223880597e-05
1.259166976e-20
5.223880597e-05
3.02840926e-21
5.223880597e-05
-1.932672663e-20
5.223880597e-05
6.146996664e-21
5.223880597e-05
4.687220439e-20
5.223880597e-05
-3.063545032e-21
5.223880597e-05
-4.60013545e-20
5.223880597e-05
3.324562943e-20
5.223880597e-05
-1.408469959e-20
5.223880597e-05
-6.362748344e-20
5.223880597e-05
1.053457645e-20
5.223880597e-05
3.168551639e-20
5.223880597e-05
-3.422804451e-20
5.223880597e-05
-6.281688442e-20
5.223880597e-05
3.288619796e-20
5.223880597e-05
5.962535124e-20
5.223880597e-05
-3.410131495e-20
5.223880597e-05
-5.922500261e-20
5.223880597e-05
2.655736145e-20
5.223880597e-05
5.107769447e-20
5.223880597e-05
-3.540785244e-20
5.223880597e-05
-2.902074123e-20
5.223880597e-05
-1.819925971e-20
5.223880597e-05
4.327603319e-20
5.223880597e-05
4.66415169e-20
5.223880597e-05
-4.627447614e-21
5.223880597e-05
-1.092176492e-20
5.223880597e-05
4.508226043e-21
5.223880597e-05
1.846161786e-20
5.223880597e-05
-5.802418002e-21
5.223880597e-05
-3.407029857e-21
5.223880597e-05
2.91715787e-20
5.223880597e-05
2.474371036e-20
5.223880597e-05
-3.731720874e-20
5.223880597e-05
-3.225246067e-20
5.223880597e-05
4.403574729e-20
5.223880597e-05
1.720879019e-20
5.223880597e-05
-3.059821031e-20
5.223880597e-05
-2.838671959e-21
5.223880597e-05
-3.209374021e-20
5.223880597e-05
-7.743788233e-21
5.223880597e-05
-2.242388819e-20
5.223880597e-05
-1.702634347e-20
5.223880597e-05
2.880575895e-20
5.223880597e-05
6.045420749e-21
5.223880597e-05
5.500978448e-21
5.223880597e-05
-8.524652563e-20
5.223880597e-05
2.755671949e-20
5.223880597e-05
1.126063691e-19
5.223880597e-05
4.596524674e-21
5.223880597e-05
-8.927820446e-20
5.223880597e-05
-1.040256383e-19
5.223880597e-05
2.786088982e-20
5.223880597e-05
8.421230513e-20
5.223880597e-05
4.140071493e-20
5.223880597e-05
-7.441746889e-20
5.223880597e-05
-1.545821501e-20
5.223880597e-05
1.103782629e-19
5.223880597e-05
-7.729000496e-21
5.223880597e-05
-1.510804463e-20
5.223880597e-05
5.032110026e-20
5.223880597e-05
9.655103791e-20
5.223880597e-05
2.785598336e-20
5.223880597e-05
-1.491374114e-19
5.223880597e-05
-6.249442233e-20
5.223880597e-05
7.414347287e-20
5.223880597e-05
-6.617810323e-20
5.223880597e-05
-2.388697849e-20
5.223880597e-05
5.223422313e-20
5.223880597e-05
7.687172955e-21
5.223880597e-05
1.722008488e-21
5.223880597e-05
-5.200129474e-20
5.223880597e-05
2.969510651e-20
5.223880597e-05
1.258180296e-20
5.223880597e-05
2.367829282e-21
5.223880597e-05
4.993833769e-21
5.223880597e-05
-1.356805663e-20
5.223880597e-05
-2.200933617e-21
5.223880597e-05
2.554097637e-20
5.223880597e-05
7.23078879e-20
5.223880597e-05
-3.027059785e-20
5.223880597e-05
-5.951469862e-21
5.223880597e-05
6.203065322e-20
5.223880597e-05
-1.114777036e-19
5.223880597e-05
-6.010966227e-20
5.223880597e-05
3.879614603e-20
5.223880597e-05
-1.467520369e-20
5.223880597e-05
-1.599983839e-21
5.223880597e-05
-1.215603576e-19
5.223880597e-05
-1.871688874e-20
5.223880597e-05
1.530776728e-19
5.223880597e-05
-5.437195978e-20
5.223880597e-05
5.01272639e-21
5.223880597e-05
1.259961537e-19
5.223880597e-05
3.607797801e-20
5.223880597e-05
1.870512289e-20
5.223880597e-05
-1.064138895e-19
5.223880597e-05
-1.467016905e-20
5.223880597e-05
1.282653269e-19
5.223880597e-05
-4.751562269e-22
5.223880597e-05
-1.14338232e-19
5.223880597e-05
-6.372550525e-20
5.223880597e-05
5.352920612e-20
5.223880597e-05
7.511585377e-20
5.223880597e-05
2.622371106e-20
5.223880597e-05
-6.126549193e-20
5.223880597e-05
-2.508655211e-20
5.223880597e-05
-1.222309233e-20
5.223880597e-05
-2.695193015e-20
5.223880597e-05
3.66450951e-20
5.223880597e-05
2.742205865e-20
2.34622821e-20
4.328358209e-05
-1.585205303e-20
4.328358209e-05
-2.74878771e-21
4.328358209e-05
8.281522714e-21
4.328358209e-05
9.494984466e-22
4.328358209e-05
-1.307672488e-20
4.328358209e-05
-1.33097233e-20
4.328358209e-05
1.842597757e-20
4.328358209e-05
1.220668363e-20
4.328358209e-05
-1.713857825e-20
4.328358209e-05
9.832524699e-21
4.328358209e-05
1.209397546e-20
4.328358209e-05
2.103054217e-20
4.328358209e-05
1.535076878e-20
4.328358209e-05
1.976987487e-20
4.328358209e-05
4.502031445e-21
4.328358209e-05
-7.621034727e-21
4.328358209e-05
1.416844408e-20
4.328358209e-05
-2.184751777e-20
4.328358209e-05
-3.905213388e-20
4.328358209e-05
-1.567827398e-20
4.328358209e-05
1.686843606e-20
4.328358209e-05
1.855731894e-20
4.328358209e-05
8.858791901e-21
4.328358209e-05
1.837623713e-20
4.328358209e-05
-1.716447626e-20
4.328358209e-05
-2.254963762e-20
4.328358209e-05
-1.274295389e-20
4.328358209e-05
1.121763228e-21
4.328358209e-05
-1.891631017e-20
4.328358209e-05
-3.190801663e-20
4.328358209e-05
-1.261567079e-20
4.328358209e-05
7.052728948e-21
4.328358209e-05
4.513728843e-21
4.328358209e-05
1.590793114e-20
4.328358209e-05
1.572895934e-20
4.328358209e-05
-7.794763875e-21
4.328358209e-05
2.048898917e-22
4.328358209e-05
-1.276844192e-20
4.328358209e-05
-1.780527565e-23
4.328358209e-05
2.702734381e-20
4.328358209e-05
-3.314136948e-20
4.328358209e-05
3.789486658e-21
4.328358209e-05
2.559575496e-20
4.328358209e-05
-7.422055151e-21
4.328358209e-05
-1.592732951e-20
4.328358209e-05
-3.599573503e-21
4.328358209e-05
5.12618391e-21
4.328358209e-05
-4.826978248e-21
4.328358209e-05
3.765751753e-21
4.328358209e-05
-1.748381475e-20
4.328358209e-05
2.026162993e-21
4.328358209e-05
1.35793942e-20
4.328358209e-05
-2.274191676e-21
4.328358209e-05
-2.964033647e-21
4.328358209e-05
1.407408263e-21
4.328358209e-05
3.080840386e-20
4.328358209e-05
2.031610431e-20
4.328358209e-05
-1.690296956e-20
4.328358209e-05
-4.959316712e-21
4.328358209e-05
1.132003961e-21
4.328358209e-05
1.240606667e-20
4.328358209e-05
2.208896646e-20
4.328358209e-05
3.480476159e-21
4.328358209e-05
-1.198562111e-20
4.328358209e-05
8.028032646e-21
4.328358209e-05
8.038717729e-21
4.328358209e-05
-9.27760308e-21
4.328358209e-05
2.253706699e-20
4.328358209e-05
2.950984303e-21
4.328358209e-05
-1.949694448e-20
4.328358209e-05
2.752943722e-20
4.328358209e-05
-2.897582869e-20
4.328358209e-05
-2.730749889e-20
4.328358209e-05
4.155996258e-20
4.328358209e-05
4.554168403e-20
4.328358209e-05
-3.612398046e-20
4.328358209e-05
-5.292403657e-20
4.328358209e-05
3.990484766e-20
4.328358209e-05
4.432715524e-20
4.328358209e-05
-9.183907614e-21
4.328358209e-05
-1.355464111e-20
4.328358209e-05
-2.012408682e-20
4.328358209e-05
-1.884633965e-20
4.328358209e-05
1.525334893e-21
4.328358209e-05
2.902626763e-20
4.328358209e-05
1.254252784e-21
4.328358209e-05
-2.49072547e-20
4.328358209e-05
-1.90280503e-20
4.328358209e-05
2.550824128e-20
4.328358209e-05
6.885273719e-21
4.328358209e-05
-2.599734638e-20
4.328358209e-05
2.052316944e-21
4.328358209e-05
2.912660683e-20
4.328358209e-05
-2.950373063e-21
4.328358209e-05
-4.327449908e-20
4.328358209e-05
1.479925487e-20
4.328358209e-05
-8.042864171e-21
4.328358209e-05
-4.215854136e-20
4.328358209e-05
1.796321307e-20
4.328358209e-05
2.997606225e-20
4.328358209e-05
-3.288054951e-20
4.328358209e-05
-5.600889028e-20
4.328358209e-05
4.14416464e-20
4.328358209e-05
7.033780164e-20
4.328358209e-05
-2.709751276e-20
4.328358209e-05
-5.489848815e-20
4.328358209e-05
2.28160544e-20
4.328358209e-05
3.426560251e-20
4.328358209e-05
-3.697602634e-20
4.328358209e-05
-3.0803308e-20
4.328358209e-05
-1.488222529e-20
4.328358209e-05
5.43549328e-20
4.328358209e-05
3.107558343e-20
4.328358209e-05
-1.613487837e-20
4.328358209e-05
-2.392732788e-20
4.328358209e-05
-1.070764746e-21
4.328358209e-05
2.951549098e-20
4.328358209e-05
-4.579673242e-21
4.328358209e-05
-2.192629244e-20
4.328358209e-05
1.679254062e-20
4.328358209e-05
3.942336422e-20
4.328358209e-05
-2.639202225e-20
4.328358209e-05
-2.907754862e-20
4.328358209e-05
3.425353778e-20
4.328358209e-05
6.573507132e-21
4.328358209e-05
-2.73480633e-20
4.328358209e-05
-1.061301802e-20
4.328358209e-05
-9.851593844e-21
4.328358209e-05
1.368894622e-20
4.328358209e-05
-1.824416472e-20
4.328358209e-05
-3.24664983e-20
4.328358209e-05
1.176641571e-20
4.328358209e-05
1.306635436e-20
4.328358209e-05
4.660903234e-21
4.328358209e-05
-8.898874203e-20
4.328358209e-05
1.866857133e-20
4.328358209e-05
1.05791757e-19
4.328358209e-05
2.835314461e-20
4.328358209e-05
-7.059062587e-20
4.328358209e-05
-9.69642124e-20
4.328358209e-05
3.416737342e-20
4.328358209e-05
7.105378818e-20
4.328358209e-05
1.139329505e-20
4.328358209e-05
-8.069319067e-20
4.328358209e-05
-6.717501167e-21
4.328358209e-05
9.654867423e-20
4.328358209e-05
-2.666871879e-20
4.328358209e-05
-1.616859815e-20
4.328358209e-05
5.666022474e-20
4.328358209e-05
7.590188399e-20
4.328358209e-05
1.653835127e-20
4.328358209e-05
-1.352807945e-19
4.328358209e-05
-4.536722642e-20
4.328358209e-05
7.937743938e-20
4.328358209e-05
-4.794606991e-20
4.328358209e-05
-2.800359408e-20
4.328358209e-05
5.353482895e-20
4.328358209e-05
1.73213334e-20
4.328358209e-05
7.176573613e-21
4.328358209e-05
-4.381063025e-20
4.328358209e-05
1.357450221e-20
4.328358209e-05
1.523604377e-20
4.328358209e-05
1.20261818e-20
4.328358209e-05
-6.985233373e-21
4.328358209e-05
-2.762228875e-20
4.328358209e-05
8.322612017e-21
4.328358209e-05
3.16108527e-20
4.328358209e-05
6.821287222e-20
4.328358209e-05
-3.464994999e-20
4.328358209e-05
-1.781171285e-20
4.328358209e-05
4.477232578e-20
4.328358209e-05
-9.193623736e-20
4.328358209e-05
-3.626816327e-20
4.328358209e-05
4.41273783e-20
4.328358209e-05
-8.117200818e-22
4.328358209e-05
6.3616564e-21
4.328358209e-05
-1.304854281e-19
4.328358209e-05
-2.473090605e-20
4.328358209e-05
1.329941149e-19
4.328358209e-05
-4.132635505e-20
4.328358209e-05
-2.359931458e-21
4.328358209e-05
1.035570563e-19
4.328358209e-05
3.868846741e-20
4.328358209e-05
9.076968919e-21
4.328358209e-05
-1.08322355e-19
4.328358209e-05
6.401954786e-23
4.328358209e-05
1.172370347e-19
4.328358209e-05
8.264309991e-21
4.328358209e-05
-9.203995532e-20
4.328358209e-05
-6.654198085e-20
4.328358209e-05
4.420227214e-20
4.328358209e-05
7.990368594e-20
4.328358209e-05
1.270371277e-20
4.328358209e-05
-5.009922855e-20
4.328358209e-05
-2.075065953e-20
4.328358209e-05
-1.764401951e-20
4.328358209e-05
-1.819814409e-20
4.328358209e-05
3.074850881e-20
4.328358209e-05
3.100299234e-20
2.133001889e-20
3.28358209e-05
8.872822866e-21
3.28358209e-05
-1.494379997e-20
3.28358209e-05
9.038068185e-21
3.28358209e-05
9.298905828e-21
3.28358209e-05
-1.478854569e-20
3.28358209e-05
-2.548898672e-20
3.28358209e-05
1.671528994e-20
3.28358209e-05
3.668090607e-20
3.28358209e-05
-1.420239386e-20
3.28358209e-05
-5.299806092e-21
3.28358209e-05
1.101640372e-20
3.28358209e-05
-1.108748599e-20
3.28358209e-05
4.931102113e-22
3.28358209e-05
2.719111483e-20
3.28358209e-05
5.349803112e-21
3.28358209e-05
-7.550475491e-21
3.28358209e-05
2.090117241e-20
3.28358209e-05
-2.035391116e-20
3.28358209e-05
-4.161380853e-20
3.28358209e-05
-4.931374943e-21
3.28358209e-05
1.118467092e-20
3.28358209e-05
8.064111771e-21
3.28358209e-05
2.252820565e-20
3.28358209e-05
1.314529926e-20
3.28358209e-05
-2.218619835e-20
3.28358209e-05
-2.126240778e-20
3.28358209e-05
-1.946452901e-20
3.28358209e-05
8.929912151e-21
3.28358209e-05
-1.188504386e-20
3.28358209e-05
-3.324125073e-20
3.28358209e-05
-1.383248111e-20
3.28358209e-05
1.264717328e-20
3.28358209e-05
2.055762208e-20
3.28358209e-05
1.877945926e-20
3.28358209e-05
9.957336894e-21
3.28358209e-05
-2.730606944e-20
3.28358209e-05
-6.475609327e-21
3.28358209e-05
-5.812860565e-21
3.28358209e-05
1.849316624e-20
3.28358209e-05
3.459211788e-20
3.28358209e-05
-4.356354762e-20
3.28358209e-05
-5.866224856e-21
3.28358209e-05
1.890008236e-20
3.28358209e-05
-1.178329678e-20
3.28358209e-05
-7.452192259e-21
3.28358209e-05
8.436840608e-21
3.28358209e-05
8.854673655e-21
3.28358209e-05
-7.222077092e-21
3.28358209e-05
-1.271623046e-21
3.28358209e-05
-1.543743862e-20
3.28358209e-05
4.874645908e-21
3.28358209e-05
1.158082896e-20
3.28358209e-05
-1.001645457e-21
3.28358209e-05
-4.920792367e-21
3.28358209e-05
-3.126451349e-21
3.28358209e-05
3.37796546e-20
3.28358209e-05
1.88193862e-21
3.28358209e-05
-1.831300115e-20
3.28358209e-05
-5.206290557e-21
3.28358209e-05
-4.183662019e-23
3.28358209e-05
3.012023399e-21
3.28358209e-05
1.731761747e-20
3.28358209e-05
7.605511032e-21
3.28358209e-05
-1.182822056e-20
3.28358209e-05
3.281363801e-21
3.28358209e-05
7.412757825e-21
3.28358209e-05
5.154531066e-21
3.28358209e-05
2.460181418e-20
3.28358209e-05
-2.601506587e-21
3.28358209e-05
-2.734035594e-20
3.28358209e-05
2.041683031e-20
3.28358209e-05
-2.442814597e-20
3.28358209e-05
-1.975474391e-20
3.28358209e-05
3.824867615e-20
3.28358209e-05
2.154015548e-20
3.28358209e-05
-2.475698042e-20
3.28358209e-05
-3.987730354e-20
3.28358209e-05
2.520266202e-20
3.28358209e-05
2.413597143e-20
3.28358209e-05
-5.387439876e-23
3.28358209e-05
1.296582025e-20
3.28358209e-05
-1.730270855e-20
3.28358209e-05
-3.645706801e-20
3.28358209e-05
-4.385888717e-21
3.28358209e-05
3.699530012e-20
3.28358209e-05
-1.294355097e-21
3.28358209e-05
-1.13206212e-20
3.28358209e-05
-1.383124825e-20
3.28358209e-05
1.686311763e-20
3.28358209e-05
1.83410627e-20
3.28358209e-05
-1.9491842e-20
3.28358209e-05
-1.011806341e-20
3.28358209e-05
1.701280682e-20
3.28358209e-05
8.087148875e-21
3.28358209e-05
-3.030168391e-20
3.28358209e-05
1.653690817e-20
3.28358209e-05
-8.66398086e-21
3.28358209e-05
-2.823162768e-20
3.28358209e-05
1.080929062e-20
3.28358209e-05
1.53996246e-20
3.28358209e-05
-1.985338374e-20
3.28358209e-05
-3.536330389e-20
3.28358209e-05
2.938812671e-20
3.28358209e-05
4.036415245e-20
3.28358209e-05
-1.337694915e-20
3.28358209e-05
-2.963302123e-20
3.28358209e-05
9.896751964e-21
3.28358209e-05
1.910683366e-20
3.28358209e-05
-1.711459223e-20
3.28358209e-05
-1.844404235e-20
3.28358209e-05
-2.324233324e-20
3.28358209e-05
4.95097352e-20
3.28358209e-05
2.631334419e-20
3.28358209e-05
-2.183699221e-20
3.28358209e-05
-2.330523227e-20
3.28358209e-05
-1.188015142e-20
3.28358209e-05
1.905368947e-20
3.28358209e-05
7.337131848e-21
3.28358209e-05
-1.358059548e-20
3.28358209e-05
-1.82969985e-21
3.28358209e-05
2.54058825e-20
3.28358209e-05
-1.352703076e-20
3.28358209e-05
-2.130554048e-20
3.28358209e-05
3.265340864e-20
3.28358209e-05
1.183719404e-20
3.28358209e-05
-1.560236046e-20
3.28358209e-05
-6.608747186e-21
3.28358209e-05
-7.788599371e-21
3.28358209e-05
1.56508519e-20
3.28358209e-05
-2.390289267e-20
3.28358209e-05
-2.224652735e-20
3.28358209e-05
1.823117569e-20
3.28358209e-05
-7.823446303e-21
3.28358209e-05
4.511794026e-21
3.28358209e-05
-5.906693624e-20
3.28358209e-05
1.962504143e-20
3.28358209e-05
9.703496918e-20
3.28358209e-05
2.002061853e-20
3.28358209e-05
-7.397477779e-20
3.28358209e-05
-7.435204276e-20
3.28358209e-05
2.342840751e-20
3.28358209e-05
5.608823772e-20
3.28358209e-05
1.907548154e-20
3.28358209e-05
-8.116424331e-20
3.28358209e-05
-1.49709465e-20
3.28358209e-05
9.115696839e-20
3.28358209e-05
-1.258390908e-20
3.28358209e-05
-3.641853946e-20
3.28358209e-05
4.620960662e-20
3.28358209e-05
6.712766455e-20
3.28358209e-05
1.228953414e-20
3.28358209e-05
-1.098907486e-19
3.28358209e-05
-4.01600013e-20
3.28358209e-05
7.018152452e-20
3.28358209e-05
-4.162269264e-20
3.28358209e-05
-1.768732094e-20
3.28358209e-05
4.87646959e-20
3.28358209e-05
1.25423764e-20
3.28358209e-05
1.725724647e-20
3.28358209e-05
-3.939554098e-20
3.28358209e-05
1.100957675e-20
3.28358209e-05
2.19348304e-20
3.28358209e-05
8.953049371e-22
3.28358209e-05
-1.260014134e-20
3.28358209e-05
-1.895590987e-20
3.28358209e-05
1.054049992e-20
3.28358209e-05
2.146280789e-20
3.28358209e-05
4.700625053e-20
3.28358209e-05
-2.379525837e-20
3.28358209e-05
-2.438855206e-20
3.28358209e-05
3.997472954e-20
3.28358209e-05
-6.298587608e-20
3.28358209e-05
-3.110084306e-20
3.28358209e-05
4.762238359e-20
3.28358209e-05
-5.437216469e-22
3.28358209e-05
5.595692864e-22
3.28358209e-05
-9.939501904e-20
3.28358209e-05
-7.464454232e-22
3.28358209e-05
1.102319894e-19
3.28358209e-05
-5.43274583e-20
3.28358209e-05
-7.068123342e-21
3.28358209e-05
8.801141716e-20
3.28358209e-05
9.271358563e-21
3.28358209e-05
-1.366273804e-20
3.28358209e-05
-8.876640648e-20
3.28358209e-05
2.398802656e-21
3.28358209e-05
1.199478694e-19
3.28358209e-05
-3.394544365e-21
3.28358209e-05
-8.774530351e-20
3.28358209e-05
-3.149812294e-20
3.28358209e-05
3.313690208e-20
3.28358209e-05
3.72929772e-20
3.28358209e-05
2.506502669e-20
3.28358209e-05
-3.093087489e-20
3.28358209e-05
-1.634872824e-20
3.28358209e-05
-2.553092935e-20
3.28358209e-05
-1.982311409e-20
3.28358209e-05
2.819752873e-20
3.28358209e-05
1.737688013e-20
3.323058251e-20
2.089552239e-05
1.385028835e-20
2.089552239e-05
1.59677979e-21
2.089552239e-05
-4.12602653e-21
2.089552239e-05
-1.572997823e-20
2.089552239e-05
-1.825490323e-20
2.089552239e-05
-2.574306957e-20
2.089552239e-05
1.180381626e-20
2.089552239e-05
2.626409375e-20
2.089552239e-05
-1.706725864e-21
2.089552239e-05
-1.001547486e-21
2.089552239e-05
1.049189329e-20
2.089552239e-05
-5.581553071e-21
2.089552239e-05
1.8665876e-22
2.089552239e-05
2.270982611e-20
2.089552239e-05
-1.041252944e-20
2.089552239e-05
-9.098804765e-21
2.089552239e-05
4.171427482e-21
2.089552239e-05
-1.26898443e-20
2.089552239e-05
-1.358220081e-20
2.089552239e-05
4.565077821e-21
2.089552239e-05
1.83581799e-20
2.089552239e-05
2.489322046e-21
2.089552239e-05
3.479573853e-21
2.089552239e-05
1.459949451e-20
2.089552239e-05
-4.800591088e-21
2.089552239e-05
-2.168193208e-20
2.089552239e-05
-2.26632269e-20
2.089552239e-05
2.495383843e-21
2.089552239e-05
-3.292325188e-22
2.089552239e-05
-2.862323103e-20
2.089552239e-05
-1.311302968e-20
2.089552239e-05
1.849512186e-20
2.089552239e-05
1.375316269e-20
2.089552239e-05
1.123830176e-20
2.089552239e-05
8.922638299e-21
2.089552239e-05
-2.920894162e-20
2.089552239e-05
-4.224470751e-21
2.089552239e-05
1.257651528e-20
2.089552239e-05
2.709500133e-21
2.089552239e-05
1.954295572e-20
2.089552239e-05
-1.87648964e-20
2.089552239e-05
-9.357134119e-21
2.089552239e-05
2.751518861e-21
2.089552239e-05
1.169652252e-21
2.089552239e-05
-9.659050379e-21
2.089552239e-05
3.048436734e-21
2.089552239e-05
1.320959996e-20
2.089552239e-05
-1.322887865e-21
2.089552239e-05
-2.615441784e-21
2.089552239e-05
-1.755636541e-20
2.089552239e-05
8.825518759e-21
2.089552239e-05
1.420012332e-20
2.089552239e-05
-5.805568996e-21
2.089552239e-05
-1.36745921e-21
2.089552239e-05
2.784527257e-21
2.089552239e-05
7.945842687e-21
2.089552239e-05
1.439125283e-21
2.089552239e-05
-3.394352439e-21
2.089552239e-05
-5.648531802e-22
2.089552239e-05
5.184109708e-22
2.089552239e-05
-2.047991372e-21
2.089552239e-05
1.500973528e-21
2.089552239e-05
2.946909045e-21
2.089552239e-05
-6.335567951e-22
2.089552239e-05
1.226020803e-21
2.089552239e-05
4.512844347e-21
2.089552239e-05
9.646650851e-21
2.089552239e-05
6.135859795e-21
2.089552239e-05
-1.030410244e-20
2.089552239e-05
-1.435938028e-20
2.089552239e-05
5.959951308e-21
2.089552239e-05
-2.063608258e-20
2.089552239e-05
1.202089741e-21
2.089552239e-05
2.919293749e-20
2.089552239e-05
2.885539292e-21
2.089552239e-05
-3.013775137e-20
2.089552239e-05
-6.85596245e-21
2.089552239e-05
4.621120218e-20
2.089552239e-05
8.105420022e-21
2.089552239e-05
-6.862815455e-22
2.089552239e-05
9.437665369e-21
2.089552239e-05
-1.66223726e-20
2.089552239e-05
-2.258684581e-20
2.089552239e-05
5.930103984e-21
2.089552239e-05
1.604057947e-20
2.089552239e-05
-4.826448701e-21
2.089552239e-05
-9.134322779e-21
2.089552239e-05
-1.108549714e-20
2.089552239e-05
2.034481571e-20
2.089552239e-05
8.107279638e-21
2.089552239e-05
-2.01778411e-20
2.089552239e-05
-2.512944323e-20
2.089552239e-05
1.609054406e-20
2.089552239e-05
2.863366443e-20
2.089552239e-05
-3.478454357e-21
2.089552239e-05
3.185202351e-21
2.089552239e-05
-3.339275779e-21
2.089552239e-05
-1.576998507e-20
2.089552239e-05
-9.835515057e-21
2.089552239e-05
1.883000951e-20
2.089552239e-05
9.629928436e-21
2.089552239e-05
-2.884721253e-20
2.089552239e-05
-3.435775009e-21
2.089552239e-05
1.278271699e-20
2.089552239e-05
7.038419589e-21
2.089552239e-05
1.325581229e-21
2.089552239e-05
-4.633915249e-21
2.089552239e-05
-4.925345859e-21
2.089552239e-05
1.405858314e-21
2.089552239e-05
1.43020372e-21
2.089552239e-05
-2.009520567e-20
2.089552239e-05
1.132421694e-20
2.089552239e-05
7.373939417e-21
2.089552239e-05
4.772378762e-21
2.089552239e-05
1.500941239e-21
2.089552239e-05
-1.253277567e-20
2.089552239e-05
-5.070022392e-21
2.089552239e-05
9.943904635e-21
2.089552239e-05
6.88596938e-21
2.089552239e-05
-7.818235751e-21
2.089552239e-05
-2.936576282e-21
2.089552239e-05
-1.228452794e-20
2.089552239e-05
-1.338081645e-20
2.089552239e-05
1.301164682e-20
2.089552239e-05
1.149464387e-20
2.089552239e-05
6.847987425e-21
2.089552239e-05
1.096395587e-20
2.089552239e-05
-1.257961918e-20
2.089552239e-05
-8.377036584e-22
2.089552239e-05
-1.452150398e-20
2.089552239e-05
-5.437348265e-21
2.089552239e-05
1.119911577e-20
2.089552239e-05
-1.017758073e-20
2.089552239e-05
1.248006065e-20
2.089552239e-05
-3.171949373e-20
2.089552239e-05
2.903571175e-21
2.089552239e-05
5.744923174e-20
2.089552239e-05
1.883577461e-20
2.089552239e-05
-3.115921727e-20
2.089552239e-05
-5.170452416e-20
2.089552239e-05
7.834316642e-21
2.089552239e-05
2.435425685e-20
2.089552239e-05
1.721367985e-20
2.089552239e-05
-4.342512016e-20
2.089552239e-05
-1.295531526e-20
2.089552239e-05
6.300697971e-20
2.089552239e-05
-1.160131301e-20
2.089552239e-05
-3.555395025e-20
2.089552239e-05
3.031436346e-20
2.089552239e-05
4.891801427e-20
2.089552239e-05
1.007483516e-20
2.089552239e-05
-5.333675019e-20
2.089552239e-05
-2.925856349e-20
2.089552239e-05
2.609044184e-20
2.089552239e-05
-2.022893842e-20
2.089552239e-05
1.748852766e-21
2.089552239e-05
2.028747642e-20
2.089552239e-05
-5.639928874e-21
2.089552239e-05
1.874083802e-20
2.089552239e-05
-1.722426449e-20
2.089552239e-05
3.713271171e-22
2.089552239e-05
2.147415281e-22
2.089552239e-05
9.264483225e-21
2.089552239e-05
1.723745951e-21
2.089552239e-05
-1.199163812e-20
2.089552239e-05
-1.090229901e-20
2.089552239e-05
9.987704547e-21
2.089552239e-05
5.171617662e-20
2.089552239e-05
-1.838357093e-20
2.089552239e-05
-1.752598042e-20
2.089552239e-05
2.440211087e-20
2.089552239e-05
-4.267490169e-20
2.089552239e-05
-1.817505419e-20
2.089552239e-05
4.665656357e-20
2.089552239e-05
-8.330595816e-21
2.089552239e-05
-3.631003853e-21
2.089552239e-05
-5.392432121e-20
2.089552239e-05
-5.549302572e-21
2.089552239e-05
7.679416107e-20
2.089552239e-05
-2.493163376e-20
2.089552239e-05
-1.202937452e-20
2.089552239e-05
4.30672187e-20
2.089552239e-05
-6.546141057e-21
2.089552239e-05
-6.373419115e-21
2.089552239e-05
-4.364093939e-20
2.089552239e-05
-3.681655203e-21
2.089552239e-05
5.08601312e-20
2.089552239e-05
-1.152983594e-20
2.089552239e-05
-2.962868815e-20
2.089552239e-05
-1.738935795e-21
2.089552239e-05
1.207420074e-20
2.089552239e-05
8.028757793e-21
2.089552239e-05
1.94150896e-20
2.089552239e-05
-3.88956631e-21
2.089552239e-05
-1.116041139e-20
2.089552239e-05
-3.630389989e-20
2.089552239e-05
-2.444419332e-20
2.089552239e-05
3.772859414e-20
2.089552239e-05
2.251522517e-20
1.513465422e-20
7.462686567e-06
7.462686567e-06
7.462686567e-06
7.462686567e-06
7.462686567e-06
7.462686567e-06
7.462686567e-06
7.462686567e-06
7.462686567e-06
7.462686567e-06
7.462686567e-06
7.462686567e-06
7.462686567e-06
7.462686567e-06
7.462686567e-06
7.462686567e-06
7.462686567e-06
7.462686567e-06
7.462686567e-06
7.462686567e-06
7.462686567e-06
7.462686567e-06
7.462686567e-06
7.462686567e-06
7.462686567e-06
7.462686567e-06
7.462686567e-06
7.462686567e-06
7.462686567e-06
7.462686567e-06
7.462686567e-06
7.462686567e-06
7.462686567e-06
7.462686567e-06
7.462686567e-06
7.462686567e-06
7.462686567e-06
7.462686567e-06
7.462686567e-06
7.462686567e-06
7.462686567e-06
7.462686567e-06
7.462686567e-06
7.462686567e-06
7.462686567e-06
7.462686567e-06
7.462686567e-06
7.462686567e-06
7.462686567e-06
7.462686567e-06
7.462686567e-06
7.462686567e-06
7.462686567e-06
7.462686567e-06
7.462686567e-06
7.462686567e-06
7.462686567e-06
7.462686567e-06
7.462686567e-06
7.462686567e-06
7.462686567e-06
7.462686567e-06
7.462686567e-06
7.462686567e-06
7.462686567e-06
7.462686567e-06
7.462686567e-06
7.462686567e-06
7.462686567e-06
7.462686567e-06
7.462686567e-06
7.462686567e-06
7.462686567e-06
7.462686567e-06
7.462686567e-06
7.462686567e-06
7.462686567e-06
7.462686567e-06
7.462686567e-06
7.462686567e-06
7.462686567e-06
7.462686567e-06
7.462686567e-06
7.462686567e-06
7.462686567e-06
7.462686567e-06
7.462686567e-06
7.462686567e-06
7.462686567e-06
7.462686567e-06
7.462686567e-06
7.462686567e-06
7.462686567e-06
7.462686567e-06
7.462686567e-06
7.462686567e-06
7.462686567e-06
7.462686567e-06
7.462686567e-06
7.462686567e-06
7.462686567e-06
7.462686567e-06
7.462686567e-06
7.462686567e-06
7.462686567e-06
7.462686567e-06
7.462686567e-06
7.462686567e-06
7.462686567e-06
7.462686567e-06
7.462686567e-06
7.462686567e-06
7.462686567e-06
7.462686567e-06
7.462686567e-06
7.462686567e-06
7.462686567e-06
7.462686567e-06
7.462686567e-06
7.462686567e-06
7.462686567e-06
7.462686567e-06
7.462686567e-06
7.462686567e-06
7.462686567e-06
7.462686567e-06
7.462686567e-06
7.462686567e-06
7.462686567e-06
7.462686567e-06
7.462686567e-06
7.462686567e-06
7.462686567e-06
7.462686567e-06
7.462686567e-06
7.462686567e-06
7.462686567e-06
7.462686567e-06
7.462686567e-06
7.462686567e-06
7.462686567e-06
7.462686567e-06
7.462686567e-06
7.462686567e-06
7.462686567e-06
7.462686567e-06
7.462686567e-06
7.462686567e-06
7.462686567e-06
7.462686567e-06
7.462686567e-06
7.462686567e-06
7.462686567e-06
7.462686567e-06
7.462686567e-06
7.462686567e-06
7.462686567e-06
7.462686567e-06
7.462686567e-06
7.462686567e-06
7.462686567e-06
7.462686567e-06
7.462686567e-06
7.462686567e-06
7.462686567e-06
7.462686567e-06
7.462686567e-06
7.462686567e-06
7.462686567e-06
7.462686567e-06
7.462686567e-06
7.462686567e-06
7.462686567e-06
7.462686567e-06
7.462686567e-06
7.462686567e-06
7.462686567e-06
7.462686567e-06
7.462686567e-06
7.462686567e-06
7.462686567e-06
7.462686567e-06
7.462686567e-06
7.462686567e-06
7.462686567e-06
7.462686567e-06
7.462686567e-06
7.462686567e-06
7.462686567e-06
7.462686567e-06
7.462686567e-06
7.462686567e-06
7.462686567e-06
7.462686567e-06
7.462686567e-06
7.462686567e-06
7.462686567e-06
7.462686567e-06
7.462686567e-06
)
;

boundaryField
{
    inlet
    {
        type            cyclic;
        value           nonuniform List<scalar> 
20
(
-5.970149254e-05
-6.567164179e-05
-7.014925373e-05
-7.313432836e-05
-7.462686567e-05
-7.462686567e-05
-7.313432836e-05
-7.014925373e-05
-6.567164179e-05
-5.970149254e-05
-5.223880597e-05
-4.328358209e-05
-3.28358209e-05
-2.089552239e-05
-7.462686567e-06
-5.223880597e-05
-4.328358209e-05
-3.28358209e-05
-2.089552239e-05
-7.462686567e-06
)
;
    }
    outlet
    {
        type            cyclic;
        value           nonuniform List<scalar> 
20
(
5.970149254e-05
6.567164179e-05
7.014925373e-05
7.313432836e-05
7.462686567e-05
7.462686567e-05
7.313432836e-05
7.014925373e-05
6.567164179e-05
5.970149254e-05
5.223880597e-05
4.328358209e-05
3.28358209e-05
2.089552239e-05
7.462686567e-06
5.223880597e-05
4.328358209e-05
3.28358209e-05
2.089552239e-05
7.462686567e-06
)
;
    }
    topWall
    {
        type            calculated;
        value           uniform 0;
    }
    bottomWall
    {
        type            calculated;
        value           uniform 0;
    }
    frontAndBack
    {
        type            empty;
        value           nonuniform List<scalar> 0();
    }
}


// ************************************************************************* //
