/*--------------------------------*- C++ -*----------------------------------*\
  =========                 |
  \\      /  F ield         | OpenFOAM: The Open Source CFD Toolbox
   \\    /   O peration     | Website:  https://openfoam.org
    \\  /    A nd           | Version:  10
     \\/     M anipulation  |
\*---------------------------------------------------------------------------*/
FoamFile
{
    format      ascii;
    class       volVectorField;
    location    "3500";
    object      U;
}
// * * * * * * * * * * * * * * * * * * * * * * * * * * * * * * * * * * * * * //

dimensions      [0 1 -1 0 0 0 0];

internalField   nonuniform List<vector> 
4000
(
(0.1492537313 -1.666279974e-16 0)
(0.1492537313 -1.480092278e-16 0)
(0.1492537313 -1.460884652e-17 0)
(0.1492537313 -1.127583941e-17 0)
(0.1492537313 -1.951328496e-17 0)
(0.1492537313 -1.319265448e-17 0)
(0.1492537313 1.034043041e-17 0)
(0.1492537313 1.209277285e-17 0)
(0.1492537313 -1.585968024e-17 0)
(0.1492537313 2.623356462e-17 0)
(0.1492537313 1.377072259e-17 0)
(0.1492537313 -1.087806012e-17 0)
(0.1492537313 -7.174965028e-18 0)
(0.1492537313 2.528066599e-17 0)
(0.1492537313 1.936465944e-17 0)
(0.1492537313 -1.97836031e-17 0)
(0.1492537313 -1.62487668e-17 0)
(0.1492537313 1.082291484e-17 0)
(0.1492537313 -2.506582563e-18 0)
(0.1492537313 1.50908793e-17 0)
(0.1492537313 1.450641219e-17 0)
(0.1492537313 -5.571005259e-17 0)
(0.1492537313 -2.073973556e-17 0)
(0.1492537313 3.668583559e-17 0)
(0.1492537313 1.372654491e-17 0)
(0.1492537313 2.036786117e-17 0)
(0.1492537313 -1.147512167e-17 0)
(0.1492537313 3.938382034e-18 0)
(0.1492537313 2.345438769e-17 0)
(0.1492537313 -4.936570217e-17 0)
(0.1492537313 1.299436183e-17 0)
(0.1492537313 -1.947557374e-17 0)
(0.1492537313 1.587579677e-17 0)
(0.1492537313 -2.363207769e-18 0)
(0.1492537313 -4.665202997e-17 0)
(0.1492537313 7.874790728e-17 0)
(0.1492537313 -4.524661761e-17 0)
(0.1492537313 -2.723117173e-17 0)
(0.1492537313 9.472877992e-18 0)
(0.1492537313 7.487661339e-18 0)
(0.1492537313 6.015544624e-17 0)
(0.1492537313 -4.537146104e-17 0)
(0.1492537313 2.30238076e-17 0)
(0.1492537313 -4.632626621e-17 0)
(0.1492537313 -6.576675037e-18 0)
(0.1492537313 2.095300849e-17 0)
(0.1492537313 -8.570734283e-18 0)
(0.1492537313 4.927811053e-17 0)
(0.1492537313 -5.148168172e-17 0)
(0.1492537313 -2.298916656e-17 0)
(0.1492537313 4.494612725e-17 0)
(0.1492537313 -8.694917727e-18 0)
(0.1492537313 4.054539195e-17 0)
(0.1492537313 -3.208994198e-17 0)
(0.1492537313 -3.319797762e-17 0)
(0.1492537313 2.65408519e-17 0)
(0.1492537313 5.655655448e-17 0)
(0.1492537313 -4.880216132e-17 0)
(0.1492537313 -3.080341279e-18 0)
(0.1492537313 5.405418291e-18 0)
(0.1492537313 -2.571732875e-17 0)
(0.1492537313 4.336909667e-20 0)
(0.1492537313 3.514431814e-18 0)
(0.1492537313 -1.275053176e-17 0)
(0.1492537313 -5.189873594e-17 0)
(0.1492537313 4.683490261e-17 0)
(0.1492537313 5.50673394e-17 0)
(0.1492537313 -4.777425015e-17 0)
(0.1492537313 -3.924152777e-17 0)
(0.1492537313 9.921132463e-17 0)
(0.1492537313 -7.192314519e-17 0)
(0.1492537313 -3.59111297e-17 0)
(0.1492537313 1.519301708e-16 0)
(0.1492537313 -9.790612209e-17 0)
(0.1492537313 -1.16960033e-16 0)
(0.1492537313 1.040405174e-16 0)
(0.1492537313 7.396382533e-17 0)
(0.1492537313 -2.228146952e-18 0)
(0.1492537313 -1.67997708e-16 0)
(0.1492537313 3.393752407e-17 0)
(0.1492537313 1.093114161e-16 0)
(0.1492537313 -1.624680625e-17 0)
(0.1492537313 -9.561154857e-18 0)
(0.1492537313 -8.626897807e-17 0)
(0.1492537313 -2.180646324e-18 0)
(0.1492537313 4.68586131e-17 0)
(0.1492537313 5.782596089e-17 0)
(0.1492537313 -5.549727972e-18 0)
(0.1492537313 -1.622854913e-16 0)
(0.1492537313 5.544969259e-17 0)
(0.1492537313 1.150028321e-16 0)
(0.1492537313 -3.420669017e-18 0)
(0.1492537313 -1.036531516e-16 0)
(0.1492537313 4.816570224e-17 0)
(0.1492537313 5.819332238e-17 0)
(0.1492537313 -1.060657552e-16 0)
(0.1492537313 1.169099137e-16 0)
(0.1492537313 5.266386782e-18 0)
(0.1492537313 -1.136035172e-16 0)
(0.1492537313 -1.337355984e-17 0)
(0.1492537313 5.564115616e-17 0)
(0.1492537313 1.296379205e-16 0)
(0.1492537313 -8.800446371e-17 0)
(0.1492537313 -1.0004797e-16 0)
(0.1492537313 8.116229453e-17 0)
(0.1492537313 9.57985841e-17 0)
(0.1492537313 -4.787538264e-18 0)
(0.1492537313 -2.168370372e-16 0)
(0.1492537313 7.402965501e-18 0)
(0.1492537313 2.147974377e-16 0)
(0.1492537313 -8.71740432e-17 0)
(0.1492537313 -1.19568204e-16 0)
(0.1492537313 1.01046113e-16 0)
(0.1492537313 2.113194746e-18 0)
(0.1492537313 1.108819068e-16 0)
(0.1492537313 -9.811758898e-17 0)
(0.1492537313 -1.25560782e-16 0)
(0.1492537313 1.117904893e-16 0)
(0.1492537313 1.258326806e-16 0)
(0.1492537313 -1.255444693e-17 0)
(0.1492537313 -2.285955883e-16 0)
(0.1492537313 9.120001311e-18 0)
(0.1492537313 2.155221309e-16 0)
(0.1492537313 -9.682667199e-17 0)
(0.1492537313 -9.753378378e-17 0)
(0.1492537313 8.77597662e-17 0)
(0.1492537313 1.109991408e-16 0)
(0.1492537313 -1.621119947e-17 0)
(0.1492537313 -2.221792248e-16 0)
(0.1492537313 1.16481368e-16 0)
(0.1492537313 1.299025383e-17 0)
(0.1492537313 -1.194071353e-16 0)
(0.1492537313 1.026219806e-16 0)
(0.1492537313 -1.119271367e-16 0)
(0.1492537313 2.080274294e-16 0)
(0.1492537313 5.757875368e-18 0)
(0.1492537313 -2.164405243e-16 0)
(0.1492537313 8.782367132e-17 0)
(0.1492537313 2.594614977e-17 0)
(0.1492537313 1.093313253e-16 0)
(0.1492537313 -1.866755016e-17 0)
(0.1492537313 -1.891371648e-16 0)
(0.1492537313 -1.182876876e-17 0)
(0.1492537313 1.161302406e-16 0)
(0.1492537313 -3.704857286e-18 0)
(0.1492537313 -2.816077275e-17 0)
(0.1492537313 2.191255446e-16 0)
(0.1492537313 -7.13636594e-17 0)
(0.1492537313 -3.01089619e-16 0)
(0.1492537313 8.979012442e-17 0)
(0.1492537313 8.956051508e-17 0)
(0.1492537313 1.231311061e-16 0)
(0.1492537313 -1.048820718e-16 0)
(0.1492537313 -2.364324003e-16 0)
(0.1492537313 3.363481995e-16 0)
(0.1492537313 1.15457942e-16 0)
(0.1492537313 -2.161434844e-16 0)
(0.1492537313 -9.555120098e-17 0)
(0.1492537313 -9.950686004e-17 0)
(0.1492537313 2.085007014e-16 0)
(0.1492537313 9.202128665e-17 0)
(0.1492537313 -3.345372517e-18 0)
(0.1492537313 -7.908726858e-17 0)
(0.1492537313 -7.909219604e-17 0)
(0.1492537313 1.752275105e-16 0)
(0.1492537313 -9.55843289e-17 0)
(0.1492537313 9.1323196e-18 0)
(0.1492537313 -1.035598534e-16 0)
(0.1492537313 -5.763811258e-18 0)
(0.1492537313 2.812052908e-16 0)
(0.1492537313 -1.989711663e-16 0)
(0.1492537313 1.128856047e-17 0)
(0.1492537313 2.813759811e-17 0)
(0.1492537313 -2.251850093e-16 0)
(0.1492537313 3.529787738e-16 0)
(0.1492537313 -2.858589204e-17 0)
(0.1492537313 -1.439415815e-16 0)
(0.1492537313 4.522317423e-17 0)
(0.1492537313 -2.478019499e-16 0)
(0.1492537313 3.230505209e-16 0)
(0.1492537313 2.28153612e-17 0)
(0.1492537313 -1.433816314e-16 0)
(0.1492537313 1.711514812e-17 0)
(0.1492537313 -9.604351598e-18 0)
(0.1492537313 1.011442994e-16 0)
(0.1492537313 -1.645078775e-16 0)
(0.1492537313 -1.42754488e-16 0)
(0.1492537313 3.230622473e-16 0)
(0.1492537313 1.337697589e-16 0)
(0.1492537313 -2.463433735e-16 0)
(0.1492537313 -1.179841848e-16 0)
(0.1492537313 1.162328894e-16 0)
(0.1492537313 -1.59965467e-17 0)
(0.1492537313 -8.111782201e-17 0)
(0.1492537313 2.063436575e-16 0)
(0.1492537313 -2.291481754e-16 0)
(0.1492537313 1.190642202e-16 0)
(0.1492537313 2.25355569e-16 0)
(0.1492537313 -3.296404272e-16 0)
(0.1492537313 -1.294010899e-16 0)
(0.4179104478 2.545977166e-15 0)
(0.4179104478 3.164827405e-16 0)
(0.4179104478 5.183920345e-17 0)
(0.4179104478 6.338215836e-17 0)
(0.4179104478 2.208650186e-17 0)
(0.4179104478 -7.084402728e-17 0)
(0.4179104478 -8.243794722e-18 0)
(0.4179104478 2.681495444e-17 0)
(0.4179104478 -9.861177579e-18 0)
(0.4179104478 4.305675143e-17 0)
(0.4179104478 1.825747215e-17 0)
(0.4179104478 2.427755543e-17 0)
(0.4179104478 -3.50000372e-17 0)
(0.4179104478 -3.887293552e-17 0)
(0.4179104478 3.293795687e-17 0)
(0.4179104478 -5.061623885e-17 0)
(0.4179104478 -4.343542795e-17 0)
(0.4179104478 5.357001859e-17 0)
(0.4179104478 -2.583266167e-17 0)
(0.4179104478 1.673120193e-17 0)
(0.4179104478 -3.153712416e-17 0)
(0.4179104478 -6.776034046e-17 0)
(0.4179104478 -6.850562232e-17 0)
(0.4179104478 6.675503538e-17 0)
(0.4179104478 1.250282936e-16 0)
(0.4179104478 2.387363754e-17 0)
(0.4179104478 -6.904201841e-18 0)
(0.4179104478 1.358510509e-17 0)
(0.4179104478 2.594597536e-17 0)
(0.4179104478 -1.084909683e-16 0)
(0.4179104478 5.466765568e-17 0)
(0.4179104478 -2.402372051e-17 0)
(0.4179104478 -6.103201247e-17 0)
(0.4179104478 6.162186763e-17 0)
(0.4179104478 -1.145341486e-16 0)
(0.4179104478 3.606176719e-17 0)
(0.4179104478 -3.337290771e-17 0)
(0.4179104478 -3.658334868e-17 0)
(0.4179104478 2.600645047e-17 0)
(0.4179104478 3.635364169e-17 0)
(0.4179104478 5.563556267e-17 0)
(0.4179104478 2.952120651e-17 0)
(0.4179104478 7.303822633e-17 0)
(0.4179104478 -1.418763303e-16 0)
(0.4179104478 2.798421472e-17 0)
(0.4179104478 -4.494744821e-17 0)
(0.4179104478 -1.294000107e-16 0)
(0.4179104478 5.270054013e-17 0)
(0.4179104478 -3.637035908e-17 0)
(0.4179104478 8.906277594e-17 0)
(0.4179104478 1.01037889e-16 0)
(0.4179104478 -1.015333458e-16 0)
(0.4179104478 -1.971831701e-17 0)
(0.4179104478 6.25986642e-17 0)
(0.4179104478 -6.019054179e-17 0)
(0.4179104478 -3.664946575e-17 0)
(0.4179104478 1.510581757e-16 0)
(0.4179104478 -5.387680784e-17 0)
(0.4179104478 2.576244863e-17 0)
(0.4179104478 6.777631737e-17 0)
(0.4179104478 -1.023542636e-16 0)
(0.4179104478 5.6843059e-18 0)
(0.4179104478 1.605010109e-17 0)
(0.4179104478 -1.069936162e-16 0)
(0.4179104478 -2.793314106e-17 0)
(0.4179104478 1.401048095e-16 0)
(0.4179104478 -3.157131277e-17 0)
(0.4179104478 2.092891779e-17 0)
(0.4179104478 1.950822661e-16 0)
(0.4179104478 -5.702747334e-17 0)
(0.4179104478 -2.253196818e-16 0)
(0.4179104478 4.795615375e-17 0)
(0.4179104478 2.244638907e-16 0)
(0.4179104478 -1.343932237e-16 0)
(0.4179104478 -1.454143167e-16 0)
(0.4179104478 1.311840989e-16 0)
(0.4179104478 1.665014077e-16 0)
(0.4179104478 -2.767197394e-18 0)
(0.4179104478 -3.074086557e-16 0)
(0.4179104478 8.753151273e-17 0)
(0.4179104478 1.380599985e-16 0)
(0.4179104478 -1.085937108e-16 0)
(0.4179104478 -2.712995104e-17 0)
(0.4179104478 5.734193754e-17 0)
(0.4179104478 1.475523946e-16 0)
(0.4179104478 1.096596812e-16 0)
(0.4179104478 -1.452651307e-16 0)
(0.4179104478 -2.025228975e-16 0)
(0.4179104478 -8.88323652e-17 0)
(0.4179104478 1.718328303e-16 0)
(0.4179104478 2.679400162e-16 0)
(0.4179104478 -2.317285208e-16 0)
(0.4179104478 -2.074207627e-16 0)
(0.4179104478 2.757268113e-16 0)
(0.4179104478 2.859140221e-17 0)
(0.4179104478 -1.981205641e-16 0)
(0.4179104478 1.241209314e-16 0)
(0.4179104478 1.550966142e-16 0)
(0.4179104478 -2.620311063e-16 0)
(0.4179104478 -2.186956032e-16 0)
(0.4179104478 3.18254717e-16 0)
(0.4179104478 1.425995039e-16 0)
(0.4179104478 -7.795128176e-17 0)
(0.4179104478 -1.445687373e-16 0)
(0.4179104478 5.681083007e-17 0)
(0.4179104478 1.416302473e-16 0)
(0.4179104478 -1.222360525e-16 0)
(0.4179104478 -9.241126994e-17 0)
(0.4179104478 4.103779649e-17 0)
(0.4179104478 2.04575527e-16 0)
(0.4179104478 -1.880293139e-16 0)
(0.4179104478 -1.712132918e-16 0)
(0.4179104478 2.020653632e-16 0)
(0.4179104478 1.648628333e-16 0)
(0.4179104478 5.56874561e-17 0)
(0.4179104478 -1.63634676e-16 0)
(0.4179104478 -2.064876556e-16 0)
(0.4179104478 2.190756369e-16 0)
(0.4179104478 2.178582629e-16 0)
(0.4179104478 -1.716669508e-16 0)
(0.4179104478 -1.407873288e-16 0)
(0.4179104478 5.133304711e-18 0)
(0.4179104478 1.041326015e-16 0)
(0.4179104478 1.070499303e-17 0)
(0.4179104478 1.224240628e-16 0)
(0.4179104478 4.539519578e-17 0)
(0.4179104478 -9.691918369e-17 0)
(0.4179104478 -1.425123483e-16 0)
(0.4179104478 -2.38037379e-16 0)
(0.4179104478 2.668790844e-16 0)
(0.4179104478 8.138710316e-17 0)
(0.4179104478 -1.184582962e-16 0)
(0.4179104478 1.938314579e-16 0)
(0.4179104478 -2.570986615e-16 0)
(0.4179104478 -1.360866161e-16 0)
(0.4179104478 1.503671851e-16 0)
(0.4179104478 -7.485352958e-18 0)
(0.4179104478 -5.362828192e-17 0)
(0.4179104478 1.685823662e-16 0)
(0.4179104478 4.454313351e-17 0)
(0.4179104478 -2.409392673e-16 0)
(0.4179104478 -1.564645753e-16 0)
(0.4179104478 7.725265587e-18 0)
(0.4179104478 2.15665432e-16 0)
(0.4179104478 8.66290102e-17 0)
(0.4179104478 2.206528178e-17 0)
(0.4179104478 1.954643643e-16 0)
(0.4179104478 -8.886820886e-17 0)
(0.4179104478 -2.34323894e-16 0)
(0.4179104478 1.083694366e-17 0)
(0.4179104478 8.967789575e-18 0)
(0.4179104478 2.548380587e-16 0)
(0.4179104478 -7.531290906e-17 0)
(0.4179104478 -3.317359434e-16 0)
(0.4179104478 4.651612662e-16 0)
(0.4179104478 1.734667654e-16 0)
(0.4179104478 -3.568114416e-16 0)
(0.4179104478 -1.418161299e-16 0)
(0.4179104478 -1.385285365e-16 0)
(0.4179104478 3.108029286e-16 0)
(0.4179104478 2.194842958e-16 0)
(0.4179104478 -2.456180173e-16 0)
(0.4179104478 -1.83066024e-17 0)
(0.4179104478 1.441281696e-16 0)
(0.4179104478 -6.022555832e-17 0)
(0.4179104478 -2.177363522e-16 0)
(0.4179104478 -5.024537069e-17 0)
(0.4179104478 1.018777238e-17 0)
(0.4179104478 1.750456233e-16 0)
(0.4179104478 2.589589923e-16 0)
(0.4179104478 -1.446796763e-16 0)
(0.4179104478 -6.251805449e-17 0)
(0.4179104478 2.857584241e-16 0)
(0.4179104478 -5.222669983e-16 0)
(0.4179104478 5.948917592e-17 0)
(0.4179104478 5.624485821e-17 0)
(0.4179104478 -1.483537672e-17 0)
(0.4179104478 3.18612047e-16 0)
(0.4179104478 -4.463939126e-16 0)
(0.4179104478 3.65818764e-16 0)
(0.4179104478 8.793829065e-17 0)
(0.4179104478 -3.403366132e-16 0)
(0.4179104478 3.087705349e-16 0)
(0.4179104478 -4.860684933e-16 0)
(0.4179104478 4.443821044e-17 0)
(0.4179104478 6.180832349e-16 0)
(0.4179104478 -4.700656876e-16 0)
(0.4179104478 1.529872126e-16 0)
(0.4179104478 3.496106696e-16 0)
(0.4179104478 -3.378490098e-16 0)
(0.4179104478 -3.334251686e-16 0)
(0.4179104478 1.689817356e-16 0)
(0.4179104478 -4.785496263e-17 0)
(0.4179104478 -5.396479489e-17 0)
(0.4179104478 2.370027739e-16 0)
(0.4179104478 1.433108497e-16 0)
(0.4179104478 6.019798339e-17 0)
(0.4179104478 -1.763904506e-16 0)
(0.4179104478 -3.346218852e-16 0)
(0.4179104478 1.483918822e-16 0)
(0.6567164179 1.257396982e-15 0)
(0.6567164179 3.707751322e-16 0)
(0.6567164179 1.227520995e-16 0)
(0.6567164179 1.395158951e-16 0)
(0.6567164179 7.909434855e-17 0)
(0.6567164179 -2.608215325e-17 0)
(0.6567164179 2.319676713e-19 0)
(0.6567164179 -1.133948824e-17 0)
(0.6567164179 -1.25070835e-17 0)
(0.6567164179 1.152041092e-16 0)
(0.6567164179 7.494941818e-17 0)
(0.6567164179 2.593572321e-17 0)
(0.6567164179 -1.883886365e-17 0)
(0.6567164179 -3.540886451e-17 0)
(0.6567164179 -1.080016844e-17 0)
(0.6567164179 -8.290504992e-17 0)
(0.6567164179 -3.562702185e-17 0)
(0.6567164179 2.157717162e-17 0)
(0.6567164179 -4.915277864e-17 0)
(0.6567164179 -2.714546783e-17 0)
(0.6567164179 -5.539707535e-17 0)
(0.6567164179 -1.402603798e-16 0)
(0.6567164179 -1.090122759e-16 0)
(0.6567164179 1.840001228e-16 0)
(0.6567164179 1.636635393e-16 0)
(0.6567164179 3.546465496e-17 0)
(0.6567164179 1.09526268e-16 0)
(0.6567164179 2.599982044e-18 0)
(0.6567164179 -1.884832564e-17 0)
(0.6567164179 -1.565983509e-16 0)
(0.6567164179 3.565915861e-17 0)
(0.6567164179 1.817517357e-17 0)
(0.6567164179 -1.459738745e-16 0)
(0.6567164179 -5.207155044e-18 0)
(0.6567164179 -1.732539186e-16 0)
(0.6567164179 -4.77561211e-17 0)
(0.6567164179 7.553289998e-18 0)
(0.6567164179 4.942360188e-17 0)
(0.6567164179 6.946801399e-17 0)
(0.6567164179 5.069765577e-17 0)
(0.6567164179 6.243030357e-18 0)
(0.6567164179 -1.3011435e-18 0)
(0.6567164179 1.92158807e-16 0)
(0.6567164179 -1.660723659e-16 0)
(0.6567164179 -9.76525192e-17 0)
(0.6567164179 -2.190483615e-18 0)
(0.6567164179 -1.71151349e-16 0)
(0.6567164179 -5.369050132e-17 0)
(0.6567164179 4.043805395e-17 0)
(0.6567164179 -2.083630067e-18 0)
(0.6567164179 1.279245786e-16 0)
(0.6567164179 -4.376308831e-17 0)
(0.6567164179 -6.521866582e-17 0)
(0.6567164179 1.596344586e-16 0)
(0.6567164179 3.096586398e-17 0)
(0.6567164179 -3.22553106e-17 0)
(0.6567164179 -7.496280469e-18 0)
(0.6567164179 -8.3090497e-17 0)
(0.6567164179 1.80829351e-16 0)
(0.6567164179 -3.052314377e-18 0)
(0.6567164179 -1.943481598e-16 0)
(0.6567164179 9.653485565e-17 0)
(0.6567164179 8.754794132e-17 0)
(0.6567164179 -1.680632037e-16 0)
(0.6567164179 8.521536935e-18 0)
(0.6567164179 8.564271962e-17 0)
(0.6567164179 -2.512001254e-17 0)
(0.6567164179 1.674814771e-16 0)
(0.6567164179 2.775339294e-16 0)
(0.6567164179 -2.326195864e-16 0)
(0.6567164179 -3.862236264e-16 0)
(0.6567164179 2.5429254e-16 0)
(0.6567164179 1.279042013e-16 0)
(0.6567164179 -1.22450893e-16 0)
(0.6567164179 -1.56549804e-16 0)
(0.6567164179 1.607846495e-16 0)
(0.6567164179 3.170655976e-16 0)
(0.6567164179 -1.89638714e-16 0)
(0.6567164179 -3.126217043e-16 0)
(0.6567164179 9.143994951e-17 0)
(0.6567164179 2.263689295e-16 0)
(0.6567164179 -2.511876406e-16 0)
(0.6567164179 -1.174819382e-16 0)
(0.6567164179 4.249726852e-16 0)
(0.6567164179 9.873756192e-17 0)
(0.6567164179 2.351814381e-17 0)
(0.6567164179 -3.999820769e-18 0)
(0.6567164179 -3.570614169e-16 0)
(0.6567164179 -1.539481547e-16 0)
(0.6567164179 3.505916558e-16 0)
(0.6567164179 1.218709086e-16 0)
(0.6567164179 -2.30736522e-16 0)
(0.6567164179 -8.751928042e-17 0)
(0.6567164179 1.522320998e-16 0)
(0.6567164179 2.900604572e-18 0)
(0.6567164179 -2.080630129e-16 0)
(0.6567164179 1.620685891e-16 0)
(0.6567164179 8.567466538e-17 0)
(0.6567164179 -2.124232336e-16 0)
(0.6567164179 -2.635652654e-16 0)
(0.6567164179 1.036596647e-16 0)
(0.6567164179 3.852212256e-16 0)
(0.6567164179 1.681919553e-16 0)
(0.6567164179 -1.411367222e-16 0)
(0.6567164179 -3.077155261e-16 0)
(0.6567164179 1.977176639e-16 0)
(0.6567164179 5.179528401e-17 0)
(0.6567164179 -2.420885725e-16 0)
(0.6567164179 1.301132642e-16 0)
(0.6567164179 3.054003089e-16 0)
(0.6567164179 -1.637975544e-17 0)
(0.6567164179 -3.37040353e-16 0)
(0.6567164179 1.338263403e-16 0)
(0.6567164179 1.490304663e-16 0)
(0.6567164179 -5.721464888e-18 0)
(0.6567164179 3.476575109e-17 0)
(0.6567164179 -3.097914341e-16 0)
(0.6567164179 2.566510249e-16 0)
(0.6567164179 4.758839882e-16 0)
(0.6567164179 -2.20698125e-16 0)
(0.6567164179 -4.15804708e-16 0)
(0.6567164179 -1.944022571e-17 0)
(0.6567164179 2.783326346e-16 0)
(0.6567164179 3.169128798e-16 0)
(0.6567164179 3.070376218e-17 0)
(0.6567164179 -3.114978929e-16 0)
(0.6567164179 3.873622861e-17 0)
(0.6567164179 -3.287675923e-16 0)
(0.6567164179 -2.802674014e-16 0)
(0.6567164179 3.943567713e-16 0)
(0.6567164179 2.730128075e-16 0)
(0.6567164179 -9.131295971e-18 0)
(0.6567164179 -2.795666493e-16 0)
(0.6567164179 -2.625663312e-16 0)
(0.6567164179 6.223910305e-18 0)
(0.6567164179 1.393539244e-16 0)
(0.6567164179 -8.94424679e-17 0)
(0.6567164179 -6.683809304e-17 0)
(0.6567164179 2.871376903e-16 0)
(0.6567164179 -1.524936092e-16 0)
(0.6567164179 -4.965528602e-16 0)
(0.6567164179 -1.758936919e-17 0)
(0.6567164179 1.57787389e-16 0)
(0.6567164179 2.398980407e-16 0)
(0.6567164179 3.395024745e-16 0)
(0.6567164179 -1.440376153e-16 0)
(0.6567164179 1.655204853e-16 0)
(0.6567164179 2.387120326e-16 0)
(0.6567164179 -1.571357988e-16 0)
(0.6567164179 -3.492554594e-16 0)
(0.6567164179 -2.524275626e-16 0)
(0.6567164179 5.19843286e-16 0)
(0.6567164179 2.60775403e-16 0)
(0.6567164179 -3.085029869e-16 0)
(0.6567164179 2.248984258e-16 0)
(0.6567164179 1.349661884e-16 0)
(0.6567164179 -3.534690487e-16 0)
(0.6567164179 -1.536582058e-16 0)
(0.6567164179 -6.53183204e-18 0)
(0.6567164179 3.416810107e-16 0)
(0.6567164179 8.561401545e-17 0)
(0.6567164179 -9.982070174e-17 0)
(0.6567164179 2.554770345e-16 0)
(0.6567164179 1.692468351e-16 0)
(0.6567164179 -7.569603019e-16 0)
(0.6567164179 -3.224843061e-16 0)
(0.6567164179 1.830932333e-16 0)
(0.6567164179 1.092890234e-16 0)
(0.6567164179 4.898000108e-16 0)
(0.6567164179 4.067182579e-17 0)
(0.6567164179 -2.285719438e-16 0)
(0.6567164179 2.198251449e-17 0)
(0.6567164179 3.498863239e-16 0)
(0.6567164179 -2.357396622e-16 0)
(0.6567164179 -2.065426417e-16 0)
(0.6567164179 -3.897419233e-16 0)
(0.6567164179 4.184714216e-19 0)
(0.6567164179 5.882433006e-16 0)
(0.6567164179 -2.451418837e-16 0)
(0.6567164179 8.276344044e-17 0)
(0.6567164179 3.886866831e-16 0)
(0.6567164179 -3.83757121e-16 0)
(0.6567164179 3.83115663e-17 0)
(0.6567164179 2.276419214e-17 0)
(0.6567164179 -1.332810906e-16 0)
(0.6567164179 5.665706997e-16 0)
(0.6567164179 -3.45916478e-16 0)
(0.6567164179 -1.819670045e-16 0)
(0.6567164179 2.673065683e-16 0)
(0.6567164179 -4.635759927e-16 0)
(0.6567164179 -2.224449808e-16 0)
(0.6567164179 1.223921483e-16 0)
(0.6567164179 -1.473932231e-16 0)
(0.6567164179 2.148654723e-16 0)
(0.6567164179 4.156675084e-16 0)
(0.6567164179 -1.500047814e-16 0)
(0.6567164179 -1.274714381e-16 0)
(0.6567164179 3.101339052e-17 0)
(0.6567164179 -7.112606985e-16 0)
(0.6567164179 1.507364713e-16 0)
(0.8656716418 9.715836383e-16 0)
(0.8656716418 5.211751297e-16 0)
(0.8656716418 2.48925184e-16 0)
(0.8656716418 1.9629133e-16 0)
(0.8656716418 1.189649955e-16 0)
(0.8656716418 6.848685455e-17 0)
(0.8656716418 7.361219588e-17 0)
(0.8656716418 -4.678324072e-17 0)
(0.8656716418 -3.140121296e-18 0)
(0.8656716418 1.737482078e-16 0)
(0.8656716418 3.875648136e-17 0)
(0.8656716418 -3.091310415e-18 0)
(0.8656716418 8.741572236e-17 0)
(0.8656716418 -1.447852284e-17 0)
(0.8656716418 -2.701627359e-17 0)
(0.8656716418 -7.07344401e-17 0)
(0.8656716418 -1.17538918e-16 0)
(0.8656716418 -3.762977818e-17 0)
(0.8656716418 -6.629981732e-17 0)
(0.8656716418 -1.033907216e-16 0)
(0.8656716418 -8.115861559e-17 0)
(0.8656716418 -1.806462448e-16 0)
(0.8656716418 -1.33381856e-16 0)
(0.8656716418 2.353938924e-16 0)
(0.8656716418 2.22217787e-16 0)
(0.8656716418 1.350207636e-16 0)
(0.8656716418 1.782025459e-16 0)
(0.8656716418 -2.170761178e-17 0)
(0.8656716418 -1.013946441e-16 0)
(0.8656716418 -2.302219496e-16 0)
(0.8656716418 1.454306882e-17 0)
(0.8656716418 -2.660953472e-17 0)
(0.8656716418 -2.599705978e-16 0)
(0.8656716418 -1.420086837e-16 0)
(0.8656716418 -1.571545368e-16 0)
(0.8656716418 -5.328311837e-17 0)
(0.8656716418 9.770357372e-17 0)
(0.8656716418 1.311808715e-16 0)
(0.8656716418 2.373717381e-17 0)
(0.8656716418 5.387289047e-18 0)
(0.8656716418 5.366406385e-17 0)
(0.8656716418 -3.569180939e-17 0)
(0.8656716418 1.011799149e-16 0)
(0.8656716418 -1.591661275e-16 0)
(0.8656716418 -1.399082696e-16 0)
(0.8656716418 -3.48375967e-17 0)
(0.8656716418 -1.414327335e-16 0)
(0.8656716418 -5.403981811e-17 0)
(0.8656716418 2.221020529e-17 0)
(0.8656716418 5.966490757e-17 0)
(0.8656716418 8.183508919e-17 0)
(0.8656716418 -5.662885848e-17 0)
(0.8656716418 1.451699982e-16 0)
(0.8656716418 2.166510325e-16 0)
(0.8656716418 -7.118488404e-17 0)
(0.8656716418 -1.230296227e-16 0)
(0.8656716418 1.192117489e-16 0)
(0.8656716418 3.671722146e-17 0)
(0.8656716418 2.494549402e-17 0)
(0.8656716418 -4.874020309e-17 0)
(0.8656716418 -7.523505756e-17 0)
(0.8656716418 8.792544491e-17 0)
(0.8656716418 1.152880601e-16 0)
(0.8656716418 -1.727394482e-16 0)
(0.8656716418 -4.760100653e-17 0)
(0.8656716418 1.48902348e-16 0)
(0.8656716418 3.302526481e-17 0)
(0.8656716418 2.094980985e-16 0)
(0.8656716418 1.365499221e-16 0)
(0.8656716418 -3.750181778e-16 0)
(0.8656716418 -3.702667281e-16 0)
(0.8656716418 3.644213072e-16 0)
(0.8656716418 9.148641456e-17 0)
(0.8656716418 -9.989564032e-17 0)
(0.8656716418 -1.448286995e-16 0)
(0.8656716418 1.621454522e-17 0)
(0.8656716418 4.326006417e-16 0)
(0.8656716418 -1.601225423e-16 0)
(0.8656716418 -5.145402308e-16 0)
(0.8656716418 7.234673092e-17 0)
(0.8656716418 3.238616347e-16 0)
(0.8656716418 -2.249539878e-16 0)
(0.8656716418 -1.158810905e-18 0)
(0.8656716418 4.907850485e-16 0)
(0.8656716418 1.325444175e-16 0)
(0.8656716418 -1.248164929e-17 0)
(0.8656716418 1.000932819e-16 0)
(0.8656716418 -3.212315792e-16 0)
(0.8656716418 -3.387889016e-16 0)
(0.8656716418 4.401444613e-16 0)
(0.8656716418 -1.103139521e-17 0)
(0.8656716418 -3.14152981e-16 0)
(0.8656716418 -1.239745401e-16 0)
(0.8656716418 3.194958638e-16 0)
(0.8656716418 1.965699547e-17 0)
(0.8656716418 -4.915850372e-16 0)
(0.8656716418 1.767508441e-16 0)
(0.8656716418 2.351358878e-16 0)
(0.8656716418 -2.718308848e-16 0)
(0.8656716418 -4.207859624e-16 0)
(0.8656716418 3.261476371e-16 0)
(0.8656716418 5.636659997e-16 0)
(0.8656716418 7.273000275e-18 0)
(0.8656716418 -2.585711873e-16 0)
(0.8656716418 -2.771649105e-16 0)
(0.8656716418 2.875914301e-16 0)
(0.8656716418 2.327055668e-16 0)
(0.8656716418 -2.765838185e-16 0)
(0.8656716418 2.944728581e-17 0)
(0.8656716418 2.707243624e-16 0)
(0.8656716418 -2.58276292e-17 0)
(0.8656716418 -2.683386208e-16 0)
(0.8656716418 -3.263335972e-17 0)
(0.8656716418 3.165188228e-16 0)
(0.8656716418 2.652984758e-16 0)
(0.8656716418 -3.45488752e-16 0)
(0.8656716418 -1.430894037e-16 0)
(0.8656716418 5.673488486e-16 0)
(0.8656716418 2.958962973e-16 0)
(0.8656716418 -3.021625051e-16 0)
(0.8656716418 -4.209662059e-16 0)
(0.8656716418 9.12368974e-17 0)
(0.8656716418 3.537765856e-16 0)
(0.8656716418 3.09009733e-16 0)
(0.8656716418 -5.00272633e-17 0)
(0.8656716418 -2.465438753e-16 0)
(0.8656716418 6.419904922e-18 0)
(0.8656716418 -7.523243945e-16 0)
(0.8656716418 -1.832130571e-16 0)
(0.8656716418 6.394691192e-16 0)
(0.8656716418 2.649759496e-16 0)
(0.8656716418 -1.372015828e-17 0)
(0.8656716418 -3.636948762e-16 0)
(0.8656716418 -3.232448359e-16 0)
(0.8656716418 3.640413972e-17 0)
(0.8656716418 3.703221165e-17 0)
(0.8656716418 1.527767286e-17 0)
(0.8656716418 -1.617455716e-16 0)
(0.8656716418 1.283131713e-16 0)
(0.8656716418 6.953336847e-17 0)
(0.8656716418 -6.545786116e-16 0)
(0.8656716418 -4.465488907e-17 0)
(0.8656716418 1.991645621e-16 0)
(0.8656716418 4.447672802e-16 0)
(0.8656716418 5.700011684e-16 0)
(0.8656716418 -2.457006369e-16 0)
(0.8656716418 1.887915865e-16 0)
(0.8656716418 3.082677286e-16 0)
(0.8656716418 -2.291134729e-17 0)
(0.8656716418 -5.783651677e-16 0)
(0.8656716418 -2.764870646e-16 0)
(0.8656716418 7.569864831e-16 0)
(0.8656716418 -3.96794498e-17 0)
(0.8656716418 -3.952346441e-16 0)
(0.8656716418 7.088656822e-16 0)
(0.8656716418 1.620748425e-16 0)
(0.8656716418 -5.527966784e-16 0)
(0.8656716418 -3.634214781e-16 0)
(0.8656716418 -1.29553174e-16 0)
(0.8656716418 5.019048978e-16 0)
(0.8656716418 8.662085173e-17 0)
(0.8656716418 1.285437775e-16 0)
(0.8656716418 3.694823711e-16 0)
(0.8656716418 -6.607747506e-17 0)
(0.8656716418 -7.652565051e-16 0)
(0.8656716418 -4.206172585e-16 0)
(0.8656716418 3.869726523e-16 0)
(0.8656716418 2.868898517e-16 0)
(0.8656716418 2.505711939e-16 0)
(0.8656716418 2.606295164e-17 0)
(0.8656716418 7.694211824e-17 0)
(0.8656716418 1.000866722e-16 0)
(0.8656716418 -1.885996949e-16 0)
(0.8656716418 -3.124262698e-16 0)
(0.8656716418 2.631939625e-16 0)
(0.8656716418 -7.467400915e-16 0)
(0.8656716418 -1.382959242e-16 0)
(0.8656716418 8.254176166e-16 0)
(0.8656716418 -2.700228816e-16 0)
(0.8656716418 3.536585967e-16 0)
(0.8656716418 4.425207753e-16 0)
(0.8656716418 -3.914496719e-16 0)
(0.8656716418 -3.867410767e-16 0)
(0.8656716418 -6.466988947e-17 0)
(0.8656716418 3.081919542e-16 0)
(0.8656716418 4.645543744e-16 0)
(0.8656716418 -4.84846904e-16 0)
(0.8656716418 1.781955881e-16 0)
(0.8656716418 3.154272032e-16 0)
(0.8656716418 -9.533228079e-16 0)
(0.8656716418 -4.990510119e-16 0)
(0.8656716418 2.439993009e-16 0)
(0.8656716418 -1.074864193e-16 0)
(0.8656716418 3.896306354e-16 0)
(0.8656716418 3.367468561e-16 0)
(0.8656716418 -3.825031898e-16 0)
(0.8656716418 2.261409058e-16 0)
(0.8656716418 -7.746942544e-17 0)
(0.8656716418 -8.697254735e-16 0)
(0.8656716418 2.282800272e-16 0)
(1.044776119 9.146417306e-16 0)
(1.044776119 5.974290166e-16 0)
(1.044776119 3.319414714e-16 0)
(1.044776119 1.923065557e-16 0)
(1.044776119 1.380751828e-16 0)
(1.044776119 1.355990147e-16 0)
(1.044776119 1.769454968e-16 0)
(1.044776119 -1.518189574e-17 0)
(1.044776119 -1.479732242e-17 0)
(1.044776119 2.363503111e-16 0)
(1.044776119 7.736414595e-17 0)
(1.044776119 -4.017496985e-17 0)
(1.044776119 1.278875562e-16 0)
(1.044776119 2.501314293e-18 0)
(1.044776119 -3.710704673e-17 0)
(1.044776119 -9.372927888e-17 0)
(1.044776119 -2.282685099e-16 0)
(1.044776119 -1.121228226e-16 0)
(1.044776119 -5.666214912e-17 0)
(1.044776119 -8.364675129e-17 0)
(1.044776119 -1.545240935e-16 0)
(1.044776119 -3.007578747e-16 0)
(1.044776119 -5.10567875e-17 0)
(1.044776119 2.193986466e-16 0)
(1.044776119 2.141910206e-16 0)
(1.044776119 2.316015359e-16 0)
(1.044776119 2.356853672e-16 0)
(1.044776119 2.745827866e-18 0)
(1.044776119 -2.521388434e-16 0)
(1.044776119 -3.012006506e-16 0)
(1.044776119 2.722820773e-17 0)
(1.044776119 -8.200545837e-17 0)
(1.044776119 -4.218709972e-16 0)
(1.044776119 -1.982048347e-16 0)
(1.044776119 -1.373398748e-16 0)
(1.044776119 -4.900801653e-17 0)
(1.044776119 1.316342099e-16 0)
(1.044776119 2.434551092e-16 0)
(1.044776119 2.509680255e-17 0)
(1.044776119 -1.391196693e-17 0)
(1.044776119 1.802926109e-17 0)
(1.044776119 -1.542086001e-16 0)
(1.044776119 1.471044103e-17 0)
(1.044776119 -2.064581882e-16 0)
(1.044776119 -1.455822221e-16 0)
(1.044776119 1.200431751e-17 0)
(1.044776119 -9.916180634e-17 0)
(1.044776119 -1.617948738e-16 0)
(1.044776119 2.136762155e-17 0)
(1.044776119 1.026419727e-16 0)
(1.044776119 7.093565633e-17 0)
(1.044776119 3.892231114e-18 0)
(1.044776119 2.848951021e-16 0)
(1.044776119 2.629769635e-16 0)
(1.044776119 -1.110671934e-16 0)
(1.044776119 -1.106261092e-16 0)
(1.044776119 1.52179343e-16 0)
(1.044776119 5.498707573e-17 0)
(1.044776119 -2.268943041e-17 0)
(1.044776119 -1.097441139e-17 0)
(1.044776119 -4.263063606e-17 0)
(1.044776119 1.223404538e-16 0)
(1.044776119 1.324025078e-16 0)
(1.044776119 -1.310076433e-16 0)
(1.044776119 -5.890159889e-17 0)
(1.044776119 2.198660625e-16 0)
(1.044776119 1.796492702e-17 0)
(1.044776119 2.416728511e-16 0)
(1.044776119 3.69353492e-17 0)
(1.044776119 -4.225639948e-16 0)
(1.044776119 -3.826150264e-16 0)
(1.044776119 3.389300794e-16 0)
(1.044776119 1.161328255e-16 0)
(1.044776119 -1.164144986e-16 0)
(1.044776119 -1.587402299e-16 0)
(1.044776119 3.800822962e-17 0)
(1.044776119 4.05859966e-16 0)
(1.044776119 -2.004776525e-16 0)
(1.044776119 -5.216493109e-16 0)
(1.044776119 1.610127012e-16 0)
(1.044776119 3.327986303e-16 0)
(1.044776119 -1.97691478e-16 0)
(1.044776119 8.607828172e-17 0)
(1.044776119 5.168614241e-16 0)
(1.044776119 1.225942828e-16 0)
(1.044776119 2.526543812e-17 0)
(1.044776119 9.350681154e-17 0)
(1.044776119 -2.924354968e-16 0)
(1.044776119 -2.766538981e-16 0)
(1.044776119 4.057664528e-16 0)
(1.044776119 -1.373015229e-16 0)
(1.044776119 -3.776305318e-16 0)
(1.044776119 -9.203942699e-17 0)
(1.044776119 2.177868643e-16 0)
(1.044776119 -1.092592733e-16 0)
(1.044776119 -5.267053971e-16 0)
(1.044776119 1.762861137e-16 0)
(1.044776119 2.842991365e-16 0)
(1.044776119 -2.503259543e-16 0)
(1.044776119 -4.179395253e-16 0)
(1.044776119 4.013888584e-16 0)
(1.044776119 6.205203546e-16 0)
(1.044776119 -1.55571484e-17 0)
(1.044776119 -3.005988316e-16 0)
(1.044776119 -2.601198841e-16 0)
(1.044776119 3.27603421e-16 0)
(1.044776119 2.101618177e-16 0)
(1.044776119 -2.345782231e-16 0)
(1.044776119 5.666575602e-17 0)
(1.044776119 2.394612569e-16 0)
(1.044776119 -4.568488084e-17 0)
(1.044776119 -2.373605974e-16 0)
(1.044776119 -3.086630727e-17 0)
(1.044776119 3.82727598e-16 0)
(1.044776119 3.040424087e-16 0)
(1.044776119 -3.181836083e-16 0)
(1.044776119 -7.632148813e-17 0)
(1.044776119 6.755988567e-16 0)
(1.044776119 3.561962625e-16 0)
(1.044776119 -3.335814821e-16 0)
(1.044776119 -4.494415263e-16 0)
(1.044776119 7.276550109e-18 0)
(1.044776119 3.852748337e-16 0)
(1.044776119 2.953349636e-16 0)
(1.044776119 -1.491278463e-16 0)
(1.044776119 -1.985185337e-16 0)
(1.044776119 -2.046902488e-18 0)
(1.044776119 -9.115332166e-16 0)
(1.044776119 -2.021910204e-16 0)
(1.044776119 7.65495933e-16 0)
(1.044776119 3.962280208e-16 0)
(1.044776119 -2.610507539e-18 0)
(1.044776119 -4.134308695e-16 0)
(1.044776119 -3.965012412e-16 0)
(1.044776119 6.394722874e-17 0)
(1.044776119 -1.246253255e-18 0)
(1.044776119 -5.440767606e-17 0)
(1.044776119 -1.556782157e-16 0)
(1.044776119 4.509012112e-17 0)
(1.044776119 7.714321537e-17 0)
(1.044776119 -6.452040046e-16 0)
(1.044776119 -8.024987689e-17 0)
(1.044776119 1.936767501e-16 0)
(1.044776119 6.349591546e-16 0)
(1.044776119 8.234097393e-16 0)
(1.044776119 -1.411687577e-16 0)
(1.044776119 2.604927229e-16 0)
(1.044776119 3.422005515e-16 0)
(1.044776119 -1.274581545e-16 0)
(1.044776119 -6.597193732e-16 0)
(1.044776119 -3.741856266e-16 0)
(1.044776119 7.002992507e-16 0)
(1.044776119 -2.492479586e-17 0)
(1.044776119 -3.482673916e-16 0)
(1.044776119 7.709318514e-16 0)
(1.044776119 2.215310276e-16 0)
(1.044776119 -6.285891978e-16 0)
(1.044776119 -5.255079521e-16 0)
(1.044776119 -6.359684106e-17 0)
(1.044776119 5.690800047e-16 0)
(1.044776119 1.503184613e-16 0)
(1.044776119 1.92221288e-16 0)
(1.044776119 4.470654968e-16 0)
(1.044776119 -1.296049476e-16 0)
(1.044776119 -8.531721701e-16 0)
(1.044776119 -4.984893774e-16 0)
(1.044776119 4.635928906e-16 0)
(1.044776119 4.531043832e-16 0)
(1.044776119 2.751893672e-16 0)
(1.044776119 -1.482705465e-17 0)
(1.044776119 1.694568565e-16 0)
(1.044776119 8.692076654e-17 0)
(1.044776119 -3.725368379e-16 0)
(1.044776119 -3.922247569e-16 0)
(1.044776119 2.439500804e-16 0)
(1.044776119 -8.323063578e-16 0)
(1.044776119 -1.684845673e-16 0)
(1.044776119 8.770052414e-16 0)
(1.044776119 -2.521591738e-16 0)
(1.044776119 4.863787277e-16 0)
(1.044776119 5.483971388e-16 0)
(1.044776119 -3.995887727e-16 0)
(1.044776119 -5.532436381e-16 0)
(1.044776119 -9.364194488e-17 0)
(1.044776119 4.699750338e-16 0)
(1.044776119 4.775578624e-16 0)
(1.044776119 -5.090969893e-16 0)
(1.044776119 9.108539912e-17 0)
(1.044776119 2.618919489e-16 0)
(1.044776119 -1.014470715e-15 0)
(1.044776119 -6.302324956e-16 0)
(1.044776119 1.742536821e-16 0)
(1.044776119 -1.001020319e-18 0)
(1.044776119 4.253157204e-16 0)
(1.044776119 2.833454991e-16 0)
(1.044776119 -4.752393808e-16 0)
(1.044776119 1.972629026e-16 0)
(1.044776119 -1.252240147e-16 0)
(1.044776119 -7.79436177e-16 0)
(1.044776119 2.6357462e-16 0)
(1.194029851 8.687197906e-16 0)
(1.194029851 6.31013649e-16 0)
(1.194029851 3.142319492e-16 0)
(1.194029851 1.967009298e-16 0)
(1.194029851 1.818687809e-16 0)
(1.194029851 1.909846578e-16 0)
(1.194029851 2.971245432e-16 0)
(1.194029851 1.02215284e-16 0)
(1.194029851 2.550763304e-17 0)
(1.194029851 2.922049866e-16 0)
(1.194029851 1.069599426e-16 0)
(1.194029851 5.574286498e-18 0)
(1.194029851 1.667815968e-16 0)
(1.194029851 -3.317337191e-17 0)
(1.194029851 -1.408045888e-16 0)
(1.194029851 -1.628850661e-16 0)
(1.194029851 -3.145807234e-16 0)
(1.194029851 -2.055616699e-16 0)
(1.194029851 -9.223742532e-17 0)
(1.194029851 -4.811504259e-17 0)
(1.194029851 -1.772658159e-16 0)
(1.194029851 -2.941590699e-16 0)
(1.194029851 5.18176207e-17 0)
(1.194029851 1.723801584e-16 0)
(1.194029851 2.263616824e-16 0)
(1.194029851 3.066771158e-16 0)
(1.194029851 1.767841278e-16 0)
(1.194029851 -2.080976501e-17 0)
(1.194029851 -4.261326895e-16 0)
(1.194029851 -2.281680092e-16 0)
(1.194029851 3.795452254e-17 0)
(1.194029851 -2.248899576e-16 0)
(1.194029851 -4.487768432e-16 0)
(1.194029851 -1.803955867e-16 0)
(1.194029851 -1.906662871e-16 0)
(1.194029851 -6.416552519e-17 0)
(1.194029851 2.112904647e-16 0)
(1.194029851 3.264277198e-16 0)
(1.194029851 1.276106719e-16 0)
(1.194029851 -9.60636033e-17 0)
(1.194029851 -8.943286136e-17 0)
(1.194029851 -3.259333466e-16 0)
(1.194029851 -2.108184637e-16 0)
(1.194029851 -1.52854284e-16 0)
(1.194029851 -1.704239667e-16 0)
(1.194029851 -3.012103048e-17 0)
(1.194029851 -3.211883182e-17 0)
(1.194029851 -1.345355078e-16 0)
(1.194029851 1.80608163e-17 0)
(1.194029851 1.124832246e-16 0)
(1.194029851 7.597172371e-19 0)
(1.194029851 1.111820254e-16 0)
(1.194029851 3.530894365e-16 0)
(1.194029851 2.454091142e-16 0)
(1.194029851 -1.272155742e-16 0)
(1.194029851 -1.556806596e-16 0)
(1.194029851 2.276727515e-16 0)
(1.194029851 2.037138872e-16 0)
(1.194029851 -9.089228166e-18 0)
(1.194029851 6.366378359e-17 0)
(1.194029851 -6.440693019e-17 0)
(1.194029851 2.594958524e-19 0)
(1.194029851 1.663926834e-16 0)
(1.194029851 -5.668656824e-17 0)
(1.194029851 1.781473328e-17 0)
(1.194029851 2.443143354e-16 0)
(1.194029851 -2.676310598e-18 0)
(1.194029851 1.504853243e-16 0)
(1.194029851 5.943902755e-17 0)
(1.194029851 -3.53370346e-16 0)
(1.194029851 -4.326682655e-16 0)
(1.194029851 1.574430581e-16 0)
(1.194029851 2.243440421e-16 0)
(1.194029851 -6.311119667e-17 0)
(1.194029851 -1.638234067e-16 0)
(1.194029851 4.625834947e-17 0)
(1.194029851 2.696969999e-16 0)
(1.194029851 -1.913037937e-16 0)
(1.194029851 -4.26399073e-16 0)
(1.194029851 2.982068146e-16 0)
(1.194029851 3.144698923e-16 0)
(1.194029851 -1.476302019e-16 0)
(1.194029851 2.244523049e-16 0)
(1.194029851 3.66017007e-16 0)
(1.194029851 4.440877365e-17 0)
(1.194029851 8.609004793e-17 0)
(1.194029851 -2.785301612e-17 0)
(1.194029851 -2.525941191e-16 0)
(1.194029851 -7.332237857e-17 0)
(1.194029851 2.718370349e-16 0)
(1.194029851 -2.823788414e-16 0)
(1.194029851 -3.95711894e-16 0)
(1.194029851 -1.783582295e-16 0)
(1.194029851 4.329175479e-17 0)
(1.194029851 -5.142253375e-17 0)
(1.194029851 -3.564431129e-16 0)
(1.194029851 -6.676385715e-18 0)
(1.194029851 2.531536261e-16 0)
(1.194029851 -8.37748399e-17 0)
(1.194029851 -3.52194047e-16 0)
(1.194029851 4.19489614e-16 0)
(1.194029851 6.095738341e-16 0)
(1.194029851 5.759298367e-18 0)
(1.194029851 -3.482045861e-16 0)
(1.194029851 -1.51030551e-16 0)
(1.194029851 2.606041662e-16 0)
(1.194029851 1.220459865e-16 0)
(1.194029851 -2.879408916e-16 0)
(1.194029851 4.500097861e-17 0)
(1.194029851 3.734165461e-16 0)
(1.194029851 -7.329041643e-17 0)
(1.194029851 -2.222661162e-16 0)
(1.194029851 -6.806852901e-17 0)
(1.194029851 4.788165986e-16 0)
(1.194029851 4.098027513e-16 0)
(1.194029851 -2.07411164e-16 0)
(1.194029851 -4.84966652e-17 0)
(1.194029851 6.372446856e-16 0)
(1.194029851 2.739375402e-16 0)
(1.194029851 -2.192462355e-16 0)
(1.194029851 -2.573858465e-16 0)
(1.194029851 -1.657979066e-16 0)
(1.194029851 3.483304011e-16 0)
(1.194029851 1.815147034e-16 0)
(1.194029851 -3.452138099e-16 0)
(1.194029851 -1.874486741e-16 0)
(1.194029851 9.379501055e-18 0)
(1.194029851 -8.242784424e-16 0)
(1.194029851 -2.386840858e-16 0)
(1.194029851 7.349875107e-16 0)
(1.194029851 6.013541345e-16 0)
(1.194029851 6.835580021e-17 0)
(1.194029851 -5.49632471e-16 0)
(1.194029851 -5.013037706e-16 0)
(1.194029851 1.949750824e-16 0)
(1.194029851 -4.977450658e-17 0)
(1.194029851 -2.298680958e-16 0)
(1.194029851 -5.694771552e-17 0)
(1.194029851 -6.068992678e-17 0)
(1.194029851 -9.560481745e-18 0)
(1.194029851 -4.252599353e-16 0)
(1.194029851 -1.694526265e-16 0)
(1.194029851 2.287268031e-16 0)
(1.194029851 8.47172716e-16 0)
(1.194029851 8.356740314e-16 0)
(1.194029851 1.238349265e-16 0)
(1.194029851 4.824455025e-16 0)
(1.194029851 3.986827002e-16 0)
(1.194029851 -4.812316696e-16 0)
(1.194029851 -6.874173923e-16 0)
(1.194029851 -3.598150671e-16 0)
(1.194029851 3.682579135e-16 0)
(1.194029851 1.233866695e-16 0)
(1.194029851 -2.785279627e-16 0)
(1.194029851 4.98751204e-16 0)
(1.194029851 4.570807612e-16 0)
(1.194029851 -5.16229181e-16 0)
(1.194029851 -5.654690846e-16 0)
(1.194029851 1.077124726e-17 0)
(1.194029851 5.409464323e-16 0)
(1.194029851 2.410710153e-16 0)
(1.194029851 2.102026712e-16 0)
(1.194029851 3.228861275e-16 0)
(1.194029851 -2.157294512e-16 0)
(1.194029851 -7.823998048e-16 0)
(1.194029851 -4.133511337e-16 0)
(1.194029851 4.591047591e-16 0)
(1.194029851 4.36082008e-16 0)
(1.194029851 2.806336355e-16 0)
(1.194029851 2.901520001e-17 0)
(1.194029851 3.08064641e-16 0)
(1.194029851 4.974807825e-17 0)
(1.194029851 -5.779820221e-16 0)
(1.194029851 -4.693622865e-16 0)
(1.194029851 7.601711566e-17 0)
(1.194029851 -4.8777151e-16 0)
(1.194029851 -1.944218026e-16 0)
(1.194029851 6.335340669e-16 0)
(1.194029851 2.299191096e-17 0)
(1.194029851 4.705368255e-16 0)
(1.194029851 4.185446584e-16 0)
(1.194029851 -3.693791312e-16 0)
(1.194029851 -5.013899802e-16 0)
(1.194029851 -1.129802565e-16 0)
(1.194029851 6.143516466e-16 0)
(1.194029851 4.507434832e-16 0)
(1.194029851 -6.468933176e-16 0)
(1.194029851 8.662050042e-17 0)
(1.194029851 1.197722498e-16 0)
(1.194029851 -9.70482606e-16 0)
(1.194029851 -6.945597776e-16 0)
(1.194029851 3.226156899e-17 0)
(1.194029851 2.001811379e-16 0)
(1.194029851 2.712696643e-16 0)
(1.194029851 -1.112926385e-16 0)
(1.194029851 -2.445767027e-16 0)
(1.194029851 3.174356323e-16 0)
(1.194029851 -1.678054849e-16 0)
(1.194029851 -5.975984994e-16 0)
(1.194029851 2.260591189e-16 0)
(1.313432836 6.228549714e-16 0)
(1.313432836 5.911092302e-16 0)
(1.313432836 3.018527396e-16 0)
(1.313432836 1.782602504e-16 0)
(1.313432836 1.700810607e-16 0)
(1.313432836 3.419501511e-16 0)
(1.313432836 3.647835249e-16 0)
(1.313432836 1.725012445e-16 0)
(1.313432836 1.157964919e-16 0)
(1.313432836 2.655125261e-16 0)
(1.313432836 1.009047016e-16 0)
(1.313432836 7.512884185e-17 0)
(1.313432836 2.303691606e-16 0)
(1.313432836 -8.892910081e-17 0)
(1.313432836 -2.940480446e-16 0)
(1.313432836 -2.344197269e-16 0)
(1.313432836 -4.000576225e-16 0)
(1.313432836 -2.709103653e-16 0)
(1.313432836 -6.161219429e-17 0)
(1.313432836 -1.860774092e-17 0)
(1.313432836 -1.660820804e-16 0)
(1.313432836 -2.181412937e-16 0)
(1.313432836 1.333416423e-16 0)
(1.313432836 1.734342807e-16 0)
(1.313432836 1.545425592e-16 0)
(1.313432836 2.383598869e-16 0)
(1.313432836 1.107933637e-16 0)
(1.313432836 -1.320704862e-16 0)
(1.313432836 -4.925322579e-16 0)
(1.313432836 -1.481367784e-16 0)
(1.313432836 -1.432656645e-16 0)
(1.313432836 -3.716219695e-16 0)
(1.313432836 -4.075386476e-16 0)
(1.313432836 -1.841559216e-16 0)
(1.313432836 -2.265958979e-16 0)
(1.313432836 -3.925668406e-17 0)
(1.313432836 3.878241411e-16 0)
(1.313432836 4.121812116e-16 0)
(1.313432836 1.219749707e-16 0)
(1.313432836 -1.967906971e-16 0)
(1.313432836 -1.989258796e-16 0)
(1.313432836 -3.537105919e-16 0)
(1.313432836 -2.935692992e-16 0)
(1.313432836 -1.320745607e-16 0)
(1.313432836 -9.048679169e-17 0)
(1.313432836 -7.611739405e-17 0)
(1.313432836 -9.232452186e-17 0)
(1.313432836 -8.659842493e-17 0)
(1.313432836 3.087206791e-17 0)
(1.313432836 8.234626632e-17 0)
(1.313432836 -1.797393888e-17 0)
(1.313432836 1.20730013e-16 0)
(1.313432836 3.207969668e-16 0)
(1.313432836 2.402708057e-16 0)
(1.313432836 3.609803787e-17 0)
(1.313432836 -9.248667386e-17 0)
(1.313432836 8.321093046e-17 0)
(1.313432836 3.005329859e-16 0)
(1.313432836 2.098447181e-16 0)
(1.313432836 -6.938908003e-17 0)
(1.313432836 -1.268532712e-16 0)
(1.313432836 4.729637514e-18 0)
(1.313432836 6.073181338e-17 0)
(1.313432836 3.556355589e-17 0)
(1.313432836 1.399092708e-16 0)
(1.313432836 2.588148572e-16 0)
(1.313432836 2.274614261e-17 0)
(1.313432836 9.204933227e-17 0)
(1.313432836 -6.091147644e-17 0)
(1.313432836 -3.492880901e-16 0)
(1.313432836 -3.491221568e-16 0)
(1.313432836 8.097391407e-17 0)
(1.313432836 2.027583479e-16 0)
(1.313432836 -8.446514262e-17 0)
(1.313432836 -1.89412548e-16 0)
(1.313432836 7.385415353e-17 0)
(1.313432836 3.269977812e-16 0)
(1.313432836 -2.271194483e-16 0)
(1.313432836 -3.57224676e-16 0)
(1.313432836 3.902285725e-16 0)
(1.313432836 3.728456457e-16 0)
(1.313432836 -2.175622772e-17 0)
(1.313432836 2.077073621e-16 0)
(1.313432836 2.625120246e-16 0)
(1.313432836 -1.455110246e-16 0)
(1.313432836 -9.397039437e-18 0)
(1.313432836 -2.354101766e-17 0)
(1.313432836 -2.038222701e-16 0)
(1.313432836 -4.763532765e-17 0)
(1.313432836 2.150182618e-16 0)
(1.313432836 -1.439588177e-16 0)
(1.313432836 -3.657872913e-16 0)
(1.313432836 -2.664948786e-16 0)
(1.313432836 -1.634215746e-16 0)
(1.313432836 -1.394038354e-16 0)
(1.313432836 -4.119169999e-16 0)
(1.313432836 8.286036404e-17 0)
(1.313432836 3.508125159e-16 0)
(1.313432836 -1.281456067e-16 0)
(1.313432836 -3.088469484e-16 0)
(1.313432836 4.323062903e-16 0)
(1.313432836 6.698032323e-16 0)
(1.313432836 6.909473327e-17 0)
(1.313432836 -2.197532833e-16 0)
(1.313432836 -2.685782327e-16 0)
(1.313432836 1.087965309e-16 0)
(1.313432836 -1.23779677e-17 0)
(1.313432836 -3.673244544e-16 0)
(1.313432836 1.187524566e-16 0)
(1.313432836 3.731685182e-16 0)
(1.313432836 8.948032835e-17 0)
(1.313432836 -1.379350529e-16 0)
(1.313432836 -2.103733811e-17 0)
(1.313432836 4.729572105e-16 0)
(1.313432836 3.383557951e-16 0)
(1.313432836 -8.980692161e-18 0)
(1.313432836 3.831788854e-18 0)
(1.313432836 4.846953544e-16 0)
(1.313432836 4.498551386e-16 0)
(1.313432836 -1.102621055e-16 0)
(1.313432836 -2.865306442e-16 0)
(1.313432836 -5.059471166e-17 0)
(1.313432836 2.303123612e-16 0)
(1.313432836 -1.364483927e-16 0)
(1.313432836 -3.830438234e-16 0)
(1.313432836 -2.178395268e-16 0)
(1.313432836 -1.810088831e-16 0)
(1.313432836 -6.306450439e-16 0)
(1.313432836 -1.38445166e-16 0)
(1.313432836 7.304388269e-16 0)
(1.313432836 5.70342864e-16 0)
(1.313432836 -2.157916336e-18 0)
(1.313432836 -4.084173252e-16 0)
(1.313432836 -4.878134427e-16 0)
(1.313432836 1.551113769e-16 0)
(1.313432836 -7.364991443e-17 0)
(1.313432836 -2.365121951e-16 0)
(1.313432836 -2.659421424e-16 0)
(1.313432836 -6.996574549e-17 0)
(1.313432836 1.289673213e-16 0)
(1.313432836 -3.947685523e-16 0)
(1.313432836 -1.255093239e-16 0)
(1.313432836 2.681349482e-16 0)
(1.313432836 9.030160834e-16 0)
(1.313432836 8.547793337e-16 0)
(1.313432836 2.683904648e-16 0)
(1.313432836 4.48804844e-16 0)
(1.313432836 3.555470181e-16 0)
(1.313432836 -3.155433546e-16 0)
(1.313432836 -7.326824338e-16 0)
(1.313432836 -4.627048145e-16 0)
(1.313432836 3.048712401e-16 0)
(1.313432836 -4.162993973e-17 0)
(1.313432836 -3.551977344e-16 0)
(1.313432836 5.251976247e-16 0)
(1.313432836 4.402103364e-16 0)
(1.313432836 -3.630598476e-16 0)
(1.313432836 -4.553506732e-16 0)
(1.313432836 1.797271338e-17 0)
(1.313432836 6.639083775e-16 0)
(1.313432836 2.880198016e-16 0)
(1.313432836 9.958823717e-17 0)
(1.313432836 1.038226194e-16 0)
(1.313432836 -1.813137882e-16 0)
(1.313432836 -6.538380402e-16 0)
(1.313432836 -2.955059642e-16 0)
(1.313432836 5.032638845e-16 0)
(1.313432836 4.70406672e-16 0)
(1.313432836 3.688023961e-16 0)
(1.313432836 -8.098794813e-17 0)
(1.313432836 -2.031019773e-17 0)
(1.313432836 1.105268617e-16 0)
(1.313432836 -5.277385879e-16 0)
(1.313432836 -5.22743277e-16 0)
(1.313432836 1.234381864e-18 0)
(1.313432836 -4.42499975e-16 0)
(1.313432836 2.966933541e-17 0)
(1.313432836 4.05681681e-16 0)
(1.313432836 -9.827728904e-17 0)
(1.313432836 5.496018494e-16 0)
(1.313432836 5.265554366e-16 0)
(1.313432836 -2.683996242e-16 0)
(1.313432836 -3.868295095e-16 0)
(1.313432836 -8.647231124e-17 0)
(1.313432836 7.1990446e-16 0)
(1.313432836 2.662601942e-16 0)
(1.313432836 -7.161111512e-16 0)
(1.313432836 -1.26927229e-16 0)
(1.313432836 1.25333226e-16 0)
(1.313432836 -7.620182928e-16 0)
(1.313432836 -7.834365766e-16 0)
(1.313432836 -2.503582343e-16 0)
(1.313432836 9.10315725e-17 0)
(1.313432836 4.268607056e-16 0)
(1.313432836 -6.191357319e-18 0)
(1.313432836 -1.691852604e-16 0)
(1.313432836 9.230941461e-17 0)
(1.313432836 -1.18577348e-16 0)
(1.313432836 -3.263231668e-16 0)
(1.313432836 2.280448556e-16 0)
(1.402985075 5.743859696e-16 0)
(1.402985075 4.899286338e-16 0)
(1.402985075 3.454449572e-16 0)
(1.402985075 1.671992106e-16 0)
(1.402985075 1.920359358e-16 0)
(1.402985075 4.221954458e-16 0)
(1.402985075 3.56789217e-16 0)
(1.402985075 2.590227316e-16 0)
(1.402985075 3.029511623e-16 0)
(1.402985075 2.252525566e-16 0)
(1.402985075 1.310462098e-16 0)
(1.402985075 8.462308907e-17 0)
(1.402985075 1.756490473e-16 0)
(1.402985075 -5.214921727e-17 0)
(1.402985075 -3.308423312e-16 0)
(1.402985075 -3.803561655e-16 0)
(1.402985075 -4.964459814e-16 0)
(1.402985075 -2.738690765e-16 0)
(1.402985075 1.996060942e-17 0)
(1.402985075 -7.395338576e-17 0)
(1.402985075 -9.713069725e-17 0)
(1.402985075 -4.08885175e-17 0)
(1.402985075 4.381291531e-17 0)
(1.402985075 3.103060601e-17 0)
(1.402985075 1.598473291e-16 0)
(1.402985075 1.471103696e-16 0)
(1.402985075 -4.385145815e-17 0)
(1.402985075 -2.752323167e-16 0)
(1.402985075 -4.719510341e-16 0)
(1.402985075 -2.188367519e-16 0)
(1.402985075 -3.328785161e-16 0)
(1.402985075 -4.529191276e-16 0)
(1.402985075 -3.460236474e-16 0)
(1.402985075 -2.591134097e-16 0)
(1.402985075 -2.340603376e-16 0)
(1.402985075 7.264705027e-17 0)
(1.402985075 3.287014575e-16 0)
(1.402985075 4.381278595e-16 0)
(1.402985075 1.653460067e-16 0)
(1.402985075 -2.254520174e-16 0)
(1.402985075 -3.432756209e-16 0)
(1.402985075 -3.758062913e-16 0)
(1.402985075 -2.417306163e-16 0)
(1.402985075 -7.880223661e-17 0)
(1.402985075 -1.832599117e-17 0)
(1.402985075 -1.910383591e-16 0)
(1.402985075 -1.18922204e-16 0)
(1.402985075 1.365806372e-16 0)
(1.402985075 3.051033235e-17 0)
(1.402985075 -3.681085931e-17 0)
(1.402985075 3.460871086e-17 0)
(1.402985075 2.513288948e-17 0)
(1.402985075 3.688541861e-16 0)
(1.402985075 3.252368935e-16 0)
(1.402985075 1.318737074e-16 0)
(1.402985075 7.665386125e-18 0)
(1.402985075 6.609127136e-17 0)
(1.402985075 2.459539991e-16 0)
(1.402985075 2.919112565e-16 0)
(1.402985075 -1.423338558e-17 0)
(1.402985075 -1.184546932e-16 0)
(1.402985075 1.287455545e-17 0)
(1.402985075 3.163905587e-17 0)
(1.402985075 7.999964949e-17 0)
(1.402985075 9.984226973e-17 0)
(1.402985075 1.428202978e-16 0)
(1.402985075 2.036110727e-17 0)
(1.402985075 1.265428738e-16 0)
(1.402985075 -2.103665442e-16 0)
(1.402985075 -3.090790241e-16 0)
(1.402985075 -2.348048456e-16 0)
(1.402985075 1.112272224e-16 0)
(1.402985075 1.494662005e-16 0)
(1.402985075 -7.611900012e-17 0)
(1.402985075 -1.511683169e-16 0)
(1.402985075 7.733079341e-18 0)
(1.402985075 2.386542299e-16 0)
(1.402985075 -1.312893131e-16 0)
(1.402985075 -1.161617513e-16 0)
(1.402985075 3.253179332e-16 0)
(1.402985075 2.869675072e-16 0)
(1.402985075 1.557379087e-16 0)
(1.402985075 1.070075027e-16 0)
(1.402985075 1.427333092e-16 0)
(1.402985075 -5.804315445e-17 0)
(1.402985075 -2.509519283e-16 0)
(1.402985075 -1.828171697e-16 0)
(1.402985075 -8.974863279e-17 0)
(1.402985075 -1.593181588e-17 0)
(1.402985075 1.543586792e-16 0)
(1.402985075 -2.529346471e-17 0)
(1.402985075 -3.134200966e-16 0)
(1.402985075 -3.970291225e-16 0)
(1.402985075 -2.500657793e-16 0)
(1.402985075 -1.350424279e-16 0)
(1.402985075 -4.530033583e-16 0)
(1.402985075 -5.662790108e-17 0)
(1.402985075 2.294038979e-16 0)
(1.402985075 -6.3994365e-17 0)
(1.402985075 -1.053827945e-16 0)
(1.402985075 3.284689277e-16 0)
(1.402985075 5.919247849e-16 0)
(1.402985075 2.387853293e-16 0)
(1.402985075 -2.205488602e-16 0)
(1.402985075 -3.135442918e-16 0)
(1.402985075 -1.822845984e-17 0)
(1.402985075 -8.965955362e-17 0)
(1.402985075 -2.585534486e-16 0)
(1.402985075 5.46290488e-17 0)
(1.402985075 3.438869666e-16 0)
(1.402985075 1.499784093e-16 0)
(1.402985075 -4.423640052e-17 0)
(1.402985075 1.612984002e-16 0)
(1.402985075 4.52787643e-16 0)
(1.402985075 3.825757307e-16 0)
(1.402985075 1.222691125e-16 0)
(1.402985075 -1.354407726e-16 0)
(1.402985075 3.966884298e-16 0)
(1.402985075 5.163955131e-16 0)
(1.402985075 6.90337841e-17 0)
(1.402985075 -8.856124446e-17 0)
(1.402985075 -1.285689625e-17 0)
(1.402985075 -1.279036294e-17 0)
(1.402985075 -2.789379969e-16 0)
(1.402985075 -4.830098735e-16 0)
(1.402985075 -3.9736061e-16 0)
(1.402985075 -2.110648901e-16 0)
(1.402985075 -4.992458094e-16 0)
(1.402985075 1.656240654e-17 0)
(1.402985075 7.160315662e-16 0)
(1.402985075 5.002174776e-16 0)
(1.402985075 8.121364147e-17 0)
(1.402985075 -4.755583225e-16 0)
(1.402985075 -3.887632409e-16 0)
(1.402985075 1.06543048e-16 0)
(1.402985075 -1.462826239e-16 0)
(1.402985075 -2.397811091e-16 0)
(1.402985075 -2.536022436e-16 0)
(1.402985075 -8.048971093e-17 0)
(1.402985075 1.413685923e-16 0)
(1.402985075 -2.858098643e-16 0)
(1.402985075 7.502604945e-17 0)
(1.402985075 3.311976103e-16 0)
(1.402985075 7.81318302e-16 0)
(1.402985075 8.023683738e-16 0)
(1.402985075 3.600935362e-16 0)
(1.402985075 5.067199293e-16 0)
(1.402985075 2.229769117e-16 0)
(1.402985075 -2.008790817e-16 0)
(1.402985075 -5.991578569e-16 0)
(1.402985075 -4.884294134e-16 0)
(1.402985075 -1.316818244e-17 0)
(1.402985075 -1.440227452e-16 0)
(1.402985075 -1.757525498e-16 0)
(1.402985075 4.451140255e-16 0)
(1.402985075 3.210632782e-16 0)
(1.402985075 -2.584621377e-16 0)
(1.402985075 -2.505601209e-16 0)
(1.402985075 1.087695301e-16 0)
(1.402985075 5.3603083e-16 0)
(1.402985075 2.00721435e-16 0)
(1.402985075 2.892357617e-17 0)
(1.402985075 -1.750229649e-17 0)
(1.402985075 -1.29010732e-16 0)
(1.402985075 -4.993404054e-16 0)
(1.402985075 -2.414281872e-16 0)
(1.402985075 5.061158393e-16 0)
(1.402985075 4.95878674e-16 0)
(1.402985075 3.615470753e-16 0)
(1.402985075 -2.24236057e-16 0)
(1.402985075 -5.528697143e-17 0)
(1.402985075 5.503308259e-18 0)
(1.402985075 -4.49531492e-16 0)
(1.402985075 -4.508659913e-16 0)
(1.402985075 -4.77710578e-17 0)
(1.402985075 -2.437029135e-16 0)
(1.402985075 -1.685946098e-16 0)
(1.402985075 2.127277959e-16 0)
(1.402985075 7.565666313e-17 0)
(1.402985075 4.899871415e-16 0)
(1.402985075 5.201481655e-16 0)
(1.402985075 -9.303719135e-17 0)
(1.402985075 -1.581941885e-16 0)
(1.402985075 9.090689659e-17 0)
(1.402985075 5.122473886e-16 0)
(1.402985075 7.920207363e-17 0)
(1.402985075 -6.500906763e-16 0)
(1.402985075 -1.23523515e-16 0)
(1.402985075 1.346873196e-16 0)
(1.402985075 -7.105959526e-16 0)
(1.402985075 -7.663183054e-16 0)
(1.402985075 -3.051154538e-16 0)
(1.402985075 4.652409953e-17 0)
(1.402985075 3.547201449e-16 0)
(1.402985075 6.657816943e-17 0)
(1.402985075 -1.311880436e-16 0)
(1.402985075 5.980307668e-18 0)
(1.402985075 3.73363522e-18 0)
(1.402985075 -3.407372013e-16 0)
(1.402985075 1.478049875e-16 0)
(1.462686567 4.353646757e-16 0)
(1.462686567 3.659947447e-16 0)
(1.462686567 3.615059218e-16 0)
(1.462686567 3.181696245e-16 0)
(1.462686567 2.826514683e-16 0)
(1.462686567 4.428174954e-16 0)
(1.462686567 4.48700165e-16 0)
(1.462686567 3.1685992e-16 0)
(1.462686567 3.451222073e-16 0)
(1.462686567 1.558806933e-16 0)
(1.462686567 1.200375197e-16 0)
(1.462686567 1.235773951e-16 0)
(1.462686567 1.525873661e-16 0)
(1.462686567 -1.538332921e-16 0)
(1.462686567 -3.56992347e-16 0)
(1.462686567 -4.718187663e-16 0)
(1.462686567 -4.833200687e-16 0)
(1.462686567 -2.175352314e-16 0)
(1.462686567 4.210741429e-17 0)
(1.462686567 -2.499070334e-17 0)
(1.462686567 -7.365693935e-17 0)
(1.462686567 6.683838952e-17 0)
(1.462686567 -2.905254293e-17 0)
(1.462686567 -9.776803436e-17 0)
(1.462686567 1.318082711e-16 0)
(1.462686567 -9.266604715e-18 0)
(1.462686567 -2.34042986e-16 0)
(1.462686567 -3.208034256e-16 0)
(1.462686567 -3.377887831e-16 0)
(1.462686567 -3.050150438e-16 0)
(1.462686567 -4.747499389e-16 0)
(1.462686567 -5.41575744e-16 0)
(1.462686567 -3.745994949e-16 0)
(1.462686567 -2.882541417e-16 0)
(1.462686567 -1.369906222e-16 0)
(1.462686567 1.626909209e-16 0)
(1.462686567 2.261397502e-16 0)
(1.462686567 3.699011195e-16 0)
(1.462686567 9.935469058e-17 0)
(1.462686567 -1.539892918e-16 0)
(1.462686567 -3.436931118e-16 0)
(1.462686567 -3.691502041e-16 0)
(1.462686567 -2.353893134e-16 0)
(1.462686567 -1.087281487e-16 0)
(1.462686567 -7.135079407e-17 0)
(1.462686567 -2.046524428e-16 0)
(1.462686567 -6.252051961e-17 0)
(1.462686567 2.802421376e-16 0)
(1.462686567 1.094458812e-16 0)
(1.462686567 -4.313242478e-17 0)
(1.462686567 -2.022920316e-18 0)
(1.462686567 -5.354215066e-18 0)
(1.462686567 4.044287898e-16 0)
(1.462686567 4.014393168e-16 0)
(1.462686567 1.965143265e-16 0)
(1.462686567 2.401457242e-16 0)
(1.462686567 1.397214791e-16 0)
(1.462686567 8.431602873e-17 0)
(1.462686567 1.916069723e-16 0)
(1.462686567 1.086751189e-16 0)
(1.462686567 -4.124442657e-17 0)
(1.462686567 -1.796440114e-18 0)
(1.462686567 -8.896502103e-19 0)
(1.462686567 -3.622241894e-17 0)
(1.462686567 9.878388105e-17 0)
(1.462686567 9.983964397e-17 0)
(1.462686567 7.273874053e-17 0)
(1.462686567 7.609424668e-18 0)
(1.462686567 -1.672459719e-16 0)
(1.462686567 -2.177889922e-16 0)
(1.462686567 -1.409172733e-16 0)
(1.462686567 1.077662103e-16 0)
(1.462686567 1.390487372e-16 0)
(1.462686567 2.998241833e-19 0)
(1.462686567 -1.413796361e-16 0)
(1.462686567 -5.50069411e-17 0)
(1.462686567 2.055666044e-16 0)
(1.462686567 1.14541197e-17 0)
(1.462686567 -9.864963343e-17 0)
(1.462686567 2.217219298e-16 0)
(1.462686567 1.991882332e-16 0)
(1.462686567 2.015457626e-16 0)
(1.462686567 4.034990946e-17 0)
(1.462686567 1.357472241e-16 0)
(1.462686567 7.149966028e-17 0)
(1.462686567 -4.223645256e-16 0)
(1.462686567 -3.850773855e-16 0)
(1.462686567 -1.607966649e-16 0)
(1.462686567 -6.759048605e-18 0)
(1.462686567 1.226750949e-17 0)
(1.462686567 5.748083803e-17 0)
(1.462686567 -1.025492728e-16 0)
(1.462686567 -3.532010622e-16 0)
(1.462686567 -3.034872344e-16 0)
(1.462686567 -1.769483859e-16 0)
(1.462686567 -6.063674548e-16 0)
(1.462686567 -2.332692584e-16 0)
(1.462686567 2.368819977e-16 0)
(1.462686567 3.182053522e-17 0)
(1.462686567 -5.171603105e-17 0)
(1.462686567 2.523026459e-16 0)
(1.462686567 4.090837509e-16 0)
(1.462686567 2.200160456e-16 0)
(1.462686567 -2.087020162e-16 0)
(1.462686567 -3.620993296e-16 0)
(1.462686567 -1.357855902e-16 0)
(1.462686567 -3.217563543e-17 0)
(1.462686567 -9.726834198e-17 0)
(1.462686567 3.538534752e-17 0)
(1.462686567 2.056166893e-16 0)
(1.462686567 1.871040071e-16 0)
(1.462686567 1.858481174e-16 0)
(1.462686567 2.459613463e-16 0)
(1.462686567 3.179328134e-16 0)
(1.462686567 4.008789874e-16 0)
(1.462686567 2.213318669e-16 0)
(1.462686567 -5.458638009e-17 0)
(1.462686567 1.692205444e-16 0)
(1.462686567 3.34781365e-16 0)
(1.462686567 1.95703398e-16 0)
(1.462686567 7.399367379e-17 0)
(1.462686567 3.877606902e-17 0)
(1.462686567 -7.484971607e-17 0)
(1.462686567 -3.08410865e-16 0)
(1.462686567 -5.502185905e-16 0)
(1.462686567 -6.272682475e-16 0)
(1.462686567 -1.597368922e-16 0)
(1.462686567 -2.643049661e-16 0)
(1.462686567 5.839817299e-17 0)
(1.462686567 5.339353831e-16 0)
(1.462686567 4.127294561e-16 0)
(1.462686567 2.155071357e-16 0)
(1.462686567 -3.989717803e-16 0)
(1.462686567 -3.190929386e-16 0)
(1.462686567 6.376879838e-19 0)
(1.462686567 -1.398618175e-16 0)
(1.462686567 -2.968949259e-16 0)
(1.462686567 -1.977194561e-16 0)
(1.462686567 5.759232009e-17 0)
(1.462686567 1.70717326e-16 0)
(1.462686567 -2.606133147e-16 0)
(1.462686567 1.577594742e-16 0)
(1.462686567 4.859750214e-16 0)
(1.462686567 6.369355718e-16 0)
(1.462686567 7.995285427e-16 0)
(1.462686567 3.778105435e-16 0)
(1.462686567 5.775975005e-16 0)
(1.462686567 1.760006471e-16 0)
(1.462686567 -2.251847154e-16 0)
(1.462686567 -5.33953216e-16 0)
(1.462686567 -4.322675922e-16 0)
(1.462686567 -1.501493823e-16 0)
(1.462686567 -3.09628838e-16 0)
(1.462686567 -1.091492059e-16 0)
(1.462686567 3.04014542e-16 0)
(1.462686567 2.404657317e-16 0)
(1.462686567 -1.19168694e-16 0)
(1.462686567 -1.152956578e-16 0)
(1.462686567 -2.015591258e-17 0)
(1.462686567 2.850434569e-16 0)
(1.462686567 1.549292949e-16 0)
(1.462686567 4.445077028e-17 0)
(1.462686567 -4.443842899e-17 0)
(1.462686567 -1.011082761e-16 0)
(1.462686567 -3.310345983e-16 0)
(1.462686567 -8.350360307e-17 0)
(1.462686567 5.223727419e-16 0)
(1.462686567 4.467703491e-16 0)
(1.462686567 3.388546798e-16 0)
(1.462686567 -3.034012636e-16 0)
(1.462686567 -8.285356211e-17 0)
(1.462686567 2.033707821e-17 0)
(1.462686567 -3.324978968e-16 0)
(1.462686567 -4.307319708e-16 0)
(1.462686567 -1.416745222e-16 0)
(1.462686567 -7.043301221e-17 0)
(1.462686567 -3.733324978e-16 0)
(1.462686567 8.83082778e-17 0)
(1.462686567 7.521109376e-17 0)
(1.462686567 4.797171188e-16 0)
(1.462686567 5.92212645e-16 0)
(1.462686567 8.242640536e-17 0)
(1.462686567 4.214544924e-17 0)
(1.462686567 2.191150119e-16 0)
(1.462686567 4.079866278e-16 0)
(1.462686567 1.907865395e-17 0)
(1.462686567 -5.973530619e-16 0)
(1.462686567 -1.693898203e-16 0)
(1.462686567 8.493770786e-17 0)
(1.462686567 -6.787725053e-16 0)
(1.462686567 -6.972085621e-16 0)
(1.462686567 -2.211717366e-16 0)
(1.462686567 4.71053968e-17 0)
(1.462686567 2.924896384e-16 0)
(1.462686567 1.564898843e-16 0)
(1.462686567 -1.221990909e-16 0)
(1.462686567 -5.934628026e-17 0)
(1.462686567 -2.528130334e-17 0)
(1.462686567 -2.461650746e-16 0)
(1.462686567 8.597677253e-17 0)
(1.492537313 2.598284149e-16 0)
(1.492537313 3.269212152e-16 0)
(1.492537313 4.502608986e-16 0)
(1.492537313 4.265906452e-16 0)
(1.492537313 4.276467599e-16 0)
(1.492537313 4.969983075e-16 0)
(1.492537313 4.369296834e-16 0)
(1.492537313 2.668218806e-16 0)
(1.492537313 2.613058895e-16 0)
(1.492537313 1.611727219e-16 0)
(1.492537313 6.229190084e-17 0)
(1.492537313 1.713433427e-16 0)
(1.492537313 1.489406548e-16 0)
(1.492537313 -1.900728346e-16 0)
(1.492537313 -3.051889478e-16 0)
(1.492537313 -4.149961995e-16 0)
(1.492537313 -4.288211662e-16 0)
(1.492537313 -1.104721663e-16 0)
(1.492537313 -4.273301296e-17 0)
(1.492537313 3.649284149e-17 0)
(1.492537313 3.364185005e-17 0)
(1.492537313 7.186350457e-17 0)
(1.492537313 -1.090307089e-16 0)
(1.492537313 -8.96817845e-17 0)
(1.492537313 -1.07153717e-17 0)
(1.492537313 -1.711411742e-16 0)
(1.492537313 -3.068302719e-16 0)
(1.492537313 -2.273993965e-16 0)
(1.492537313 -1.759736577e-16 0)
(1.492537313 -2.941130666e-16 0)
(1.492537313 -5.058023109e-16 0)
(1.492537313 -5.960350408e-16 0)
(1.492537313 -4.247783312e-16 0)
(1.492537313 -2.711490901e-16 0)
(1.492537313 -5.66821248e-17 0)
(1.492537313 1.834744605e-16 0)
(1.492537313 1.502933941e-16 0)
(1.492537313 1.787800773e-16 0)
(1.492537313 -1.288063402e-18 0)
(1.492537313 -1.375438195e-16 0)
(1.492537313 -2.7337259e-16 0)
(1.492537313 -2.107221451e-16 0)
(1.492537313 -2.482921778e-16 0)
(1.492537313 -3.214403734e-16 0)
(1.492537313 -8.939358428e-17 0)
(1.492537313 -1.600866354e-16 0)
(1.492537313 -8.244918116e-18 0)
(1.492537313 2.668715316e-16 0)
(1.492537313 1.908333962e-16 0)
(1.492537313 -6.828530441e-17 0)
(1.492537313 3.009357201e-18 0)
(1.492537313 1.716212508e-16 0)
(1.492537313 3.783112649e-16 0)
(1.492537313 4.289120551e-16 0)
(1.492537313 3.351735562e-16 0)
(1.492537313 4.053792512e-16 0)
(1.492537313 1.504003116e-16 0)
(1.492537313 1.074134669e-18 0)
(1.492537313 1.809069684e-16 0)
(1.492537313 1.47299714e-16 0)
(1.492537313 4.103312571e-17 0)
(1.492537313 -3.214573443e-17 0)
(1.492537313 -1.319795614e-16 0)
(1.492537313 -8.180904497e-17 0)
(1.492537313 1.057231066e-16 0)
(1.492537313 1.228508636e-16 0)
(1.492537313 7.330874428e-17 0)
(1.492537313 -8.751942643e-17 0)
(1.492537313 -8.95334554e-17 0)
(1.492537313 -1.409477651e-16 0)
(1.492537313 -2.32692841e-17 0)
(1.492537313 4.043008278e-17 0)
(1.492537313 8.088070751e-17 0)
(1.492537313 1.000467286e-16 0)
(1.492537313 -2.536210246e-17 0)
(1.492537313 -1.561965824e-16 0)
(1.492537313 8.885750429e-17 0)
(1.492537313 8.691847651e-17 0)
(1.492537313 -2.537681494e-18 0)
(1.492537313 2.266188697e-16 0)
(1.492537313 4.075801466e-17 0)
(1.492537313 1.004896395e-16 0)
(1.492537313 1.709529451e-17 0)
(1.492537313 1.074184911e-16 0)
(1.492537313 6.865784594e-22 0)
(1.492537313 -4.337586373e-16 0)
(1.492537313 -5.119393165e-16 0)
(1.492537313 -2.238193872e-16 0)
(1.492537313 -3.411427622e-17 0)
(1.492537313 2.351682961e-18 0)
(1.492537313 1.118222352e-16 0)
(1.492537313 -2.952279779e-17 0)
(1.492537313 -2.834489208e-16 0)
(1.492537313 -2.927567571e-16 0)
(1.492537313 -2.481662496e-16 0)
(1.492537313 -5.735170325e-16 0)
(1.492537313 -2.163853002e-16 0)
(1.492537313 8.45483167e-17 0)
(1.492537313 -2.057284712e-17 0)
(1.492537313 -7.988479266e-17 0)
(1.492537313 1.124441941e-16 0)
(1.492537313 2.022627562e-16 0)
(1.492537313 1.520854839e-16 0)
(1.492537313 -1.310792902e-16 0)
(1.492537313 -3.319161653e-16 0)
(1.492537313 -2.4301222e-16 0)
(1.492537313 7.607400183e-17 0)
(1.492537313 6.510314552e-17 0)
(1.492537313 1.357717864e-17 0)
(1.492537313 8.228909341e-17 0)
(1.492537313 2.249353523e-16 0)
(1.492537313 3.340926115e-16 0)
(1.492537313 2.366870885e-16 0)
(1.492537313 2.315457821e-16 0)
(1.492537313 3.028003635e-16 0)
(1.492537313 3.370041568e-16 0)
(1.492537313 1.009641313e-16 0)
(1.492537313 -5.812180405e-17 0)
(1.492537313 1.334927151e-16 0)
(1.492537313 2.541432633e-16 0)
(1.492537313 1.769998509e-16 0)
(1.492537313 8.132267593e-17 0)
(1.492537313 -5.315130776e-17 0)
(1.492537313 -2.765954182e-16 0)
(1.492537313 -5.494403466e-16 0)
(1.492537313 -6.348224547e-16 0)
(1.492537313 -1.517321585e-16 0)
(1.492537313 -1.063662302e-16 0)
(1.492537313 -1.706750283e-17 0)
(1.492537313 2.718264252e-16 0)
(1.492537313 3.482080657e-16 0)
(1.492537313 2.845204254e-16 0)
(1.492537313 -2.161599396e-16 0)
(1.492537313 -3.371721161e-16 0)
(1.492537313 -1.706154343e-16 0)
(1.492537313 -2.314445014e-16 0)
(1.492537313 -2.278606682e-16 0)
(1.492537313 -1.325680167e-16 0)
(1.492537313 2.189943978e-16 0)
(1.492537313 1.226970341e-16 0)
(1.492537313 -1.591618371e-16 0)
(1.492537313 3.130381294e-16 0)
(1.492537313 6.861992314e-16 0)
(1.492537313 5.702652506e-16 0)
(1.492537313 6.068163997e-16 0)
(1.492537313 3.946192236e-16 0)
(1.492537313 5.653714003e-16 0)
(1.492537313 2.185853581e-16 0)
(1.492537313 -1.766267801e-16 0)
(1.492537313 -4.757263649e-16 0)
(1.492537313 -2.869266877e-16 0)
(1.492537313 -3.661571577e-16 0)
(1.492537313 -4.490487684e-16 0)
(1.492537313 -1.588999299e-16 0)
(1.492537313 1.526147813e-16 0)
(1.492537313 1.890883127e-16 0)
(1.492537313 1.103357209e-16 0)
(1.492537313 7.268731115e-17 0)
(1.492537313 -2.272195015e-16 0)
(1.492537313 -1.282487246e-17 0)
(1.492537313 1.818440247e-16 0)
(1.492537313 1.131227475e-16 0)
(1.492537313 -5.640250167e-17 0)
(1.492537313 -8.327418543e-17 0)
(1.492537313 -1.706627324e-16 0)
(1.492537313 1.272677228e-16 0)
(1.492537313 4.6754504e-16 0)
(1.492537313 4.594669865e-16 0)
(1.492537313 3.249903642e-16 0)
(1.492537313 -2.536877749e-16 0)
(1.492537313 -2.548904047e-16 0)
(1.492537313 -1.384902978e-16 0)
(1.492537313 -2.945554552e-16 0)
(1.492537313 -3.999183213e-16 0)
(1.492537313 -1.770158234e-16 0)
(1.492537313 -6.763809648e-17 0)
(1.492537313 -4.551901652e-16 0)
(1.492537313 -3.751294362e-17 0)
(1.492537313 2.319092211e-16 0)
(1.492537313 3.716925821e-16 0)
(1.492537313 5.078821893e-16 0)
(1.492537313 2.55832225e-16 0)
(1.492537313 3.660998155e-16 0)
(1.492537313 3.422120512e-16 0)
(1.492537313 2.100684794e-16 0)
(1.492537313 -7.688119986e-17 0)
(1.492537313 -3.9961462e-16 0)
(1.492537313 -2.3063124e-16 0)
(1.492537313 -1.42920023e-16 0)
(1.492537313 -5.712864745e-16 0)
(1.492537313 -5.094985534e-16 0)
(1.492537313 -5.150309248e-17 0)
(1.492537313 8.386356239e-17 0)
(1.492537313 2.244851972e-16 0)
(1.492537313 2.20532478e-16 0)
(1.492537313 -1.300196335e-16 0)
(1.492537313 -2.11054824e-16 0)
(1.492537313 -5.087402114e-17 0)
(1.492537313 -1.403483707e-16 0)
(1.492537313 5.483788277e-17 0)
(1.492537313 2.405440376e-16 0)
(1.492537313 3.492091215e-16 0)
(1.492537313 5.299752128e-16 0)
(1.492537313 4.308489381e-16 0)
(1.492537313 4.331228845e-16 0)
(1.492537313 5.073574578e-16 0)
(1.492537313 2.682041141e-16 0)
(1.492537313 2.140025182e-16 0)
(1.492537313 1.587962799e-16 0)
(1.492537313 1.176648679e-16 0)
(1.492537313 1.296922256e-16 0)
(1.492537313 1.870145822e-16 0)
(1.492537313 1.424113317e-16 0)
(1.492537313 -7.68497044e-17 0)
(1.492537313 -2.24842917e-16 0)
(1.492537313 -3.200698108e-16 0)
(1.492537313 -2.498609033e-16 0)
(1.492537313 -7.549663925e-17 0)
(1.492537313 -9.468168603e-17 0)
(1.492537313 1.504008639e-18 0)
(1.492537313 4.580783801e-17 0)
(1.492537313 -2.377233536e-18 0)
(1.492537313 -1.116465632e-16 0)
(1.492537313 -1.246535597e-16 0)
(1.492537313 -2.005154177e-17 0)
(1.492537313 -1.989539043e-16 0)
(1.492537313 -4.090880994e-16 0)
(1.492537313 -1.541657264e-16 0)
(1.492537313 -2.682874862e-17 0)
(1.492537313 -2.525282615e-16 0)
(1.492537313 -5.41268888e-16 0)
(1.492537313 -5.38282295e-16 0)
(1.492537313 -3.958253906e-16 0)
(1.492537313 -2.566686633e-16 0)
(1.492537313 -7.44743022e-18 0)
(1.492537313 1.155370254e-16 0)
(1.492537313 1.44896771e-16 0)
(1.492537313 6.726690207e-17 0)
(1.492537313 -7.245135606e-17 0)
(1.492537313 -1.768550544e-16 0)
(1.492537313 -1.611923978e-16 0)
(1.492537313 -5.244777621e-17 0)
(1.492537313 -3.051070098e-16 0)
(1.492537313 -5.142067574e-16 0)
(1.492537313 -2.753405069e-16 0)
(1.492537313 -8.213237698e-17 0)
(1.492537313 8.070140729e-18 0)
(1.492537313 2.548084679e-16 0)
(1.492537313 2.871548887e-16 0)
(1.492537313 3.566365083e-17 0)
(1.492537313 7.076185476e-17 0)
(1.492537313 3.254597758e-16 0)
(1.492537313 3.695034867e-16 0)
(1.492537313 3.43214608e-16 0)
(1.492537313 4.080322763e-16 0)
(1.492537313 4.766501728e-16 0)
(1.492537313 3.26107022e-16 0)
(1.492537313 -5.085436189e-18 0)
(1.492537313 7.771379765e-17 0)
(1.492537313 1.323784672e-16 0)
(1.492537313 7.947950278e-17 0)
(1.492537313 -1.077290509e-16 0)
(1.492537313 -9.896935588e-17 0)
(1.492537313 2.729513315e-17 0)
(1.492537313 5.336046507e-17 0)
(1.492537313 5.468564768e-17 0)
(1.492537313 -1.504150211e-17 0)
(1.492537313 -5.20194021e-17 0)
(1.492537313 -7.341699925e-17 0)
(1.492537313 -1.58755196e-16 0)
(1.492537313 1.307738855e-16 0)
(1.492537313 1.027337312e-16 0)
(1.492537313 -4.73235562e-17 0)
(1.492537313 1.151226204e-16 0)
(1.492537313 4.319058808e-17 0)
(1.492537313 -1.67819628e-16 0)
(1.492537313 -7.02455476e-17 0)
(1.492537313 1.69058833e-16 0)
(1.492537313 1.500318469e-16 0)
(1.492537313 9.698227479e-17 0)
(1.492537313 -1.155814111e-16 0)
(1.492537313 1.91182279e-17 0)
(1.492537313 9.125926644e-18 0)
(1.492537313 4.104965312e-17 0)
(1.492537313 -6.365951205e-17 0)
(1.492537313 -4.808401929e-16 0)
(1.492537313 -5.073177214e-16 0)
(1.492537313 -2.576290023e-16 0)
(1.492537313 -5.329224711e-17 0)
(1.492537313 3.963699577e-17 0)
(1.492537313 6.792659727e-17 0)
(1.492537313 -7.021816515e-17 0)
(1.492537313 -1.855416412e-16 0)
(1.492537313 -1.024189899e-16 0)
(1.492537313 -2.877903461e-16 0)
(1.492537313 -3.886828743e-16 0)
(1.492537313 -2.507885126e-16 0)
(1.492537313 -2.338183264e-16 0)
(1.492537313 -1.239214549e-16 0)
(1.492537313 -2.843868734e-17 0)
(1.492537313 -4.713372152e-17 0)
(1.492537313 1.484308529e-17 0)
(1.492537313 1.600126538e-16 0)
(1.492537313 2.147591549e-17 0)
(1.492537313 -2.705747348e-16 0)
(1.492537313 -2.529009038e-16 0)
(1.492537313 1.482705455e-16 0)
(1.492537313 1.021942416e-16 0)
(1.492537313 -9.183935014e-17 0)
(1.492537313 1.959387815e-17 0)
(1.492537313 2.939327324e-16 0)
(1.492537313 4.981070659e-16 0)
(1.492537313 2.767829289e-16 0)
(1.492537313 5.445851697e-17 0)
(1.492537313 2.353388463e-16 0)
(1.492537313 3.989467535e-16 0)
(1.492537313 1.564551217e-16 0)
(1.492537313 -1.361144103e-16 0)
(1.492537313 4.021113361e-17 0)
(1.492537313 3.017149163e-16 0)
(1.492537313 2.050816698e-16 0)
(1.492537313 7.909479371e-17 0)
(1.492537313 -4.229960119e-17 0)
(1.492537313 -2.036752775e-16 0)
(1.492537313 -4.18391433e-16 0)
(1.492537313 -5.380583094e-16 0)
(1.492537313 -2.554786733e-16 0)
(1.492537313 -1.139080658e-16 0)
(1.492537313 -1.217275229e-17 0)
(1.492537313 1.847849895e-17 0)
(1.492537313 2.471373912e-16 0)
(1.492537313 3.251278031e-16 0)
(1.492537313 -1.31240699e-16 0)
(1.492537313 -3.161848248e-16 0)
(1.492537313 -3.490925969e-16 0)
(1.492537313 -2.969479286e-16 0)
(1.492537313 -1.332745396e-16 0)
(1.492537313 -3.123358599e-17 0)
(1.492537313 2.562460901e-16 0)
(1.492537313 7.55621433e-17 0)
(1.492537313 -3.586315873e-17 0)
(1.492537313 4.736654151e-16 0)
(1.492537313 9.381346977e-16 0)
(1.492537313 4.686401411e-16 0)
(1.492537313 3.761559422e-16 0)
(1.492537313 4.724545153e-16 0)
(1.492537313 3.7125437e-16 0)
(1.492537313 2.6017431e-16 0)
(1.492537313 -2.332786653e-17 0)
(1.492537313 -2.418749845e-16 0)
(1.492537313 -5.967277987e-17 0)
(1.492537313 -6.434487327e-16 0)
(1.492537313 -6.22155431e-16 0)
(1.492537313 -9.107165754e-17 0)
(1.492537313 4.334317273e-17 0)
(1.492537313 9.662576182e-18 0)
(1.492537313 2.446954256e-16 0)
(1.492537313 2.792427672e-16 0)
(1.492537313 -2.71032137e-16 0)
(1.492537313 -2.742870245e-16 0)
(1.492537313 1.32057588e-16 0)
(1.492537313 1.061585298e-16 0)
(1.492537313 -6.819236763e-17 0)
(1.492537313 -4.023278547e-17 0)
(1.492537313 -9.203277747e-18 0)
(1.492537313 2.546777878e-16 0)
(1.492537313 4.199191368e-16 0)
(1.492537313 4.733196277e-16 0)
(1.492537313 2.825576614e-16 0)
(1.492537313 -2.345639942e-16 0)
(1.492537313 -2.426280594e-16 0)
(1.492537313 -3.756591944e-16 0)
(1.492537313 -3.741053855e-16 0)
(1.492537313 -2.710240339e-16 0)
(1.492537313 -2.254008678e-16 0)
(1.492537313 -1.584510653e-16 0)
(1.492537313 -4.325741964e-16 0)
(1.492537313 -8.565284755e-17 0)
(1.492537313 4.251559367e-16 0)
(1.492537313 2.422302735e-16 0)
(1.492537313 3.73931939e-16 0)
(1.492537313 4.332103243e-16 0)
(1.492537313 6.208229353e-16 0)
(1.492537313 4.56209601e-16 0)
(1.492537313 -1.41692011e-16 0)
(1.492537313 -1.337404266e-16 0)
(1.492537313 -1.284492301e-16 0)
(1.492537313 -1.284866412e-16 0)
(1.492537313 -3.722383112e-16 0)
(1.492537313 -5.58393786e-16 0)
(1.492537313 -2.979870333e-16 0)
(1.492537313 3.925085291e-17 0)
(1.492537313 1.068834087e-16 0)
(1.492537313 1.069625519e-16 0)
(1.492537313 1.705459419e-16 0)
(1.492537313 -1.053124753e-16 0)
(1.492537313 -2.798895852e-16 0)
(1.492537313 -1.045096732e-16 0)
(1.492537313 3.830915181e-18 0)
(1.492537313 1.272915577e-17 0)
(1.462686567 1.479711505e-16 0)
(1.462686567 2.700577093e-16 0)
(1.462686567 4.565738449e-16 0)
(1.462686567 3.857367028e-16 0)
(1.462686567 3.792851752e-16 0)
(1.462686567 3.380395105e-16 0)
(1.462686567 1.981603323e-16 0)
(1.462686567 1.922474224e-16 0)
(1.462686567 1.297313632e-16 0)
(1.462686567 1.209650397e-16 0)
(1.462686567 1.609331632e-16 0)
(1.462686567 1.560669439e-16 0)
(1.462686567 8.375957058e-17 0)
(1.462686567 1.06073219e-16 0)
(1.462686567 -5.904393731e-18 0)
(1.462686567 -2.32387216e-16 0)
(1.462686567 -1.827259385e-16 0)
(1.462686567 -1.536876119e-16 0)
(1.462686567 -1.527579391e-16 0)
(1.462686567 -1.287711029e-16 0)
(1.462686567 3.131797294e-17 0)
(1.462686567 -6.24550685e-17 0)
(1.462686567 -5.78659953e-17 0)
(1.462686567 -1.319100734e-16 0)
(1.462686567 -3.82955868e-17 0)
(1.462686567 -1.746272167e-16 0)
(1.462686567 -4.196842211e-16 0)
(1.462686567 -1.457461135e-16 0)
(1.462686567 1.07667975e-16 0)
(1.462686567 -1.532681471e-16 0)
(1.462686567 -4.858538559e-16 0)
(1.462686567 -5.355695977e-16 0)
(1.462686567 -3.95083555e-16 0)
(1.462686567 -1.98493342e-16 0)
(1.462686567 8.563112261e-17 0)
(1.462686567 1.204055659e-16 0)
(1.462686567 2.50915806e-16 0)
(1.462686567 2.704883864e-17 0)
(1.462686567 -1.410579995e-16 0)
(1.462686567 -2.794966181e-16 0)
(1.462686567 -4.06085856e-17 0)
(1.462686567 6.732237236e-17 0)
(1.462686567 -3.694162744e-16 0)
(1.462686567 -5.931157763e-16 0)
(1.462686567 -3.910744226e-16 0)
(1.462686567 -1.849988166e-16 0)
(1.462686567 4.817366813e-17 0)
(1.462686567 3.825651581e-16 0)
(1.462686567 3.509198987e-16 0)
(1.462686567 1.427870573e-16 0)
(1.462686567 1.534902281e-16 0)
(1.462686567 2.782763403e-16 0)
(1.462686567 2.262561663e-16 0)
(1.462686567 2.775755363e-16 0)
(1.462686567 4.170631874e-16 0)
(1.462686567 5.370726462e-16 0)
(1.462686567 4.046216132e-16 0)
(1.462686567 -5.418260346e-18 0)
(1.462686567 6.589708932e-17 0)
(1.462686567 1.786801772e-16 0)
(1.462686567 3.266031131e-17 0)
(1.462686567 -1.577668516e-16 0)
(1.462686567 3.002802612e-17 0)
(1.462686567 1.36803626e-16 0)
(1.462686567 9.289294507e-17 0)
(1.462686567 -6.438301964e-17 0)
(1.462686567 -1.126912393e-16 0)
(1.462686567 -6.772894302e-17 0)
(1.462686567 -8.301890765e-17 0)
(1.462686567 -2.177563059e-16 0)
(1.462686567 2.940920067e-16 0)
(1.462686567 2.113046028e-16 0)
(1.462686567 -1.819360389e-16 0)
(1.462686567 8.326182221e-17 0)
(1.462686567 1.616194786e-16 0)
(1.462686567 -1.358957334e-16 0)
(1.462686567 -2.250757967e-16 0)
(1.462686567 1.55027412e-16 0)
(1.462686567 2.283372713e-16 0)
(1.462686567 3.500283919e-17 0)
(1.462686567 -8.495953682e-17 0)
(1.462686567 -1.116315497e-16 0)
(1.462686567 -1.690409347e-16 0)
(1.462686567 8.954996696e-17 0)
(1.462686567 1.136673319e-16 0)
(1.462686567 -4.033674754e-16 0)
(1.462686567 -4.579777438e-16 0)
(1.462686567 -2.80156447e-16 0)
(1.462686567 -1.531696339e-17 0)
(1.462686567 4.609870497e-17 0)
(1.462686567 -4.054904625e-17 0)
(1.462686567 -1.404253731e-16 0)
(1.462686567 -6.982757036e-17 0)
(1.462686567 -5.242899026e-18 0)
(1.462686567 -2.958809252e-16 0)
(1.462686567 -2.291850393e-16 0)
(1.462686567 -2.958593116e-16 0)
(1.462686567 -3.794064572e-16 0)
(1.462686567 -2.153292948e-16 0)
(1.462686567 -8.490484323e-17 0)
(1.462686567 -2.055837168e-16 0)
(1.462686567 -1.923474277e-16 0)
(1.462686567 2.100364735e-16 0)
(1.462686567 7.224232375e-17 0)
(1.462686567 -1.97270533e-16 0)
(1.462686567 -2.667980863e-16 0)
(1.462686567 1.98295147e-16 0)
(1.462686567 2.514748956e-16 0)
(1.462686567 -2.159454986e-16 0)
(1.462686567 -1.479288861e-16 0)
(1.462686567 2.66586383e-16 0)
(1.462686567 6.207317147e-16 0)
(1.462686567 4.681271441e-16 0)
(1.462686567 7.335748211e-18 0)
(1.462686567 1.034148392e-16 0)
(1.462686567 3.605819909e-16 0)
(1.462686567 1.398874069e-16 0)
(1.462686567 -1.610002827e-16 0)
(1.462686567 9.522731231e-17 0)
(1.462686567 3.726600159e-16 0)
(1.462686567 1.878067904e-16 0)
(1.462686567 6.808574181e-17 0)
(1.462686567 -1.211160345e-16 0)
(1.462686567 -2.626411647e-16 0)
(1.462686567 -2.626076027e-16 0)
(1.462686567 -3.399207981e-16 0)
(1.462686567 -2.375460949e-16 0)
(1.462686567 -2.795435798e-16 0)
(1.462686567 -6.817333639e-17 0)
(1.462686567 -6.636890101e-17 0)
(1.462686567 8.270686857e-17 0)
(1.462686567 3.188066446e-16 0)
(1.462686567 -3.618782509e-17 0)
(1.462686567 -1.45423417e-16 0)
(1.462686567 -5.206692349e-16 0)
(1.462686567 -3.083534276e-16 0)
(1.462686567 -3.901221133e-17 0)
(1.462686567 2.325892799e-17 0)
(1.462686567 7.959079963e-17 0)
(1.462686567 -5.756699676e-17 0)
(1.462686567 1.069938587e-16 0)
(1.462686567 7.134258835e-16 0)
(1.462686567 9.366956243e-16 0)
(1.462686567 3.207469942e-16 0)
(1.462686567 2.042032278e-16 0)
(1.462686567 5.285209094e-16 0)
(1.462686567 2.845706476e-16 0)
(1.462686567 1.74671728e-16 0)
(1.462686567 1.946203126e-16 0)
(1.462686567 1.112841664e-16 0)
(1.462686567 -2.408409985e-18 0)
(1.462686567 -7.408731436e-16 0)
(1.462686567 -6.438022165e-16 0)
(1.462686567 4.572070925e-17 0)
(1.462686567 -1.593970414e-16 0)
(1.462686567 -1.089712449e-16 0)
(1.462686567 3.129784142e-16 0)
(1.462686567 2.401010746e-16 0)
(1.462686567 -1.886711115e-16 0)
(1.462686567 -4.095945515e-16 0)
(1.462686567 1.304402789e-17 0)
(1.462686567 1.046765634e-17 0)
(1.462686567 -5.739712025e-18 0)
(1.462686567 5.24206032e-17 0)
(1.462686567 1.020146231e-16 0)
(1.462686567 2.445041359e-16 0)
(1.462686567 3.170337818e-16 0)
(1.462686567 5.359559266e-16 0)
(1.462686567 2.03653229e-16 0)
(1.462686567 -1.730482062e-16 0)
(1.462686567 -6.348526463e-17 0)
(1.462686567 -5.576952412e-16 0)
(1.462686567 -6.255138983e-16 0)
(1.462686567 -2.292902997e-16 0)
(1.462686567 -2.777963995e-16 0)
(1.462686567 -5.426935425e-17 0)
(1.462686567 -4.660721847e-16 0)
(1.462686567 -1.400515012e-16 0)
(1.462686567 5.958903863e-16 0)
(1.462686567 7.941924535e-17 0)
(1.462686567 3.154348196e-16 0)
(1.462686567 7.038227227e-16 0)
(1.462686567 7.348024111e-16 0)
(1.462686567 4.461488628e-16 0)
(1.462686567 -4.167809564e-16 0)
(1.462686567 -1.745047216e-16 0)
(1.462686567 1.692337438e-16 0)
(1.462686567 -8.937173617e-17 0)
(1.462686567 -5.746029381e-16 0)
(1.462686567 -5.21912942e-16 0)
(1.462686567 -7.370132565e-17 0)
(1.462686567 1.235343476e-16 0)
(1.462686567 6.71007033e-17 0)
(1.462686567 -9.085928569e-17 0)
(1.462686567 6.585880339e-17 0)
(1.462686567 -1.154781113e-16 0)
(1.462686567 -2.502458454e-16 0)
(1.462686567 2.550063887e-17 0)
(1.462686567 5.866942562e-17 0)
(1.462686567 3.209076266e-17 0)
(1.402985075 1.212659112e-17 0)
(1.402985075 1.115443214e-16 0)
(1.402985075 2.289713286e-16 0)
(1.402985075 1.773522628e-16 0)
(1.402985075 3.760482569e-16 0)
(1.402985075 2.985789027e-16 0)
(1.402985075 2.073369846e-16 0)
(1.402985075 2.385117258e-16 0)
(1.402985075 1.07419468e-16 0)
(1.402985075 4.148341976e-17 0)
(1.402985075 1.845401624e-16 0)
(1.402985075 1.41639984e-16 0)
(1.402985075 4.354444922e-17 0)
(1.402985075 1.351544658e-16 0)
(1.402985075 6.870810187e-17 0)
(1.402985075 -1.630463401e-16 0)
(1.402985075 -1.318663075e-16 0)
(1.402985075 -1.381127399e-16 0)
(1.402985075 -3.223672565e-16 0)
(1.402985075 -1.664164945e-16 0)
(1.402985075 1.689741935e-18 0)
(1.402985075 1.318207541e-17 0)
(1.402985075 2.753196475e-17 0)
(1.402985075 -1.091807627e-16 0)
(1.402985075 -1.60500688e-16 0)
(1.402985075 -1.725094008e-16 0)
(1.402985075 -3.141668852e-16 0)
(1.402985075 -1.770264018e-16 0)
(1.402985075 1.157026811e-16 0)
(1.402985075 -1.371603165e-16 0)
(1.402985075 -3.287623695e-16 0)
(1.402985075 -4.383889137e-16 0)
(1.402985075 -3.893800117e-16 0)
(1.402985075 -4.231600242e-17 0)
(1.402985075 2.838820108e-16 0)
(1.402985075 9.779499066e-17 0)
(1.402985075 2.387153989e-16 0)
(1.402985075 -4.249104898e-17 0)
(1.402985075 -1.997833459e-16 0)
(1.402985075 -1.973217482e-16 0)
(1.402985075 -8.209026827e-17 0)
(1.402985075 1.598183523e-16 0)
(1.402985075 -3.175321472e-16 0)
(1.402985075 -6.288326494e-16 0)
(1.402985075 -4.586779498e-16 0)
(1.402985075 -2.977045648e-16 0)
(1.402985075 1.430741483e-16 0)
(1.402985075 4.223853001e-16 0)
(1.402985075 4.404711783e-16 0)
(1.402985075 1.300070091e-16 0)
(1.402985075 1.412489641e-16 0)
(1.402985075 1.527895432e-16 0)
(1.402985075 1.739332088e-16 0)
(1.402985075 2.064649061e-16 0)
(1.402985075 2.368461383e-16 0)
(1.402985075 4.889963173e-16 0)
(1.402985075 4.479753955e-16 0)
(1.402985075 5.095833143e-17 0)
(1.402985075 1.102292783e-16 0)
(1.402985075 2.698026831e-16 0)
(1.402985075 4.716850937e-17 0)
(1.402985075 -1.631367464e-16 0)
(1.402985075 7.038158913e-17 0)
(1.402985075 1.192351091e-16 0)
(1.402985075 1.601337244e-16 0)
(1.402985075 -7.992224916e-17 0)
(1.402985075 -2.494797318e-16 0)
(1.402985075 -5.428633054e-17 0)
(1.402985075 -4.65528813e-17 0)
(1.402985075 -2.376838603e-16 0)
(1.402985075 3.064395527e-16 0)
(1.402985075 1.287756599e-16 0)
(1.402985075 -1.275814188e-16 0)
(1.402985075 1.79652504e-16 0)
(1.402985075 2.549151479e-16 0)
(1.402985075 -1.249926612e-16 0)
(1.402985075 -4.229637848e-16 0)
(1.402985075 1.690744671e-16 0)
(1.402985075 3.39205077e-16 0)
(1.402985075 -9.760915432e-17 0)
(1.402985075 -1.316601616e-16 0)
(1.402985075 -1.765551824e-16 0)
(1.402985075 -2.18181739e-16 0)
(1.402985075 1.171185737e-16 0)
(1.402985075 2.613349531e-16 0)
(1.402985075 -8.107428022e-17 0)
(1.402985075 -3.843001148e-16 0)
(1.402985075 -4.232773668e-16 0)
(1.402985075 2.123695588e-17 0)
(1.402985075 1.164469552e-16 0)
(1.402985075 -2.375730735e-16 0)
(1.402985075 -2.262716714e-16 0)
(1.402985075 9.314718729e-17 0)
(1.402985075 8.80527122e-17 0)
(1.402985075 -2.8488398e-16 0)
(1.402985075 -4.330478904e-17 0)
(1.402985075 -3.660301437e-16 0)
(1.402985075 -5.71245057e-16 0)
(1.402985075 -1.790718116e-16 0)
(1.402985075 8.485372742e-17 0)
(1.402985075 -1.70151741e-16 0)
(1.402985075 -4.158593746e-16 0)
(1.402985075 1.33312691e-16 0)
(1.402985075 1.824859075e-16 0)
(1.402985075 -1.941309257e-16 0)
(1.402985075 -3.671716917e-16 0)
(1.402985075 2.152125207e-16 0)
(1.402985075 4.208966164e-16 0)
(1.402985075 -3.437615474e-16 0)
(1.402985075 -3.060439041e-16 0)
(1.402985075 1.390089959e-16 0)
(1.402985075 7.428802456e-16 0)
(1.402985075 6.332943318e-16 0)
(1.402985075 1.045516856e-16 0)
(1.402985075 -3.715750687e-17 0)
(1.402985075 1.625666818e-16 0)
(1.402985075 2.651350412e-16 0)
(1.402985075 -8.850778128e-19 0)
(1.402985075 3.312501733e-17 0)
(1.402985075 3.449157142e-16 0)
(1.402985075 2.757312231e-16 0)
(1.402985075 -1.420424132e-16 0)
(1.402985075 -3.418453636e-16 0)
(1.402985075 -9.389223931e-17 0)
(1.402985075 -1.170310183e-16 0)
(1.402985075 -1.729790516e-16 0)
(1.402985075 -2.188988768e-16 0)
(1.402985075 -5.230676595e-16 0)
(1.402985075 -2.389215632e-16 0)
(1.402985075 -3.719521891e-17 0)
(1.402985075 1.25404131e-16 0)
(1.402985075 3.014508006e-16 0)
(1.402985075 -5.992677271e-17 0)
(1.402985075 6.010002886e-17 0)
(1.402985075 -6.088733377e-16 0)
(1.402985075 -2.570206325e-16 0)
(1.402985075 1.92003747e-16 0)
(1.402985075 9.296172789e-17 0)
(1.402985075 -2.516706517e-16 0)
(1.402985075 -4.814624321e-16 0)
(1.402985075 2.506446131e-16 0)
(1.402985075 1.001874703e-15 0)
(1.402985075 8.965764498e-16 0)
(1.402985075 1.084281571e-17 0)
(1.402985075 -9.777535544e-17 0)
(1.402985075 7.813829683e-16 0)
(1.402985075 2.778197017e-16 0)
(1.402985075 1.675345054e-16 0)
(1.402985075 3.062124837e-16 0)
(1.402985075 3.213912572e-16 0)
(1.402985075 1.625082339e-16 0)
(1.402985075 -8.474403992e-16 0)
(1.402985075 -6.021825172e-16 0)
(1.402985075 3.177325651e-16 0)
(1.402985075 -3.404493331e-16 0)
(1.402985075 -2.103318544e-16 0)
(1.402985075 3.28493178e-16 0)
(1.402985075 8.987129673e-17 0)
(1.402985075 -1.12472731e-16 0)
(1.402985075 -5.666341425e-16 0)
(1.402985075 -5.564492416e-17 0)
(1.402985075 8.699296015e-17 0)
(1.402985075 1.303504219e-16 0)
(1.402985075 6.677577195e-17 0)
(1.402985075 3.439351411e-17 0)
(1.402985075 2.144809172e-16 0)
(1.402985075 2.649868392e-16 0)
(1.402985075 6.608278661e-16 0)
(1.402985075 8.430490255e-18 0)
(1.402985075 -7.808196497e-17 0)
(1.402985075 2.752659469e-16 0)
(1.402985075 -8.57469394e-16 0)
(1.402985075 -7.989139536e-16 0)
(1.402985075 -1.324098013e-16 0)
(1.402985075 -2.495196724e-16 0)
(1.402985075 7.299368966e-17 0)
(1.402985075 -8.699291591e-16 0)
(1.402985075 -1.448932403e-16 0)
(1.402985075 1.037428017e-15 0)
(1.402985075 -1.026078965e-16 0)
(1.402985075 1.1034818e-16 0)
(1.402985075 9.451288388e-16 0)
(1.402985075 7.580378524e-16 0)
(1.402985075 3.943723765e-16 0)
(1.402985075 -5.966676454e-16 0)
(1.402985075 -1.751079486e-16 0)
(1.402985075 5.85719489e-16 0)
(1.402985075 2.078657739e-18 0)
(1.402985075 -8.571847822e-16 0)
(1.402985075 -5.983182377e-16 0)
(1.402985075 1.428242862e-16 0)
(1.402985075 3.378517204e-16 0)
(1.402985075 7.940601496e-17 0)
(1.402985075 -3.567634106e-16 0)
(1.402985075 -1.597856632e-16 0)
(1.402985075 -1.329809562e-16 0)
(1.402985075 -1.418158955e-16 0)
(1.402985075 2.420591629e-16 0)
(1.402985075 2.107449371e-16 0)
(1.402985075 1.468802321e-16 0)
(1.313432836 3.508124712e-17 0)
(1.313432836 1.51924336e-17 0)
(1.313432836 2.111526236e-17 0)
(1.313432836 1.723503203e-17 0)
(1.313432836 3.019422025e-16 0)
(1.313432836 3.406616504e-16 0)
(1.313432836 1.874061976e-16 0)
(1.313432836 1.521750395e-16 0)
(1.313432836 8.166805616e-17 0)
(1.313432836 -2.830992983e-18 0)
(1.313432836 2.188254137e-16 0)
(1.313432836 2.346175165e-16 0)
(1.313432836 1.487461873e-17 0)
(1.313432836 1.363711245e-16 0)
(1.313432836 1.691603187e-16 0)
(1.313432836 -1.751231606e-16 0)
(1.313432836 -1.67526156e-16 0)
(1.313432836 -1.283361168e-16 0)
(1.313432836 -3.892626152e-16 0)
(1.313432836 -2.66040407e-16 0)
(1.313432836 1.376852176e-17 0)
(1.313432836 1.269964797e-16 0)
(1.313432836 8.408504497e-17 0)
(1.313432836 3.165138001e-17 0)
(1.313432836 -1.349884653e-16 0)
(1.313432836 -2.144836057e-16 0)
(1.313432836 -2.926777754e-16 0)
(1.313432836 -2.667404325e-16 0)
(1.313432836 1.229495064e-17 0)
(1.313432836 -4.829141823e-17 0)
(1.313432836 -2.458296731e-16 0)
(1.313432836 -2.751452357e-16 0)
(1.313432836 -2.353924493e-16 0)
(1.313432836 -3.392023577e-20 0)
(1.313432836 3.311885442e-16 0)
(1.313432836 8.672960022e-17 0)
(1.313432836 1.431399251e-16 0)
(1.313432836 -3.010804295e-17 0)
(1.313432836 -8.877725581e-17 0)
(1.313432836 -4.056749255e-17 0)
(1.313432836 -2.71022091e-16 0)
(1.313432836 1.25606752e-16 0)
(1.313432836 -1.466059924e-16 0)
(1.313432836 -5.202785962e-16 0)
(1.313432836 -4.811708284e-16 0)
(1.313432836 -1.796189579e-16 0)
(1.313432836 1.177067979e-16 0)
(1.313432836 2.490155911e-16 0)
(1.313432836 3.588194033e-16 0)
(1.313432836 1.160346964e-16 0)
(1.313432836 1.29872497e-16 0)
(1.313432836 1.517610378e-16 0)
(1.313432836 1.546573442e-16 0)
(1.313432836 9.677023634e-17 0)
(1.313432836 2.721460042e-17 0)
(1.313432836 4.727165508e-16 0)
(1.313432836 4.894168242e-16 0)
(1.313432836 1.780929133e-16 0)
(1.313432836 1.991242719e-17 0)
(1.313432836 1.992657598e-16 0)
(1.313432836 -7.589147712e-18 0)
(1.313432836 -9.78285881e-17 0)
(1.313432836 1.274898121e-16 0)
(1.313432836 7.68830152e-17 0)
(1.313432836 5.642013396e-17 0)
(1.313432836 5.939159038e-17 0)
(1.313432836 -2.25830216e-16 0)
(1.313432836 -5.367378923e-17 0)
(1.313432836 -8.798612608e-17 0)
(1.313432836 -2.142188175e-16 0)
(1.313432836 3.28392435e-16 0)
(1.313432836 5.564398656e-17 0)
(1.313432836 -1.131943947e-16 0)
(1.313432836 2.423135761e-16 0)
(1.313432836 3.669126381e-16 0)
(1.313432836 -2.38537034e-16 0)
(1.313432836 -5.327094185e-16 0)
(1.313432836 2.540951281e-16 0)
(1.313432836 3.658642961e-16 0)
(1.313432836 -1.144868715e-16 0)
(1.313432836 -2.243028154e-16 0)
(1.313432836 -2.553228279e-16 0)
(1.313432836 -1.140097516e-16 0)
(1.313432836 5.589902237e-17 0)
(1.313432836 3.190467745e-16 0)
(1.313432836 1.743378038e-16 0)
(1.313432836 -2.593623732e-16 0)
(1.313432836 -5.121137123e-16 0)
(1.313432836 -8.196454821e-17 0)
(1.313432836 1.461237317e-16 0)
(1.313432836 -3.001333533e-16 0)
(1.313432836 -2.550294881e-16 0)
(1.313432836 1.39206294e-16 0)
(1.313432836 4.838069821e-17 0)
(1.313432836 -2.498954062e-16 0)
(1.313432836 2.078129715e-16 0)
(1.313432836 -3.140397583e-16 0)
(1.313432836 -6.797011339e-16 0)
(1.313432836 -6.430430366e-17 0)
(1.313432836 2.762224241e-16 0)
(1.313432836 -2.504412651e-16 0)
(1.313432836 -4.832807049e-16 0)
(1.313432836 1.25853698e-16 0)
(1.313432836 3.063737521e-16 0)
(1.313432836 -2.477720103e-16 0)
(1.313432836 -4.938683159e-16 0)
(1.313432836 3.05740104e-16 0)
(1.313432836 5.226678996e-16 0)
(1.313432836 -4.253750691e-16 0)
(1.313432836 -4.680797884e-16 0)
(1.313432836 3.639333638e-17 0)
(1.313432836 7.635975181e-16 0)
(1.313432836 7.025811511e-16 0)
(1.313432836 1.492037039e-16 0)
(1.313432836 -1.348092055e-16 0)
(1.313432836 7.136917317e-17 0)
(1.313432836 3.176992574e-16 0)
(1.313432836 4.876441564e-17 0)
(1.313432836 8.798981116e-17 0)
(1.313432836 2.972905913e-16 0)
(1.313432836 1.203151144e-16 0)
(1.313432836 -3.706216297e-16 0)
(1.313432836 -3.932488233e-16 0)
(1.313432836 2.143593751e-16 0)
(1.313432836 1.21456745e-16 0)
(1.313432836 -1.85050881e-16 0)
(1.313432836 -2.461780006e-16 0)
(1.313432836 -6.280253968e-16 0)
(1.313432836 -2.908213972e-16 0)
(1.313432836 -2.097393787e-17 0)
(1.313432836 3.490062376e-17 0)
(1.313432836 2.975514279e-16 0)
(1.313432836 7.329428487e-17 0)
(1.313432836 5.238846501e-17 0)
(1.313432836 -7.128600114e-16 0)
(1.313432836 -4.195017147e-17 0)
(1.313432836 3.927690284e-16 0)
(1.313432836 5.109891625e-17 0)
(1.313432836 -4.480098732e-16 0)
(1.313432836 -7.855224884e-16 0)
(1.313432836 2.253517417e-16 0)
(1.313432836 1.046845257e-15 0)
(1.313432836 8.455500339e-16 0)
(1.313432836 -3.284112542e-16 0)
(1.313432836 -1.852249384e-16 0)
(1.313432836 9.483754055e-16 0)
(1.313432836 2.943696987e-16 0)
(1.313432836 1.363247102e-16 0)
(1.313432836 4.680829163e-16 0)
(1.313432836 5.346748288e-16 0)
(1.313432836 3.144358335e-16 0)
(1.313432836 -1.003420312e-15 0)
(1.313432836 -6.921204412e-16 0)
(1.313432836 3.471093749e-16 0)
(1.313432836 -3.732856567e-16 0)
(1.313432836 -2.455882374e-16 0)
(1.313432836 3.505618134e-16 0)
(1.313432836 -6.221968855e-19 0)
(1.313432836 -8.095761288e-17 0)
(1.313432836 -5.85561457e-16 0)
(1.313432836 -1.775906577e-17 0)
(1.313432836 9.675765595e-17 0)
(1.313432836 7.723902171e-17 0)
(1.313432836 9.34846587e-17 0)
(1.313432836 2.479676234e-17 0)
(1.313432836 1.678934477e-16 0)
(1.313432836 3.248411064e-16 0)
(1.313432836 7.344398325e-16 0)
(1.313432836 3.312493071e-17 0)
(1.313432836 -1.087718137e-16 0)
(1.313432836 4.06569772e-16 0)
(1.313432836 -1.033763193e-15 0)
(1.313432836 -8.250672568e-16 0)
(1.313432836 -3.622574634e-17 0)
(1.313432836 -3.188694216e-16 0)
(1.313432836 3.416164506e-17 0)
(1.313432836 -1.086663232e-15 0)
(1.313432836 -1.925168984e-16 0)
(1.313432836 1.278444098e-15 0)
(1.313432836 -1.655298789e-16 0)
(1.313432836 1.100513927e-16 0)
(1.313432836 1.104915717e-15 0)
(1.313432836 5.788957878e-16 0)
(1.313432836 3.911344812e-16 0)
(1.313432836 -7.505267089e-16 0)
(1.313432836 -1.805976102e-16 0)
(1.313432836 8.922005991e-16 0)
(1.313432836 -5.276216834e-17 0)
(1.313432836 -9.285109699e-16 0)
(1.313432836 -5.608530632e-16 0)
(1.313432836 2.579017633e-16 0)
(1.313432836 5.613897985e-16 0)
(1.313432836 1.80203865e-16 0)
(1.313432836 -4.813633984e-16 0)
(1.313432836 -3.311191211e-16 0)
(1.313432836 -2.944930469e-16 0)
(1.313432836 -5.717078424e-17 0)
(1.313432836 4.617317715e-16 0)
(1.313432836 2.576205509e-16 0)
(1.313432836 2.019351969e-16 0)
(1.194029851 -1.94278846e-16 0)
(1.194029851 -8.753180654e-17 0)
(1.194029851 -8.677708991e-17 0)
(1.194029851 3.33139655e-17 0)
(1.194029851 2.018336518e-16 0)
(1.194029851 1.973539644e-16 0)
(1.194029851 1.43821005e-16 0)
(1.194029851 1.669749205e-16 0)
(1.194029851 1.397063209e-17 0)
(1.194029851 1.693973415e-17 0)
(1.194029851 3.010169036e-16 0)
(1.194029851 2.05750538e-16 0)
(1.194029851 -6.309423451e-17 0)
(1.194029851 1.6017574e-16 0)
(1.194029851 2.413761627e-16 0)
(1.194029851 -1.420956043e-16 0)
(1.194029851 -7.443294521e-17 0)
(1.194029851 -1.463018977e-16 0)
(1.194029851 -4.440115282e-16 0)
(1.194029851 -3.132840866e-16 0)
(1.194029851 3.178412484e-17 0)
(1.194029851 1.09938893e-16 0)
(1.194029851 2.339260065e-16 0)
(1.194029851 1.775131821e-16 0)
(1.194029851 -1.468708047e-16 0)
(1.194029851 -2.92679903e-16 0)
(1.194029851 -2.456675355e-16 0)
(1.194029851 -2.655598777e-16 0)
(1.194029851 -1.450435246e-16 0)
(1.194029851 -6.798332954e-17 0)
(1.194029851 -2.199677916e-16 0)
(1.194029851 -1.281752982e-16 0)
(1.194029851 -7.376042451e-17 0)
(1.194029851 9.336942991e-17 0)
(1.194029851 2.572445344e-16 0)
(1.194029851 6.239672657e-17 0)
(1.194029851 1.003316727e-16 0)
(1.194029851 -1.37629241e-16 0)
(1.194029851 -8.931619609e-17 0)
(1.194029851 1.089189142e-16 0)
(1.194029851 -2.906521138e-16 0)
(1.194029851 5.524913651e-17 0)
(1.194029851 -1.631663103e-17 0)
(1.194029851 -3.824129468e-16 0)
(1.194029851 -3.553632134e-16 0)
(1.194029851 -8.529954442e-17 0)
(1.194029851 -2.967142736e-18 0)
(1.194029851 9.481374135e-17 0)
(1.194029851 3.188923475e-16 0)
(1.194029851 6.601078999e-17 0)
(1.194029851 9.700933881e-17 0)
(1.194029851 2.586638051e-16 0)
(1.194029851 8.490161644e-17 0)
(1.194029851 -3.239396997e-17 0)
(1.194029851 -8.254669345e-17 0)
(1.194029851 4.252294568e-16 0)
(1.194029851 4.563153308e-16 0)
(1.194029851 2.311339387e-16 0)
(1.194029851 -4.590501982e-17 0)
(1.194029851 1.051350044e-16 0)
(1.194029851 3.864382469e-17 0)
(1.194029851 -8.200685043e-17 0)
(1.194029851 1.704505674e-16 0)
(1.194029851 7.118966262e-17 0)
(1.194029851 -8.869907391e-18 0)
(1.194029851 1.695265496e-16 0)
(1.194029851 -1.749321304e-16 0)
(1.194029851 -9.907138093e-17 0)
(1.194029851 3.219815638e-17 0)
(1.194029851 -1.846711699e-16 0)
(1.194029851 2.969961262e-16 0)
(1.194029851 2.578904134e-18 0)
(1.194029851 -1.35750853e-16 0)
(1.194029851 2.37271752e-16 0)
(1.194029851 4.987610142e-16 0)
(1.194029851 -2.594761974e-16 0)
(1.194029851 -6.699349934e-16 0)
(1.194029851 3.360054918e-16 0)
(1.194029851 4.590439617e-16 0)
(1.194029851 -1.328345225e-16 0)
(1.194029851 -2.866003634e-16 0)
(1.194029851 -2.832246394e-16 0)
(1.194029851 -6.621483571e-17 0)
(1.194029851 5.146476126e-17 0)
(1.194029851 3.65794822e-16 0)
(1.194029851 1.292324896e-16 0)
(1.194029851 -3.239530872e-16 0)
(1.194029851 -5.651222199e-16 0)
(1.194029851 -3.124055396e-17 0)
(1.194029851 2.382115044e-16 0)
(1.194029851 -2.999125997e-16 0)
(1.194029851 -1.797458181e-16 0)
(1.194029851 2.420141596e-16 0)
(1.194029851 9.160139962e-17 0)
(1.194029851 -3.169442297e-16 0)
(1.194029851 3.182511828e-16 0)
(1.194029851 -1.785453568e-16 0)
(1.194029851 -6.690611003e-16 0)
(1.194029851 9.532879312e-17 0)
(1.194029851 1.730357239e-16 0)
(1.194029851 -3.977522747e-16 0)
(1.194029851 -3.916716191e-16 0)
(1.194029851 2.581785779e-16 0)
(1.194029851 3.215090829e-16 0)
(1.194029851 -2.900083347e-16 0)
(1.194029851 -5.064023991e-16 0)
(1.194029851 2.942236543e-16 0)
(1.194029851 4.71438925e-16 0)
(1.194029851 -3.535327322e-16 0)
(1.194029851 -4.79543707e-16 0)
(1.194029851 1.777966621e-17 0)
(1.194029851 6.042926331e-16 0)
(1.194029851 5.048893997e-16 0)
(1.194029851 2.413118438e-16 0)
(1.194029851 -1.795316683e-16 0)
(1.194029851 6.25528839e-17 0)
(1.194029851 2.895918907e-16 0)
(1.194029851 -3.301036979e-17 0)
(1.194029851 8.488065668e-17 0)
(1.194029851 3.439561639e-16 0)
(1.194029851 1.423568017e-16 0)
(1.194029851 -4.341494929e-16 0)
(1.194029851 -3.142087371e-16 0)
(1.194029851 2.908680923e-16 0)
(1.194029851 1.050857773e-16 0)
(1.194029851 -1.415220217e-16 0)
(1.194029851 -1.4048972e-16 0)
(1.194029851 -5.303667641e-16 0)
(1.194029851 -3.13850339e-16 0)
(1.194029851 -6.995855944e-17 0)
(1.194029851 -5.868656734e-17 0)
(1.194029851 2.801411839e-16 0)
(1.194029851 2.126008667e-16 0)
(1.194029851 -1.107584515e-16 0)
(1.194029851 -7.455731861e-16 0)
(1.194029851 1.341958671e-16 0)
(1.194029851 5.181515974e-16 0)
(1.194029851 1.414742367e-17 0)
(1.194029851 -4.329578355e-16 0)
(1.194029851 -8.5607525e-16 0)
(1.194029851 1.308507298e-16 0)
(1.194029851 9.129242308e-16 0)
(1.194029851 7.23460716e-16 0)
(1.194029851 -5.215132398e-16 0)
(1.194029851 -1.947054962e-16 0)
(1.194029851 9.060268749e-16 0)
(1.194029851 2.978674969e-16 0)
(1.194029851 2.054888431e-16 0)
(1.194029851 4.352306046e-16 0)
(1.194029851 7.092582159e-16 0)
(1.194029851 5.367152338e-16 0)
(1.194029851 -1.220426882e-15 0)
(1.194029851 -8.317860804e-16 0)
(1.194029851 3.33819662e-16 0)
(1.194029851 -3.363153763e-16 0)
(1.194029851 -1.184654183e-16 0)
(1.194029851 3.662760717e-16 0)
(1.194029851 -1.643191259e-16 0)
(1.194029851 -5.547885584e-17 0)
(1.194029851 -3.845754942e-16 0)
(1.194029851 2.861182701e-17 0)
(1.194029851 -5.951159663e-17 0)
(1.194029851 -1.48669719e-17 0)
(1.194029851 2.011372369e-16 0)
(1.194029851 2.325963958e-17 0)
(1.194029851 2.619148418e-16 0)
(1.194029851 3.438792215e-16 0)
(1.194029851 6.236571377e-16 0)
(1.194029851 1.495193263e-17 0)
(1.194029851 -2.295150139e-16 0)
(1.194029851 3.857822668e-16 0)
(1.194029851 -9.798623219e-16 0)
(1.194029851 -8.016700729e-16 0)
(1.194029851 3.669638401e-17 0)
(1.194029851 -4.069625837e-16 0)
(1.194029851 6.060599093e-17 0)
(1.194029851 -1.195674397e-15 0)
(1.194029851 -2.548426827e-16 0)
(1.194029851 1.477886303e-15 0)
(1.194029851 -1.293972573e-16 0)
(1.194029851 1.976949893e-16 0)
(1.194029851 1.139532686e-15 0)
(1.194029851 3.030272137e-16 0)
(1.194029851 3.069474925e-16 0)
(1.194029851 -7.315566507e-16 0)
(1.194029851 -2.232821619e-16 0)
(1.194029851 1.000302282e-15 0)
(1.194029851 -7.354895606e-17 0)
(1.194029851 -8.534727396e-16 0)
(1.194029851 -6.874771416e-16 0)
(1.194029851 2.833058414e-16 0)
(1.194029851 7.647190719e-16 0)
(1.194029851 3.724639244e-16 0)
(1.194029851 -4.767489461e-16 0)
(1.194029851 -6.326459713e-16 0)
(1.194029851 -3.753288999e-16 0)
(1.194029851 8.752956431e-17 0)
(1.194029851 4.544044376e-16 0)
(1.194029851 4.66077424e-16 0)
(1.194029851 2.611487186e-16 0)
(1.044776119 1.571145766e-17 0)
(1.044776119 -7.432286965e-17 0)
(1.044776119 2.784956401e-17 0)
(1.044776119 1.889198321e-17 0)
(1.044776119 1.2532022e-16 0)
(1.044776119 6.553272876e-17 0)
(1.044776119 1.216741456e-16 0)
(1.044776119 1.589102037e-16 0)
(1.044776119 -6.11399015e-17 0)
(1.044776119 2.287419321e-17 0)
(1.044776119 3.027814992e-16 0)
(1.044776119 1.265385664e-16 0)
(1.044776119 -1.761730185e-18 0)
(1.044776119 2.378472294e-16 0)
(1.044776119 2.303258821e-16 0)
(1.044776119 -1.364151507e-16 0)
(1.044776119 1.610121003e-17 0)
(1.044776119 -1.950403239e-16 0)
(1.044776119 -4.433700139e-16 0)
(1.044776119 -2.152403554e-16 0)
(1.044776119 8.197842219e-17 0)
(1.044776119 5.214769287e-17 0)
(1.044776119 2.251538795e-16 0)
(1.044776119 2.77676492e-16 0)
(1.044776119 -1.010779141e-16 0)
(1.044776119 -3.109616053e-16 0)
(1.044776119 -2.508598838e-16 0)
(1.044776119 -1.519940937e-16 0)
(1.044776119 -1.340191135e-16 0)
(1.044776119 -2.6794207e-16 0)
(1.044776119 -1.946538618e-16 0)
(1.044776119 -3.087610361e-17 0)
(1.044776119 -6.807792215e-17 0)
(1.044776119 9.851777512e-17 0)
(1.044776119 2.942589614e-16 0)
(1.044776119 1.441803024e-17 0)
(1.044776119 5.452961271e-17 0)
(1.044776119 -1.404107948e-16 0)
(1.044776119 -1.13213084e-16 0)
(1.044776119 1.610895081e-16 0)
(1.044776119 -2.347911014e-16 0)
(1.044776119 6.703467831e-18 0)
(1.044776119 8.883013578e-17 0)
(1.044776119 -1.844852916e-16 0)
(1.044776119 -2.320167479e-16 0)
(1.044776119 -6.195926158e-17 0)
(1.044776119 -1.033923389e-16 0)
(1.044776119 -3.234738762e-17 0)
(1.044776119 1.943127021e-16 0)
(1.044776119 4.461007417e-17 0)
(1.044776119 1.106346586e-16 0)
(1.044776119 1.56914013e-16 0)
(1.044776119 5.415896615e-17 0)
(1.044776119 -3.345459823e-17 0)
(1.044776119 -9.633810441e-17 0)
(1.044776119 3.72433267e-16 0)
(1.044776119 4.663192285e-16 0)
(1.044776119 1.24418991e-17 0)
(1.044776119 -8.190595314e-17 0)
(1.044776119 2.800954002e-17 0)
(1.044776119 6.599121373e-17 0)
(1.044776119 1.022767469e-16 0)
(1.044776119 1.904469061e-16 0)
(1.044776119 -4.374668353e-18 0)
(1.044776119 4.873227226e-17 0)
(1.044776119 9.681671643e-17 0)
(1.044776119 -1.656565214e-16 0)
(1.044776119 6.765294075e-17 0)
(1.044776119 2.205697059e-17 0)
(1.044776119 -2.493880921e-16 0)
(1.044776119 4.616671264e-16 0)
(1.044776119 -1.237147627e-16 0)
(1.044776119 -3.027671407e-16 0)
(1.044776119 3.815580228e-16 0)
(1.044776119 5.26825473e-16 0)
(1.044776119 -2.917209566e-16 0)
(1.044776119 -7.093148528e-16 0)
(1.044776119 3.175801496e-16 0)
(1.044776119 5.957854384e-16 0)
(1.044776119 -1.316825922e-16 0)
(1.044776119 -2.256178047e-16 0)
(1.044776119 -2.40299967e-16 0)
(1.044776119 -3.409204354e-16 0)
(1.044776119 3.825428006e-17 0)
(1.044776119 5.845703415e-16 0)
(1.044776119 -3.619597731e-17 0)
(1.044776119 -3.629505514e-16 0)
(1.044776119 -4.199112175e-16 0)
(1.044776119 2.230587767e-17 0)
(1.044776119 1.087052408e-16 0)
(1.044776119 -1.806243089e-16 0)
(1.044776119 6.198351923e-18 0)
(1.044776119 3.606596001e-16 0)
(1.044776119 2.79842097e-18 0)
(1.044776119 -3.984718801e-16 0)
(1.044776119 4.148651612e-16 0)
(1.044776119 -1.538035934e-16 0)
(1.044776119 -6.833019623e-16 0)
(1.044776119 2.06283167e-17 0)
(1.044776119 3.462184853e-16 0)
(1.044776119 -2.921479923e-16 0)
(1.044776119 -6.505598059e-16 0)
(1.044776119 2.642276277e-16 0)
(1.044776119 5.642953191e-16 0)
(1.044776119 -3.239325584e-16 0)
(1.044776119 -5.27397443e-16 0)
(1.044776119 2.505688769e-16 0)
(1.044776119 5.200112379e-16 0)
(1.044776119 -3.357299385e-16 0)
(1.044776119 -3.879288013e-16 0)
(1.044776119 -2.264467096e-16 0)
(1.044776119 4.914087233e-16 0)
(1.044776119 5.99012131e-16 0)
(1.044776119 2.815803599e-17 0)
(1.044776119 -1.318434124e-16 0)
(1.044776119 1.04065024e-17 0)
(1.044776119 1.976474144e-16 0)
(1.044776119 2.618730781e-17 0)
(1.044776119 -3.166922465e-18 0)
(1.044776119 2.299649823e-16 0)
(1.044776119 2.452101782e-16 0)
(1.044776119 -4.182580338e-16 0)
(1.044776119 -3.011374258e-16 0)
(1.044776119 4.982213075e-16 0)
(1.044776119 1.716889925e-16 0)
(1.044776119 -2.930075754e-16 0)
(1.044776119 -1.229883185e-16 0)
(1.044776119 -4.291139623e-16 0)
(1.044776119 -1.368449659e-16 0)
(1.044776119 -1.61488601e-16 0)
(1.044776119 -1.605705829e-16 0)
(1.044776119 3.117640644e-16 0)
(1.044776119 1.210233727e-16 0)
(1.044776119 2.032322807e-17 0)
(1.044776119 -8.696012678e-16 0)
(1.044776119 2.065536251e-16 0)
(1.044776119 9.86851455e-16 0)
(1.044776119 7.596071273e-17 0)
(1.044776119 -8.146293613e-16 0)
(1.044776119 -9.547222368e-16 0)
(1.044776119 2.730111998e-16 0)
(1.044776119 8.388396208e-16 0)
(1.044776119 5.779011072e-16 0)
(1.044776119 -7.362270728e-16 0)
(1.044776119 -2.192618148e-16 0)
(1.044776119 1.028432485e-15 0)
(1.044776119 6.644008478e-17 0)
(1.044776119 1.070780693e-17 0)
(1.044776119 5.98853453e-16 0)
(1.044776119 8.644334565e-16 0)
(1.044776119 2.385075222e-16 0)
(1.044776119 -1.331036721e-15 0)
(1.044776119 -6.551567445e-16 0)
(1.044776119 5.935359487e-16 0)
(1.044776119 -5.750256229e-16 0)
(1.044776119 -2.265322953e-16 0)
(1.044776119 4.959869639e-16 0)
(1.044776119 4.398116976e-17 0)
(1.044776119 -2.412936393e-17 0)
(1.044776119 -5.133688299e-16 0)
(1.044776119 2.067553735e-16 0)
(1.044776119 8.660481019e-17 0)
(1.044776119 3.866601426e-17 0)
(1.044776119 6.120566669e-17 0)
(1.044776119 -4.855141574e-17 0)
(1.044776119 -6.386759178e-17 0)
(1.044776119 2.479375977e-16 0)
(1.044776119 8.746683292e-16 0)
(1.044776119 -2.655337268e-16 0)
(1.044776119 -6.838589089e-17 0)
(1.044776119 5.525408338e-16 0)
(1.044776119 -1.233671392e-15 0)
(1.044776119 -7.059976057e-16 0)
(1.044776119 4.094477788e-16 0)
(1.044776119 -1.962629704e-16 0)
(1.044776119 -8.838016613e-18 0)
(1.044776119 -1.261908633e-15 0)
(1.044776119 -2.18078445e-16 0)
(1.044776119 1.497261299e-15 0)
(1.044776119 -4.391949362e-16 0)
(1.044776119 9.347659832e-17 0)
(1.044776119 1.246698364e-15 0)
(1.044776119 4.675609077e-16 0)
(1.044776119 2.714301363e-16 0)
(1.044776119 -1.134601728e-15 0)
(1.044776119 -1.99911435e-16 0)
(1.044776119 1.339734588e-15 0)
(1.044776119 -3.12253507e-17 0)
(1.044776119 -1.182857362e-15 0)
(1.044776119 -5.746623647e-16 0)
(1.044776119 5.194237688e-16 0)
(1.044776119 7.352942464e-16 0)
(1.044776119 3.228866755e-16 0)
(1.044776119 -6.596114012e-16 0)
(1.044776119 -3.446052005e-16 0)
(1.044776119 -2.69093073e-16 0)
(1.044776119 -1.523078201e-16 0)
(1.044776119 5.177445404e-16 0)
(1.044776119 1.74693114e-16 0)
(1.044776119 1.159698986e-16 0)
(0.8656716418 -7.879183226e-17 0)
(0.8656716418 -1.079185518e-16 0)
(0.8656716418 9.815811421e-17 0)
(0.8656716418 3.356825936e-17 0)
(0.8656716418 -3.292525188e-17 0)
(0.8656716418 -5.649238526e-17 0)
(0.8656716418 1.745938964e-16 0)
(0.8656716418 1.247742315e-16 0)
(0.8656716418 -1.243197141e-16 0)
(0.8656716418 4.29836083e-17 0)
(0.8656716418 1.948822791e-16 0)
(0.8656716418 1.417208747e-16 0)
(0.8656716418 1.050144987e-16 0)
(0.8656716418 2.389530367e-16 0)
(0.8656716418 1.53885846e-16 0)
(0.8656716418 -9.393897177e-17 0)
(0.8656716418 8.737512611e-17 0)
(0.8656716418 -2.212628769e-16 0)
(0.8656716418 -4.056567356e-16 0)
(0.8656716418 -1.669013081e-16 0)
(0.8656716418 1.396410674e-16 0)
(0.8656716418 1.102918567e-16 0)
(0.8656716418 1.248757378e-16 0)
(0.8656716418 2.432988439e-16 0)
(0.8656716418 -7.344920524e-17 0)
(0.8656716418 -2.414827571e-16 0)
(0.8656716418 -2.385022008e-16 0)
(0.8656716418 -7.12354647e-17 0)
(0.8656716418 -1.654843128e-16 0)
(0.8656716418 -3.503088928e-16 0)
(0.8656716418 -1.339250884e-16 0)
(0.8656716418 4.861850032e-17 0)
(0.8656716418 2.181595248e-17 0)
(0.8656716418 1.090437766e-16 0)
(0.8656716418 2.486984781e-16 0)
(0.8656716418 -6.909118205e-17 0)
(0.8656716418 1.844254311e-17 0)
(0.8656716418 -1.322646266e-16 0)
(0.8656716418 -4.080116852e-17 0)
(0.8656716418 2.092513454e-16 0)
(0.8656716418 -2.725475569e-16 0)
(0.8656716418 2.528212033e-17 0)
(0.8656716418 1.964771257e-16 0)
(0.8656716418 -9.167619747e-17 0)
(0.8656716418 -1.652249894e-16 0)
(0.8656716418 -3.052927438e-17 0)
(0.8656716418 -4.128015238e-17 0)
(0.8656716418 -3.417059119e-17 0)
(0.8656716418 9.425059861e-17 0)
(0.8656716418 -9.26448712e-17 0)
(0.8656716418 5.539153126e-17 0)
(0.8656716418 1.148746531e-16 0)
(0.8656716418 2.097253835e-17 0)
(0.8656716418 -2.965221335e-17 0)
(0.8656716418 -5.162303191e-17 0)
(0.8656716418 3.304911903e-16 0)
(0.8656716418 2.932053263e-16 0)
(0.8656716418 -1.208461867e-16 0)
(0.8656716418 -9.625071927e-17 0)
(0.8656716418 8.695584655e-18 0)
(0.8656716418 1.072135432e-16 0)
(0.8656716418 2.326903613e-16 0)
(0.8656716418 1.339051468e-16 0)
(0.8656716418 -8.856342374e-17 0)
(0.8656716418 2.847860081e-17 0)
(0.8656716418 6.231647604e-17 0)
(0.8656716418 -1.010649871e-16 0)
(0.8656716418 2.220949608e-16 0)
(0.8656716418 2.185333254e-17 0)
(0.8656716418 -2.129204316e-16 0)
(0.8656716418 3.970881786e-16 0)
(0.8656716418 -2.46958485e-16 0)
(0.8656716418 -3.183935305e-16 0)
(0.8656716418 4.196772455e-16 0)
(0.8656716418 4.636404275e-16 0)
(0.8656716418 -3.09022551e-16 0)
(0.8656716418 -6.2182141e-16 0)
(0.8656716418 3.307941651e-16 0)
(0.8656716418 5.127500448e-16 0)
(0.8656716418 -1.039726691e-16 0)
(0.8656716418 -1.421699149e-16 0)
(0.8656716418 -2.205901484e-16 0)
(0.8656716418 -3.132601851e-16 0)
(0.8656716418 3.63689237e-18 0)
(0.8656716418 5.137785382e-16 0)
(0.8656716418 -5.765748137e-17 0)
(0.8656716418 -3.035030791e-16 0)
(0.8656716418 -2.309227341e-16 0)
(0.8656716418 1.568570681e-16 0)
(0.8656716418 3.464103852e-17 0)
(0.8656716418 -1.939784053e-16 0)
(0.8656716418 5.752193416e-17 0)
(0.8656716418 3.419468153e-16 0)
(0.8656716418 -4.257296774e-17 0)
(0.8656716418 -4.181117132e-16 0)
(0.8656716418 2.789385222e-16 0)
(0.8656716418 -1.211966993e-16 0)
(0.8656716418 -5.495929347e-16 0)
(0.8656716418 8.877536098e-17 0)
(0.8656716418 3.729875996e-16 0)
(0.8656716418 -2.721014394e-16 0)
(0.8656716418 -6.59135511e-16 0)
(0.8656716418 3.448718211e-16 0)
(0.8656716418 6.81040241e-16 0)
(0.8656716418 -3.035277604e-16 0)
(0.8656716418 -5.660726545e-16 0)
(0.8656716418 2.48863923e-16 0)
(0.8656716418 4.415325808e-16 0)
(0.8656716418 -3.561558776e-16 0)
(0.8656716418 -3.138244751e-16 0)
(0.8656716418 -2.613130168e-16 0)
(0.8656716418 4.809492711e-16 0)
(0.8656716418 4.682172077e-16 0)
(0.8656716418 -1.06030138e-16 0)
(0.8656716418 -1.605483747e-16 0)
(0.8656716418 -1.985462425e-17 0)
(0.8656716418 2.337763093e-16 0)
(0.8656716418 7.000260404e-18 0)
(0.8656716418 -1.360753043e-16 0)
(0.8656716418 1.604273343e-16 0)
(0.8656716418 3.427986505e-16 0)
(0.8656716418 -3.0058762e-16 0)
(0.8656716418 -2.906531031e-16 0)
(0.8656716418 4.611061591e-16 0)
(0.8656716418 1.287619565e-16 0)
(0.8656716418 -3.287983739e-16 0)
(0.8656716418 -1.060390336e-16 0)
(0.8656716418 -2.34934548e-16 0)
(0.8656716418 7.682871629e-17 0)
(0.8656716418 -2.0781225e-16 0)
(0.8656716418 -2.641814977e-16 0)
(0.8656716418 2.046560682e-16 0)
(0.8656716418 6.691863277e-17 0)
(0.8656716418 8.999364414e-17 0)
(0.8656716418 -8.927182187e-16 0)
(0.8656716418 2.137440358e-16 0)
(0.8656716418 1.144873313e-15 0)
(0.8656716418 2.051339608e-16 0)
(0.8656716418 -8.781154639e-16 0)
(0.8656716418 -1.005187904e-15 0)
(0.8656716418 3.247998315e-16 0)
(0.8656716418 7.792096767e-16 0)
(0.8656716418 3.04443661e-16 0)
(0.8656716418 -8.469353482e-16 0)
(0.8656716418 -1.360443831e-16 0)
(0.8656716418 1.07512881e-15 0)
(0.8656716418 -1.674908963e-16 0)
(0.8656716418 -1.985127844e-16 0)
(0.8656716418 6.384758051e-16 0)
(0.8656716418 8.73963156e-16 0)
(0.8656716418 1.302005155e-16 0)
(0.8656716418 -1.420699955e-15 0)
(0.8656716418 -5.298214988e-16 0)
(0.8656716418 8.016481554e-16 0)
(0.8656716418 -5.649222028e-16 0)
(0.8656716418 -2.884416046e-16 0)
(0.8656716418 5.322073964e-16 0)
(0.8656716418 1.819614979e-16 0)
(0.8656716418 6.562931533e-17 0)
(0.8656716418 -5.267407631e-16 0)
(0.8656716418 2.260678662e-16 0)
(0.8656716418 1.496587939e-16 0)
(0.8656716418 9.054022069e-17 0)
(0.8656716418 -3.580941851e-17 0)
(0.8656716418 -2.116909133e-16 0)
(0.8656716418 -6.142566396e-17 0)
(0.8656716418 2.835673567e-16 0)
(0.8656716418 8.085821437e-16 0)
(0.8656716418 -3.55504825e-16 0)
(0.8656716418 -9.324239437e-17 0)
(0.8656716418 5.659845336e-16 0)
(0.8656716418 -1.10859694e-15 0)
(0.8656716418 -5.045149338e-16 0)
(0.8656716418 5.071299288e-16 0)
(0.8656716418 -4.08359666e-17 0)
(0.8656716418 4.582087055e-18 0)
(0.8656716418 -1.266952654e-15 0)
(0.8656716418 -2.231151141e-16 0)
(0.8656716418 1.402449617e-15 0)
(0.8656716418 -5.388094775e-16 0)
(0.8656716418 3.962825191e-18 0)
(0.8656716418 1.198111457e-15 0)
(0.8656716418 4.345458733e-16 0)
(0.8656716418 1.602306445e-16 0)
(0.8656716418 -1.201410383e-15 0)
(0.8656716418 -1.015593325e-16 0)
(0.8656716418 1.340266704e-15 0)
(0.8656716418 5.361290835e-17 0)
(0.8656716418 -1.109130064e-15 0)
(0.8656716418 -5.827705938e-16 0)
(0.8656716418 5.152345726e-16 0)
(0.8656716418 7.242112702e-16 0)
(0.8656716418 2.171730181e-16 0)
(0.8656716418 -6.091575307e-16 0)
(0.8656716418 -1.834473981e-16 0)
(0.8656716418 -1.759933796e-16 0)
(0.8656716418 -2.494597119e-16 0)
(0.8656716418 4.237914287e-16 0)
(0.8656716418 1.951001195e-16 0)
(0.8656716418 1.29961068e-16 0)
(0.6567164179 -9.45100277e-17 0)
(0.6567164179 -1.084232758e-16 0)
(0.6567164179 7.964354717e-17 0)
(0.6567164179 3.802482493e-17 0)
(0.6567164179 -1.80798653e-16 0)
(0.6567164179 -2.412429403e-16 0)
(0.6567164179 1.580731168e-16 0)
(0.6567164179 2.740383949e-16 0)
(0.6567164179 -1.552512726e-16 0)
(0.6567164179 1.710689239e-17 0)
(0.6567164179 1.42144213e-16 0)
(0.6567164179 1.042634127e-17 0)
(0.6567164179 5.850252162e-17 0)
(0.6567164179 2.751125065e-16 0)
(0.6567164179 4.120761911e-17 0)
(0.6567164179 -9.098690512e-17 0)
(0.6567164179 1.890691269e-16 0)
(0.6567164179 -1.795846819e-16 0)
(0.6567164179 -4.257729609e-16 0)
(0.6567164179 -9.973887989e-17 0)
(0.6567164179 1.422288121e-16 0)
(0.6567164179 1.175508679e-16 0)
(0.6567164179 1.90403818e-16 0)
(0.6567164179 1.953199845e-16 0)
(0.6567164179 -2.232461978e-16 0)
(0.6567164179 -2.790972795e-16 0)
(0.6567164179 -1.673685098e-16 0)
(0.6567164179 4.463243326e-17 0)
(0.6567164179 -1.554181449e-16 0)
(0.6567164179 -3.313842792e-16 0)
(0.6567164179 -1.600923474e-16 0)
(0.6567164179 8.265720072e-17 0)
(0.6567164179 1.65851856e-16 0)
(0.6567164179 2.143835201e-16 0)
(0.6567164179 1.265488919e-16 0)
(0.6567164179 -2.126820105e-16 0)
(0.6567164179 -2.626857645e-17 0)
(0.6567164179 -9.864577817e-17 0)
(0.6567164179 8.440020973e-17 0)
(0.6567164179 3.119340797e-16 0)
(0.6567164179 -3.404447148e-16 0)
(0.6567164179 -3.060950809e-17 0)
(0.6567164179 1.710925851e-16 0)
(0.6567164179 -5.737400056e-17 0)
(0.6567164179 -8.514368147e-17 0)
(0.6567164179 6.839611725e-17 0)
(0.6567164179 5.104507017e-17 0)
(0.6567164179 -1.062512139e-16 0)
(0.6567164179 5.634391657e-17 0)
(0.6567164179 -2.40256012e-16 0)
(0.6567164179 1.233728102e-17 0)
(0.6567164179 2.05024485e-16 0)
(0.6567164179 -6.846934261e-17 0)
(0.6567164179 -7.04351873e-17 0)
(0.6567164179 6.202729107e-17 0)
(0.6567164179 3.39426725e-16 0)
(0.6567164179 2.220664733e-17 0)
(0.6567164179 -1.580187291e-16 0)
(0.6567164179 -4.803170797e-17 0)
(0.6567164179 9.419277018e-18 0)
(0.6567164179 1.304255246e-16 0)
(0.6567164179 1.03835528e-16 0)
(0.6567164179 3.425362868e-17 0)
(0.6567164179 -3.932451302e-17 0)
(0.6567164179 5.791352092e-17 0)
(0.6567164179 1.108447552e-16 0)
(0.6567164179 -1.026040603e-17 0)
(0.6567164179 2.077931227e-16 0)
(0.6567164179 3.010111306e-17 0)
(0.6567164179 -2.292574651e-16 0)
(0.6567164179 1.733600345e-16 0)
(0.6567164179 -2.684899173e-16 0)
(0.6567164179 -2.053275624e-16 0)
(0.6567164179 3.383744798e-16 0)
(0.6567164179 4.093759381e-16 0)
(0.6567164179 -2.670390806e-16 0)
(0.6567164179 -5.409229241e-16 0)
(0.6567164179 4.10703395e-16 0)
(0.6567164179 3.152745825e-16 0)
(0.6567164179 -7.435820543e-17 0)
(0.6567164179 -1.495204316e-17 0)
(0.6567164179 -2.299328983e-16 0)
(0.6567164179 -1.58762614e-16 0)
(0.6567164179 5.326040128e-17 0)
(0.6567164179 2.033565603e-16 0)
(0.6567164179 7.284930757e-18 0)
(0.6567164179 -1.957467268e-16 0)
(0.6567164179 -2.557604044e-16 0)
(0.6567164179 2.929812801e-16 0)
(0.6567164179 2.112996297e-16 0)
(0.6567164179 -2.555701496e-16 0)
(0.6567164179 -6.044264352e-17 0)
(0.6567164179 2.799868484e-16 0)
(0.6567164179 6.175850754e-17 0)
(0.6567164179 -4.241400308e-16 0)
(0.6567164179 9.225227914e-17 0)
(0.6567164179 -6.079286696e-17 0)
(0.6567164179 -3.242494838e-16 0)
(0.6567164179 2.629627367e-16 0)
(0.6567164179 1.222987973e-16 0)
(0.6567164179 -4.006256439e-16 0)
(0.6567164179 -3.21914936e-16 0)
(0.6567164179 4.07181828e-16 0)
(0.6567164179 4.881629793e-16 0)
(0.6567164179 -1.790428704e-16 0)
(0.6567164179 -4.078188438e-16 0)
(0.6567164179 1.436967303e-16 0)
(0.6567164179 1.909126908e-16 0)
(0.6567164179 -2.6153981e-16 0)
(0.6567164179 -2.12963643e-16 0)
(0.6567164179 -3.923069908e-17 0)
(0.6567164179 5.16709982e-16 0)
(0.6567164179 9.498911443e-17 0)
(0.6567164179 -1.393111992e-16 0)
(0.6567164179 -2.541888912e-16 0)
(0.6567164179 -1.183479058e-17 0)
(0.6567164179 2.597681548e-16 0)
(0.6567164179 -9.909144928e-17 0)
(0.6567164179 -1.506513043e-16 0)
(0.6567164179 1.828342417e-16 0)
(0.6567164179 3.07679495e-16 0)
(0.6567164179 -2.025611237e-16 0)
(0.6567164179 -2.508777105e-16 0)
(0.6567164179 2.180181099e-16 0)
(0.6567164179 1.723083633e-17 0)
(0.6567164179 -1.361448787e-16 0)
(0.6567164179 2.817352516e-17 0)
(0.6567164179 -3.710043492e-17 0)
(0.6567164179 6.489174608e-17 0)
(0.6567164179 -2.187450842e-16 0)
(0.6567164179 -2.632867936e-16 0)
(0.6567164179 1.621805589e-16 0)
(0.6567164179 4.770475931e-17 0)
(0.6567164179 -4.395123277e-17 0)
(0.6567164179 -6.690112465e-16 0)
(0.6567164179 2.561588833e-16 0)
(0.6567164179 9.507772171e-16 0)
(0.6567164179 1.798679713e-16 0)
(0.6567164179 -5.715577147e-16 0)
(0.6567164179 -9.006801688e-16 0)
(0.6567164179 2.311635906e-16 0)
(0.6567164179 6.898976402e-16 0)
(0.6567164179 4.920053492e-17 0)
(0.6567164179 -7.645088084e-16 0)
(0.6567164179 -7.030878814e-17 0)
(0.6567164179 9.197515951e-16 0)
(0.6567164179 -2.081859711e-16 0)
(0.6567164179 -2.643392253e-16 0)
(0.6567164179 3.465650572e-16 0)
(0.6567164179 7.625911384e-16 0)
(0.6567164179 4.009759107e-16 0)
(0.6567164179 -1.30606195e-15 0)
(0.6567164179 -5.249650757e-16 0)
(0.6567164179 6.940293607e-16 0)
(0.6567164179 -3.976760576e-16 0)
(0.6567164179 -1.3728341e-16 0)
(0.6567164179 5.324562519e-16 0)
(0.6567164179 3.751646175e-18 0)
(0.6567164179 1.284045747e-16 0)
(0.6567164179 -2.783440201e-16 0)
(0.6567164179 7.941269831e-17 0)
(0.6567164179 1.271077856e-16 0)
(0.6567164179 -2.515575172e-18 0)
(0.6567164179 -4.656400482e-17 0)
(0.6567164179 -2.299098013e-16 0)
(0.6567164179 2.980300031e-16 0)
(0.6567164179 2.753469515e-16 0)
(0.6567164179 3.762542443e-16 0)
(0.6567164179 -2.002237399e-16 0)
(0.6567164179 -3.162335548e-16 0)
(0.6567164179 3.764216936e-16 0)
(0.6567164179 -5.718211299e-16 0)
(0.6567164179 -3.192440081e-16 0)
(0.6567164179 3.179697612e-16 0)
(0.6567164179 -1.001829797e-16 0)
(0.6567164179 8.773207145e-17 0)
(0.6567164179 -1.146638219e-15 0)
(0.6567164179 -1.305315055e-16 0)
(0.6567164179 1.325716392e-15 0)
(0.6567164179 -3.776105917e-16 0)
(0.6567164179 -4.281617186e-17 0)
(0.6567164179 9.184410235e-16 0)
(0.6567164179 8.722530543e-17 0)
(0.6567164179 -8.841639349e-17 0)
(0.6567164179 -7.693427232e-16 0)
(0.6567164179 1.013436381e-17 0)
(0.6567164179 1.042261397e-15 0)
(0.6567164179 2.345115416e-18 0)
(0.6567164179 -7.460265829e-16 0)
(0.6567164179 -6.463187002e-16 0)
(0.6567164179 3.203041058e-16 0)
(0.6567164179 6.858907013e-16 0)
(0.6567164179 2.148680248e-16 0)
(0.6567164179 -2.758040156e-16 0)
(0.6567164179 -3.584146195e-16 0)
(0.6567164179 -2.409599439e-16 0)
(0.6567164179 -1.1828623e-16 0)
(0.6567164179 1.469407821e-16 0)
(0.6567164179 3.621127365e-16 0)
(0.6567164179 4.304479622e-16 0)
(0.4179104478 1.91964638e-16 0)
(0.4179104478 -4.230623913e-17 0)
(0.4179104478 1.079163247e-17 0)
(0.4179104478 -6.160083262e-17 0)
(0.4179104478 -1.75927696e-16 0)
(0.4179104478 -2.75435553e-16 0)
(0.4179104478 1.611585113e-16 0)
(0.4179104478 3.095582789e-16 0)
(0.4179104478 -7.912999043e-17 0)
(0.4179104478 -2.017026829e-17 0)
(0.4179104478 9.779698725e-17 0)
(0.4179104478 -6.919867802e-17 0)
(0.4179104478 6.598158202e-18 0)
(0.4179104478 2.475671651e-16 0)
(0.4179104478 -3.240840282e-17 0)
(0.4179104478 -9.554775635e-17 0)
(0.4179104478 1.066640056e-16 0)
(0.4179104478 -1.763885413e-16 0)
(0.4179104478 -2.59541685e-16 0)
(0.4179104478 -8.48802868e-18 0)
(0.4179104478 1.723043005e-16 0)
(0.4179104478 8.123701944e-17 0)
(0.4179104478 8.38680942e-17 0)
(0.4179104478 1.285813491e-16 0)
(0.4179104478 -1.033663676e-16 0)
(0.4179104478 -2.064518362e-16 0)
(0.4179104478 -2.228138103e-16 0)
(0.4179104478 5.682017205e-17 0)
(0.4179104478 -6.02042022e-17 0)
(0.4179104478 -3.276392187e-16 0)
(0.4179104478 -1.184391893e-16 0)
(0.4179104478 1.871757555e-16 0)
(0.4179104478 1.491915785e-16 0)
(0.4179104478 1.308801529e-16 0)
(0.4179104478 1.082957773e-16 0)
(0.4179104478 -2.706076451e-16 0)
(0.4179104478 -6.691189272e-17 0)
(0.4179104478 3.963085558e-17 0)
(0.4179104478 1.025578932e-16 0)
(0.4179104478 2.863731673e-16 0)
(0.4179104478 -3.369790773e-16 0)
(0.4179104478 -5.874335979e-17 0)
(0.4179104478 1.254482419e-16 0)
(0.4179104478 -5.620848792e-17 0)
(0.4179104478 -1.023151293e-16 0)
(0.4179104478 2.584885452e-17 0)
(0.4179104478 1.323781355e-16 0)
(0.4179104478 -1.671725065e-17 0)
(0.4179104478 -4.741911915e-17 0)
(0.4179104478 -1.543361708e-16 0)
(0.4179104478 8.035101464e-17 0)
(0.4179104478 1.011369711e-16 0)
(0.4179104478 -2.557004169e-17 0)
(0.4179104478 -1.956731673e-17 0)
(0.4179104478 -2.593017079e-17 0)
(0.4179104478 2.25432759e-16 0)
(0.4179104478 5.328203787e-17 0)
(0.4179104478 -1.608454233e-16 0)
(0.4179104478 -2.826380043e-17 0)
(0.4179104478 -1.424084715e-18 0)
(0.4179104478 -2.523086514e-17 0)
(0.4179104478 1.382359088e-16 0)
(0.4179104478 6.055567042e-17 0)
(0.4179104478 -9.485076969e-17 0)
(0.4179104478 2.374504937e-17 0)
(0.4179104478 4.462796727e-17 0)
(0.4179104478 7.943468842e-17 0)
(0.4179104478 1.955695328e-16 0)
(0.4179104478 -9.022858693e-17 0)
(0.4179104478 -2.441484194e-16 0)
(0.4179104478 1.84786051e-16 0)
(0.4179104478 -2.657129461e-16 0)
(0.4179104478 -1.43478838e-16 0)
(0.4179104478 4.072659313e-16 0)
(0.4179104478 1.389006259e-16 0)
(0.4179104478 -3.503063899e-16 0)
(0.4179104478 -2.416429251e-16 0)
(0.4179104478 4.045041486e-16 0)
(0.4179104478 2.307347762e-16 0)
(0.4179104478 4.341074909e-19 0)
(0.4179104478 1.144624909e-16 0)
(0.4179104478 -1.584789857e-16 0)
(0.4179104478 -3.681360508e-16 0)
(0.4179104478 -1.838012182e-17 0)
(0.4179104478 3.245852282e-16 0)
(0.4179104478 -5.351688566e-17 0)
(0.4179104478 -1.067922519e-16 0)
(0.4179104478 -7.258886901e-17 0)
(0.4179104478 1.971130288e-16 0)
(0.4179104478 8.476752135e-17 0)
(0.4179104478 -2.195283471e-16 0)
(0.4179104478 -1.940670788e-16 0)
(0.4179104478 1.934382117e-16 0)
(0.4179104478 1.723621191e-16 0)
(0.4179104478 -1.776894221e-16 0)
(0.4179104478 1.559989767e-16 0)
(0.4179104478 -6.807803808e-17 0)
(0.4179104478 -2.640042549e-16 0)
(0.4179104478 -4.413734672e-17 0)
(0.4179104478 2.61437364e-16 0)
(0.4179104478 -5.780131336e-18 0)
(0.4179104478 -4.443668148e-16 0)
(0.4179104478 1.248695008e-16 0)
(0.4179104478 3.439468333e-16 0)
(0.4179104478 -5.208412663e-17 0)
(0.4179104478 -1.765809989e-16 0)
(0.4179104478 5.136915031e-17 0)
(0.4179104478 1.279852796e-16 0)
(0.4179104478 -9.883026927e-17 0)
(0.4179104478 -1.170042138e-16 0)
(0.4179104478 -2.881396222e-16 0)
(0.4179104478 3.398107538e-16 0)
(0.4179104478 2.746490534e-16 0)
(0.4179104478 -1.480211294e-16 0)
(0.4179104478 -1.239636738e-16 0)
(0.4179104478 -1.476869209e-16 0)
(0.4179104478 6.900905589e-17 0)
(0.4179104478 1.215451343e-16 0)
(0.4179104478 -6.299052162e-17 0)
(0.4179104478 -8.929619416e-17 0)
(0.4179104478 1.408148127e-16 0)
(0.4179104478 -1.616667517e-16 0)
(0.4179104478 -2.064058846e-16 0)
(0.4179104478 3.024438305e-16 0)
(0.4179104478 1.855193843e-16 0)
(0.4179104478 -7.64960618e-17 0)
(0.4179104478 -3.164786889e-17 0)
(0.4179104478 -1.378835201e-16 0)
(0.4179104478 1.512831917e-16 0)
(0.4179104478 -1.97295962e-16 0)
(0.4179104478 -1.819434773e-16 0)
(0.4179104478 1.596463306e-16 0)
(0.4179104478 -9.241297805e-17 0)
(0.4179104478 1.513279831e-16 0)
(0.4179104478 -5.497871143e-16 0)
(0.4179104478 1.115734374e-16 0)
(0.4179104478 8.994178962e-16 0)
(0.4179104478 2.512920948e-16 0)
(0.4179104478 -6.51672523e-16 0)
(0.4179104478 -6.982000772e-16 0)
(0.4179104478 2.115669017e-16 0)
(0.4179104478 4.192214001e-16 0)
(0.4179104478 2.308152356e-16 0)
(0.4179104478 -7.257666368e-16 0)
(0.4179104478 -1.554452563e-16 0)
(0.4179104478 8.737929897e-16 0)
(0.4179104478 -1.769242464e-16 0)
(0.4179104478 -4.220881317e-16 0)
(0.4179104478 4.92023527e-16 0)
(0.4179104478 6.292740181e-16 0)
(0.4179104478 -9.177790003e-18 0)
(0.4179104478 -8.808465828e-16 0)
(0.4179104478 -2.869965953e-16 0)
(0.4179104478 5.932819824e-16 0)
(0.4179104478 -3.984291186e-16 0)
(0.4179104478 -1.37326824e-16 0)
(0.4179104478 3.771902138e-16 0)
(0.4179104478 1.224012286e-16 0)
(0.4179104478 1.967331577e-16 0)
(0.4179104478 -3.980174839e-16 0)
(0.4179104478 1.113994543e-16 0)
(0.4179104478 1.652530534e-16 0)
(0.4179104478 8.908746906e-17 0)
(0.4179104478 -1.028752498e-16 0)
(0.4179104478 -1.932471334e-16 0)
(0.4179104478 -1.213761948e-16 0)
(0.4179104478 1.783202721e-16 0)
(0.4179104478 6.581317333e-16 0)
(0.4179104478 -3.121025517e-16 0)
(0.4179104478 -1.491105101e-16 0)
(0.4179104478 3.933597846e-16 0)
(0.4179104478 -7.093853821e-16 0)
(0.4179104478 -2.651456182e-16 0)
(0.4179104478 6.039071494e-16 0)
(0.4179104478 2.116655409e-17 0)
(0.4179104478 -1.820020534e-17 0)
(0.4179104478 -8.733202693e-16 0)
(0.4179104478 -2.432407476e-17 0)
(0.4179104478 1.00634098e-15 0)
(0.4179104478 -5.275585135e-16 0)
(0.4179104478 -1.307679026e-16 0)
(0.4179104478 7.288952782e-16 0)
(0.4179104478 8.611042034e-17 0)
(0.4179104478 -7.500754073e-17 0)
(0.4179104478 -8.605074704e-16 0)
(0.4179104478 2.712735928e-17 0)
(0.4179104478 1.023757448e-15 0)
(0.4179104478 -8.472667491e-17 0)
(0.4179104478 -7.249093908e-16 0)
(0.4179104478 -1.223914793e-16 0)
(0.4179104478 2.852302583e-16 0)
(0.4179104478 2.271293505e-16 0)
(0.4179104478 1.975669622e-16 0)
(0.4179104478 -2.708579764e-16 0)
(0.4179104478 -2.206993902e-17 0)
(0.4179104478 -2.977438523e-16 0)
(0.4179104478 -3.196658758e-16 0)
(0.4179104478 4.09886364e-16 0)
(0.4179104478 1.761674082e-16 0)
(0.4179104478 2.152212516e-16 0)
(0.1492537313 5.881312634e-17 0)
(0.1492537313 -1.713166591e-18 0)
(0.1492537313 1.480696698e-17 0)
(0.1492537313 -3.87899323e-17 0)
(0.1492537313 -1.092813785e-16 0)
(0.1492537313 -1.174189792e-16 0)
(0.1492537313 7.944793644e-17 0)
(0.1492537313 1.316289839e-16 0)
(0.1492537313 -2.949657646e-17 0)
(0.1492537313 -1.749662173e-17 0)
(0.1492537313 2.055964732e-17 0)
(0.1492537313 -2.57745611e-17 0)
(0.1492537313 2.533902248e-17 0)
(0.1492537313 9.602701587e-17 0)
(0.1492537313 -2.519322856e-17 0)
(0.1492537313 -5.815840121e-17 0)
(0.1492537313 7.867663552e-17 0)
(0.1492537313 -6.684038466e-17 0)
(0.1492537313 -1.13320878e-16 0)
(0.1492537313 3.23118256e-17 0)
(0.1492537313 7.893855824e-17 0)
(0.1492537313 2.470323288e-18 0)
(0.1492537313 5.139509944e-17 0)
(0.1492537313 6.597266296e-17 0)
(0.1492537313 -5.439917559e-17 0)
(0.1492537313 -1.094272983e-16 0)
(0.1492537313 -9.820156157e-17 0)
(0.1492537313 5.312789042e-17 0)
(0.1492537313 -4.716683576e-18 0)
(0.1492537313 -1.793818187e-16 0)
(0.1492537313 -4.77029298e-17 0)
(0.1492537313 9.384009513e-17 0)
(0.1492537313 5.265707639e-17 0)
(0.1492537313 8.527064847e-17 0)
(0.1492537313 6.388012676e-17 0)
(0.1492537313 -1.991401359e-16 0)
(0.1492537313 -2.312703819e-17 0)
(0.1492537313 3.195803136e-17 0)
(0.1492537313 5.901193794e-17 0)
(0.1492537313 1.641693015e-16 0)
(0.1492537313 -1.735691709e-16 0)
(0.1492537313 -1.770100934e-17 0)
(0.1492537313 4.915128871e-17 0)
(0.1492537313 -2.673665834e-17 0)
(0.1492537313 -5.07496217e-17 0)
(0.1492537313 2.367992804e-17 0)
(0.1492537313 7.05102858e-17 0)
(0.1492537313 -9.669993697e-18 0)
(0.1492537313 -1.852950647e-17 0)
(0.1492537313 -7.389509511e-17 0)
(0.1492537313 2.318943234e-17 0)
(0.1492537313 4.935092744e-17 0)
(0.1492537313 -3.279150441e-18 0)
(0.1492537313 1.604902431e-18 0)
(0.1492537313 -4.008958913e-17 0)
(0.1492537313 7.498413748e-17 0)
(0.1492537313 4.04099211e-17 0)
(0.1492537313 -7.149397158e-17 0)
(0.1492537313 -6.484476294e-19 0)
(0.1492537313 6.520279605e-18 0)
(0.1492537313 -4.512146321e-17 0)
(0.1492537313 6.99016381e-17 0)
(0.1492537313 5.943816193e-17 0)
(0.1492537313 -6.521223395e-17 0)
(0.1492537313 7.06139818e-18 0)
(0.1492537313 1.376411399e-17 0)
(0.1492537313 2.036803798e-17 0)
(0.1492537313 7.686887338e-17 0)
(0.1492537313 -3.408082389e-17 0)
(0.1492537313 -9.75310213e-17 0)
(0.1492537313 1.036750719e-16 0)
(0.1492537313 -1.479575236e-16 0)
(0.1492537313 -3.776292643e-17 0)
(0.1492537313 2.326563267e-16 0)
(0.1492537313 -1.152247239e-17 0)
(0.1492537313 -2.059755488e-16 0)
(0.1492537313 -3.867686338e-17 0)
(0.1492537313 2.608226027e-16 0)
(0.1492537313 5.631725527e-17 0)
(0.1492537313 -2.99932616e-17 0)
(0.1492537313 2.782085796e-17 0)
(0.1492537313 -7.713971475e-17 0)
(0.1492537313 -1.496605995e-16 0)
(0.1492537313 2.599159497e-17 0)
(0.1492537313 2.070012065e-16 0)
(0.1492537313 -7.878654939e-17 0)
(0.1492537313 -5.824482514e-17 0)
(0.1492537313 -1.095072531e-17 0)
(0.1492537313 1.218682466e-16 0)
(0.1492537313 2.330545985e-17 0)
(0.1492537313 -1.233885533e-16 0)
(0.1492537313 -1.342347102e-16 0)
(0.1492537313 7.158856013e-17 0)
(0.1492537313 1.52594717e-16 0)
(0.1492537313 -1.459003475e-17 0)
(0.1492537313 8.166556569e-17 0)
(0.1492537313 -4.561497853e-17 0)
(0.1492537313 -1.026696344e-16 0)
(0.1492537313 -3.907043267e-17 0)
(0.1492537313 1.199666092e-16 0)
(0.1492537313 7.5398203e-17 0)
(0.1492537313 -1.965422123e-16 0)
(0.1492537313 4.232978779e-17 0)
(0.1492537313 1.027502238e-16 0)
(0.1492537313 -4.29048667e-17 0)
(0.1492537313 -3.850212165e-17 0)
(0.1492537313 6.206825842e-17 0)
(0.1492537313 2.50140404e-17 0)
(0.1492537313 -6.445900464e-17 0)
(0.1492537313 2.857094362e-17 0)
(0.1492537313 -1.858049613e-16 0)
(0.1492537313 9.967127042e-17 0)
(0.1492537313 1.037231678e-16 0)
(0.1492537313 -3.648622287e-17 0)
(0.1492537313 -2.350701108e-18 0)
(0.1492537313 -6.556240417e-17 0)
(0.1492537313 -2.757697786e-17 0)
(0.1492537313 6.64295276e-17 0)
(0.1492537313 3.270488863e-17 0)
(0.1492537313 -5.786081504e-17 0)
(0.1492537313 -2.292707162e-17 0)
(0.1492537313 -9.594267306e-17 0)
(0.1492537313 -4.445273312e-17 0)
(0.1492537313 2.162099815e-16 0)
(0.1492537313 6.242308504e-17 0)
(0.1492537313 -5.835213161e-17 0)
(0.1492537313 4.707187796e-17 0)
(0.1492537313 -9.608745631e-17 0)
(0.1492537313 7.11265124e-17 0)
(0.1492537313 -8.982153179e-17 0)
(0.1492537313 -1.243906365e-17 0)
(0.1492537313 1.14205671e-16 0)
(0.1492537313 -1.389102919e-16 0)
(0.1492537313 1.058052951e-16 0)
(0.1492537313 -2.530882645e-16 0)
(0.1492537313 -5.781544569e-18 0)
(0.1492537313 3.929237844e-16 0)
(0.1492537313 7.975184747e-17 0)
(0.1492537313 -3.048589721e-16 0)
(0.1492537313 -2.581967986e-16 0)
(0.1492537313 1.937173786e-16 0)
(0.1492537313 1.528338474e-16 0)
(0.1492537313 1.282033104e-16 0)
(0.1492537313 -3.876517176e-16 0)
(0.1492537313 -1.318944833e-16 0)
(0.1492537313 4.641970131e-16 0)
(0.1492537313 -8.248444309e-17 0)
(0.1492537313 -2.137772013e-16 0)
(0.1492537313 2.781109858e-16 0)
(0.1492537313 2.503876369e-16 0)
(0.1492537313 -6.68430482e-17 0)
(0.1492537313 -4.168575854e-16 0)
(0.1492537313 -1.234350837e-16 0)
(0.1492537313 3.228006457e-16 0)
(0.1492537313 -2.04030958e-16 0)
(0.1492537313 -8.856878213e-18 0)
(0.1492537313 2.459822863e-16 0)
(0.1492537313 -1.252656876e-17 0)
(0.1492537313 8.10363388e-17 0)
(0.1492537313 -2.003355952e-16 0)
(0.1492537313 4.123034649e-17 0)
(0.1492537313 -4.447587866e-18 0)
(0.1492537313 4.392628901e-17 0)
(0.1492537313 -8.828716766e-18 0)
(0.1492537313 -5.093943091e-17 0)
(0.1492537313 -8.842623204e-17 0)
(0.1492537313 3.779901263e-17 0)
(0.1492537313 4.019474963e-16 0)
(0.1492537313 -1.84280841e-16 0)
(0.1492537313 -1.05864529e-16 0)
(0.1492537313 2.12697899e-16 0)
(0.1492537313 -4.166833897e-16 0)
(0.1492537313 -3.944297032e-17 0)
(0.1492537313 4.423803027e-16 0)
(0.1492537313 -3.999846066e-17 0)
(0.1492537313 -1.393901342e-17 0)
(0.1492537313 -4.252786118e-16 0)
(0.1492537313 -2.294903802e-17 0)
(0.1492537313 5.045696006e-16 0)
(0.1492537313 -3.605946975e-16 0)
(0.1492537313 -2.25974128e-17 0)
(0.1492537313 4.023269837e-16 0)
(0.1492537313 -4.4683946e-17 0)
(0.1492537313 -4.189334161e-18 0)
(0.1492537313 -4.550883639e-16 0)
(0.1492537313 -2.936387419e-17 0)
(0.1492537313 4.873248137e-16 0)
(0.1492537313 -1.11772867e-16 0)
(0.1492537313 -3.400909843e-16 0)
(0.1492537313 1.068424867e-16 0)
(0.1492537313 2.084860725e-16 0)
(0.1492537313 -1.042438089e-17 0)
(0.1492537313 8.202149655e-17 0)
(0.1492537313 -1.246497604e-16 0)
(0.1492537313 4.59443774e-18 0)
(0.1492537313 -1.857493275e-16 0)
(0.1492537313 -1.579805374e-16 0)
(0.1492537313 3.1757854e-16 0)
(0.1492537313 5.613879145e-17 0)
(0.1492537313 -2.794706245e-17 0)
)
;

boundaryField
{
    inlet
    {
        type            cyclic;
    }
    outlet
    {
        type            cyclic;
    }
    topWall
    {
        type            fixedValue;
        value           uniform (0 0 0);
    }
    bottomWall
    {
        type            fixedValue;
        value           uniform (0 0 0);
    }
    frontAndBack
    {
        type            empty;
    }
}


// ************************************************************************* //
