/*--------------------------------*- C++ -*----------------------------------*\
  =========                 |
  \\      /  F ield         | OpenFOAM: The Open Source CFD Toolbox
   \\    /   O peration     | Website:  https://openfoam.org
    \\  /    A nd           | Version:  10
     \\/     M anipulation  |
\*---------------------------------------------------------------------------*/
FoamFile
{
    format      ascii;
    class       surfaceScalarField;
    location    "3000";
    object      phi;
}
// * * * * * * * * * * * * * * * * * * * * * * * * * * * * * * * * * * * * * //

dimensions      [0 3 -1 0 0 0 0];

internalField   nonuniform List<scalar> 
7780
(
7.462686567e-06
3.704660684e-20
7.462686567e-06
2.18442247e-20
7.462686567e-06
6.783688164e-21
7.462686567e-06
1.592629308e-21
7.462686567e-06
-2.418791564e-21
7.462686567e-06
-4.073727117e-21
7.462686567e-06
8.024797058e-22
7.462686567e-06
1.148342218e-21
7.462686567e-06
-1.293401836e-21
7.462686567e-06
5.005091566e-22
7.462686567e-06
1.661749209e-21
7.462686567e-06
1.051677337e-22
7.462686567e-06
-1.609940035e-21
7.462686567e-06
-9.233292163e-23
7.462686567e-06
1.449453011e-21
7.462686567e-06
-1.832968708e-21
7.462686567e-06
-3.735882113e-21
7.462686567e-06
2.572203982e-21
7.462686567e-06
-1.814231585e-21
7.462686567e-06
6.492426819e-22
7.462686567e-06
1.976735797e-22
7.462686567e-06
-4.551985329e-21
7.462686567e-06
-3.018471308e-21
7.462686567e-06
4.185200401e-21
7.462686567e-06
6.04562686e-21
7.462686567e-06
6.893573362e-22
7.462686567e-06
-7.117753452e-22
7.462686567e-06
1.776222212e-21
7.462686567e-06
8.839322324e-22
7.462686567e-06
-4.895011029e-21
7.462686567e-06
3.049375893e-21
7.462686567e-06
-3.917028459e-21
7.462686567e-06
-3.082634669e-21
7.462686567e-06
3.432275956e-21
7.462686567e-06
-6.422993821e-21
7.462686567e-06
2.858055464e-21
7.462686567e-06
-2.378169441e-21
7.462686567e-06
-2.392792453e-21
7.462686567e-06
1.919258742e-21
7.462686567e-06
3.261108442e-21
7.462686567e-06
4.49787774e-21
7.462686567e-06
-4.192417168e-21
7.462686567e-06
2.973767997e-21
7.462686567e-06
-6.210007335e-21
7.462686567e-06
-7.477680197e-22
7.462686567e-06
4.603159451e-22
7.462686567e-06
-3.795558307e-21
7.462686567e-06
4.585499532e-21
7.462686567e-06
-1.168795572e-21
7.462686567e-06
1.23375818e-21
7.462686567e-06
5.074286285e-21
7.462686567e-06
-4.631113099e-21
7.462686567e-06
-2.020996473e-22
7.462686567e-06
3.609164218e-21
7.462686567e-06
-4.136185962e-21
7.462686567e-06
-3.005506916e-21
7.462686567e-06
6.081206295e-21
7.462686567e-06
-2.25023027e-21
7.462686567e-06
4.480378662e-21
7.462686567e-06
4.793613502e-21
7.462686567e-06
-6.741011497e-21
7.462686567e-06
1.805621448e-21
7.462686567e-06
1.457971718e-21
7.462686567e-06
-5.309268546e-21
7.462686567e-06
-3.229924529e-21
7.462686567e-06
5.139343961e-21
7.462686567e-06
2.699289513e-22
7.462686567e-06
-7.399052432e-22
7.462686567e-06
8.075335609e-21
7.462686567e-06
-1.850953068e-21
7.462686567e-06
-1.566536719e-20
7.462686567e-06
4.941780626e-21
7.462686567e-06
1.382803952e-20
7.462686567e-06
-6.944737904e-21
7.462686567e-06
-1.056451734e-20
7.462686567e-06
6.12483723e-21
7.462686567e-06
1.149986726e-20
7.462686567e-06
-4.585696802e-22
7.462686567e-06
-1.912319598e-20
7.462686567e-06
2.746226102e-21
7.462686567e-06
9.790061265e-21
7.462686567e-06
-5.977253159e-21
7.462686567e-06
-1.157956467e-21
7.462686567e-06
4.12827195e-21
7.462686567e-06
6.216094722e-21
7.462686567e-06
4.438003783e-21
7.462686567e-06
-3.342076449e-21
7.462686567e-06
-1.058950193e-20
7.462686567e-06
-5.771138018e-21
7.462686567e-06
9.037436515e-21
7.462686567e-06
1.016008661e-20
7.462686567e-06
-9.875176647e-21
7.462686567e-06
-8.196351273e-21
7.462686567e-06
1.120905473e-20
7.462686567e-06
1.153120354e-21
7.462686567e-06
-1.250815942e-20
7.462686567e-06
1.077214057e-20
7.462686567e-06
8.123961353e-21
7.462686567e-06
-1.191004183e-20
7.462686567e-06
-1.05538567e-20
7.462686567e-06
1.115077052e-20
7.462686567e-06
1.085273383e-20
7.462686567e-06
-3.230642533e-21
7.462686567e-06
-8.929444792e-21
7.462686567e-06
8.704097883e-22
7.462686567e-06
9.306674597e-21
7.462686567e-06
-4.594849394e-21
7.462686567e-06
-1.264598812e-20
7.462686567e-06
3.360426419e-21
7.462686567e-06
1.750060391e-20
7.462686567e-06
-9.179772172e-21
7.462686567e-06
-1.427759139e-20
7.462686567e-06
1.132429035e-20
7.462686567e-06
6.550795658e-21
7.462686567e-06
5.346123748e-21
7.462686567e-06
-6.275620605e-21
7.462686567e-06
-1.50525076e-20
7.462686567e-06
1.194083231e-20
7.462686567e-06
1.853826975e-20
7.462686567e-06
-9.233844938e-21
7.462686567e-06
-1.6539831e-20
7.462686567e-06
9.2784566e-23
7.462686567e-06
1.311681875e-20
7.462686567e-06
1.204049745e-21
7.462686567e-06
-8.499446754e-22
7.462686567e-06
-1.618018802e-22
7.462686567e-06
4.13097691e-21
7.462686567e-06
-6.256911194e-21
7.462686567e-06
-1.584910258e-20
7.462686567e-06
1.425225948e-20
7.462686567e-06
4.747218765e-21
7.462686567e-06
-6.805633286e-21
7.462686567e-06
5.894699111e-21
7.462686567e-06
-1.520007491e-20
7.462686567e-06
3.804109379e-21
7.462686567e-06
6.782642622e-21
7.462686567e-06
-6.504237471e-21
7.462686567e-06
-6.199431655e-23
7.462686567e-06
1.104207974e-20
7.462686567e-06
1.59883069e-21
7.462686567e-06
-1.506546565e-20
7.462686567e-06
-8.748823113e-21
7.462686567e-06
2.29601504e-21
7.462686567e-06
1.077454756e-20
7.462686567e-06
3.564792708e-21
7.462686567e-06
-5.961933194e-21
7.462686567e-06
1.482797568e-20
7.462686567e-06
1.41687551e-21
7.462686567e-06
-1.516171092e-20
7.462686567e-06
-4.593914438e-22
7.462686567e-06
-2.377200337e-21
7.462686567e-06
1.605776888e-20
7.462686567e-06
-1.552006821e-21
7.462686567e-06
-2.085100311e-20
7.462686567e-06
2.614488015e-20
7.462686567e-06
1.05872322e-20
7.462686567e-06
-1.942716874e-20
7.462686567e-06
-6.753469515e-21
7.462686567e-06
-7.191647702e-21
7.462686567e-06
1.989649159e-20
7.462686567e-06
8.556677938e-21
7.462686567e-06
-1.190567966e-20
7.462686567e-06
-7.585096717e-22
7.462686567e-06
2.583992251e-21
7.462686567e-06
-3.307803303e-21
7.462686567e-06
-1.090627041e-20
7.462686567e-06
2.365390959e-21
7.462686567e-06
-2.699219408e-21
7.462686567e-06
9.721236506e-21
7.462686567e-06
1.401820401e-20
7.462686567e-06
-1.463708126e-20
7.462686567e-06
9.255685226e-22
7.462686567e-06
1.935748393e-20
7.462686567e-06
-2.480391763e-20
7.462686567e-06
9.328499787e-21
7.462686567e-06
-5.324683421e-21
7.462686567e-06
-5.18582172e-21
7.462686567e-06
1.948993163e-20
7.462686567e-06
-2.880722797e-20
7.462686567e-06
2.274230427e-20
7.462686567e-06
6.720170171e-21
7.462686567e-06
-2.031886182e-20
7.462686567e-06
1.211233819e-20
7.462686567e-06
-1.546874002e-20
7.462686567e-06
6.259311846e-21
7.462686567e-06
2.272535425e-20
7.462686567e-06
-2.458747407e-20
7.462686567e-06
8.558088294e-21
7.462686567e-06
1.835789344e-20
7.462686567e-06
-2.016753076e-20
7.462686567e-06
-1.495901834e-20
7.462686567e-06
7.175064779e-21
7.462686567e-06
-5.364525556e-21
7.462686567e-06
-1.478288594e-22
7.462686567e-06
1.624891775e-20
7.462686567e-06
-6.873429893e-21
7.462686567e-06
4.074657753e-21
7.462686567e-06
2.019449169e-21
7.462686567e-06
-2.553283055e-20
1.151275459e-20
2.089552239e-05
8.13567581e-20
2.089552239e-05
2.770254595e-20
2.089552239e-05
1.717099745e-20
2.089552239e-05
6.378735964e-21
2.089552239e-05
-5.807048786e-21
2.089552239e-05
-7.446077943e-21
2.089552239e-05
-1.771184134e-21
2.089552239e-05
1.572561211e-21
2.089552239e-05
-1.772989296e-21
2.089552239e-05
8.688630243e-21
2.089552239e-05
2.792366383e-21
2.089552239e-05
2.111022163e-21
2.089552239e-05
-5.752535021e-21
2.089552239e-05
-3.413385848e-21
2.089552239e-05
1.683110458e-22
2.089552239e-05
-1.030457721e-20
2.089552239e-05
-5.086108499e-21
2.089552239e-05
3.194460473e-21
2.089552239e-05
-4.784593319e-21
2.089552239e-05
3.402077551e-21
2.089552239e-05
-2.613678102e-21
2.089552239e-05
-1.626103437e-20
2.089552239e-05
-4.402332864e-21
2.089552239e-05
1.074862262e-20
2.089552239e-05
1.24263014e-20
2.089552239e-05
2.463528905e-21
2.089552239e-05
3.60467103e-21
2.089552239e-05
2.407404341e-21
2.089552239e-05
1.320929807e-22
2.089552239e-05
-8.702567587e-21
2.089552239e-05
5.493260721e-21
2.089552239e-05
-2.200873679e-21
2.089552239e-05
-1.19580885e-20
2.089552239e-05
-3.332707931e-21
2.089552239e-05
-1.352097663e-20
2.089552239e-05
1.798595766e-21
2.089552239e-05
1.791551651e-22
2.089552239e-05
1.566265395e-22
2.089552239e-05
2.568247576e-23
2.089552239e-05
3.443772044e-21
2.089552239e-05
5.074607649e-21
2.089552239e-05
-1.022677045e-21
2.089552239e-05
8.150844289e-21
2.089552239e-05
-1.761457051e-20
2.089552239e-05
-4.925060463e-21
2.089552239e-05
-1.740644091e-22
2.089552239e-05
-7.540332454e-21
2.089552239e-05
4.87413701e-21
2.089552239e-05
2.718638836e-21
2.089552239e-05
3.794516968e-21
2.089552239e-05
1.067373231e-20
2.089552239e-05
-9.745064209e-21
2.089552239e-05
-3.197472367e-21
2.089552239e-05
9.936130978e-21
2.089552239e-05
-2.703479618e-21
2.089552239e-05
-6.680137932e-21
2.089552239e-05
7.691869435e-21
2.089552239e-05
-4.506335545e-21
2.089552239e-05
1.411645821e-20
2.089552239e-05
5.438457379e-21
2.089552239e-05
-1.637590124e-20
2.089552239e-05
6.152563738e-21
2.089552239e-05
2.390399179e-21
2.089552239e-05
-1.304321895e-20
2.089552239e-05
1.426481688e-21
2.089552239e-05
7.337957072e-21
2.089552239e-05
-3.14436531e-21
2.089552239e-05
5.726584339e-21
2.089552239e-05
1.85179992e-20
2.089552239e-05
-1.683690932e-20
2.089552239e-05
-3.340081031e-20
2.089552239e-05
1.78658263e-20
2.089552239e-05
2.372168204e-20
2.089552239e-05
-7.026855867e-21
2.089552239e-05
-1.620915647e-20
2.089552239e-05
1.144962179e-20
2.089552239e-05
1.769455395e-20
2.089552239e-05
-1.131531622e-20
2.089552239e-05
-3.182135674e-20
2.089552239e-05
7.685987499e-21
2.089552239e-05
1.972496819e-20
2.089552239e-05
-1.644025776e-20
2.089552239e-05
-8.149887806e-21
2.089552239e-05
2.029642493e-20
2.089552239e-05
1.239554424e-20
2.089552239e-05
2.107943536e-21
2.089552239e-05
-1.104889163e-21
2.089552239e-05
-2.200318199e-20
2.089552239e-05
-1.116066962e-20
2.089552239e-05
2.34715923e-20
2.089552239e-05
1.187645907e-20
2.089552239e-05
-2.095667957e-20
2.089552239e-05
-1.510776433e-20
2.089552239e-05
2.053986829e-20
2.089552239e-05
-1.257408429e-21
2.089552239e-05
-1.826442958e-20
2.089552239e-05
1.595880767e-20
2.089552239e-05
1.845730453e-20
2.089552239e-05
-2.356850338e-20
2.089552239e-05
-1.827086479e-20
2.089552239e-05
1.891107523e-20
2.089552239e-05
2.320602613e-20
2.089552239e-05
3.384012074e-21
2.089552239e-05
-1.208803366e-20
2.089552239e-05
-1.722052373e-20
2.089552239e-05
1.752269179e-20
2.089552239e-05
-4.492504909e-21
2.089552239e-05
-2.121210952e-20
2.089552239e-05
5.608637277e-21
2.089552239e-05
2.677669496e-20
2.089552239e-05
-1.101230069e-20
2.089552239e-05
-2.292148197e-20
2.089552239e-05
2.134609781e-20
2.089552239e-05
1.542266828e-20
2.089552239e-05
8.060134935e-21
2.089552239e-05
-1.149474545e-20
2.089552239e-05
-2.112296362e-20
2.089552239e-05
2.759958834e-20
2.089552239e-05
2.867488576e-20
2.089552239e-05
-2.661199411e-20
2.089552239e-05
-2.610681396e-20
2.089552239e-05
6.612848132e-21
2.089552239e-05
2.018427901e-20
2.089552239e-05
1.727224206e-20
2.089552239e-05
6.466386931e-21
2.089552239e-05
-1.585555011e-20
2.089552239e-05
-2.952302337e-21
2.089552239e-05
-2.676002767e-20
2.089552239e-05
-2.181770877e-20
2.089552239e-05
3.86784379e-20
2.089552239e-05
1.262192063e-20
2.089552239e-05
-9.642882585e-21
2.089552239e-05
1.053546773e-21
2.089552239e-05
-2.202130895e-20
2.089552239e-05
-5.435803972e-21
2.089552239e-05
1.104166537e-20
2.089552239e-05
-3.752306842e-21
2.089552239e-05
-2.500126946e-21
2.089552239e-05
1.954408055e-20
2.089552239e-05
-7.546111315e-21
2.089552239e-05
-3.956386931e-20
2.089552239e-05
-6.528866428e-21
2.089552239e-05
5.39909968e-21
2.089552239e-05
1.845421097e-20
2.089552239e-05
2.049032382e-20
2.089552239e-05
-9.738018175e-21
2.089552239e-05
1.927903344e-20
2.089552239e-05
8.379133317e-21
2.089552239e-05
-1.650282046e-20
2.089552239e-05
-1.231507032e-20
2.089552239e-05
-1.106041701e-20
2.089552239e-05
3.501556754e-20
2.089552239e-05
4.353943112e-21
2.089552239e-05
-2.719247962e-20
2.089552239e-05
3.726816936e-20
2.089552239e-05
1.377475086e-20
2.089552239e-05
-3.325812363e-20
2.089552239e-05
-1.322901207e-20
2.089552239e-05
-7.63369167e-21
2.089552239e-05
3.612054827e-20
2.089552239e-05
1.364809351e-20
2.089552239e-05
-1.943072502e-20
2.089552239e-05
4.447041883e-21
2.089552239e-05
7.432033241e-21
2.089552239e-05
-3.292104464e-20
2.089552239e-05
-2.287897178e-20
2.089552239e-05
1.19978489e-20
2.089552239e-05
5.449823618e-21
2.089552239e-05
2.515178463e-20
2.089552239e-05
1.61905456e-20
2.089552239e-05
-1.406523453e-20
2.089552239e-05
1.781155551e-21
2.089552239e-05
2.133251225e-20
2.089552239e-05
-3.708889194e-20
2.089552239e-05
6.173381093e-21
2.089552239e-05
-1.853230275e-20
2.089552239e-05
-3.837857266e-21
2.089552239e-05
4.155221108e-20
2.089552239e-05
-4.32783371e-20
2.089552239e-05
3.206867985e-20
2.089552239e-05
2.372040223e-20
2.089552239e-05
-3.914480352e-20
2.089552239e-05
1.171986535e-20
2.089552239e-05
-2.121143021e-20
2.089552239e-05
2.55454985e-21
2.089552239e-05
5.282456959e-20
2.089552239e-05
-3.61023212e-20
2.089552239e-05
4.784134392e-21
2.089552239e-05
2.446592312e-20
2.089552239e-05
-4.864195429e-20
2.089552239e-05
-2.986368703e-20
2.089552239e-05
1.363079695e-20
2.089552239e-05
-1.390465576e-20
2.089552239e-05
3.512184811e-21
2.089552239e-05
3.252464496e-20
2.089552239e-05
-1.104772831e-20
2.089552239e-05
-8.585467518e-22
2.089552239e-05
-4.474837206e-21
2.089552239e-05
-5.117065283e-20
6.920583594e-21
3.28358209e-05
1.034419006e-19
3.28358209e-05
5.262966485e-20
3.28358209e-05
3.026101389e-20
3.28358209e-05
1.901771277e-20
3.28358209e-05
2.768115494e-21
3.28358209e-05
-8.26664683e-21
3.28358209e-05
-2.835250616e-21
3.28358209e-05
1.171602095e-21
3.28358209e-05
-8.682998833e-21
3.28358209e-05
8.328585735e-21
3.28358209e-05
6.399394067e-21
3.28358209e-05
2.042447482e-21
3.28358209e-05
-3.069421944e-21
3.28358209e-05
-1.00356419e-20
3.28358209e-05
-2.403621731e-21
3.28358209e-05
-1.107415965e-20
3.28358209e-05
-1.784751261e-20
3.28358209e-05
1.970140606e-21
3.28358209e-05
1.820866155e-21
3.28358209e-05
-1.295700626e-21
3.28358209e-05
-9.701998055e-21
3.28358209e-05
-1.637308462e-20
3.28358209e-05
-1.573482656e-20
3.28358209e-05
1.872565728e-20
3.28358209e-05
2.094398946e-20
3.28358209e-05
6.607085491e-21
3.28358209e-05
8.765308942e-21
3.28358209e-05
2.931452614e-21
3.28358209e-05
-1.200491292e-20
3.28358209e-05
-1.592094019e-20
3.28358209e-05
2.688166357e-21
3.28358209e-05
4.100183347e-21
3.28358209e-05
-1.595033351e-20
3.28358209e-05
-2.520706537e-21
3.28358209e-05
-2.184967745e-20
3.28358209e-05
-3.537648852e-21
3.28358209e-05
5.415309778e-21
3.28358209e-05
3.647079259e-21
3.28358209e-05
-3.358307935e-21
3.28358209e-05
1.937353501e-21
3.28358209e-05
6.974928424e-21
3.28358209e-05
-7.795080037e-21
3.28358209e-05
1.297823951e-20
3.28358209e-05
-1.280464343e-20
3.28358209e-05
-8.278019245e-21
3.28358209e-05
3.878810733e-21
3.28358209e-05
-1.361839307e-20
3.28358209e-05
6.041327146e-21
3.28358209e-05
6.115779824e-21
3.28358209e-05
-6.066950735e-22
3.28358209e-05
8.82053989e-21
3.28358209e-05
-5.846855918e-21
3.28358209e-05
-9.7507049e-22
3.28358209e-05
1.925828193e-20
3.28358209e-05
-1.184625258e-20
3.28358209e-05
-1.149153456e-20
3.28358209e-05
1.644686952e-20
3.28358209e-05
-3.59169979e-21
3.28358209e-05
1.726693917e-20
3.28358209e-05
6.879104185e-21
3.28358209e-05
-1.629811903e-20
3.28358209e-05
5.290924845e-21
3.28358209e-05
5.68182226e-21
3.28358209e-05
-1.163513955e-20
3.28358209e-05
6.106632523e-21
3.28358209e-05
1.356680787e-20
3.28358209e-05
-2.681002202e-23
3.28358209e-05
1.054189785e-20
3.28358209e-05
1.625897005e-20
3.28358209e-05
-2.9198305e-20
3.28358209e-05
-4.146743442e-20
3.28358209e-05
2.70276152e-20
3.28358209e-05
2.302968925e-20
3.28358209e-05
-6.69241408e-21
3.28358209e-05
-1.283816979e-20
3.28358209e-05
5.947622101e-21
3.28358209e-05
3.081373527e-20
3.28358209e-05
-1.603665019e-20
3.28358209e-05
-4.984052108e-20
3.28358209e-05
1.16097425e-20
3.28358209e-05
3.126525234e-20
3.28358209e-05
-2.693145169e-20
3.28358209e-05
-3.853091562e-21
3.28358209e-05
3.749518868e-20
3.28358209e-05
1.66081544e-20
3.28358209e-05
7.56488488e-21
3.28358209e-05
3.112036133e-21
3.28358209e-05
-3.317025361e-20
3.28358209e-05
-1.771050224e-20
3.28358209e-05
3.920119117e-20
3.28358209e-05
1.288963951e-21
3.28358209e-05
-2.963675717e-20
3.28358209e-05
-7.416544577e-21
3.28358209e-05
2.088773973e-20
3.28358209e-05
-2.526258994e-22
3.28358209e-05
-3.062786106e-20
3.28358209e-05
2.567719666e-20
3.28358209e-05
2.486938092e-20
3.28358209e-05
-2.347782782e-20
3.28358209e-05
-4.023558914e-20
3.28358209e-05
2.238364642e-20
3.28358209e-05
5.384528463e-20
3.28358209e-05
1.445452048e-20
3.28358209e-05
-2.457663588e-20
3.28358209e-05
-3.705558639e-20
3.28358209e-05
2.399454435e-20
3.28358209e-05
7.173305823e-21
3.28358209e-05
-3.165464868e-20
3.28358209e-05
1.546363639e-21
3.28358209e-05
2.377271763e-20
3.28358209e-05
-3.423394613e-21
3.28358209e-05
-2.884766028e-20
3.28358209e-05
1.632324559e-20
3.28358209e-05
2.101876497e-20
3.28358209e-05
1.83254693e-20
3.28358209e-05
-1.423584978e-20
3.28358209e-05
-2.666056991e-20
3.28358209e-05
4.310983967e-20
3.28358209e-05
3.698869382e-20
3.28358209e-05
-3.20682513e-20
3.28358209e-05
-4.454398959e-20
3.28358209e-05
4.181192571e-21
3.28358209e-05
3.774175661e-20
3.28358209e-05
3.450332262e-20
3.28358209e-05
1.623716188e-21
3.28358209e-05
-3.250676305e-20
3.28358209e-05
2.031603078e-21
3.28358209e-05
-5.284872501e-20
3.28358209e-05
-2.685218785e-20
3.28358209e-05
5.994347685e-20
3.28358209e-05
2.349699245e-20
3.28358209e-05
-5.877927643e-21
3.28358209e-05
-3.009760155e-20
3.28358209e-05
-2.755175858e-20
3.28358209e-05
4.719052164e-22
3.28358209e-05
7.408825086e-21
3.28358209e-05
6.222697091e-22
3.28358209e-05
-8.17669042e-21
3.28358209e-05
1.356376862e-20
3.28358209e-05
-6.915233675e-21
3.28358209e-05
-6.332420438e-20
3.28358209e-05
-8.896946733e-21
3.28358209e-05
1.895700223e-20
3.28358209e-05
3.543327216e-20
3.28358209e-05
4.220272838e-20
3.28358209e-05
-2.152788331e-20
3.28358209e-05
1.536400804e-20
3.28358209e-05
2.474022063e-20
3.28358209e-05
-7.357138477e-21
3.28358209e-05
-4.622000468e-20
3.28358209e-05
-2.435289106e-20
3.28358209e-05
5.972025324e-20
3.28358209e-05
5.73017424e-21
3.28358209e-05
-3.233035297e-20
3.28358209e-05
5.02329493e-20
3.28358209e-05
2.243423901e-20
3.28358209e-05
-3.90392615e-20
3.28358209e-05
-2.441136515e-20
3.28358209e-05
-1.679208707e-20
3.28358209e-05
4.375952497e-20
3.28358209e-05
9.934886741e-21
3.28358209e-05
-9.990111011e-21
3.28358209e-05
1.77887945e-20
3.28358209e-05
2.197261262e-21
3.28358209e-05
-6.260832808e-20
3.28358209e-05
-3.581453584e-20
3.28358209e-05
2.272132182e-20
3.28358209e-05
1.427110204e-20
3.28358209e-05
3.565103777e-20
3.28358209e-05
6.067010361e-21
3.28358209e-05
-7.327302791e-21
3.28358209e-05
6.169334692e-21
3.28358209e-05
1.190116055e-20
3.28358209e-05
-3.475051035e-20
3.28358209e-05
8.912819912e-21
3.28358209e-05
-4.66968871e-20
3.28358209e-05
-3.78276266e-21
3.28358209e-05
6.206151061e-20
3.28358209e-05
-3.853165779e-20
3.28358209e-05
3.056295736e-20
3.28358209e-05
3.439949841e-20
3.28358209e-05
-4.259933673e-20
3.28358209e-05
-1.345306175e-20
3.28358209e-05
-8.131460818e-21
3.28358209e-05
1.276509107e-20
3.28358209e-05
5.82000345e-20
3.28358209e-05
-4.199868101e-20
3.28358209e-05
5.810345158e-21
3.28358209e-05
2.91870821e-20
3.28358209e-05
-7.939876177e-20
3.28358209e-05
-4.852533424e-20
3.28358209e-05
1.485501546e-20
3.28358209e-05
-9.292100603e-21
3.28358209e-05
1.602844543e-20
3.28358209e-05
3.612348188e-20
3.28358209e-05
-1.944062581e-20
3.28358209e-05
-3.789958468e-21
3.28358209e-05
-7.271129899e-21
3.28358209e-05
-8.394224636e-20
8.649338007e-22
4.328358209e-05
1.007389284e-19
4.328358209e-05
6.770558486e-20
4.328358209e-05
4.126788957e-20
4.328358209e-05
3.088894298e-20
4.328358209e-05
9.815580084e-21
4.328358209e-05
-4.642884262e-22
4.328358209e-05
8.727578295e-21
4.328358209e-05
-8.049559158e-22
4.328358209e-05
1.676873101e-21
4.328358209e-05
1.433740334e-20
4.328358209e-05
8.632751495e-22
4.328358209e-05
-5.789144496e-21
4.328358209e-05
6.89614663e-21
4.328358209e-05
-1.227892725e-20
4.328358209e-05
-1.496583527e-20
4.328358209e-05
-1.556711023e-20
4.328358209e-05
-1.614586493e-20
4.328358209e-05
-1.182782914e-21
4.328358209e-05
6.063715386e-21
4.328358209e-05
-8.463968417e-21
4.328358209e-05
-1.786981858e-20
4.328358209e-05
-3.049413798e-20
4.328358209e-05
-7.479077274e-21
4.328358209e-05
1.449454555e-20
4.328358209e-05
1.86969619e-20
4.328358209e-05
1.628112855e-20
4.328358209e-05
1.666028659e-20
4.328358209e-05
-8.391230983e-22
4.328358209e-05
-1.532285663e-20
4.328358209e-05
-2.868199234e-20
4.328358209e-05
3.673732245e-21
4.328358209e-05
-3.594255682e-21
4.328358209e-05
-2.887708742e-20
4.328358209e-05
-1.521536297e-20
4.328358209e-05
-2.02936166e-20
4.328358209e-05
-1.122421416e-20
4.328358209e-05
2.04975936e-20
4.328358209e-05
1.355209576e-20
4.328358209e-05
-3.785119342e-21
4.328358209e-05
-1.340721526e-21
4.328358209e-05
4.025156733e-21
4.328358209e-05
-1.265799292e-20
4.328358209e-05
8.726998429e-21
4.328358209e-05
-1.616206238e-20
4.328358209e-05
-9.997958613e-21
4.328358209e-05
8.794284039e-21
4.328358209e-05
-6.012362064e-21
4.328358209e-05
-1.347937371e-21
4.328358209e-05
5.495706072e-21
4.328358209e-05
4.038364047e-21
4.328358209e-05
3.061901007e-21
4.328358209e-05
-1.030015334e-20
4.328358209e-05
9.180124578e-21
4.328358209e-05
2.455714731e-20
4.328358209e-05
-9.024288849e-21
4.328358209e-05
-1.613841911e-20
4.328358209e-05
2.174245414e-20
4.328358209e-05
3.682255177e-21
4.328358209e-05
8.569564795e-21
4.328358209e-05
1.099858925e-20
4.328358209e-05
-1.212328519e-20
4.328358209e-05
1.889663046e-20
4.328358209e-05
1.528387733e-20
4.328358209e-05
-1.469285858e-20
4.328358209e-05
3.981223508e-21
4.328358209e-05
9.297501587e-21
4.328358209e-05
9.19407097e-21
4.328358209e-05
1.528462035e-20
4.328358209e-05
5.459773946e-21
4.328358209e-05
-4.83388028e-20
4.328358209e-05
-4.783681649e-20
4.328358209e-05
3.868064361e-20
4.328358209e-05
1.964792014e-20
4.328358209e-05
-1.349839715e-20
4.328358209e-05
-1.606418839e-20
4.328358209e-05
-1.139444649e-21
4.328358209e-05
3.775788302e-20
4.328358209e-05
-1.840025247e-20
4.328358209e-05
-5.27388377e-20
4.328358209e-05
1.89080047e-20
4.328358209e-05
2.772340734e-20
4.328358209e-05
-2.658860096e-20
4.328358209e-05
3.607485581e-21
4.328358209e-05
5.35722837e-20
4.328358209e-05
1.523332425e-20
4.328358209e-05
1.047346825e-20
4.328358209e-05
4.132904854e-21
4.328358209e-05
-3.167129468e-20
4.328358209e-05
-2.050548825e-20
4.328358209e-05
4.93956078e-20
4.328358209e-05
-1.758970807e-20
4.328358209e-05
-3.442959481e-20
4.328358209e-05
-1.211651395e-20
4.328358209e-05
2.25976121e-20
4.328358209e-05
3.577363506e-22
4.328358209e-05
-3.588874523e-20
4.328358209e-05
3.03565025e-20
4.328358209e-05
3.165577316e-20
4.328358209e-05
-2.801409289e-20
4.328358209e-05
-4.567516521e-20
4.328358209e-05
3.846008637e-20
4.328358209e-05
6.331155551e-20
4.328358209e-05
6.034127339e-21
4.328358209e-05
-2.84923217e-20
4.328358209e-05
-3.281155134e-20
4.328358209e-05
2.108198667e-20
4.328358209e-05
5.599304007e-21
4.328358209e-05
-4.406196805e-20
4.328358209e-05
2.046495303e-21
4.328358209e-05
1.929407727e-20
4.328358209e-05
1.259903944e-21
4.328358209e-05
-2.479196596e-20
4.328358209e-05
5.003229494e-21
4.328358209e-05
3.406802243e-20
4.328358209e-05
3.211827996e-20
4.328358209e-05
-2.724495471e-20
4.328358209e-05
-2.021510699e-20
4.328358209e-05
5.693063595e-20
4.328358209e-05
3.661032657e-20
4.328358209e-05
-3.75418713e-20
4.328358209e-05
-4.429981837e-20
4.328358209e-05
6.671498428e-22
4.328358209e-05
4.28246843e-20
4.328358209e-05
3.949057364e-20
4.328358209e-05
-7.188158102e-21
4.328358209e-05
-2.866078678e-20
4.328358209e-05
-9.422934869e-21
4.328358209e-05
-7.11118746e-20
4.328358209e-05
-2.507217286e-20
4.328358209e-05
7.102787898e-20
4.328358209e-05
3.392285124e-20
4.328358209e-05
-1.063747459e-21
4.328358209e-05
-4.281040643e-20
4.328358209e-05
-3.672051119e-20
4.328358209e-05
9.174742802e-21
4.328358209e-05
1.235463307e-21
4.328358209e-05
-7.06949387e-21
4.328358209e-05
-1.507161346e-20
4.328358209e-05
7.973014167e-21
4.328358209e-05
-6.204148932e-21
4.328358209e-05
-7.072601893e-20
4.328358209e-05
-7.388116638e-21
4.328358209e-05
1.350139527e-20
4.328358209e-05
4.338143143e-20
4.328358209e-05
5.905672864e-20
4.328358209e-05
-1.563126119e-20
4.328358209e-05
1.924599196e-20
4.328358209e-05
3.150565634e-20
4.328358209e-05
-1.048502598e-20
4.328358209e-05
-6.356922844e-20
4.328358209e-05
-2.966959506e-20
4.328358209e-05
6.933965117e-20
4.328358209e-05
4.409001688e-22
4.328358209e-05
-3.354216195e-20
4.328358209e-05
6.436086723e-20
4.328358209e-05
2.455751152e-20
4.328358209e-05
-4.559979577e-20
4.328358209e-05
-2.586670265e-20
4.328358209e-05
-1.465706694e-20
4.328358209e-05
4.470900799e-20
4.328358209e-05
-1.692435784e-21
4.328358209e-05
4.56980658e-21
4.328358209e-05
3.579061561e-20
4.328358209e-05
-8.755291215e-21
4.328358209e-05
-7.534183227e-20
4.328358209e-05
-4.044428192e-20
4.328358209e-05
4.07011758e-20
4.328358209e-05
2.266180953e-20
4.328358209e-05
3.292076446e-20
4.328358209e-05
-2.290911677e-21
4.328358209e-05
2.850671757e-21
4.328358209e-05
1.744120808e-20
4.328358209e-05
-1.818057422e-20
4.328358209e-05
-3.328529247e-20
4.328358209e-05
1.924521457e-20
4.328358209e-05
-7.061672404e-20
4.328358209e-05
-5.618304583e-21
4.328358209e-05
7.27999009e-20
4.328358209e-05
-3.159122631e-20
4.328358209e-05
3.604054666e-20
4.328358209e-05
4.229511992e-20
4.328358209e-05
-3.633724175e-20
4.328358209e-05
-3.729429217e-20
4.328358209e-05
-1.046836972e-21
4.328358209e-05
3.823266936e-20
4.328358209e-05
5.105976941e-20
4.328358209e-05
-5.151598294e-20
4.328358209e-05
9.252585359e-21
4.328358209e-05
2.360395848e-20
4.328358209e-05
-1.013945944e-19
4.328358209e-05
-5.599457094e-20
4.328358209e-05
2.304632244e-20
4.328358209e-05
-5.26757654e-21
4.328358209e-05
2.566201918e-20
4.328358209e-05
1.819282908e-20
4.328358209e-05
-3.97334629e-20
4.328358209e-05
2.028543844e-20
4.328358209e-05
-1.587232341e-20
4.328358209e-05
-9.015474293e-20
5.883876412e-23
5.223880597e-05
8.456572334e-20
5.223880597e-05
7.751504423e-20
5.223880597e-05
4.475744443e-20
5.223880597e-05
4.161870498e-20
5.223880597e-05
1.098513773e-20
5.223880597e-05
5.890331588e-21
5.223880597e-05
1.687696134e-20
5.223880597e-05
1.817178835e-20
5.223880597e-05
2.028549457e-21
5.223880597e-05
2.393481729e-20
5.223880597e-05
5.709145212e-21
5.223880597e-05
-1.161525547e-20
5.223880597e-05
7.571453777e-21
5.223880597e-05
-1.205104264e-20
5.223880597e-05
-1.684293849e-20
5.223880597e-05
-1.840884542e-20
5.223880597e-05
-1.804777e-20
5.223880597e-05
-8.657657629e-21
5.223880597e-05
-8.223160503e-21
5.223880597e-05
-3.666865577e-21
5.223880597e-05
-2.081824518e-20
5.223880597e-05
-4.403616973e-20
5.223880597e-05
-2.266346458e-21
5.223880597e-05
2.074668487e-20
5.223880597e-05
1.516876052e-20
5.223880597e-05
2.195089179e-20
5.223880597e-05
1.517064887e-20
5.223880597e-05
-8.84796651e-23
5.223880597e-05
-3.546283662e-20
5.223880597e-05
-2.595962025e-20
5.223880597e-05
1.777607019e-21
5.223880597e-05
-2.257860759e-21
5.223880597e-05
-4.081787165e-20
5.223880597e-05
-1.520249692e-20
5.223880597e-05
-2.181146253e-20
5.223880597e-05
-5.858958486e-21
5.223880597e-05
2.033441773e-20
5.223880597e-05
2.375799557e-20
5.223880597e-05
2.3453276e-21
5.223880597e-05
-3.149299491e-21
5.223880597e-05
-5.909615925e-21
5.223880597e-05
-2.107674035e-20
5.223880597e-05
-7.425365857e-21
5.223880597e-05
-1.162325891e-20
5.223880597e-05
-9.346943778e-21
5.223880597e-05
1.088796128e-20
5.223880597e-05
-2.505457603e-21
5.223880597e-05
7.108670362e-23
5.223880597e-05
7.687458594e-21
5.223880597e-05
4.54745128e-21
5.223880597e-05
-1.713115966e-20
5.223880597e-05
7.492996237e-22
5.223880597e-05
2.904907788e-20
5.223880597e-05
1.603548882e-20
5.223880597e-05
-7.845242167e-21
5.223880597e-05
5.376527e-21
5.223880597e-05
1.162559603e-20
5.223880597e-05
2.02952284e-20
5.223880597e-05
1.057842949e-20
5.223880597e-05
4.021289542e-21
5.223880597e-05
-6.888705668e-21
5.223880597e-05
6.634104454e-21
5.223880597e-05
2.417059643e-20
5.223880597e-05
5.194436382e-21
5.223880597e-05
-5.185955504e-21
5.223880597e-05
1.670617926e-20
5.223880597e-05
4.083426374e-21
5.223880597e-05
2.213902893e-20
5.223880597e-05
-6.075607423e-21
5.223880597e-05
-5.506051575e-20
5.223880597e-05
-4.400213789e-20
5.223880597e-05
2.461759443e-20
5.223880597e-05
1.784980994e-20
5.223880597e-05
-1.479968863e-20
5.223880597e-05
-2.29025301e-20
5.223880597e-05
8.868623227e-21
5.223880597e-05
2.769162211e-20
5.223880597e-05
-2.407113328e-20
5.223880597e-05
-3.660151598e-20
5.223880597e-05
1.468720151e-20
5.223880597e-05
2.196809374e-20
5.223880597e-05
-1.826594303e-20
5.223880597e-05
1.973995438e-20
5.223880597e-05
5.046296837e-20
5.223880597e-05
1.473703134e-20
5.223880597e-05
5.959290754e-21
5.223880597e-05
1.352109343e-20
5.223880597e-05
-2.600353738e-20
5.223880597e-05
-1.926117515e-20
5.223880597e-05
3.249202792e-20
5.223880597e-05
-1.970946902e-20
5.223880597e-05
-3.958472914e-20
5.223880597e-05
-1.637520775e-20
5.223880597e-05
1.660238989e-20
5.223880597e-05
2.775299618e-21
5.223880597e-05
-3.338032997e-20
5.223880597e-05
2.270901586e-20
5.223880597e-05
3.464376557e-20
5.223880597e-05
-1.988632563e-20
5.223880597e-05
-3.577570914e-20
5.223880597e-05
3.808046833e-20
5.223880597e-05
6.57548963e-20
5.223880597e-05
5.131904812e-21
5.223880597e-05
-2.838288558e-20
5.223880597e-05
-3.710398367e-20
5.223880597e-05
1.447790791e-20
5.223880597e-05
3.410505034e-21
5.223880597e-05
-3.196608826e-20
5.223880597e-05
-4.271983972e-21
5.223880597e-05
3.044967349e-20
5.223880597e-05
-9.92538791e-21
5.223880597e-05
-2.77140863e-20
5.223880597e-05
-1.248802247e-21
5.223880597e-05
4.668063565e-20
5.223880597e-05
3.531634658e-20
5.223880597e-05
-2.029084532e-20
5.223880597e-05
-7.966108368e-21
5.223880597e-05
5.527368909e-20
5.223880597e-05
2.551580506e-20
5.223880597e-05
-2.972848817e-20
5.223880597e-05
-3.801528168e-20
5.223880597e-05
-1.823069185e-21
5.223880597e-05
5.454999243e-20
5.223880597e-05
2.446211131e-20
5.223880597e-05
-3.048983441e-20
5.223880597e-05
-2.214653141e-20
5.223880597e-05
-2.170357285e-21
5.223880597e-05
-8.981110934e-20
5.223880597e-05
-2.408319839e-20
5.223880597e-05
7.267681914e-20
5.223880597e-05
5.175737141e-20
5.223880597e-05
3.397140284e-21
5.223880597e-05
-4.157372008e-20
5.223880597e-05
-4.401510397e-20
5.223880597e-05
8.730699356e-21
5.223880597e-05
1.316345207e-21
5.223880597e-05
-7.331046163e-21
5.223880597e-05
-1.396202376e-20
5.223880597e-05
-1.064174583e-20
5.223880597e-05
-1.042076491e-20
5.223880597e-05
-5.832553655e-20
5.223880597e-05
-1.276459009e-20
5.223880597e-05
3.24950589e-21
5.223880597e-05
6.234046576e-20
5.223880597e-05
8.160823116e-20
5.223880597e-05
-1.106464949e-20
5.223880597e-05
2.567561487e-20
5.223880597e-05
4.171122002e-20
5.223880597e-05
-2.959598162e-20
5.223880597e-05
-7.80882329e-20
5.223880597e-05
-3.66539778e-20
5.223880597e-05
6.761709171e-20
5.223880597e-05
7.870197232e-21
5.223880597e-05
-3.56823941e-20
5.223880597e-05
6.524585204e-20
5.223880597e-05
4.225262876e-20
5.223880597e-05
-4.271468881e-20
5.223880597e-05
-3.781951487e-20
5.223880597e-05
-1.073569303e-20
5.223880597e-05
3.739564151e-20
5.223880597e-05
7.984271894e-21
5.223880597e-05
2.33856721e-21
5.223880597e-05
3.729217987e-20
5.223880597e-05
-1.158006355e-20
5.223880597e-05
-7.878086949e-20
5.223880597e-05
-4.316227657e-20
5.223880597e-05
4.819299716e-20
5.223880597e-05
3.533039138e-20
5.223880597e-05
2.415714119e-20
5.223880597e-05
2.907765602e-22
5.223880597e-05
9.475216701e-21
5.223880597e-05
1.180299142e-20
5.223880597e-05
-3.064305749e-20
5.223880597e-05
-3.626192606e-20
5.223880597e-05
1.452429509e-20
5.223880597e-05
-6.461962328e-20
5.223880597e-05
-1.831153766e-20
5.223880597e-05
7.068404081e-20
5.223880597e-05
-2.397224278e-20
5.223880597e-05
3.816774904e-20
5.223880597e-05
4.899302934e-20
5.223880597e-05
-5.03612257e-20
5.223880597e-05
-3.889665193e-20
5.223880597e-05
-6.558854992e-21
5.223880597e-05
5.833522359e-20
5.223880597e-05
6.042246115e-20
5.223880597e-05
-5.946535388e-20
5.223880597e-05
-8.23341924e-21
5.223880597e-05
1.513894412e-20
5.223880597e-05
-1.024536136e-19
5.223880597e-05
-7.235413492e-20
5.223880597e-05
9.952231723e-21
5.223880597e-05
5.422899935e-22
5.223880597e-05
3.381042496e-20
5.223880597e-05
7.242475705e-21
5.223880597e-05
-4.006457461e-20
5.223880597e-05
2.02283465e-20
5.223880597e-05
-2.03797546e-20
5.223880597e-05
-8.048291946e-20
1.24375817e-20
5.970149254e-05
7.741938163e-20
5.970149254e-05
6.695928921e-20
5.970149254e-05
5.78556163e-20
5.970149254e-05
4.06806807e-20
5.970149254e-05
2.979205112e-20
5.970149254e-05
2.063055411e-20
5.970149254e-05
1.855694103e-20
5.970149254e-05
1.973877433e-20
5.970149254e-05
2.333519822e-20
5.970149254e-05
3.214540513e-20
5.970149254e-05
2.847816822e-21
5.970149254e-05
2.228400525e-21
5.970149254e-05
5.483248864e-21
5.970149254e-05
-1.681858471e-20
5.970149254e-05
-3.888509158e-20
5.970149254e-05
-2.197388172e-20
5.970149254e-05
-2.422549496e-20
5.970149254e-05
-1.918556598e-20
5.970149254e-05
-1.570765298e-20
5.970149254e-05
6.023735024e-22
5.970149254e-05
-2.308873656e-20
5.970149254e-05
-3.608407423e-20
5.970149254e-05
-3.225393363e-21
5.970149254e-05
1.411395612e-20
5.970149254e-05
1.327620257e-20
5.970149254e-05
2.584769482e-20
5.970149254e-05
1.996619122e-20
5.970149254e-05
-4.912362453e-21
5.970149254e-05
-3.798573869e-20
5.970149254e-05
-2.842369201e-20
5.970149254e-05
5.798479297e-21
5.970149254e-05
-2.848200285e-20
5.970149254e-05
-4.130118452e-20
5.970149254e-05
-2.185222288e-20
5.970149254e-05
-1.071413507e-20
5.970149254e-05
-1.550733969e-20
5.970149254e-05
2.507031945e-20
5.970149254e-05
4.434685995e-20
5.970149254e-05
5.484757182e-21
5.970149254e-05
-1.315309457e-20
5.970149254e-05
-9.437306649e-21
5.970149254e-05
-3.46239191e-20
5.970149254e-05
-2.18956435e-20
5.970149254e-05
-1.543739217e-20
5.970149254e-05
-1.19326432e-20
5.970149254e-05
1.262972146e-20
5.970149254e-05
9.894992877e-21
5.970149254e-05
-5.012875677e-21
5.970149254e-05
1.119792738e-20
5.970149254e-05
4.236942294e-21
5.970149254e-05
-1.844402097e-20
5.970149254e-05
-7.168014054e-21
5.970149254e-05
2.059256408e-20
5.970149254e-05
2.244134277e-20
5.970149254e-05
9.375964322e-21
5.970149254e-05
5.304434524e-21
5.970149254e-05
2.586998665e-20
5.970149254e-05
3.550690171e-20
5.970149254e-05
1.105204791e-20
5.970149254e-05
3.126750115e-21
5.970149254e-05
-9.517665564e-21
5.970149254e-05
1.529805939e-20
5.970149254e-05
2.846831292e-20
5.970149254e-05
9.327002221e-21
5.970149254e-05
1.30772853e-21
5.970149254e-05
2.691583929e-20
5.970149254e-05
-1.040229078e-20
5.970149254e-05
1.107232587e-20
5.970149254e-05
-4.199523099e-21
5.970149254e-05
-5.183336446e-20
5.970149254e-05
-4.933670067e-20
5.970149254e-05
1.672762598e-20
5.970149254e-05
1.420707686e-20
5.970149254e-05
-1.086726867e-20
5.970149254e-05
-8.479038992e-21
5.970149254e-05
-1.107921761e-22
5.970149254e-05
2.723541712e-20
5.970149254e-05
-2.767890747e-20
5.970149254e-05
-3.357650262e-20
5.970149254e-05
3.294968228e-20
5.970149254e-05
4.151749307e-20
5.970149254e-05
-1.714234944e-20
5.970149254e-05
1.389011167e-20
5.970149254e-05
4.56045681e-20
5.970149254e-05
-3.46497986e-21
5.970149254e-05
1.038492723e-20
5.970149254e-05
2.85109717e-21
5.970149254e-05
-2.414248114e-20
5.970149254e-05
-1.165087055e-21
5.970149254e-05
2.357328808e-20
5.970149254e-05
-2.6586071e-20
5.970149254e-05
-2.990707604e-20
5.970149254e-05
-2.30735916e-20
5.970149254e-05
-1.08423745e-20
5.970149254e-05
1.179621616e-21
5.970149254e-05
-2.257988893e-20
5.970149254e-05
1.214370895e-20
5.970149254e-05
3.195736515e-20
5.970149254e-05
-4.370453144e-21
5.970149254e-05
-3.889177356e-20
5.970149254e-05
4.937958935e-20
5.970149254e-05
6.58971532e-20
5.970149254e-05
6.302895036e-21
5.970149254e-05
-3.512310161e-20
5.970149254e-05
-2.820706512e-20
5.970149254e-05
9.654867239e-21
5.970149254e-05
5.394546367e-21
5.970149254e-05
-5.026650588e-20
5.970149254e-05
-1.183182612e-20
5.970149254e-05
3.161767118e-20
5.970149254e-05
4.23780092e-21
5.970149254e-05
-1.169027544e-20
5.970149254e-05
-2.639979458e-21
5.970149254e-05
4.477326381e-20
5.970149254e-05
3.957363378e-20
5.970149254e-05
-1.194614204e-20
5.970149254e-05
1.254656644e-22
5.970149254e-05
5.160891706e-20
5.970149254e-05
2.518111234e-20
5.970149254e-05
-1.311382568e-20
5.970149254e-05
-2.170343562e-20
5.970149254e-05
-1.073411512e-20
5.970149254e-05
4.864908545e-20
5.970149254e-05
5.410693939e-21
5.970149254e-05
-4.807779937e-20
5.970149254e-05
-1.240473334e-20
5.970149254e-05
-1.145333211e-20
5.970149254e-05
-7.645027955e-20
5.970149254e-05
-1.905826443e-20
5.970149254e-05
7.726758483e-20
5.970149254e-05
4.575901019e-20
5.970149254e-05
1.127088143e-20
5.970149254e-05
-5.03138929e-20
5.970149254e-05
-4.683657335e-20
5.970149254e-05
2.372861183e-20
5.970149254e-05
-9.991725682e-21
5.970149254e-05
-1.842991069e-20
5.970149254e-05
-2.882656054e-20
5.970149254e-05
-1.660002965e-20
5.970149254e-05
-1.136875501e-21
5.970149254e-05
-5.096383581e-20
5.970149254e-05
-2.962573781e-20
5.970149254e-05
1.909281694e-20
5.970149254e-05
7.762448505e-20
5.970149254e-05
8.433569504e-20
5.970149254e-05
8.042311588e-21
5.970149254e-05
4.133173378e-20
5.970149254e-05
4.423277802e-20
5.970149254e-05
-3.545718321e-20
5.970149254e-05
-7.561079218e-20
5.970149254e-05
-3.999676382e-20
5.970149254e-05
4.198910958e-20
5.970149254e-05
8.79207238e-21
5.970149254e-05
-2.038699352e-20
5.970149254e-05
5.249563262e-20
5.970149254e-05
5.275579223e-20
5.970149254e-05
-3.935867914e-20
5.970149254e-05
-4.348912324e-20
5.970149254e-05
-1.065377776e-20
5.970149254e-05
5.293644683e-20
5.970149254e-05
1.368181429e-20
5.970149254e-05
5.312129353e-21
5.970149254e-05
1.164922499e-20
5.970149254e-05
-2.406253021e-20
5.970149254e-05
-6.833599337e-20
5.970149254e-05
-3.094850912e-20
5.970149254e-05
5.052355171e-20
5.970149254e-05
3.787667292e-20
5.970149254e-05
2.44057102e-20
5.970149254e-05
-4.057825738e-21
5.970149254e-05
9.020673809e-21
5.970149254e-05
1.667552337e-20
5.970149254e-05
-4.663830981e-20
5.970149254e-05
-3.375686521e-20
5.970149254e-05
2.809470898e-21
5.970149254e-05
-4.902752248e-20
5.970149254e-05
-1.181276112e-20
5.970149254e-05
4.927319219e-20
5.970149254e-05
-5.496118524e-21
5.970149254e-05
3.750737465e-20
5.970149254e-05
3.770388436e-20
5.970149254e-05
-3.715765454e-20
5.970149254e-05
-4.715526418e-20
5.970149254e-05
5.241655581e-22
5.970149254e-05
7.292090494e-20
5.970149254e-05
5.471500457e-20
5.970149254e-05
-7.118931363e-20
5.970149254e-05
-1.700750381e-20
5.970149254e-05
1.448185703e-20
5.970149254e-05
-1.025953683e-19
5.970149254e-05
-7.7333977e-20
5.970149254e-05
1.023863578e-21
5.970149254e-05
1.008246804e-20
5.970149254e-05
2.691892791e-20
5.970149254e-05
-1.212918692e-20
5.970149254e-05
-3.655214739e-20
5.970149254e-05
2.032909462e-20
5.970149254e-05
-2.128771974e-20
5.970149254e-05
-4.839835672e-20
4.880744086e-21
6.567164179e-05
7.335551447e-20
6.567164179e-05
6.287669152e-20
6.567164179e-05
5.407859041e-20
6.567164179e-05
4.553810707e-20
6.567164179e-05
3.620768507e-20
6.567164179e-05
2.662729804e-20
6.567164179e-05
2.835844339e-20
6.567164179e-05
1.852690409e-20
6.567164179e-05
5.043085048e-20
6.567164179e-05
3.201574375e-20
6.567164179e-05
1.604047994e-20
6.567164179e-05
9.959184362e-21
6.567164179e-05
-1.008697906e-21
6.567164179e-05
-1.542607113e-20
6.567164179e-05
-3.530361141e-20
6.567164179e-05
-3.068302817e-20
6.567164179e-05
-4.17072379e-20
6.567164179e-05
-2.741771634e-20
6.567164179e-05
-1.878250342e-20
6.567164179e-05
-2.104769639e-20
6.567164179e-05
-7.418443003e-21
6.567164179e-05
-4.091858662e-21
6.567164179e-05
5.037947326e-21
6.567164179e-05
6.637445105e-21
6.567164179e-05
-1.126098709e-21
6.567164179e-05
1.12294888e-20
6.567164179e-05
1.71345833e-20
6.567164179e-05
-1.308132939e-20
6.567164179e-05
-4.869375546e-20
6.567164179e-05
-1.491047226e-20
6.567164179e-05
-8.587731237e-21
6.567164179e-05
-2.84698538e-20
6.567164179e-05
-3.223535544e-20
6.567164179e-05
-1.845153036e-20
6.567164179e-05
-2.243835872e-20
6.567164179e-05
-1.142656315e-20
6.567164179e-05
3.470868105e-20
6.567164179e-05
4.603719981e-20
6.567164179e-05
1.47946998e-20
6.567164179e-05
-1.819380384e-20
6.567164179e-05
-4.432595261e-20
6.567164179e-05
-4.346731903e-20
6.567164179e-05
-2.97985955e-20
6.567164179e-05
-1.61654421e-21
6.567164179e-05
6.529065594e-21
6.567164179e-05
-5.692174507e-21
6.567164179e-05
-5.605021249e-21
6.567164179e-05
-4.613387255e-21
6.567164179e-05
8.566176816e-21
6.567164179e-05
1.575996834e-20
6.567164179e-05
2.15291209e-21
6.567164179e-05
7.373988142e-21
6.567164179e-05
1.431672869e-20
6.567164179e-05
2.94187055e-20
6.567164179e-05
1.696171332e-20
6.567164179e-05
-1.766755533e-21
6.567164179e-05
1.592419489e-20
6.567164179e-05
3.853147135e-20
6.567164179e-05
2.437743069e-20
6.567164179e-05
-1.110455225e-20
6.567164179e-05
-2.561356411e-21
6.567164179e-05
9.481180255e-21
6.567164179e-05
1.398522635e-20
6.567164179e-05
2.397294883e-20
6.567164179e-05
1.507823202e-20
6.567164179e-05
2.12276603e-20
6.567164179e-05
-1.589054588e-21
6.567164179e-05
-8.27831457e-21
6.567164179e-05
-3.068153984e-20
6.567164179e-05
-4.746210869e-20
6.567164179e-05
-2.850792577e-20
6.567164179e-05
8.617169504e-21
6.567164179e-05
1.49342999e-20
6.567164179e-05
-1.049665273e-20
6.567164179e-05
-5.766592347e-21
6.567164179e-05
-1.45443185e-21
6.567164179e-05
3.521260238e-20
6.567164179e-05
-1.897609525e-20
6.567164179e-05
-1.664205926e-20
6.567164179e-05
4.009586648e-20
6.567164179e-05
3.644520612e-20
6.567164179e-05
1.009727044e-20
6.567164179e-05
9.334052967e-21
6.567164179e-05
1.346235392e-20
6.567164179e-05
1.423686218e-20
6.567164179e-05
-7.3918396e-21
6.567164179e-05
9.686951158e-22
6.567164179e-05
-7.573088547e-21
6.567164179e-05
-1.02025034e-20
6.567164179e-05
7.691798227e-21
6.567164179e-05
-8.063881558e-21
6.567164179e-05
-2.073670819e-20
6.567164179e-05
-2.477069733e-20
6.567164179e-05
-1.992634805e-20
6.567164179e-05
-1.59448903e-20
6.567164179e-05
-2.867106199e-20
6.567164179e-05
-1.562808372e-21
6.567164179e-05
3.442242069e-20
6.567164179e-05
-7.102887418e-21
6.567164179e-05
-2.151430804e-20
6.567164179e-05
5.026975831e-20
6.567164179e-05
6.465804331e-20
6.567164179e-05
9.472715969e-21
6.567164179e-05
-3.042929742e-20
6.567164179e-05
-2.950559126e-20
6.567164179e-05
2.769935368e-21
6.567164179e-05
-1.631409361e-20
6.567164179e-05
-4.687118897e-20
6.567164179e-05
2.460041736e-21
6.567164179e-05
2.310140943e-20
6.567164179e-05
9.141533816e-21
6.567164179e-05
3.40151532e-22
6.567164179e-05
4.507207365e-21
6.567164179e-05
4.81390511e-20
6.567164179e-05
3.653391611e-20
6.567164179e-05
6.432441494e-22
6.567164179e-05
3.626272018e-21
6.567164179e-05
4.55746239e-20
6.567164179e-05
2.057701837e-20
6.567164179e-05
3.413215125e-21
6.567164179e-05
-2.35985305e-21
6.567164179e-05
-7.798833861e-21
6.567164179e-05
1.720934893e-20
6.567164179e-05
1.979341288e-21
6.567164179e-05
-4.961442361e-20
6.567164179e-05
-4.802932675e-20
6.567164179e-05
-1.628638669e-20
6.567164179e-05
-4.331613191e-20
6.567164179e-05
-5.494439336e-21
6.567164179e-05
7.171939911e-20
6.567164179e-05
4.566914926e-20
6.567164179e-05
-3.940636828e-21
6.567164179e-05
-4.814539003e-20
6.567164179e-05
-3.556413038e-20
6.567164179e-05
1.864721016e-20
6.567164179e-05
-1.539330369e-20
6.567164179e-05
-4.017200298e-20
6.567164179e-05
-3.46630997e-20
6.567164179e-05
-1.49070644e-20
6.567164179e-05
9.195992531e-21
6.567164179e-05
-4.819047535e-20
6.567164179e-05
-2.435049896e-20
6.567164179e-05
2.596796381e-20
6.567164179e-05
8.059726193e-20
6.567164179e-05
7.414262914e-20
6.567164179e-05
2.305074127e-20
6.567164179e-05
5.044004135e-20
6.567164179e-05
3.627577964e-20
6.567164179e-05
-2.60466606e-20
6.567164179e-05
-6.566560923e-20
6.567164179e-05
-4.09480034e-20
6.567164179e-05
1.645494472e-20
6.567164179e-05
-8.472412694e-21
6.567164179e-05
-2.628782672e-20
6.567164179e-05
4.823835751e-20
6.567164179e-05
3.193882135e-20
6.567164179e-05
-2.758403947e-20
6.567164179e-05
-2.470618303e-20
6.567164179e-05
-1.069284327e-20
6.567164179e-05
3.832825703e-20
6.567164179e-05
-6.26147741e-21
6.567164179e-05
2.85635352e-21
6.567164179e-05
2.608899223e-21
6.567164179e-05
-2.104447999e-20
6.567164179e-05
-4.972517733e-20
6.567164179e-05
-3.230647111e-20
6.567164179e-05
5.477689954e-20
6.567164179e-05
5.10281112e-20
6.567164179e-05
2.641847498e-20
6.567164179e-05
-2.461543858e-20
6.567164179e-05
-7.152562968e-21
6.567164179e-05
1.460768217e-20
6.567164179e-05
-2.541785478e-20
6.567164179e-05
-3.262655024e-20
6.567164179e-05
-8.347081557e-21
6.567164179e-05
-4.280368323e-20
6.567164179e-05
-1.978830454e-20
6.567164179e-05
2.893957882e-20
6.567164179e-05
-7.236265449e-21
6.567164179e-05
3.709774945e-20
6.567164179e-05
4.848294501e-20
6.567164179e-05
-1.842523696e-20
6.567164179e-05
-3.053970768e-20
6.567164179e-05
4.374347327e-21
6.567164179e-05
6.539279051e-20
6.567164179e-05
1.018144014e-20
6.567164179e-05
-8.030610983e-20
6.567164179e-05
-1.786768259e-20
6.567164179e-05
2.996008903e-21
6.567164179e-05
-8.090819e-20
6.567164179e-05
-6.559820527e-20
6.567164179e-05
-7.584844903e-21
6.567164179e-05
8.344796201e-21
6.567164179e-05
1.775013536e-20
6.567164179e-05
-9.550164518e-21
6.567164179e-05
-2.7721847e-20
6.567164179e-05
6.740702401e-21
6.567164179e-05
2.123288469e-21
6.567164179e-05
-5.216618598e-20
1.431668698e-20
7.014925373e-05
5.391888534e-20
7.014925373e-05
4.142396266e-20
7.014925373e-05
4.87998967e-20
7.014925373e-05
4.898002438e-20
7.014925373e-05
4.593644104e-20
7.014925373e-05
5.141031866e-20
7.014925373e-05
2.657400077e-20
7.014925373e-05
2.070513632e-20
7.014925373e-05
4.151209479e-20
7.014925373e-05
2.812517325e-20
7.014925373e-05
1.46950147e-20
7.014925373e-05
1.887981582e-21
7.014925373e-05
-2.063848558e-21
7.014925373e-05
-1.972984853e-20
7.014925373e-05
-3.427641265e-20
7.014925373e-05
-4.138934128e-20
7.014925373e-05
-3.731395844e-20
7.014925373e-05
-2.564156772e-20
7.014925373e-05
-1.013893075e-20
7.014925373e-05
-2.173288089e-20
7.014925373e-05
-6.966020694e-22
7.014925373e-05
2.236579334e-20
7.014925373e-05
3.155468042e-21
7.014925373e-05
-1.803215257e-20
7.014925373e-05
-2.983908166e-21
7.014925373e-05
8.131015934e-21
7.014925373e-05
-5.560571382e-21
7.014925373e-05
-3.34782989e-20
7.014925373e-05
-4.206483924e-20
7.014925373e-05
-1.657455385e-20
7.014925373e-05
-2.32410668e-20
7.014925373e-05
-3.474197743e-20
7.014925373e-05
-2.322236247e-20
7.014925373e-05
-2.630928148e-20
7.014925373e-05
-1.679149056e-20
7.014925373e-05
1.053551484e-20
7.014925373e-05
2.482938559e-20
7.014925373e-05
2.464510807e-20
7.014925373e-05
2.26584094e-20
7.014925373e-05
-3.538849076e-20
7.014925373e-05
-4.798909523e-20
7.014925373e-05
-3.988500635e-20
7.014925373e-05
-2.486470009e-20
7.014925373e-05
-1.394678914e-20
7.014925373e-05
8.481682388e-21
7.014925373e-05
-5.045223028e-21
7.014925373e-05
-3.450155293e-21
7.014925373e-05
2.467537865e-20
7.014925373e-05
6.945681765e-21
7.014925373e-05
-9.129263042e-21
7.014925373e-05
1.050061784e-20
7.014925373e-05
1.328184178e-21
7.014925373e-05
2.486506378e-20
7.014925373e-05
4.013654963e-20
7.014925373e-05
2.559064464e-20
7.014925373e-05
1.147640023e-20
7.014925373e-05
3.139487997e-20
7.014925373e-05
3.051879176e-20
7.014925373e-05
2.35664627e-20
7.014925373e-05
3.997588307e-21
7.014925373e-05
-1.418730656e-21
7.014925373e-05
1.451298469e-20
7.014925373e-05
1.15870717e-20
7.014925373e-05
1.318011664e-20
7.014925373e-05
3.096380025e-20
7.014925373e-05
3.593588564e-20
7.014925373e-05
-7.329542387e-21
7.014925373e-05
-2.244990779e-20
7.014925373e-05
-3.145918423e-20
7.014925373e-05
-2.906149182e-20
7.014925373e-05
-1.091469954e-21
7.014925373e-05
4.211754907e-21
7.014925373e-05
6.644054383e-21
7.014925373e-05
-3.647105568e-21
7.014925373e-05
-1.043651246e-20
7.014925373e-05
5.354493022e-21
7.014925373e-05
3.845613959e-20
7.014925373e-05
-1.025197032e-20
7.014925373e-05
-1.474392068e-20
7.014925373e-05
2.993424197e-20
7.014925373e-05
3.417516223e-20
7.014925373e-05
1.080891835e-20
7.014925373e-05
1.425298287e-20
7.014925373e-05
2.07300572e-20
7.014925373e-05
1.005571384e-20
7.014925373e-05
-1.430165846e-20
7.014925373e-05
-2.039020863e-20
7.014925373e-05
-3.729386485e-21
7.014925373e-05
3.616649196e-21
7.014925373e-05
1.290106064e-20
7.014925373e-05
3.325092357e-21
7.014925373e-05
-2.434867322e-20
7.014925373e-05
-2.927536898e-20
7.014925373e-05
-1.996696786e-20
7.014925373e-05
-1.213936671e-20
7.014925373e-05
-4.94106281e-20
7.014925373e-05
-2.548885993e-20
7.014925373e-05
3.418760855e-20
7.014925373e-05
1.654383806e-20
7.014925373e-05
-1.080632143e-20
7.014925373e-05
2.565030402e-20
7.014925373e-05
4.434088318e-20
7.014925373e-05
1.01899771e-20
7.014925373e-05
-1.891168341e-20
7.014925373e-05
-3.5725024e-20
7.014925373e-05
-2.024681457e-20
7.014925373e-05
-1.032638606e-20
7.014925373e-05
-2.68887536e-20
7.014925373e-05
-1.607506215e-20
7.014925373e-05
1.543225381e-20
7.014925373e-05
4.946775814e-21
7.014925373e-05
8.811672581e-21
7.014925373e-05
1.732088813e-20
7.014925373e-05
3.70279518e-20
7.014925373e-05
4.006413454e-20
7.014925373e-05
2.340534655e-20
7.014925373e-05
-7.807835101e-21
7.014925373e-05
3.198837312e-20
7.014925373e-05
4.336104032e-20
7.014925373e-05
1.871317521e-20
7.014925373e-05
6.533743383e-21
7.014925373e-05
-7.146362605e-21
7.014925373e-05
2.313793314e-21
7.014925373e-05
-3.537521344e-20
7.014925373e-05
-4.762898537e-20
7.014925373e-05
-4.812440782e-20
7.014925373e-05
-1.686979022e-20
7.014925373e-05
-3.358123517e-20
7.014925373e-05
4.178525811e-21
7.014925373e-05
5.309468735e-20
7.014925373e-05
4.844188184e-20
7.014925373e-05
5.910811742e-21
7.014925373e-05
-4.490653936e-20
7.014925373e-05
-3.26787812e-20
7.014925373e-05
-6.754963502e-22
7.014925373e-05
-2.232812586e-20
7.014925373e-05
-2.893047881e-20
7.014925373e-05
-2.584669501e-20
7.014925373e-05
-1.184280073e-21
7.014925373e-05
-8.596029687e-22
7.014925373e-05
-4.215428594e-20
7.014925373e-05
-4.240540561e-21
7.014925373e-05
3.818938492e-20
7.014925373e-05
5.695428433e-20
7.014925373e-05
6.737583699e-20
7.014925373e-05
4.28564958e-20
7.014925373e-05
5.423225435e-20
7.014925373e-05
3.563073236e-20
7.014925373e-05
-1.28844637e-20
7.014925373e-05
-5.992145137e-20
7.014925373e-05
-3.815645965e-20
7.014925373e-05
-5.07257245e-21
7.014925373e-05
-1.927649801e-20
7.014925373e-05
-9.12791101e-21
7.014925373e-05
4.678269643e-20
7.014925373e-05
1.297806806e-20
7.014925373e-05
-2.493279818e-20
7.014925373e-05
-1.777143256e-20
7.014925373e-05
-4.084649958e-21
7.014925373e-05
1.492327249e-20
7.014925373e-05
4.372055161e-21
7.014925373e-05
-3.229992926e-21
7.014925373e-05
-1.787939254e-21
7.014925373e-05
-1.637010387e-20
7.014925373e-05
-4.800232868e-20
7.014925373e-05
-1.342623108e-20
7.014925373e-05
5.358867835e-20
7.014925373e-05
5.061054817e-20
7.014925373e-05
3.285713189e-20
7.014925373e-05
-2.233981419e-20
7.014925373e-05
-3.610126958e-21
7.014925373e-05
3.1372563e-21
7.014925373e-05
-2.952905962e-20
7.014925373e-05
-3.872558832e-20
7.014925373e-05
-5.375585324e-21
7.014925373e-05
-3.505213442e-20
7.014925373e-05
-4.849085679e-20
7.014925373e-05
1.262323141e-21
7.014925373e-05
1.623708416e-20
7.014925373e-05
3.421353856e-20
7.014925373e-05
4.829634626e-20
7.014925373e-05
-4.095098407e-21
7.014925373e-05
-1.611598256e-20
7.014925373e-05
1.200714133e-20
7.014925373e-05
5.370993023e-20
7.014925373e-05
-3.094816564e-21
7.014925373e-05
-8.393499729e-20
7.014925373e-05
-1.208120214e-20
7.014925373e-05
3.695872871e-21
7.014925373e-05
-6.979589154e-20
7.014925373e-05
-7.089416561e-20
7.014925373e-05
-1.720911309e-20
7.014925373e-05
1.047706272e-20
7.014925373e-05
2.879242285e-20
7.014925373e-05
5.267551302e-21
7.014925373e-05
-9.4040638e-21
7.014925373e-05
-4.585274075e-21
7.014925373e-05
-5.769859066e-21
7.014925373e-05
-2.790668757e-20
5.70943424e-21
7.313432836e-05
3.569012704e-20
7.313432836e-05
2.41128588e-20
7.313432836e-05
4.80834667e-20
7.313432836e-05
4.735718429e-20
7.313432836e-05
4.30999504e-20
7.313432836e-05
7.114538257e-20
7.313432836e-05
4.688180214e-20
7.313432836e-05
3.419946047e-20
7.313432836e-05
3.104473919e-20
7.313432836e-05
1.398119624e-20
7.313432836e-05
4.738803283e-21
7.313432836e-05
7.458025915e-21
7.313432836e-05
5.871556109e-21
7.313432836e-05
-2.742871663e-20
7.313432836e-05
-3.995720183e-20
7.313432836e-05
-4.373933094e-20
7.313432836e-05
-3.883854044e-20
7.313432836e-05
-2.774555742e-20
7.313432836e-05
-5.262235021e-24
7.313432836e-05
-1.634300653e-21
7.313432836e-05
1.401954348e-20
7.313432836e-05
2.800982752e-20
7.313432836e-05
-6.145180611e-21
7.313432836e-05
-2.032390847e-20
7.313432836e-05
-2.429618578e-21
7.313432836e-05
-1.559536554e-20
7.313432836e-05
-2.308009424e-20
7.313432836e-05
-2.493758073e-20
7.313432836e-05
-1.937530003e-20
7.313432836e-05
-1.706736302e-20
7.313432836e-05
-3.991291596e-20
7.313432836e-05
-3.173543392e-20
7.313432836e-05
-4.231640821e-20
7.313432836e-05
-2.929586449e-20
7.313432836e-05
-1.330802833e-20
7.313432836e-05
1.796037129e-20
7.313432836e-05
1.681372637e-20
7.313432836e-05
2.255113652e-20
7.313432836e-05
9.420662062e-21
7.313432836e-05
-1.860616373e-20
7.313432836e-05
-3.523876395e-20
7.313432836e-05
-3.621117013e-20
7.313432836e-05
-2.816485166e-20
7.313432836e-05
-2.784290565e-20
7.313432836e-05
1.830063788e-21
7.313432836e-05
-5.872718667e-22
7.313432836e-05
1.102052701e-20
7.313432836e-05
2.545068827e-20
7.313432836e-05
1.176611533e-20
7.313432836e-05
-4.103943417e-21
7.313432836e-05
6.160541205e-21
7.313432836e-05
5.047995184e-21
7.313432836e-05
2.847053443e-20
7.313432836e-05
3.616132623e-20
7.313432836e-05
2.632150114e-20
7.313432836e-05
3.504452332e-20
7.313432836e-05
3.113097277e-20
7.313432836e-05
8.933338269e-21
7.313432836e-05
1.746493969e-20
7.313432836e-05
1.687599835e-20
7.313432836e-05
1.183425411e-20
7.313432836e-05
1.130345024e-20
7.313432836e-05
7.53627209e-22
7.313432836e-05
2.365639928e-21
7.313432836e-05
2.490658254e-20
7.313432836e-05
1.908350213e-20
7.313432836e-05
-4.897613458e-21
7.313432836e-05
-7.331236964e-21
7.313432836e-05
-1.706961276e-20
7.313432836e-05
-1.319157425e-20
7.313432836e-05
-8.86804033e-21
7.313432836e-05
9.823252346e-21
7.313432836e-05
2.355889135e-21
7.313432836e-05
1.211741757e-20
7.313432836e-05
-2.7604651e-21
7.313432836e-05
-4.394256559e-21
7.313432836e-05
2.283785608e-20
7.313432836e-05
1.475779156e-20
7.313432836e-05
-1.698897985e-20
7.313432836e-05
2.327428041e-20
7.313432836e-05
1.427517807e-20
7.313432836e-05
1.585349909e-20
7.313432836e-05
1.40382004e-20
7.313432836e-05
1.729711872e-20
7.313432836e-05
5.1167778e-21
7.313432836e-05
-4.023323463e-20
7.313432836e-05
-4.149893672e-20
7.313432836e-05
-1.764487811e-21
7.313432836e-05
6.042466468e-21
7.313432836e-05
1.824149199e-20
7.313432836e-05
9.14605993e-21
7.313432836e-05
-9.750242942e-21
7.313432836e-05
-2.052079485e-20
7.313432836e-05
-5.126026778e-21
7.313432836e-05
-1.625315662e-20
7.313432836e-05
-4.834339181e-20
7.313432836e-05
-9.729872301e-21
7.313432836e-05
1.040078729e-20
7.313432836e-05
-5.037620627e-21
7.313432836e-05
-1.526974391e-20
7.313432836e-05
6.350754216e-21
7.313432836e-05
3.333462431e-20
7.313432836e-05
3.234968283e-20
7.313432836e-05
-3.453501585e-20
7.313432836e-05
-3.124358751e-20
7.313432836e-05
-2.681742392e-20
7.313432836e-05
-2.300243001e-20
7.313432836e-05
-7.165596932e-21
7.313432836e-05
-4.658612913e-22
7.313432836e-05
8.285832027e-22
7.313432836e-05
-4.170011705e-21
7.313432836e-05
1.475470685e-20
7.313432836e-05
2.922420929e-20
7.313432836e-05
2.705972621e-20
7.313432836e-05
3.321435202e-20
7.313432836e-05
3.067748309e-20
7.313432836e-05
1.160933776e-20
7.313432836e-05
9.926956696e-21
7.313432836e-05
3.202056839e-20
7.313432836e-05
1.722452871e-20
7.313432836e-05
5.627144402e-21
7.313432836e-05
1.167938469e-20
7.313432836e-05
-8.225088875e-21
7.313432836e-05
-3.473996502e-20
7.313432836e-05
-5.397097286e-20
7.313432836e-05
-6.227581156e-20
7.313432836e-05
-8.918120854e-21
7.313432836e-05
-1.648613255e-20
7.313432836e-05
2.723552218e-21
7.313432836e-05
3.864983288e-20
7.313432836e-05
4.32884094e-20
7.313432836e-05
1.615604357e-20
7.313432836e-05
-3.508997205e-20
7.313432836e-05
-4.454563599e-20
7.313432836e-05
-1.277244224e-20
7.313432836e-05
-2.816867459e-20
7.313432836e-05
-3.370662939e-20
7.313432836e-05
-2.231379798e-20
7.313432836e-05
3.088064382e-21
7.313432836e-05
7.958894109e-21
7.313432836e-05
-2.802366587e-20
7.313432836e-05
1.359103555e-20
7.313432836e-05
4.643219022e-20
7.313432836e-05
5.100014689e-20
7.313432836e-05
4.427122673e-20
7.313432836e-05
3.802895573e-20
7.313432836e-05
6.891003684e-20
7.313432836e-05
3.628945042e-20
7.313432836e-05
-9.131976644e-21
7.313432836e-05
-3.377197232e-20
7.313432836e-05
-2.917245908e-20
7.313432836e-05
-2.179083358e-20
7.313432836e-05
-3.699678823e-20
7.313432836e-05
-4.534517776e-21
7.313432836e-05
2.404921247e-20
7.313432836e-05
1.819821497e-20
7.313432836e-05
-1.752706618e-20
7.313432836e-05
-1.881749918e-20
7.313432836e-05
-1.474599345e-20
7.313432836e-05
-5.706431188e-21
7.313432836e-05
8.513987362e-21
7.313432836e-05
6.721769479e-21
7.313432836e-05
5.849074207e-21
7.313432836e-05
-7.995463184e-22
7.313432836e-05
-2.836170857e-20
7.313432836e-05
5.161615239e-21
7.313432836e-05
4.810296093e-20
7.313432836e-05
5.594364989e-20
7.313432836e-05
4.012041368e-20
7.313432836e-05
-3.19234915e-20
7.313432836e-05
-2.691430599e-20
7.313432836e-05
-1.396680675e-21
7.313432836e-05
-2.737967625e-20
7.313432836e-05
-4.818879447e-20
7.313432836e-05
-2.204535034e-20
7.313432836e-05
-2.392821743e-20
7.313432836e-05
-5.442896695e-20
7.313432836e-05
-7.456015046e-21
7.313432836e-05
2.622729747e-20
7.313432836e-05
5.286498478e-20
7.313432836e-05
3.751974099e-20
7.313432836e-05
7.725992564e-22
7.313432836e-05
1.282607977e-20
7.313432836e-05
1.500895531e-20
7.313432836e-05
4.067412761e-20
7.313432836e-05
-1.083329738e-20
7.313432836e-05
-6.789745595e-20
7.313432836e-05
-2.283917966e-20
7.313432836e-05
-3.212540418e-21
7.313432836e-05
-6.470276299e-20
7.313432836e-05
-6.165742906e-20
7.313432836e-05
-2.661070449e-20
7.313432836e-05
-2.228763022e-21
7.313432836e-05
3.02049303e-20
7.313432836e-05
3.345612455e-20
7.313432836e-05
-6.446229794e-21
7.313432836e-05
-1.889436308e-20
7.313432836e-05
-5.76709227e-21
7.313432836e-05
-3.305838356e-20
-8.860776137e-22
7.462686567e-05
2.651440868e-20
7.462686567e-05
2.608417538e-20
7.462686567e-05
3.879951072e-20
7.462686567e-05
4.304942971e-20
7.462686567e-05
4.383799189e-20
7.462686567e-05
6.585103673e-20
7.462686567e-05
4.477645744e-20
7.462686567e-05
2.092588216e-20
7.462686567e-05
2.363211303e-20
7.462686567e-05
1.913752659e-20
7.462686567e-05
1.378143415e-20
7.462686567e-05
4.063047014e-21
7.462686567e-05
5.065792949e-21
7.462686567e-05
-2.011708674e-20
7.462686567e-05
-3.937295957e-20
7.462686567e-05
-3.459495563e-20
7.462686567e-05
-3.418059149e-20
7.462686567e-05
-1.725169309e-20
7.462686567e-05
3.491239918e-21
7.462686567e-05
-5.787846446e-22
7.462686567e-05
7.814009726e-21
7.462686567e-05
1.433222026e-20
7.462686567e-05
-4.414554204e-21
7.462686567e-05
-3.962559561e-21
7.462686567e-05
-1.174375642e-20
7.462686567e-05
-3.127519203e-20
7.462686567e-05
-3.391348028e-20
7.462686567e-05
-1.427320574e-20
7.462686567e-05
-1.2435811e-20
7.462686567e-05
-1.53035599e-20
7.462686567e-05
-4.632380767e-20
7.462686567e-05
-4.999972571e-20
7.462686567e-05
-3.190579062e-20
7.462686567e-05
-1.801318165e-20
7.462686567e-05
-4.345235937e-21
7.462686567e-05
6.405488396e-21
7.462686567e-05
1.452860556e-20
7.462686567e-05
1.920793981e-20
7.462686567e-05
4.156245921e-21
7.462686567e-05
-2.984052565e-20
7.462686567e-05
-2.844858188e-20
7.462686567e-05
-1.204161091e-20
7.462686567e-05
-2.334239944e-20
7.462686567e-05
-4.236691653e-20
7.462686567e-05
-1.510367664e-20
7.462686567e-05
-8.937672575e-22
7.462686567e-05
7.3117239e-21
7.462686567e-05
1.801613736e-20
7.462686567e-05
1.601272043e-20
7.462686567e-05
6.416890642e-21
7.462686567e-05
5.803243707e-21
7.462686567e-05
1.202372446e-20
7.462686567e-05
3.756449709e-20
7.462686567e-05
3.577457322e-20
7.462686567e-05
2.536613328e-20
7.462686567e-05
3.822571896e-20
7.462686567e-05
4.101873644e-20
7.462686567e-05
6.716503552e-21
7.462686567e-05
6.490001044e-21
7.462686567e-05
1.71891184e-20
7.462686567e-05
1.938187721e-20
7.462686567e-05
-2.015498592e-22
7.462686567e-05
1.992202882e-21
7.462686567e-05
9.02198678e-21
7.462686567e-05
1.808290412e-20
7.462686567e-05
3.402554768e-21
7.462686567e-05
4.387499655e-21
7.462686567e-05
-1.123511961e-20
7.462686567e-05
-1.105344977e-20
7.462686567e-05
-1.06932629e-20
7.462686567e-05
-3.014782212e-23
7.462686567e-05
2.174775864e-20
7.462686567e-05
4.238544146e-22
7.462686567e-05
9.371378965e-21
7.462686567e-05
1.711277274e-20
7.462686567e-05
1.220173322e-21
7.462686567e-05
5.697656344e-21
7.462686567e-05
1.00107866e-20
7.462686567e-05
4.917301696e-21
7.462686567e-05
1.239595625e-20
7.462686567e-05
-6.144607363e-21
7.462686567e-05
7.688214248e-21
7.462686567e-05
2.889546515e-21
7.462686567e-05
1.140808483e-20
7.462686567e-05
-8.053506906e-21
7.462686567e-05
-4.854928411e-20
7.462686567e-05
-3.848153277e-20
7.462686567e-05
6.39142947e-21
7.462686567e-05
4.234275416e-21
7.462686567e-05
4.803645201e-21
7.462686567e-05
1.643724285e-20
7.462686567e-05
-1.618562164e-20
7.462686567e-05
-2.094059417e-20
7.462686567e-05
9.512610889e-22
7.462686567e-05
-1.266996155e-20
7.462686567e-05
-3.981487616e-20
7.462686567e-05
-8.982545729e-21
7.462686567e-05
-5.191662483e-21
7.462686567e-05
-1.868220836e-20
7.462686567e-05
7.270592331e-22
7.462686567e-05
-2.570827159e-21
7.462686567e-05
-3.812620089e-21
7.462686567e-05
8.689248957e-21
7.462686567e-05
-5.907077684e-22
7.462686567e-05
-3.460854937e-20
7.462686567e-05
-3.588853508e-20
7.462686567e-05
-1.22929359e-21
7.462686567e-05
-5.100485746e-22
7.462686567e-05
-9.725846644e-21
7.462686567e-05
-1.915174671e-20
7.462686567e-05
1.450542297e-20
7.462686567e-05
3.818873718e-20
7.462686567e-05
2.026865174e-20
7.462686567e-05
1.287127694e-20
7.462686567e-05
2.902618834e-20
7.462686567e-05
4.507354139e-20
7.462686567e-05
2.669520729e-20
7.462686567e-05
9.312496149e-22
7.462686567e-05
2.977544146e-20
7.462686567e-05
2.316343854e-20
7.462686567e-05
9.153948537e-21
7.462686567e-05
2.037297514e-20
7.462686567e-05
-1.598366609e-21
7.462686567e-05
-3.397058432e-20
7.462686567e-05
-6.449475051e-20
7.462686567e-05
-6.317196966e-20
7.462686567e-05
-9.971658841e-21
7.462686567e-05
-3.569704864e-21
7.462686567e-05
1.427696837e-21
7.462686567e-05
3.462092187e-20
7.462686567e-05
3.798188615e-20
7.462686567e-05
2.175689784e-20
7.462686567e-05
-2.905726216e-20
7.462686567e-05
-2.923309794e-20
7.462686567e-05
-3.381161142e-20
7.462686567e-05
-3.213832622e-20
7.462686567e-05
-2.265682351e-20
7.462686567e-05
-2.435245995e-20
7.462686567e-05
1.099989334e-20
7.462686567e-05
5.581365376e-21
7.462686567e-05
-2.683547623e-20
7.462686567e-05
2.804735821e-20
7.462686567e-05
6.50910667e-20
7.462686567e-05
3.483489112e-20
7.462686567e-05
3.763530897e-20
7.462686567e-05
4.416009124e-20
7.462686567e-05
6.390632847e-20
7.462686567e-05
3.720906991e-20
7.462686567e-05
2.046877e-20
7.462686567e-05
-1.709709906e-20
7.462686567e-05
-3.735599544e-21
7.462686567e-05
-4.426872572e-20
7.462686567e-05
-5.530186156e-20
7.462686567e-05
-1.282133645e-20
7.462686567e-05
6.608517394e-21
7.462686567e-05
6.137375564e-21
7.462686567e-05
8.861267614e-21
7.462686567e-05
-1.162017721e-20
7.462686567e-05
-2.811383052e-20
7.462686567e-05
-2.506230782e-20
7.462686567e-05
1.677577505e-20
7.462686567e-05
2.233483329e-20
7.462686567e-05
-6.941278934e-21
7.462686567e-05
-2.110680189e-21
7.462686567e-05
-1.554687854e-20
7.462686567e-05
2.094337901e-20
7.462686567e-05
4.376755067e-20
7.462686567e-05
6.459439854e-20
7.462686567e-05
4.453885303e-20
7.462686567e-05
-2.959796043e-20
7.462686567e-05
-3.008621306e-20
7.462686567e-05
-3.342710731e-20
7.462686567e-05
-3.821309313e-20
7.462686567e-05
-4.755302145e-20
7.462686567e-05
-2.788098817e-20
7.462686567e-05
-2.686602258e-20
7.462686567e-05
-4.940307544e-20
7.462686567e-05
-3.231271304e-21
7.462686567e-05
4.066746657e-20
7.462686567e-05
2.53001371e-20
7.462686567e-05
3.937794817e-20
7.462686567e-05
2.891715097e-20
7.462686567e-05
3.090672652e-20
7.462686567e-05
3.554335187e-20
7.462686567e-05
9.000674291e-22
7.462686567e-05
-9.497478881e-21
7.462686567e-05
-2.961256849e-20
7.462686567e-05
-3.628342984e-20
7.462686567e-05
-3.3945217e-20
7.462686567e-05
-5.600759073e-20
7.462686567e-05
-3.76987949e-20
7.462686567e-05
-1.706683975e-20
7.462686567e-05
1.797766121e-20
7.462686567e-05
3.250558599e-20
7.462686567e-05
2.122516532e-20
7.462686567e-05
-7.229690482e-21
7.462686567e-05
-1.11038133e-20
7.462686567e-05
-1.992799147e-20
7.462686567e-05
-2.194540217e-20
9.947152979e-22
7.462686567e-05
5.849764396e-21
7.462686567e-05
3.141420037e-20
7.462686567e-05
3.305783898e-20
7.462686567e-05
1.949173364e-20
7.462686567e-05
5.070531769e-20
7.462686567e-05
4.993656635e-20
7.462686567e-05
4.237999637e-20
7.462686567e-05
1.829496439e-20
7.462686567e-05
1.331239512e-20
7.462686567e-05
2.115395135e-20
7.462686567e-05
1.423964017e-20
7.462686567e-05
-2.351354009e-22
7.462686567e-05
1.3158414e-21
7.462686567e-05
-1.130986661e-20
7.462686567e-05
-3.275439168e-20
7.462686567e-05
-2.084443389e-20
7.462686567e-05
-2.330840051e-20
7.462686567e-05
-2.284354236e-20
7.462686567e-05
-1.426214201e-20
7.462686567e-05
-8.443731676e-21
7.462686567e-05
4.988786079e-21
7.462686567e-05
1.017475699e-20
7.462686567e-05
-4.859558326e-21
7.462686567e-05
2.458454116e-21
7.462686567e-05
-3.81506628e-21
7.462686567e-05
-3.382346487e-20
7.462686567e-05
-5.038865906e-20
7.462686567e-05
-1.348588166e-20
7.462686567e-05
5.249525075e-21
7.462686567e-05
-1.062548851e-20
7.462686567e-05
-4.209104076e-20
7.462686567e-05
-5.230504547e-20
7.462686567e-05
-2.802683075e-20
7.462686567e-05
-1.69686019e-20
7.462686567e-05
-4.593363229e-21
7.462686567e-05
1.532718092e-20
7.462686567e-05
1.192012208e-20
7.462686567e-05
1.211256054e-21
7.462686567e-05
4.646641071e-21
7.462686567e-05
-2.513147072e-20
7.462686567e-05
-1.606620134e-20
7.462686567e-05
6.760393717e-21
7.462686567e-05
-3.654904333e-20
7.462686567e-05
-4.67609691e-20
7.462686567e-05
-2.342287773e-20
7.462686567e-05
-1.521158766e-20
7.462686567e-05
7.636897919e-21
7.462686567e-05
3.63350989e-20
7.462686567e-05
3.176664064e-20
7.462686567e-05
9.42473188e-22
7.462686567e-05
6.833933365e-21
7.462686567e-05
2.238210013e-20
7.462686567e-05
2.68532042e-20
7.462686567e-05
2.522692932e-20
7.462686567e-05
3.730856784e-20
7.462686567e-05
4.625352411e-20
7.462686567e-05
3.517753648e-20
7.462686567e-05
6.663609381e-21
7.462686567e-05
1.204731599e-20
7.462686567e-05
6.185062457e-21
7.462686567e-05
2.267863523e-21
7.462686567e-05
1.456958524e-20
7.462686567e-05
2.407940125e-20
7.462686567e-05
1.355704449e-20
7.462686567e-05
3.415130357e-22
7.462686567e-05
1.160712342e-20
7.462686567e-05
-1.716297338e-20
7.462686567e-05
-4.16254647e-21
7.462686567e-05
-2.036615672e-20
7.462686567e-05
-1.867614741e-20
7.462686567e-05
2.53497126e-20
7.462686567e-05
2.564008917e-20
7.462686567e-05
-7.128317351e-21
7.462686567e-05
8.624663172e-21
7.462686567e-05
1.557546299e-20
7.462686567e-05
-6.475116938e-21
7.462686567e-05
-1.484721177e-20
7.462686567e-05
2.910664939e-20
7.462686567e-05
2.901962204e-20
7.462686567e-05
-9.937582626e-21
7.462686567e-05
-3.084651542e-20
7.462686567e-05
-1.137119119e-20
7.462686567e-05
-9.195170942e-21
7.462686567e-05
9.08062131e-21
7.462686567e-05
7.745647005e-21
7.462686567e-05
-3.58510907e-20
7.462686567e-05
-3.672110839e-20
7.462686567e-05
-5.124731084e-21
7.462686567e-05
4.520365044e-21
7.462686567e-05
8.228123986e-21
7.462686567e-05
8.38521344e-21
7.462686567e-05
-5.638021882e-21
7.462686567e-05
-3.048523706e-21
7.462686567e-05
5.482573892e-21
7.462686567e-05
-2.349414345e-20
7.462686567e-05
-2.204941051e-20
7.462686567e-05
-1.817690022e-20
7.462686567e-05
-3.162950001e-20
7.462686567e-05
-1.825163313e-20
7.462686567e-05
-5.898185554e-21
7.462686567e-05
-2.490797061e-20
7.462686567e-05
-1.156973029e-20
7.462686567e-05
1.368770136e-20
7.462686567e-05
-1.351887944e-20
7.462686567e-05
-1.726821915e-20
7.462686567e-05
-1.904078674e-20
7.462686567e-05
3.396078749e-21
7.462686567e-05
1.256894195e-20
7.462686567e-05
-2.550171587e-20
7.462686567e-05
-1.840808407e-20
7.462686567e-05
1.438164382e-20
7.462686567e-05
5.530796404e-20
7.462686567e-05
3.167378191e-20
7.462686567e-05
4.564569747e-21
7.462686567e-05
1.175655675e-20
7.462686567e-05
4.422922637e-20
7.462686567e-05
2.828205301e-20
7.462686567e-05
9.513337448e-21
7.462686567e-05
2.405338778e-20
7.462686567e-05
2.388190667e-20
7.462686567e-05
1.331495126e-20
7.462686567e-05
1.516599789e-20
7.462686567e-05
-1.351369411e-20
7.462686567e-05
-3.573430653e-20
7.462686567e-05
-4.380124399e-20
7.462686567e-05
-4.327776397e-20
7.462686567e-05
-1.879974339e-20
7.462686567e-05
-1.221018812e-20
7.462686567e-05
-9.297004456e-23
7.462686567e-05
1.855969671e-21
7.462686567e-05
2.937949305e-20
7.462686567e-05
2.26002371e-20
7.462686567e-05
-9.502500536e-21
7.462686567e-05
-2.965084052e-20
7.462686567e-05
-5.316262441e-20
7.462686567e-05
-2.480392264e-20
7.462686567e-05
-4.00664519e-21
7.462686567e-05
-1.658481927e-20
7.462686567e-05
-4.501557125e-21
7.462686567e-05
-8.408381813e-21
7.462686567e-05
-3.855559976e-21
7.462686567e-05
5.605187376e-20
7.462686567e-05
7.857133527e-20
7.462686567e-05
2.695920753e-20
7.462686567e-05
1.916131455e-20
7.462686567e-05
4.485771287e-20
7.462686567e-05
5.077895649e-20
7.462686567e-05
4.018132141e-20
7.462686567e-05
3.903563395e-20
7.462686567e-05
2.218309029e-20
7.462686567e-05
8.267220446e-21
7.462686567e-05
-6.522449807e-20
7.462686567e-05
-5.855814537e-20
7.462686567e-05
-9.466478775e-21
7.462686567e-05
-9.220076105e-21
7.462686567e-05
-1.414417047e-20
7.462686567e-05
1.45860669e-20
7.462686567e-05
-4.061969949e-22
7.462686567e-05
-2.23882648e-20
7.462686567e-05
-3.220498896e-20
7.462686567e-05
1.558015828e-20
7.462686567e-05
1.101779589e-20
7.462686567e-05
7.503732177e-21
7.462686567e-05
3.611695379e-21
7.462686567e-05
4.011876082e-21
7.462686567e-05
2.291493434e-20
7.462686567e-05
3.695737719e-20
7.462686567e-05
7.556338086e-20
7.462686567e-05
3.178522606e-20
7.462686567e-05
-2.565786281e-20
7.462686567e-05
-2.172947741e-20
7.462686567e-05
-5.173102028e-20
7.462686567e-05
-5.755078758e-20
7.462686567e-05
-3.993634464e-20
7.462686567e-05
-3.664042618e-20
7.462686567e-05
-2.602784763e-20
7.462686567e-05
-5.670153301e-20
7.462686567e-05
-1.129977619e-20
7.462686567e-05
6.145915826e-20
7.462686567e-05
1.729608322e-20
7.462686567e-05
3.152726089e-20
7.462686567e-05
4.87086283e-20
7.462686567e-05
5.323436148e-20
7.462686567e-05
3.80051881e-20
7.462686567e-05
-2.710350738e-20
7.462686567e-05
-1.7871519e-20
7.462686567e-05
9.477643631e-21
7.462686567e-05
-2.741517266e-20
7.462686567e-05
-3.97659586e-20
7.462686567e-05
-4.932628158e-20
7.462686567e-05
-1.870463348e-20
7.462686567e-05
4.403257449e-21
7.462686567e-05
1.134985329e-20
7.462686567e-05
1.612781514e-20
7.462686567e-05
2.321939177e-20
7.462686567e-05
5.611833649e-21
7.462686567e-05
-2.910329168e-20
7.462686567e-05
-1.451675169e-20
7.462686567e-05
-1.274318501e-20
9.36483426e-21
7.313432836e-05
4.700286273e-21
7.313432836e-05
8.502219904e-21
7.313432836e-05
2.128475299e-20
7.313432836e-05
1.719255128e-20
7.313432836e-05
3.765667985e-20
7.313432836e-05
4.073937971e-20
7.313432836e-05
3.685932248e-20
7.313432836e-05
2.086088103e-20
7.313432836e-05
-1.152016834e-20
7.313432836e-05
1.556766272e-20
7.313432836e-05
1.376159756e-20
7.313432836e-05
2.204182794e-21
7.313432836e-05
-9.376940413e-21
7.313432836e-05
-6.061053785e-21
7.313432836e-05
6.035510253e-23
7.313432836e-05
-2.607701758e-20
7.313432836e-05
-1.746504102e-20
7.313432836e-05
-1.537100287e-20
7.313432836e-05
-2.905266956e-20
7.313432836e-05
-6.308752338e-21
7.313432836e-05
-3.435757096e-22
7.313432836e-05
-1.580031724e-21
7.313432836e-05
1.038977598e-20
7.313432836e-05
6.48687847e-21
7.313432836e-05
-4.548704923e-21
7.313432836e-05
-4.267900616e-20
7.313432836e-05
-4.039041681e-20
7.313432836e-05
-2.757464741e-20
7.313432836e-05
1.227553607e-20
7.313432836e-05
-1.467774959e-20
7.313432836e-05
-2.037860903e-20
7.313432836e-05
-3.484226383e-20
7.313432836e-05
-2.706626334e-20
7.313432836e-05
-5.631037628e-21
7.313432836e-05
2.284338276e-20
7.313432836e-05
2.683196706e-21
7.313432836e-05
1.594009138e-20
7.313432836e-05
8.412756539e-21
7.313432836e-05
-2.390142191e-20
7.313432836e-05
-1.801230415e-20
7.313432836e-05
-7.087205322e-21
7.313432836e-05
1.524588871e-20
7.313432836e-05
-3.218183229e-20
7.313432836e-05
-4.880629391e-20
7.313432836e-05
-2.852935689e-20
7.313432836e-05
-2.798666212e-20
7.313432836e-05
6.339607157e-21
7.313432836e-05
4.345643812e-20
7.313432836e-05
4.43417732e-20
7.313432836e-05
4.45061809e-21
7.313432836e-05
4.914496947e-21
7.313432836e-05
1.10315402e-20
7.313432836e-05
1.946383625e-20
7.313432836e-05
1.978908646e-20
7.313432836e-05
1.711056656e-20
7.313432836e-05
5.838978358e-20
7.313432836e-05
4.364530766e-20
7.313432836e-05
-1.217241643e-21
7.313432836e-05
-5.861943248e-21
7.313432836e-05
1.69488786e-20
7.313432836e-05
3.168871733e-20
7.313432836e-05
-8.456017745e-21
7.313432836e-05
1.69378603e-20
7.313432836e-05
1.482284767e-20
7.313432836e-05
1.090973195e-20
7.313432836e-05
-6.605322775e-22
7.313432836e-05
-1.949308068e-20
7.313432836e-05
-3.977585052e-21
7.313432836e-05
-8.035208592e-21
7.313432836e-05
-7.629053117e-21
7.313432836e-05
4.021435019e-20
7.313432836e-05
1.9711851e-20
7.313432836e-05
-1.178772727e-20
7.313432836e-05
1.088545888e-20
7.313432836e-05
2.195312144e-20
7.313432836e-05
-1.624953021e-20
7.313432836e-05
-2.503043876e-20
7.313432836e-05
2.905932154e-20
7.313432836e-05
3.659470891e-20
7.313432836e-05
-6.845886435e-21
7.313432836e-05
-3.432834869e-20
7.313432836e-05
-2.59096929e-20
7.313432836e-05
-1.087005603e-20
7.313432836e-05
2.319871616e-21
7.313432836e-05
1.323555313e-20
7.313432836e-05
-2.563377638e-20
7.313432836e-05
-2.587982963e-20
7.313432836e-05
-1.995402984e-20
7.313432836e-05
1.642575506e-20
7.313432836e-05
1.405070863e-20
7.313432836e-05
8.784195671e-21
7.313432836e-05
-2.159118087e-20
7.313432836e-05
-1.130363023e-20
7.313432836e-05
1.053706053e-20
7.313432836e-05
-1.012839256e-20
7.313432836e-05
-8.138374614e-21
7.313432836e-05
-3.313610144e-20
7.313432836e-05
-4.570788619e-20
7.313432836e-05
-1.230351252e-20
7.313432836e-05
-2.0288422e-21
7.313432836e-05
-2.36440701e-20
7.313432836e-05
-2.601660337e-20
7.313432836e-05
1.638214358e-20
7.313432836e-05
4.925971481e-21
7.313432836e-05
-2.570637594e-20
7.313432836e-05
-2.494924671e-20
7.313432836e-05
2.618251093e-20
7.313432836e-05
2.512522605e-20
7.313432836e-05
-3.90323721e-20
7.313432836e-05
-2.302416097e-20
7.313432836e-05
1.955392498e-20
7.313432836e-05
7.11641095e-20
7.313432836e-05
5.231589403e-20
7.313432836e-05
1.561051282e-20
7.313432836e-05
5.043181221e-21
7.313432836e-05
2.934261585e-20
7.313432836e-05
1.873494536e-20
7.313432836e-05
1.061166007e-20
7.313432836e-05
1.729448803e-20
7.313432836e-05
3.307700272e-20
7.313432836e-05
1.535798211e-20
7.313432836e-05
-4.424485358e-21
7.313432836e-05
-2.089946752e-20
7.313432836e-05
-1.876315625e-20
7.313432836e-05
-3.103696546e-20
7.313432836e-05
-2.279879851e-20
7.313432836e-05
-2.444529795e-20
7.313432836e-05
-3.506743035e-20
7.313432836e-05
-1.87814382e-20
7.313432836e-05
-6.912966529e-22
7.313432836e-05
1.932520531e-20
7.313432836e-05
3.266140741e-20
7.313432836e-05
-1.816685611e-20
7.313432836e-05
-1.433603502e-20
7.313432836e-05
-5.778890062e-20
7.313432836e-05
-2.887343713e-20
7.313432836e-05
3.757904271e-21
7.313432836e-05
-8.006252426e-21
7.313432836e-05
-1.206757974e-20
7.313432836e-05
-3.564946492e-20
7.313432836e-05
8.912649735e-21
7.313432836e-05
7.99420851e-20
7.313432836e-05
9.610996914e-20
7.313432836e-05
3.650998172e-21
7.313432836e-05
3.143509786e-21
7.313432836e-05
6.543436675e-20
7.313432836e-05
3.681886921e-20
7.313432836e-05
3.633029842e-20
7.313432836e-05
5.249198582e-20
7.313432836e-05
5.079743768e-20
7.313432836e-05
1.230318524e-20
7.313432836e-05
-8.373234346e-20
7.313432836e-05
-6.588009439e-20
7.313432836e-05
1.907294463e-21
7.313432836e-05
-2.29115901e-20
7.313432836e-05
-3.501184418e-20
7.313432836e-05
1.020165375e-20
7.313432836e-05
9.895352951e-21
7.313432836e-05
-1.282967096e-20
7.313432836e-05
-4.245814104e-20
7.313432836e-05
1.107103549e-21
7.313432836e-05
1.127117471e-20
7.313432836e-05
2.051792819e-22
7.313432836e-05
1.191723561e-20
7.313432836e-05
1.295725239e-20
7.313432836e-05
2.32401206e-20
7.313432836e-05
3.923326956e-20
7.313432836e-05
7.688360837e-20
7.313432836e-05
1.892351958e-20
7.313432836e-05
-1.906747128e-20
7.313432836e-05
7.530304193e-21
7.313432836e-05
-8.008034298e-20
7.313432836e-05
-8.547679879e-20
7.313432836e-05
-2.541639191e-20
7.313432836e-05
-4.427976924e-20
7.313432836e-05
-1.466075449e-20
7.313432836e-05
-7.638825052e-20
7.313432836e-05
-9.704281831e-21
7.313432836e-05
8.060258858e-20
7.313432836e-05
-8.513946087e-22
7.313432836e-05
2.908372559e-20
7.313432836e-05
8.379052817e-20
7.313432836e-05
7.044126263e-20
7.313432836e-05
3.505886415e-20
7.313432836e-05
-6.9702358e-20
7.313432836e-05
-2.722278476e-20
7.313432836e-05
4.269405148e-20
7.313432836e-05
-2.694346859e-21
7.313432836e-05
-7.09792041e-20
7.313432836e-05
-5.150929781e-20
7.313432836e-05
4.41337685e-21
7.313432836e-05
2.496157676e-20
7.313432836e-05
1.844062977e-20
7.313432836e-05
-8.962224353e-21
7.313432836e-05
4.51405914e-21
7.313432836e-05
4.333924939e-21
7.313432836e-05
-1.675664197e-20
7.313432836e-05
-1.061262285e-20
7.313432836e-05
-3.635900053e-21
1.146069359e-20
7.014925373e-05
-1.036436521e-20
7.014925373e-05
9.603399045e-21
7.014925373e-05
2.12678752e-21
7.014925373e-05
-3.688368998e-21
7.014925373e-05
3.700723908e-20
7.014925373e-05
3.047360088e-20
7.014925373e-05
3.077227129e-20
7.014925373e-05
1.050837865e-20
7.014925373e-05
-2.151973479e-21
7.014925373e-05
3.767623823e-21
7.014925373e-05
1.650257061e-20
7.014925373e-05
1.304191409e-20
7.014925373e-05
4.143648937e-21
7.014925373e-05
-6.66350755e-21
7.014925373e-05
1.188136436e-20
7.014925373e-05
-1.107624402e-20
7.014925373e-05
-1.978097492e-20
7.014925373e-05
-1.337822458e-20
7.014925373e-05
-2.17546561e-20
7.014925373e-05
-2.541123563e-20
7.014925373e-05
-8.961376378e-22
7.014925373e-05
9.303745522e-22
7.014925373e-05
1.737457169e-20
7.014925373e-05
7.642843937e-21
7.014925373e-05
-1.666558776e-20
7.014925373e-05
-2.047249403e-20
7.014925373e-05
-4.619116207e-20
7.014925373e-05
-2.150660382e-20
7.014925373e-05
6.242899699e-21
7.014925373e-05
4.529578783e-23
7.014925373e-05
-1.744368098e-20
7.014925373e-05
-2.792622869e-20
7.014925373e-05
-2.203316617e-20
7.014925373e-05
-2.951761234e-21
7.014925373e-05
1.943583932e-20
7.014925373e-05
1.251818692e-20
7.014925373e-05
1.372644476e-20
7.014925373e-05
-1.837294927e-21
7.014925373e-05
-1.340513688e-20
7.014925373e-05
-2.026090689e-20
7.014925373e-05
-1.008457255e-20
7.014925373e-05
1.834128683e-20
7.014925373e-05
-1.062225099e-20
7.014925373e-05
-5.361885386e-20
7.014925373e-05
-4.263181818e-20
7.014925373e-05
-9.883892579e-21
7.014925373e-05
1.278834465e-20
7.014925373e-05
3.095683224e-20
7.014925373e-05
3.9218703e-20
7.014925373e-05
1.036268657e-20
7.014925373e-05
2.886805516e-21
7.014925373e-05
1.391670118e-20
7.014925373e-05
2.371505159e-20
7.014925373e-05
1.461942287e-20
7.014925373e-05
1.113539103e-20
7.014925373e-05
4.80274894e-20
7.014925373e-05
3.857425815e-20
7.014925373e-05
8.181270891e-21
7.014925373e-05
1.24536639e-20
7.014925373e-05
2.058350283e-20
7.014925373e-05
6.352492883e-21
7.014925373e-05
-7.277147073e-21
7.014925373e-05
1.153179329e-20
7.014925373e-05
1.029824704e-20
7.014925373e-05
1.622571511e-20
7.014925373e-05
7.392480838e-21
7.014925373e-05
-1.836305522e-20
7.014925373e-05
-4.97131791e-21
7.014925373e-05
3.208320837e-23
7.014925373e-05
-7.613415619e-21
7.014925373e-05
4.151532202e-20
7.014925373e-05
4.887573478e-21
7.014925373e-05
-2.17656317e-21
7.014925373e-05
1.314377933e-20
7.014925373e-05
1.876001143e-20
7.014925373e-05
-1.803752864e-20
7.014925373e-05
-5.082482344e-20
7.014925373e-05
2.010926276e-20
7.014925373e-05
4.810828768e-20
7.014925373e-05
-9.863968968e-21
7.014925373e-05
-3.337892698e-20
7.014925373e-05
-3.238801725e-20
7.014925373e-05
-1.98393286e-20
7.014925373e-05
2.57016896e-21
7.014925373e-05
2.891482786e-20
7.014925373e-05
1.121205045e-20
7.014925373e-05
-3.151331516e-20
7.014925373e-05
-4.797636634e-20
7.014925373e-05
5.007035825e-21
7.014925373e-05
2.56842244e-20
7.014925373e-05
-1.593653024e-20
7.014925373e-05
-9.725861709e-21
7.014925373e-05
1.122534339e-20
7.014925373e-05
1.166609766e-20
7.014925373e-05
-1.532059977e-20
7.014925373e-05
1.137943325e-20
7.014925373e-05
-2.608341198e-20
7.014925373e-05
-5.673978713e-20
7.014925373e-05
-1.573581046e-20
7.014925373e-05
-1.780538678e-22
7.014925373e-05
-2.086315429e-20
7.014925373e-05
-4.38689392e-20
7.014925373e-05
4.347551286e-21
7.014925373e-05
3.294937393e-20
7.014925373e-05
-3.381835289e-20
7.014925373e-05
-6.004768885e-20
7.014925373e-05
2.045908366e-20
7.014925373e-05
5.858683013e-20
7.014925373e-05
-2.627197545e-20
7.014925373e-05
-4.677577723e-20
7.014925373e-05
1.86665989e-20
7.014925373e-05
7.605403506e-20
7.014925373e-05
6.383010421e-20
7.014925373e-05
1.461115419e-20
7.014925373e-05
-1.64199129e-20
7.014925373e-05
-3.959460607e-21
7.014925373e-05
4.654509638e-20
7.014925373e-05
1.814773373e-20
7.014925373e-05
3.383626583e-21
7.014925373e-05
4.00679259e-20
7.014925373e-05
2.359828041e-20
7.014925373e-05
-2.215059477e-20
7.014925373e-05
-4.692071194e-20
7.014925373e-05
-1.161859191e-20
7.014925373e-05
2.73401001e-21
7.014925373e-05
-1.584664801e-20
7.014925373e-05
-2.367487172e-20
7.014925373e-05
-4.983892296e-20
7.014925373e-05
-1.638485844e-20
7.014925373e-05
-1.050599658e-20
7.014925373e-05
4.64637287e-21
7.014925373e-05
3.395793304e-20
7.014925373e-05
1.085748778e-20
7.014925373e-05
-1.382386113e-21
7.014925373e-05
-8.1602818e-20
7.014925373e-05
-1.957038655e-20
7.014925373e-05
2.31936809e-20
7.014925373e-05
4.663299991e-21
7.014925373e-05
-4.63317011e-20
7.014925373e-05
-7.122488009e-20
7.014925373e-05
2.292490728e-20
7.014925373e-05
9.866696679e-20
7.014925373e-05
7.458624641e-20
7.014925373e-05
-1.97815193e-20
7.014925373e-05
-1.486378872e-20
7.014925373e-05
7.940784788e-20
7.014925373e-05
4.102848253e-20
7.014925373e-05
3.004628406e-20
7.014925373e-05
4.643890382e-20
7.014925373e-05
7.40816112e-20
7.014925373e-05
4.32298157e-20
7.014925373e-05
-1.038762441e-19
7.014925373e-05
-7.016286295e-20
7.014925373e-05
2.88329696e-20
7.014925373e-05
-4.278221161e-20
7.014925373e-05
-3.190334132e-20
7.014925373e-05
2.001680892e-20
7.014925373e-05
-7.463301145e-21
7.014925373e-05
-1.198846333e-20
7.014925373e-05
-5.765014701e-20
7.014925373e-05
3.9072359e-22
7.014925373e-05
1.188493735e-20
7.014925373e-05
1.058566058e-20
7.014925373e-05
1.852302985e-20
7.014925373e-05
7.50823962e-22
7.014925373e-05
1.60197161e-20
7.014925373e-05
4.81294852e-20
7.014925373e-05
6.774511225e-20
7.014925373e-05
-5.761876124e-21
7.014925373e-05
-3.11954582e-21
7.014925373e-05
3.430175898e-20
7.014925373e-05
-1.104111027e-19
7.014925373e-05
-8.960338795e-20
7.014925373e-05
-1.067836819e-20
7.014925373e-05
-4.337267761e-20
7.014925373e-05
-7.610753848e-21
7.014925373e-05
-8.986245901e-20
7.014925373e-05
-1.573752441e-20
7.014925373e-05
1.063200284e-19
7.014925373e-05
-1.500959243e-20
7.014925373e-05
1.142325278e-20
7.014925373e-05
9.929932834e-20
7.014925373e-05
6.55116808e-20
7.014925373e-05
3.638973331e-20
7.014925373e-05
-7.133016243e-20
7.014925373e-05
-3.428016405e-20
7.014925373e-05
7.004393408e-20
7.014925373e-05
6.431416174e-21
7.014925373e-05
-9.384838595e-20
7.014925373e-05
-5.231094074e-20
7.014925373e-05
3.085711377e-20
7.014925373e-05
4.192276108e-20
7.014925373e-05
1.637779376e-20
7.014925373e-05
-3.134091729e-20
7.014925373e-05
-1.56029631e-20
7.014925373e-05
-1.421725418e-20
7.014925373e-05
-1.211677137e-20
7.014925373e-05
3.084741402e-20
7.014925373e-05
1.883367555e-20
1.356014668e-21
6.567164179e-05
7.098766434e-22
6.567164179e-05
-3.487882253e-21
6.567164179e-05
-8.291460846e-21
6.567164179e-05
-2.562630446e-21
6.567164179e-05
2.154130196e-20
6.567164179e-05
2.391929652e-20
6.567164179e-05
1.976615021e-20
6.567164179e-05
1.596678602e-20
6.567164179e-05
1.120019998e-21
6.567164179e-05
2.967035641e-21
6.567164179e-05
2.931434377e-20
6.567164179e-05
2.303994389e-20
6.567164179e-05
-1.085986778e-20
6.567164179e-05
8.131731834e-21
6.567164179e-05
2.982626727e-20
6.567164179e-05
-1.371510728e-20
6.567164179e-05
-1.79675129e-20
6.567164179e-05
-8.673116245e-21
6.567164179e-05
-4.060182207e-20
6.567164179e-05
-2.053846602e-20
6.567164179e-05
2.779921544e-21
6.567164179e-05
8.580860498e-21
6.567164179e-05
7.707507612e-21
6.567164179e-05
2.636040842e-21
6.567164179e-05
-1.091347006e-20
6.567164179e-05
-2.392606204e-20
6.567164179e-05
-4.442386244e-20
6.567164179e-05
-2.910209834e-20
6.567164179e-05
6.570202244e-21
6.567164179e-05
1.459380615e-20
6.567164179e-05
-2.449819334e-20
6.567164179e-05
-1.57955114e-20
6.567164179e-05
-1.378903517e-20
6.567164179e-05
1.184832262e-20
6.567164179e-05
2.727118679e-20
6.567164179e-05
7.782410231e-21
6.567164179e-05
1.816952805e-20
6.567164179e-05
-4.828803233e-21
6.567164179e-05
-1.578557366e-20
6.567164179e-05
9.602595104e-21
6.567164179e-05
-2.933829184e-20
6.567164179e-05
7.893577444e-21
6.567164179e-05
-4.491726014e-21
6.567164179e-05
-4.460356033e-20
6.567164179e-05
-4.632912827e-20
6.567164179e-05
-5.184492761e-21
6.567164179e-05
2.641420969e-21
6.567164179e-05
1.945327869e-20
6.567164179e-05
2.368334611e-20
6.567164179e-05
5.084153843e-21
6.567164179e-05
1.34040456e-20
6.567164179e-05
1.936402409e-20
6.567164179e-05
1.552396247e-20
6.567164179e-05
-7.94537935e-21
6.567164179e-05
8.338500146e-21
6.567164179e-05
5.351784299e-20
6.567164179e-05
3.15254997e-20
6.567164179e-05
9.099841339e-21
6.567164179e-05
-2.786816444e-21
6.567164179e-05
1.817073349e-20
6.567164179e-05
3.220361284e-21
6.567164179e-05
-6.951889602e-21
6.567164179e-05
1.926666796e-20
6.567164179e-05
-4.007508337e-23
6.567164179e-05
2.584030356e-21
6.567164179e-05
1.666078297e-20
6.567164179e-05
-9.738649403e-21
6.567164179e-05
-2.782732961e-21
6.567164179e-05
1.160944753e-20
6.567164179e-05
-1.702411616e-20
6.567164179e-05
4.156230594e-20
6.567164179e-05
6.980361849e-21
6.567164179e-05
-1.708447884e-20
6.567164179e-05
2.027990644e-20
6.567164179e-05
2.855146458e-20
6.567164179e-05
-2.530314475e-20
6.567164179e-05
-5.849652996e-20
6.567164179e-05
3.23266957e-20
6.567164179e-05
4.316068523e-20
6.567164179e-05
-4.333240557e-21
6.567164179e-05
-3.477001722e-20
6.567164179e-05
-3.134776673e-20
6.567164179e-05
-1.381860943e-20
6.567164179e-05
6.532877132e-21
6.567164179e-05
2.873593215e-20
6.567164179e-05
7.661615028e-21
6.567164179e-05
-2.379339096e-20
6.567164179e-05
-4.743607715e-20
6.567164179e-05
-1.734464028e-21
6.567164179e-05
2.543041414e-20
6.567164179e-05
-1.686392936e-20
6.567164179e-05
-1.618333748e-20
6.567164179e-05
1.764194457e-20
6.567164179e-05
5.935686453e-21
6.567164179e-05
-1.998656065e-20
6.567164179e-05
3.746450218e-20
6.567164179e-05
-1.896286522e-20
6.567164179e-05
-6.155464172e-20
6.567164179e-05
-1.021576768e-20
6.567164179e-05
2.377157165e-20
6.567164179e-05
-2.955869559e-20
6.567164179e-05
-4.228705058e-20
6.567164179e-05
1.966687046e-20
6.567164179e-05
3.3799298e-20
6.567164179e-05
-2.970548988e-20
6.567164179e-05
-6.09042423e-20
6.567164179e-05
2.943353321e-20
6.567164179e-05
5.356977294e-20
6.567164179e-05
-3.481212481e-20
6.567164179e-05
-3.069057999e-20
6.567164179e-05
1.050263238e-20
6.567164179e-05
6.089933603e-20
6.567164179e-05
4.370700733e-20
6.567164179e-05
1.124165444e-20
6.567164179e-05
-1.248017653e-20
6.567164179e-05
1.718673607e-20
6.567164179e-05
2.426655445e-20
6.567164179e-05
7.458370496e-21
6.567164179e-05
1.204375528e-20
6.567164179e-05
3.955032728e-20
6.567164179e-05
9.006580767e-21
6.567164179e-05
-5.012893347e-20
6.567164179e-05
-4.447976731e-20
6.567164179e-05
1.815596289e-20
6.567164179e-05
5.305588057e-21
6.567164179e-05
-9.534054611e-21
6.567164179e-05
-9.43910586e-21
6.567164179e-05
-5.12181304e-20
6.567164179e-05
-2.559679128e-20
6.567164179e-05
-8.429323247e-21
6.567164179e-05
4.849560691e-21
6.567164179e-05
3.002188309e-20
6.567164179e-05
-3.320636195e-21
6.567164179e-05
-2.057692382e-20
6.567164179e-05
-7.693739783e-20
6.567164179e-05
8.493878049e-21
6.567164179e-05
3.886400823e-20
6.567164179e-05
2.299868641e-21
6.567164179e-05
-5.281320084e-20
6.567164179e-05
-7.920533026e-20
6.567164179e-05
1.56796114e-20
6.567164179e-05
8.41936455e-20
6.567164179e-05
6.390753967e-20
6.567164179e-05
-3.289908589e-20
6.567164179e-05
-1.383952325e-20
6.567164179e-05
8.035871646e-20
6.567164179e-05
3.279192228e-20
6.567164179e-05
2.084102861e-20
6.567164179e-05
5.975046036e-20
6.567164179e-05
7.567610707e-20
6.567164179e-05
5.473749854e-20
6.567164179e-05
-1.009890566e-19
6.567164179e-05
-7.952961018e-20
6.567164179e-05
3.334323452e-20
6.567164179e-05
-4.845355016e-20
6.567164179e-05
-2.4761286e-20
6.567164179e-05
2.352624278e-20
6.567164179e-05
-1.055265043e-20
6.567164179e-05
-1.535127296e-20
6.567164179e-05
-4.382620135e-20
6.567164179e-05
2.671004638e-21
6.567164179e-05
3.21979033e-21
6.567164179e-05
1.076691768e-20
6.567164179e-05
1.288145462e-20
6.567164179e-05
2.275232803e-21
6.567164179e-05
2.345869629e-20
6.567164179e-05
4.200314774e-20
6.567164179e-05
6.348456389e-20
6.567164179e-05
-1.437937273e-21
6.567164179e-05
-1.204618208e-20
6.567164179e-05
4.934471606e-20
6.567164179e-05
-1.130254786e-19
6.567164179e-05
-9.644687508e-20
6.567164179e-05
-8.619370514e-21
6.567164179e-05
-4.987611703e-20
6.567164179e-05
4.539239175e-21
6.567164179e-05
-1.147429904e-19
6.567164179e-05
-2.758797724e-20
6.567164179e-05
1.262180153e-19
6.567164179e-05
-2.023145477e-20
6.567164179e-05
7.284789603e-21
6.567164179e-05
1.147970744e-19
6.567164179e-05
4.346632656e-20
6.567164179e-05
3.011800127e-20
6.567164179e-05
-8.512685708e-20
6.567164179e-05
-3.298584768e-20
6.567164179e-05
9.544826421e-20
6.567164179e-05
6.561824817e-21
6.567164179e-05
-8.072461157e-20
6.567164179e-05
-5.283637874e-20
6.567164179e-05
3.015545393e-20
6.567164179e-05
5.915820597e-20
6.567164179e-05
2.998641832e-20
6.567164179e-05
-3.83147045e-20
6.567164179e-05
-3.167538661e-20
6.567164179e-05
-3.446471014e-20
6.567164179e-05
1.707972476e-23
6.567164179e-05
4.042042113e-20
6.567164179e-05
1.944781351e-20
4.713261044e-21
5.970149254e-05
9.695874183e-22
5.970149254e-05
2.927270885e-21
5.970149254e-05
-8.008054105e-21
5.970149254e-05
-7.780742994e-21
5.970149254e-05
2.247800927e-20
5.970149254e-05
1.163353145e-20
5.970149254e-05
1.521296085e-20
5.970149254e-05
2.762381499e-20
5.970149254e-05
-4.529272631e-21
5.970149254e-05
-1.808959895e-20
5.970149254e-05
2.249770794e-20
5.970149254e-05
1.850555247e-20
5.970149254e-05
1.351323536e-21
5.970149254e-05
3.058809883e-20
5.970149254e-05
2.776191839e-20
5.970149254e-05
-5.859901463e-21
5.970149254e-05
-1.075070283e-20
5.970149254e-05
-2.139588442e-20
5.970149254e-05
-4.364330458e-20
5.970149254e-05
-2.472374069e-20
5.970149254e-05
-7.637171039e-21
5.970149254e-05
9.031317876e-22
5.970149254e-05
2.371274142e-20
5.970149254e-05
1.275733897e-20
5.970149254e-05
-1.001888831e-20
5.970149254e-05
-2.946600514e-20
5.970149254e-05
-3.482484743e-20
5.970149254e-05
-1.965490383e-20
5.970149254e-05
-1.781042147e-21
5.970149254e-05
-8.900887603e-21
5.970149254e-05
-2.055713564e-20
5.970149254e-05
-1.184819994e-20
5.970149254e-05
-5.179458372e-21
5.970149254e-05
1.12502278e-20
5.970149254e-05
3.767383388e-20
5.970149254e-05
-4.701148924e-21
5.970149254e-05
1.034044273e-20
5.970149254e-05
-1.054050087e-20
5.970149254e-05
-7.037993212e-21
5.970149254e-05
1.255037481e-20
5.970149254e-05
-1.908143324e-20
5.970149254e-05
-1.5899798e-21
5.970149254e-05
6.371041929e-21
5.970149254e-05
-1.658004784e-20
5.970149254e-05
-3.369896759e-20
5.970149254e-05
-1.163473953e-20
5.970149254e-05
-1.295044399e-20
5.970149254e-05
-5.894377597e-21
5.970149254e-05
1.940133975e-20
5.970149254e-05
3.668056716e-21
5.970149254e-05
1.000734982e-20
5.970149254e-05
2.258582292e-20
5.970149254e-05
2.014700281e-20
5.970149254e-05
6.964464628e-21
5.970149254e-05
-9.316836645e-21
5.970149254e-05
3.623548487e-20
5.970149254e-05
4.500729257e-20
5.970149254e-05
-5.327865822e-21
5.970149254e-05
-1.439880894e-20
5.970149254e-05
1.446547073e-20
5.970149254e-05
7.492536643e-23
5.970149254e-05
1.989709976e-21
5.970149254e-05
1.805763088e-20
5.970149254e-05
-4.235803557e-21
5.970149254e-05
5.412068188e-21
5.970149254e-05
1.592960775e-20
5.970149254e-05
-6.966088968e-21
5.970149254e-05
1.326811708e-20
5.970149254e-05
1.425506997e-20
5.970149254e-05
-1.405679171e-20
5.970149254e-05
5.055380356e-20
5.970149254e-05
-1.313316814e-20
5.970149254e-05
-2.572272484e-20
5.970149254e-05
2.99408516e-20
5.970149254e-05
2.924534681e-20
5.970149254e-05
-2.89745988e-20
5.970149254e-05
-6.381500512e-20
5.970149254e-05
4.255381613e-20
5.970149254e-05
5.637422711e-20
5.970149254e-05
-1.565073452e-20
5.970149254e-05
-2.740247824e-20
5.970149254e-05
-2.669088224e-20
5.970149254e-05
-3.142461578e-20
5.970149254e-05
4.689963109e-21
5.970149254e-05
4.633363099e-20
5.970149254e-05
-2.000560804e-21
5.970149254e-05
-3.55834807e-20
5.970149254e-05
-4.655056769e-20
5.970149254e-05
6.258442511e-22
5.970149254e-05
2.516257559e-20
5.970149254e-05
-1.822959252e-20
5.970149254e-05
-1.222695912e-21
5.970149254e-05
2.999657241e-20
5.970149254e-05
3.843857617e-21
5.970149254e-05
-2.665954138e-20
5.970149254e-05
4.25889863e-20
5.970149254e-05
-1.35845219e-20
5.970149254e-05
-6.498938659e-20
5.970149254e-05
-3.972620689e-21
5.970149254e-05
3.03720345e-20
5.970149254e-05
-2.53621382e-20
5.970149254e-05
-5.707174644e-20
5.970149254e-05
1.97164723e-20
5.970149254e-05
4.036143944e-20
5.970149254e-05
-1.708165198e-20
5.970149254e-05
-5.037332884e-20
5.970149254e-05
3.093988125e-20
5.970149254e-05
5.04316278e-20
5.970149254e-05
-3.186057145e-20
5.970149254e-05
-3.812658986e-20
5.970149254e-05
-1.280908822e-20
5.970149254e-05
5.316389025e-20
5.970149254e-05
6.044879866e-20
5.970149254e-05
5.103634919e-22
5.970149254e-05
-1.080054952e-20
5.970149254e-05
5.324503272e-21
5.970149254e-05
3.243364217e-20
5.970149254e-05
5.158031624e-21
5.970149254e-05
3.717537962e-21
5.970149254e-05
2.611807219e-20
5.970149254e-05
1.661158117e-20
5.970149254e-05
-4.691534974e-20
5.970149254e-05
-3.642539835e-20
5.970149254e-05
3.265432607e-20
5.970149254e-05
1.004257142e-20
5.970149254e-05
-1.335013746e-20
5.970149254e-05
-1.446825034e-20
5.970149254e-05
-4.978766195e-20
5.970149254e-05
-1.933839214e-20
5.970149254e-05
-1.440558262e-20
5.970149254e-05
-7.053831113e-21
5.970149254e-05
2.832329678e-20
5.970149254e-05
5.889588719e-21
5.970149254e-05
-2.131196996e-20
5.970149254e-05
-7.898569114e-20
5.970149254e-05
1.953889664e-20
5.970149254e-05
6.821175819e-20
5.970149254e-05
1.804182833e-21
5.970149254e-05
-5.672095768e-20
5.970149254e-05
-9.298801758e-20
5.970149254e-05
2.297342106e-20
5.970149254e-05
8.156578811e-20
5.970149254e-05
5.617265249e-20
5.970149254e-05
-5.956733273e-20
5.970149254e-05
-2.054221826e-20
5.970149254e-05
9.485242077e-20
5.970149254e-05
1.653512741e-20
5.970149254e-05
6.566852761e-21
5.970149254e-05
7.070329827e-20
5.970149254e-05
8.362351026e-20
5.970149254e-05
3.861275216e-20
5.970149254e-05
-1.069629511e-19
5.970149254e-05
-6.133256047e-20
5.970149254e-05
3.893635798e-20
5.970149254e-05
-4.669255765e-20
5.970149254e-05
-2.436729798e-20
5.970149254e-05
3.555008393e-20
5.970149254e-05
-9.966477542e-21
5.970149254e-05
-9.723931282e-21
5.970149254e-05
-4.254529193e-20
5.970149254e-05
6.599414864e-21
5.970149254e-05
5.445569733e-21
5.970149254e-05
3.933182978e-21
5.970149254e-05
1.64494114e-20
5.970149254e-05
-6.643046878e-21
5.970149254e-05
1.616163386e-20
5.970149254e-05
1.988001167e-20
5.970149254e-05
6.659442074e-20
5.970149254e-05
-4.296053691e-21
5.970149254e-05
-1.534388548e-21
5.970149254e-05
4.789356027e-20
5.970149254e-05
-1.210984961e-19
5.970149254e-05
-7.935358965e-20
5.970149254e-05
1.196035181e-20
5.970149254e-05
-2.820102664e-20
5.970149254e-05
-4.006000562e-21
5.970149254e-05
-1.334742626e-19
5.970149254e-05
-2.262206641e-20
5.970149254e-05
1.456727731e-19
5.970149254e-05
-3.551303548e-20
5.970149254e-05
1.090836875e-20
5.970149254e-05
1.195773349e-19
5.970149254e-05
4.064018904e-20
5.970149254e-05
2.88108899e-20
5.970149254e-05
-1.085935106e-19
5.970149254e-05
-3.44721721e-20
5.970149254e-05
1.077343295e-19
5.970149254e-05
5.368054148e-21
5.970149254e-05
-9.944722862e-20
5.970149254e-05
-4.875861919e-20
5.970149254e-05
4.532615636e-20
5.970149254e-05
6.88494152e-20
5.970149254e-05
4.40992203e-20
5.970149254e-05
-4.236479318e-20
5.970149254e-05
-4.737275876e-20
5.970149254e-05
-4.02524842e-20
5.970149254e-05
3.804323495e-21
5.970149254e-05
4.920534787e-20
5.970149254e-05
2.324649209e-20
7.231000037e-21
5.223880597e-05
-8.944397145e-21
5.223880597e-05
-1.162437978e-20
5.223880597e-05
5.499837564e-21
5.223880597e-05
-4.624498307e-22
5.223880597e-05
8.591743835e-22
5.223880597e-05
1.469679719e-21
5.223880597e-05
9.939138596e-21
5.223880597e-05
6.190797222e-21
5.223880597e-05
-2.371059758e-21
5.223880597e-05
4.286744067e-21
5.223880597e-05
1.782647239e-20
5.223880597e-05
8.373909012e-21
5.223880597e-05
1.559483932e-20
5.223880597e-05
4.734079214e-20
5.223880597e-05
2.224936859e-20
5.223880597e-05
-2.279261238e-20
5.223880597e-05
4.149414659e-21
5.223880597e-05
-1.280283693e-20
5.223880597e-05
-4.500321479e-20
5.223880597e-05
-2.478366648e-20
5.223880597e-05
-2.007992148e-21
5.223880597e-05
2.757157121e-21
5.223880597e-05
1.283281333e-20
5.223880597e-05
1.687100485e-20
5.223880597e-05
-7.671105568e-21
5.223880597e-05
-2.007823067e-20
5.223880597e-05
-2.93368214e-20
5.223880597e-05
-1.332104789e-20
5.223880597e-05
-7.959680489e-21
5.223880597e-05
-3.204661466e-20
5.223880597e-05
-9.04069677e-21
5.223880597e-05
-1.496615824e-21
5.223880597e-05
-8.380816777e-21
5.223880597e-05
1.078089202e-20
5.223880597e-05
3.180534382e-20
5.223880597e-05
3.059748483e-22
5.223880597e-05
9.924986898e-24
5.223880597e-05
-1.272612143e-20
5.223880597e-05
-1.167753201e-20
5.223880597e-05
1.953350335e-20
5.223880597e-05
-1.453484897e-20
5.223880597e-05
9.05137917e-21
5.223880597e-05
8.167374045e-21
5.223880597e-05
-1.006256295e-20
5.223880597e-05
-1.422720871e-20
5.223880597e-05
-1.864015995e-20
5.223880597e-05
-1.370080324e-20
5.223880597e-05
-8.423323079e-21
5.223880597e-05
1.109682606e-20
5.223880597e-05
-1.825936819e-21
5.223880597e-05
9.211552421e-21
5.223880597e-05
1.378186082e-20
5.223880597e-05
1.044263679e-20
5.223880597e-05
7.391314785e-21
5.223880597e-05
4.090769539e-21
5.223880597e-05
4.175242243e-20
5.223880597e-05
1.102338459e-20
5.223880597e-05
-2.463067725e-20
5.223880597e-05
-6.339775504e-21
5.223880597e-05
6.016142333e-21
5.223880597e-05
9.871242897e-21
5.223880597e-05
7.046714291e-21
5.223880597e-05
8.365123724e-21
5.223880597e-05
4.093895589e-21
5.223880597e-05
2.138290155e-21
5.223880597e-05
9.221184099e-21
5.223880597e-05
2.105371845e-22
5.223880597e-05
3.556296096e-20
5.223880597e-05
1.585681781e-20
5.223880597e-05
-1.461574061e-20
5.223880597e-05
4.480988646e-20
5.223880597e-05
-2.516041652e-20
5.223880597e-05
-4.64221433e-20
5.223880597e-05
2.632149492e-20
5.223880597e-05
5.253379487e-20
5.223880597e-05
-2.424159236e-20
5.223880597e-05
-6.539422931e-20
5.223880597e-05
4.072926701e-20
5.223880597e-05
5.817059386e-20
5.223880597e-05
-1.762527221e-20
5.223880597e-05
-2.608665837e-20
5.223880597e-05
-2.496831788e-20
5.223880597e-05
-3.802589163e-20
5.223880597e-05
-1.537718538e-21
5.223880597e-05
5.340331621e-20
5.223880597e-05
-8.277233894e-21
5.223880597e-05
-3.665562759e-20
5.223880597e-05
-3.432010975e-20
5.223880597e-05
1.74066266e-20
5.223880597e-05
1.049833859e-20
5.223880597e-05
-1.79230071e-20
5.223880597e-05
6.600670259e-21
5.223880597e-05
4.83754189e-20
5.223880597e-05
4.091194264e-21
5.223880597e-05
-4.268567876e-20
5.223880597e-05
3.279304703e-20
5.223880597e-05
-1.74566034e-20
5.223880597e-05
-6.440101362e-20
5.223880597e-05
1.8300217e-20
5.223880597e-05
3.569605721e-20
5.223880597e-05
-3.208646815e-20
5.223880597e-05
-6.510690126e-20
5.223880597e-05
3.033306636e-20
5.223880597e-05
6.507819102e-20
5.223880597e-05
-2.8579514e-20
5.223880597e-05
-5.733798698e-20
5.223880597e-05
3.120961292e-20
5.223880597e-05
4.824726307e-20
5.223880597e-05
-2.908287268e-20
5.223880597e-05
-2.8149785e-20
5.223880597e-05
-2.118250945e-20
5.223880597e-05
4.700157076e-20
5.223880597e-05
4.274330648e-20
5.223880597e-05
-1.002703832e-20
5.223880597e-05
-5.089882731e-21
5.223880597e-05
9.626308974e-21
5.223880597e-05
2.68294589e-20
5.223880597e-05
-4.177905347e-21
5.223880597e-05
-6.596066969e-22
5.223880597e-05
2.73339244e-20
5.223880597e-05
2.150083448e-20
5.223880597e-05
-4.253992727e-20
5.223880597e-05
-4.834201413e-20
5.223880597e-05
4.560371937e-20
5.223880597e-05
1.311744414e-20
5.223880597e-05
-3.473596427e-20
5.223880597e-05
-9.922279611e-21
5.223880597e-05
-2.995644151e-20
5.223880597e-05
-1.20051174e-21
5.223880597e-05
-1.632960445e-20
5.223880597e-05
-2.041618605e-20
5.223880597e-05
3.39158399e-20
5.223880597e-05
1.031062244e-20
5.223880597e-05
-7.132069627e-21
5.223880597e-05
-8.94094891e-20
5.223880597e-05
3.015190836e-20
5.223880597e-05
1.059859768e-19
5.223880597e-05
1.365324784e-20
5.223880597e-05
-9.10156614e-20
5.223880597e-05
-1.045338854e-19
5.223880597e-05
3.424464115e-20
5.223880597e-05
8.727122885e-20
5.223880597e-05
3.494122322e-20
5.223880597e-05
-8.236794615e-20
5.223880597e-05
-6.967283292e-21
5.223880597e-05
1.155348607e-19
5.223880597e-05
-6.926637413e-21
5.223880597e-05
-2.285904485e-20
5.223880597e-05
5.723308546e-20
5.223880597e-05
1.005551661e-19
5.223880597e-05
3.511635159e-20
5.223880597e-05
-1.336401589e-19
5.223880597e-05
-5.078189098e-20
5.223880597e-05
7.276832286e-20
5.223880597e-05
-7.391980361e-20
5.223880597e-05
-2.644075016e-20
5.223880597e-05
5.070400448e-20
5.223880597e-05
9.862333362e-22
5.223880597e-05
-3.856531672e-21
5.223880597e-05
-4.944465978e-20
5.223880597e-05
3.10883147e-20
5.223880597e-05
9.080408446e-21
5.223880597e-05
1.436576594e-21
5.223880597e-05
4.357906303e-21
5.223880597e-05
-1.409505098e-20
5.223880597e-05
-1.343952853e-21
5.223880597e-05
2.298091191e-20
5.223880597e-05
7.176943648e-20
5.223880597e-05
-2.99394175e-20
5.223880597e-05
-5.754215486e-21
5.223880597e-05
6.981779088e-20
5.223880597e-05
-1.172908744e-19
5.223880597e-05
-7.437226743e-20
5.223880597e-05
3.063129414e-20
5.223880597e-05
-1.666701295e-20
5.223880597e-05
6.291778209e-21
5.223880597e-05
-1.344425202e-19
5.223880597e-05
-2.076901027e-20
5.223880597e-05
1.48767907e-19
5.223880597e-05
-5.565231326e-20
5.223880597e-05
8.603744933e-21
5.223880597e-05
1.235973469e-19
5.223880597e-05
3.05060943e-20
5.223880597e-05
1.322383762e-20
5.223880597e-05
-1.137551246e-19
5.223880597e-05
-1.641985927e-20
5.223880597e-05
1.199441625e-19
5.223880597e-05
-2.07557892e-21
5.223880597e-05
-1.034098553e-19
5.223880597e-05
-5.404003094e-20
5.223880597e-05
5.956408939e-20
5.223880597e-05
7.238505944e-20
5.223880597e-05
2.147013408e-20
5.223880597e-05
-4.931865728e-20
5.223880597e-05
-1.44341563e-20
5.223880597e-05
-1.362548378e-20
5.223880597e-05
-2.294839686e-20
5.223880597e-05
3.994618672e-20
5.223880597e-05
2.297840791e-20
1.611926334e-20
4.328358209e-05
-1.598420253e-20
4.328358209e-05
1.479560318e-21
4.328358209e-05
9.523220747e-21
4.328358209e-05
3.456668412e-21
4.328358209e-05
-1.711124421e-20
4.328358209e-05
-1.915605197e-20
4.328358209e-05
1.524482016e-20
4.328358209e-05
8.248032049e-21
4.328358209e-05
-1.540361193e-20
4.328358209e-05
1.331043443e-21
4.328358209e-05
1.065060964e-20
4.328358209e-05
1.747986542e-20
4.328358209e-05
3.017706787e-20
4.328358209e-05
2.497540871e-20
4.328358209e-05
1.078840022e-20
4.328358209e-05
-1.446956461e-20
4.328358209e-05
7.450476902e-21
4.328358209e-05
-1.705224041e-20
4.328358209e-05
-4.226457781e-20
4.328358209e-05
-1.763203236e-20
4.328358209e-05
1.590972264e-20
4.328358209e-05
4.56066994e-21
4.328358209e-05
7.487593139e-21
4.328358209e-05
1.081621049e-20
4.328358209e-05
-1.261935151e-20
4.328358209e-05
-1.436529537e-20
4.328358209e-05
-7.732686804e-21
4.328358209e-05
2.605486794e-23
4.328358209e-05
-1.632461795e-20
4.328358209e-05
-3.161973703e-20
4.328358209e-05
-1.197384512e-20
4.328358209e-05
6.784693188e-21
4.328358209e-05
4.192517401e-21
4.328358209e-05
3.968803108e-21
4.328358209e-05
1.748935011e-20
4.328358209e-05
-5.408403492e-21
4.328358209e-05
1.055341213e-22
4.328358209e-05
-1.483339744e-20
4.328358209e-05
3.611824607e-21
4.328358209e-05
3.01307026e-20
4.328358209e-05
-3.137037762e-20
4.328358209e-05
8.659918644e-21
4.328358209e-05
2.824618139e-20
4.328358209e-05
-3.005109705e-21
4.328358209e-05
-2.13376711e-20
4.328358209e-05
-1.717443821e-20
4.328358209e-05
-1.869811229e-21
4.328358209e-05
-5.87413147e-21
4.328358209e-05
7.940575791e-21
4.328358209e-05
-1.308890031e-20
4.328358209e-05
-2.699009809e-21
4.328358209e-05
1.51415336e-20
4.328358209e-05
4.152445363e-21
4.328358209e-05
2.461311158e-21
4.328358209e-05
8.668390743e-21
4.328358209e-05
3.304285308e-20
4.328358209e-05
6.118464973e-21
4.328358209e-05
-2.330050945e-20
4.328358209e-05
-3.790714364e-21
4.328358209e-05
3.837772059e-21
4.328358209e-05
1.042421571e-20
4.328358209e-05
1.486681183e-20
4.328358209e-05
1.216437613e-21
4.328358209e-05
-9.632324541e-21
4.328358209e-05
6.121511933e-21
4.328358209e-05
8.950944253e-21
4.328358209e-05
2.353315571e-21
4.328358209e-05
2.875294457e-20
4.328358209e-05
1.830900322e-20
4.328358209e-05
-1.543596817e-20
4.328358209e-05
2.765721462e-20
4.328358209e-05
-2.792017792e-20
4.328358209e-05
-3.826196991e-20
4.328358209e-05
3.827862155e-20
4.328358209e-05
4.542210592e-20
4.328358209e-05
-2.883737211e-20
4.328358209e-05
-5.217061851e-20
4.328358209e-05
4.752515822e-20
4.328358209e-05
4.339788984e-20
4.328358209e-05
-1.433275141e-20
4.328358209e-05
-1.653892024e-20
4.328358209e-05
-2.535476884e-20
4.328358209e-05
-2.608205119e-20
4.328358209e-05
1.535959123e-21
4.328358209e-05
2.601207325e-20
4.328358209e-05
6.465775103e-21
4.328358209e-05
-1.952403865e-20
4.328358209e-05
-1.920443831e-20
4.328358209e-05
2.597663191e-20
4.328358209e-05
1.601215258e-20
4.328358209e-05
-2.039065145e-20
4.328358209e-05
-5.583609426e-21
4.328358209e-05
3.007563592e-20
4.328358209e-05
-1.240614482e-21
4.328358209e-05
-3.988307217e-20
4.328358209e-05
1.340351959e-20
4.328358209e-05
-1.323922681e-20
4.328358209e-05
-3.536989901e-20
4.328358209e-05
1.796015029e-20
4.328358209e-05
3.096284592e-20
4.328358209e-05
-3.960455041e-20
4.328358209e-05
-5.467814707e-20
4.328358209e-05
4.137440211e-20
4.328358209e-05
7.184886681e-20
4.328358209e-05
-2.816381059e-20
4.328358209e-05
-4.943875809e-20
4.328358209e-05
2.990069567e-20
4.328358209e-05
4.099287981e-20
4.328358209e-05
-3.439486238e-20
4.328358209e-05
-3.094891012e-20
4.328358209e-05
-8.876259348e-21
4.328358209e-05
5.019169948e-20
4.328358209e-05
3.463522203e-20
4.328358209e-05
-1.417872092e-20
4.328358209e-05
-2.64842992e-20
4.328358209e-05
6.165719135e-21
4.328358209e-05
3.151092544e-20
4.328358209e-05
-3.226933752e-21
4.328358209e-05
-2.563018126e-20
4.328358209e-05
2.216958272e-20
4.328358209e-05
3.981674034e-20
4.328358209e-05
-3.208114403e-20
4.328358209e-05
-3.948701956e-20
4.328358209e-05
3.602735518e-20
4.328358209e-05
1.022161723e-20
4.328358209e-05
-2.948567139e-20
4.328358209e-05
-1.510121204e-20
4.328358209e-05
-1.896031254e-20
4.328358209e-05
2.180141267e-20
4.328358209e-05
-9.543693223e-21
4.328358209e-05
-3.071300158e-20
4.328358209e-05
2.255086373e-20
4.328358209e-05
1.44645509e-20
4.328358209e-05
-5.913225688e-22
4.328358209e-05
-8.652253993e-20
4.328358209e-05
1.460535791e-20
4.328358209e-05
9.89125576e-20
4.328358209e-05
2.557074282e-20
4.328358209e-05
-6.71785038e-20
4.328358209e-05
-9.288499159e-20
4.328358209e-05
3.130830861e-20
4.328358209e-05
6.936176799e-20
4.328358209e-05
1.447616444e-20
4.328358209e-05
-8.049104575e-20
4.328358209e-05
-7.52153242e-21
4.328358209e-05
1.05767525e-19
4.328358209e-05
-2.49576247e-20
4.328358209e-05
-2.376450846e-20
4.328358209e-05
5.301234366e-20
4.328358209e-05
7.433724214e-20
4.328358209e-05
1.857690378e-20
4.328358209e-05
-1.232808899e-19
4.328358209e-05
-3.230782372e-20
4.328358209e-05
8.332063853e-20
4.328358209e-05
-5.19197395e-20
4.328358209e-05
-3.273515257e-20
4.328358209e-05
4.502757179e-20
4.328358209e-05
9.572293263e-21
4.328358209e-05
7.157699052e-21
4.328358209e-05
-4.074187592e-20
4.328358209e-05
1.721107364e-20
4.328358209e-05
6.86276928e-21
4.328358209e-05
5.800790666e-21
4.328358209e-05
-4.710500284e-21
4.328358209e-05
-2.269685521e-20
4.328358209e-05
7.887938585e-21
4.328358209e-05
1.241018154e-20
4.328358209e-05
6.776264343e-20
4.328358209e-05
-2.007684353e-20
4.328358209e-05
-1.99693251e-20
4.328358209e-05
4.445960948e-20
4.328358209e-05
-8.959769008e-20
4.328358209e-05
-4.670742036e-20
4.328358209e-05
3.168422532e-20
4.328358209e-05
-1.374976473e-21
4.328358209e-05
9.650491591e-21
4.328358209e-05
-1.345134141e-19
4.328358209e-05
-3.144753862e-20
4.328358209e-05
1.295313841e-19
4.328358209e-05
-4.737664685e-20
4.328358209e-05
-4.352314269e-21
4.328358209e-05
1.078673423e-19
4.328358209e-05
3.243205317e-20
4.328358209e-05
6.429093416e-21
4.328358209e-05
-1.053984006e-19
4.328358209e-05
-6.0084263e-21
4.328358209e-05
1.198689197e-19
4.328358209e-05
7.107775069e-21
4.328358209e-05
-8.355995647e-20
4.328358209e-05
-6.204863572e-20
4.328358209e-05
4.25282373e-20
4.328358209e-05
7.784341421e-20
4.328358209e-05
1.696151216e-20
4.328358209e-05
-4.188994775e-20
4.328358209e-05
-1.183565965e-20
4.328358209e-05
-1.931224478e-20
4.328358209e-05
-1.796728122e-20
4.328358209e-05
2.726738808e-20
4.328358209e-05
3.406366476e-20
1.763902392e-20
3.28358209e-05
1.02346404e-20
3.28358209e-05
-1.641518869e-20
3.28358209e-05
1.209237898e-20
3.28358209e-05
1.057888171e-20
3.28358209e-05
-1.622459517e-20
3.28358209e-05
-2.512048732e-20
3.28358209e-05
1.859383382e-20
3.28358209e-05
3.45660022e-20
3.28358209e-05
-2.043039398e-20
3.28358209e-05
-2.035542511e-21
3.28358209e-05
9.770536276e-21
3.28358209e-05
-6.481905739e-21
3.28358209e-05
3.474836495e-21
3.28358209e-05
2.973434961e-20
3.28358209e-05
9.170731545e-21
3.28358209e-05
-1.293575979e-20
3.28358209e-05
1.959916127e-20
3.28358209e-05
-2.120792049e-20
3.28358209e-05
-3.883432328e-20
3.28358209e-05
-2.553386865e-21
3.28358209e-05
6.164015972e-21
3.28358209e-05
5.38060114e-22
3.28358209e-05
2.215465378e-20
3.28358209e-05
1.335193872e-20
3.28358209e-05
-2.334961915e-20
3.28358209e-05
-2.01392392e-20
3.28358209e-05
-1.57210248e-20
3.28358209e-05
5.337440444e-21
3.28358209e-05
-1.010759931e-20
3.28358209e-05
-3.719551108e-20
3.28358209e-05
-1.041654477e-20
3.28358209e-05
8.534669796e-21
3.28358209e-05
1.78028846e-20
3.28358209e-05
2.199864008e-20
3.28358209e-05
9.523581345e-21
3.28358209e-05
-2.745159039e-20
3.28358209e-05
-1.094825143e-20
3.28358209e-05
-2.896882017e-21
3.28358209e-05
2.036871782e-20
3.28358209e-05
3.599528039e-20
3.28358209e-05
-4.136798345e-20
3.28358209e-05
-5.595146603e-21
3.28358209e-05
1.823634802e-20
3.28358209e-05
-1.249772457e-20
3.28358209e-05
8.486744766e-22
3.28358209e-05
8.578178392e-21
3.28358209e-05
2.166109631e-21
3.28358209e-05
-1.056886753e-20
3.28358209e-05
2.143880632e-21
3.28358209e-05
-1.824588342e-20
3.28358209e-05
1.337032109e-21
3.28358209e-05
1.625237619e-20
3.28358209e-05
-2.578092203e-21
3.28358209e-05
-2.906738747e-21
3.28358209e-05
4.804474988e-21
3.28358209e-05
3.430043996e-20
3.28358209e-05
-3.370279769e-21
3.28358209e-05
-2.166568755e-20
3.28358209e-05
-4.774964322e-21
3.28358209e-05
-4.58757912e-21
3.28358209e-05
5.376019417e-21
3.28358209e-05
9.578928977e-21
3.28358209e-05
5.921335745e-21
3.28358209e-05
-1.008598391e-20
3.28358209e-05
5.140515343e-21
3.28358209e-05
1.214913441e-20
3.28358209e-05
3.160655746e-21
3.28358209e-05
3.006801902e-20
3.28358209e-05
5.404335015e-21
3.28358209e-05
-2.404367859e-20
3.28358209e-05
2.382647516e-20
3.28358209e-05
-2.787199241e-20
3.28358209e-05
-2.475395252e-20
3.28358209e-05
3.320015738e-20
3.28358209e-05
2.887221417e-20
3.28358209e-05
-2.202406683e-20
3.28358209e-05
-3.816131661e-20
3.28358209e-05
2.82170844e-20
3.28358209e-05
2.523977155e-20
3.28358209e-05
1.780383638e-21
3.28358209e-05
7.838736526e-21
3.28358209e-05
-1.804762509e-20
3.28358209e-05
-3.904155398e-20
3.28358209e-05
-7.674316138e-21
3.28358209e-05
3.619581466e-20
3.28358209e-05
1.964318875e-21
3.28358209e-05
-1.252767592e-20
3.28358209e-05
-1.035096409e-20
3.28358209e-05
1.99149614e-20
3.28358209e-05
1.556969813e-20
3.28358209e-05
-1.337105463e-20
3.28358209e-05
-1.290832482e-20
3.28358209e-05
1.442217826e-20
3.28358209e-05
3.144719719e-21
3.28358209e-05
-2.985434668e-20
3.28358209e-05
1.569528539e-20
3.28358209e-05
-2.220904413e-21
3.28358209e-05
-2.97347394e-20
3.28358209e-05
1.646745875e-20
3.28358209e-05
1.751340791e-20
3.28358209e-05
-2.300504371e-20
3.28358209e-05
-3.607750614e-20
3.28358209e-05
2.458251484e-20
3.28358209e-05
4.08527298e-20
3.28358209e-05
-9.111533561e-21
3.28358209e-05
-2.472270967e-20
3.28358209e-05
1.665722186e-20
3.28358209e-05
1.784365803e-20
3.28358209e-05
-1.607926481e-20
3.28358209e-05
-1.375272899e-20
3.28358209e-05
-2.590967399e-20
3.28358209e-05
4.529999569e-20
3.28358209e-05
2.541564573e-20
3.28358209e-05
-1.781858121e-20
3.28358209e-05
-1.887613918e-20
3.28358209e-05
-1.282547885e-20
3.28358209e-05
1.168737949e-20
3.28358209e-05
5.898310299e-21
3.28358209e-05
-1.261702299e-20
3.28358209e-05
-3.967516482e-22
3.28358209e-05
2.159168432e-20
3.28358209e-05
-1.983162525e-20
3.28358209e-05
-2.286104492e-20
3.28358209e-05
3.128312882e-20
3.28358209e-05
1.47220845e-20
3.28358209e-05
-1.643827522e-20
3.28358209e-05
-6.730878575e-21
3.28358209e-05
-1.141951822e-20
3.28358209e-05
1.820262875e-20
3.28358209e-05
-2.043755837e-20
3.28358209e-05
-2.09450361e-20
3.28358209e-05
2.060193802e-20
3.28358209e-05
3.799170922e-22
3.28358209e-05
7.715377088e-21
3.28358209e-05
-6.290281607e-20
3.28358209e-05
1.463273791e-20
3.28358209e-05
1.02512284e-19
3.28358209e-05
1.917510044e-20
3.28358209e-05
-7.680013055e-20
3.28358209e-05
-7.252334628e-20
3.28358209e-05
2.028641592e-20
3.28358209e-05
5.762643588e-20
3.28358209e-05
1.769282588e-20
3.28358209e-05
-8.22870624e-20
3.28358209e-05
-1.308845961e-20
3.28358209e-05
9.535003732e-20
3.28358209e-05
-1.508591313e-20
3.28358209e-05
-4.101642507e-20
3.28358209e-05
4.230837925e-20
3.28358209e-05
7.095500617e-20
3.28358209e-05
1.614440882e-20
3.28358209e-05
-1.116470765e-19
3.28358209e-05
-3.526341164e-20
3.28358209e-05
7.490234601e-20
3.28358209e-05
-4.59421002e-20
3.28358209e-05
-1.912512396e-20
3.28358209e-05
4.776802428e-20
3.28358209e-05
1.152209453e-20
3.28358209e-05
1.145057553e-20
3.28358209e-05
-4.223015922e-20
3.28358209e-05
1.274841515e-20
3.28358209e-05
2.122301983e-20
3.28358209e-05
3.067207966e-21
3.28358209e-05
-1.704514815e-20
3.28358209e-05
-1.920612761e-20
3.28358209e-05
4.378275643e-21
3.28358209e-05
1.70708656e-20
3.28358209e-05
4.63613639e-20
3.28358209e-05
-2.075800823e-20
3.28358209e-05
-2.156148909e-20
3.28358209e-05
4.113816588e-20
3.28358209e-05
-5.888618171e-20
3.28358209e-05
-3.487798038e-20
3.28358209e-05
4.545986712e-20
3.28358209e-05
5.066387601e-22
3.28358209e-05
-3.048814246e-21
3.28358209e-05
-1.013895462e-19
3.28358209e-05
-4.084605243e-21
3.28358209e-05
1.126768355e-19
3.28358209e-05
-5.553026376e-20
3.28358209e-05
-9.521152577e-21
3.28358209e-05
8.602313941e-20
3.28358209e-05
1.284720564e-20
3.28358209e-05
-1.582297881e-20
3.28358209e-05
-8.717261801e-20
3.28358209e-05
-9.735293422e-22
3.28358209e-05
1.185762825e-19
3.28358209e-05
-3.279749422e-21
3.28358209e-05
-8.409541022e-20
3.28358209e-05
-2.686063909e-20
3.28358209e-05
3.438991592e-20
3.28358209e-05
4.047935922e-20
3.28358209e-05
2.304439103e-20
3.28358209e-05
-2.7824853e-20
3.28358209e-05
-1.339178092e-20
3.28358209e-05
-2.720997802e-20
3.28358209e-05
-2.142171815e-20
3.28358209e-05
2.8413977e-20
3.28358209e-05
1.906968532e-20
3.354813126e-20
2.089552239e-05
1.346507011e-20
2.089552239e-05
1.095608383e-21
2.089552239e-05
-3.3619769e-21
2.089552239e-05
-1.42876928e-20
2.089552239e-05
-1.934302027e-20
2.089552239e-05
-2.451174932e-20
2.089552239e-05
1.054498887e-20
2.089552239e-05
2.57295366e-20
2.089552239e-05
-3.732012669e-21
2.089552239e-05
-5.331765968e-22
2.089552239e-05
1.274849309e-20
2.089552239e-05
-6.027557053e-21
2.089552239e-05
8.065232472e-22
2.089552239e-05
2.207867402e-20
2.089552239e-05
-1.069063952e-20
2.089552239e-05
-9.997116839e-21
2.089552239e-05
4.308892334e-21
2.089552239e-05
-1.050436889e-20
2.089552239e-05
-1.179270823e-20
2.089552239e-05
2.207431817e-21
2.089552239e-05
1.859871708e-20
2.089552239e-05
5.438707089e-22
2.089552239e-05
3.70415443e-21
2.089552239e-05
1.379707294e-20
2.089552239e-05
-5.240810797e-21
2.089552239e-05
-1.961223287e-20
2.089552239e-05
-2.171245762e-20
2.089552239e-05
1.527688599e-21
2.089552239e-05
6.338992814e-22
2.089552239e-05
-3.008512316e-20
2.089552239e-05
-1.426586069e-20
2.089552239e-05
2.060876853e-20
2.089552239e-05
1.252549558e-20
2.089552239e-05
1.190262645e-20
2.089552239e-05
8.195533833e-21
2.089552239e-05
-3.074327126e-20
2.089552239e-05
-3.949906283e-21
2.089552239e-05
1.295642542e-20
2.089552239e-05
5.715285467e-21
2.089552239e-05
1.968420855e-20
2.089552239e-05
-1.704199393e-20
2.089552239e-05
-1.036689213e-20
2.089552239e-05
3.584155682e-21
2.089552239e-05
1.637715887e-23
2.089552239e-05
-9.632295739e-21
2.089552239e-05
2.801742034e-21
2.089552239e-05
1.281388035e-20
2.089552239e-05
-2.526794969e-21
2.089552239e-05
-1.745798276e-21
2.089552239e-05
-1.646755575e-20
2.089552239e-05
5.732714986e-21
2.089552239e-05
1.410829588e-20
2.089552239e-05
-4.489495062e-21
2.089552239e-05
6.575548985e-24
2.089552239e-05
3.423571254e-21
2.089552239e-05
8.602474419e-21
2.089552239e-05
6.221424671e-22
2.089552239e-05
-6.658718332e-21
2.089552239e-05
-1.468052958e-21
2.089552239e-05
-4.436061584e-23
2.089552239e-05
-2.1882507e-21
2.089552239e-05
1.923630984e-21
2.089552239e-05
2.735647871e-21
2.089552239e-05
4.250796756e-22
2.089552239e-05
1.904894445e-21
2.089552239e-05
5.168758982e-21
2.089552239e-05
1.061373009e-20
2.089552239e-05
5.962619045e-21
2.089552239e-05
-9.522132116e-21
2.089552239e-05
-1.272969156e-20
2.089552239e-05
5.500813894e-21
2.089552239e-05
-2.017659075e-20
2.089552239e-05
2.990317256e-21
2.089552239e-05
2.674780946e-20
2.089552239e-05
3.092471475e-21
2.089552239e-05
-2.806439033e-20
2.089552239e-05
-8.43670871e-21
2.089552239e-05
4.659877708e-20
2.089552239e-05
7.023648499e-21
2.089552239e-05
-1.315089806e-21
2.089552239e-05
1.168167965e-20
2.089552239e-05
-1.686045348e-20
2.089552239e-05
-2.595508543e-20
2.089552239e-05
5.676041185e-21
2.089552239e-05
1.662893127e-20
2.089552239e-05
-6.470053153e-21
2.089552239e-05
-8.650752451e-21
2.089552239e-05
-9.963578164e-21
2.089552239e-05
2.088580489e-20
2.089552239e-05
9.504191512e-21
2.089552239e-05
-1.885091268e-20
2.089552239e-05
-2.511432654e-20
2.089552239e-05
1.415922559e-20
2.089552239e-05
2.70566949e-20
2.089552239e-05
-4.340598103e-21
2.089552239e-05
4.790843016e-21
2.089552239e-05
-3.902858878e-21
2.089552239e-05
-1.594142558e-20
2.089552239e-05
-8.939587094e-21
2.089552239e-05
2.075657612e-20
2.089552239e-05
7.049251124e-21
2.089552239e-05
-2.762053303e-20
2.089552239e-05
-4.465755868e-21
2.089552239e-05
1.389342449e-20
2.089552239e-05
8.981613916e-21
2.089552239e-05
9.990420925e-22
2.089552239e-05
-4.452230889e-21
2.089552239e-05
-5.172431334e-21
2.089552239e-05
2.030125057e-21
2.089552239e-05
5.895115725e-24
2.089552239e-05
-2.056550088e-20
2.089552239e-05
1.348993781e-20
2.089552239e-05
8.751350196e-21
2.089552239e-05
3.082137669e-21
2.089552239e-05
2.539141606e-21
2.089552239e-05
-1.34713494e-20
2.089552239e-05
-5.68685634e-21
2.089552239e-05
9.619012665e-21
2.089552239e-05
8.096241201e-21
2.089552239e-05
-6.900293673e-21
2.089552239e-05
-3.965106287e-21
2.089552239e-05
-1.168788831e-20
2.089552239e-05
-1.568607681e-20
2.089552239e-05
1.159313342e-20
2.089552239e-05
1.16520505e-20
2.089552239e-05
7.988689026e-21
2.089552239e-05
1.266943267e-20
2.089552239e-05
-1.39728805e-20
2.089552239e-05
-4.003835591e-23
2.089552239e-05
-1.328182172e-20
2.089552239e-05
-6.285270067e-21
2.089552239e-05
1.102286921e-20
2.089552239e-05
-9.331542413e-21
2.089552239e-05
1.150010682e-20
2.089552239e-05
-3.124178063e-20
2.089552239e-05
2.874954871e-21
2.089552239e-05
5.744625621e-20
2.089552239e-05
1.695750813e-20
2.089552239e-05
-3.19667205e-20
2.089552239e-05
-5.041602551e-20
2.089552239e-05
7.037769984e-21
2.089552239e-05
2.465830916e-20
2.089552239e-05
1.576057766e-20
2.089552239e-05
-4.35164178e-20
2.089552239e-05
-1.170329829e-20
2.089552239e-05
6.476310744e-20
2.089552239e-05
-1.165445919e-20
2.089552239e-05
-3.804725856e-20
2.089552239e-05
2.918045127e-20
2.089552239e-05
4.822283668e-20
2.089552239e-05
1.249549117e-20
2.089552239e-05
-5.263700335e-20
2.089552239e-05
-2.876177776e-20
2.089552239e-05
2.552782753e-20
2.089552239e-05
-2.110296925e-20
2.089552239e-05
2.363751329e-21
2.089552239e-05
1.917697659e-20
2.089552239e-05
-7.471593531e-21
2.089552239e-05
1.77937475e-20
2.089552239e-05
-1.570673586e-20
2.089552239e-05
1.229391246e-21
2.089552239e-05
6.499218852e-22
2.089552239e-05
8.792926884e-21
2.089552239e-05
7.72108245e-22
2.089552239e-05
-1.123505048e-20
2.089552239e-05
-1.174332299e-20
2.089552239e-05
8.506043105e-21
2.089552239e-05
5.127765121e-20
2.089552239e-05
-1.735369035e-20
2.089552239e-05
-1.572237125e-20
2.089552239e-05
2.483355904e-20
2.089552239e-05
-4.343872401e-20
2.089552239e-05
-1.840474278e-20
2.089552239e-05
4.578515949e-20
2.089552239e-05
-8.629280004e-21
2.089552239e-05
-5.823049506e-21
2.089552239e-05
-5.104806756e-20
2.089552239e-05
-6.252443077e-21
2.089552239e-05
7.4401525e-20
2.089552239e-05
-2.432978573e-20
2.089552239e-05
-1.288326684e-20
2.089552239e-05
4.290283135e-20
2.089552239e-05
-4.979808647e-21
2.089552239e-05
-6.702833457e-21
2.089552239e-05
-4.140188394e-20
2.089552239e-05
-7.059072374e-21
2.089552239e-05
4.886310616e-20
2.089552239e-05
-9.517750541e-21
2.089552239e-05
-2.91970261e-20
2.089552239e-05
-1.599973981e-21
2.089552239e-05
1.294782471e-20
2.089552239e-05
7.63407458e-21
2.089552239e-05
2.13817031e-20
2.089552239e-05
-3.112701832e-21
2.089552239e-05
-1.034924844e-20
2.089552239e-05
-3.504170956e-20
2.089552239e-05
-2.510151185e-20
2.089552239e-05
3.775820221e-20
2.089552239e-05
2.503522539e-20
1.445680178e-20
7.462686567e-06
7.462686567e-06
7.462686567e-06
7.462686567e-06
7.462686567e-06
7.462686567e-06
7.462686567e-06
7.462686567e-06
7.462686567e-06
7.462686567e-06
7.462686567e-06
7.462686567e-06
7.462686567e-06
7.462686567e-06
7.462686567e-06
7.462686567e-06
7.462686567e-06
7.462686567e-06
7.462686567e-06
7.462686567e-06
7.462686567e-06
7.462686567e-06
7.462686567e-06
7.462686567e-06
7.462686567e-06
7.462686567e-06
7.462686567e-06
7.462686567e-06
7.462686567e-06
7.462686567e-06
7.462686567e-06
7.462686567e-06
7.462686567e-06
7.462686567e-06
7.462686567e-06
7.462686567e-06
7.462686567e-06
7.462686567e-06
7.462686567e-06
7.462686567e-06
7.462686567e-06
7.462686567e-06
7.462686567e-06
7.462686567e-06
7.462686567e-06
7.462686567e-06
7.462686567e-06
7.462686567e-06
7.462686567e-06
7.462686567e-06
7.462686567e-06
7.462686567e-06
7.462686567e-06
7.462686567e-06
7.462686567e-06
7.462686567e-06
7.462686567e-06
7.462686567e-06
7.462686567e-06
7.462686567e-06
7.462686567e-06
7.462686567e-06
7.462686567e-06
7.462686567e-06
7.462686567e-06
7.462686567e-06
7.462686567e-06
7.462686567e-06
7.462686567e-06
7.462686567e-06
7.462686567e-06
7.462686567e-06
7.462686567e-06
7.462686567e-06
7.462686567e-06
7.462686567e-06
7.462686567e-06
7.462686567e-06
7.462686567e-06
7.462686567e-06
7.462686567e-06
7.462686567e-06
7.462686567e-06
7.462686567e-06
7.462686567e-06
7.462686567e-06
7.462686567e-06
7.462686567e-06
7.462686567e-06
7.462686567e-06
7.462686567e-06
7.462686567e-06
7.462686567e-06
7.462686567e-06
7.462686567e-06
7.462686567e-06
7.462686567e-06
7.462686567e-06
7.462686567e-06
7.462686567e-06
7.462686567e-06
7.462686567e-06
7.462686567e-06
7.462686567e-06
7.462686567e-06
7.462686567e-06
7.462686567e-06
7.462686567e-06
7.462686567e-06
7.462686567e-06
7.462686567e-06
7.462686567e-06
7.462686567e-06
7.462686567e-06
7.462686567e-06
7.462686567e-06
7.462686567e-06
7.462686567e-06
7.462686567e-06
7.462686567e-06
7.462686567e-06
7.462686567e-06
7.462686567e-06
7.462686567e-06
7.462686567e-06
7.462686567e-06
7.462686567e-06
7.462686567e-06
7.462686567e-06
7.462686567e-06
7.462686567e-06
7.462686567e-06
7.462686567e-06
7.462686567e-06
7.462686567e-06
7.462686567e-06
7.462686567e-06
7.462686567e-06
7.462686567e-06
7.462686567e-06
7.462686567e-06
7.462686567e-06
7.462686567e-06
7.462686567e-06
7.462686567e-06
7.462686567e-06
7.462686567e-06
7.462686567e-06
7.462686567e-06
7.462686567e-06
7.462686567e-06
7.462686567e-06
7.462686567e-06
7.462686567e-06
7.462686567e-06
7.462686567e-06
7.462686567e-06
7.462686567e-06
7.462686567e-06
7.462686567e-06
7.462686567e-06
7.462686567e-06
7.462686567e-06
7.462686567e-06
7.462686567e-06
7.462686567e-06
7.462686567e-06
7.462686567e-06
7.462686567e-06
7.462686567e-06
7.462686567e-06
7.462686567e-06
7.462686567e-06
7.462686567e-06
7.462686567e-06
7.462686567e-06
7.462686567e-06
7.462686567e-06
7.462686567e-06
7.462686567e-06
7.462686567e-06
7.462686567e-06
7.462686567e-06
7.462686567e-06
7.462686567e-06
7.462686567e-06
7.462686567e-06
7.462686567e-06
7.462686567e-06
7.462686567e-06
7.462686567e-06
7.462686567e-06
7.462686567e-06
7.462686567e-06
7.462686567e-06
7.462686567e-06
7.462686567e-06
7.462686567e-06
7.462686567e-06
)
;

boundaryField
{
    inlet
    {
        type            cyclic;
        value           nonuniform List<scalar> 
20
(
-5.970149254e-05
-6.567164179e-05
-7.014925373e-05
-7.313432836e-05
-7.462686567e-05
-7.462686567e-05
-7.313432836e-05
-7.014925373e-05
-6.567164179e-05
-5.970149254e-05
-5.223880597e-05
-4.328358209e-05
-3.28358209e-05
-2.089552239e-05
-7.462686567e-06
-5.223880597e-05
-4.328358209e-05
-3.28358209e-05
-2.089552239e-05
-7.462686567e-06
)
;
    }
    outlet
    {
        type            cyclic;
        value           nonuniform List<scalar> 
20
(
5.970149254e-05
6.567164179e-05
7.014925373e-05
7.313432836e-05
7.462686567e-05
7.462686567e-05
7.313432836e-05
7.014925373e-05
6.567164179e-05
5.970149254e-05
5.223880597e-05
4.328358209e-05
3.28358209e-05
2.089552239e-05
7.462686567e-06
5.223880597e-05
4.328358209e-05
3.28358209e-05
2.089552239e-05
7.462686567e-06
)
;
    }
    topWall
    {
        type            calculated;
        value           uniform 0;
    }
    bottomWall
    {
        type            calculated;
        value           uniform 0;
    }
    frontAndBack
    {
        type            empty;
        value           nonuniform List<scalar> 0();
    }
}


// ************************************************************************* //
