/*--------------------------------*- C++ -*----------------------------------*\
  =========                 |
  \\      /  F ield         | OpenFOAM: The Open Source CFD Toolbox
   \\    /   O peration     | Website:  https://openfoam.org
    \\  /    A nd           | Version:  10
     \\/     M anipulation  |
\*---------------------------------------------------------------------------*/
FoamFile
{
    format      ascii;
    class       volVectorField;
    location    "3000";
    object      U;
}
// * * * * * * * * * * * * * * * * * * * * * * * * * * * * * * * * * * * * * //

dimensions      [0 1 -1 0 0 0 0];

internalField   nonuniform List<vector> 
4000
(
(0.1492537313 6.439427878e-16 0)
(0.1492537313 1.000976283e-16 0)
(0.1492537313 1.812446979e-18 0)
(0.1492537313 -5.384404279e-18 0)
(0.1492537313 -2.349200291e-17 0)
(0.1492537313 -1.382816679e-17 0)
(0.1492537313 2.732756686e-18 0)
(0.1492537313 1.168086141e-17 0)
(0.1492537313 -1.567232662e-17 0)
(0.1492537313 7.022476767e-18 0)
(0.1492537313 2.056449738e-17 0)
(0.1492537313 -8.550679452e-18 0)
(0.1492537313 -7.631165577e-18 0)
(0.1492537313 1.44862618e-17 0)
(0.1492537313 1.45288899e-17 0)
(0.1492537313 -1.923422739e-17 0)
(0.1492537313 -2.091263554e-17 0)
(0.1492537313 4.768961952e-18 0)
(0.1492537313 1.192186155e-17 0)
(0.1492537313 1.483213387e-17 0)
(0.1492537313 2.240847596e-17 0)
(0.1492537313 -5.565205949e-17 0)
(0.1492537313 -7.121572874e-18 0)
(0.1492537313 3.54101443e-17 0)
(0.1492537313 1.441002676e-17 0)
(0.1492537313 1.671912621e-17 0)
(0.1492537313 -1.280308982e-17 0)
(0.1492537313 7.391334323e-18 0)
(0.1492537313 3.042210069e-17 0)
(0.1492537313 -4.390173996e-17 0)
(0.1492537313 1.075791174e-17 0)
(0.1492537313 -2.471253692e-17 0)
(0.1492537313 1.768904389e-17 0)
(0.1492537313 1.419442119e-17 0)
(0.1492537313 -4.122779457e-17 0)
(0.1492537313 8.005039635e-17 0)
(0.1492537313 -5.341839701e-17 0)
(0.1492537313 -3.733651536e-17 0)
(0.1492537313 -2.075643305e-18 0)
(0.1492537313 1.191824184e-17 0)
(0.1492537313 6.882446713e-17 0)
(0.1492537313 -5.170394903e-17 0)
(0.1492537313 7.816468431e-18 0)
(0.1492537313 -4.103797689e-17 0)
(0.1492537313 -1.904012936e-18 0)
(0.1492537313 2.119306741e-17 0)
(0.1492537313 -9.839425473e-18 0)
(0.1492537313 5.016942838e-17 0)
(0.1492537313 -4.638272547e-17 0)
(0.1492537313 -1.867638038e-17 0)
(0.1492537313 3.343339687e-17 0)
(0.1492537313 -5.234804067e-18 0)
(0.1492537313 3.501001511e-17 0)
(0.1492537313 -3.658320439e-17 0)
(0.1492537313 -4.292755281e-17 0)
(0.1492537313 2.746442145e-17 0)
(0.1492537313 4.516383967e-17 0)
(0.1492537313 -4.409664567e-17 0)
(0.1492537313 4.644523684e-18 0)
(0.1492537313 6.592103945e-18 0)
(0.1492537313 -2.20616e-17 0)
(0.1492537313 6.949916595e-18 0)
(0.1492537313 1.456839715e-17 0)
(0.1492537313 -5.820935697e-18 0)
(0.1492537313 -5.762640257e-17 0)
(0.1492537313 4.035670218e-17 0)
(0.1492537313 5.817319245e-17 0)
(0.1492537313 -3.340767136e-17 0)
(0.1492537313 -4.270544513e-17 0)
(0.1492537313 8.441371916e-17 0)
(0.1492537313 -6.792755325e-17 0)
(0.1492537313 -3.937021828e-17 0)
(0.1492537313 1.599120391e-16 0)
(0.1492537313 -1.011435553e-16 0)
(0.1492537313 -1.050493069e-16 0)
(0.1492537313 9.37981197e-17 0)
(0.1492537313 6.598854445e-17 0)
(0.1492537313 4.929812694e-18 0)
(0.1492537313 -1.689361059e-16 0)
(0.1492537313 2.72424986e-17 0)
(0.1492537313 1.157908958e-16 0)
(0.1492537313 -5.781184315e-18 0)
(0.1492537313 -9.476621707e-18 0)
(0.1492537313 -7.683863403e-17 0)
(0.1492537313 -2.797109219e-19 0)
(0.1492537313 5.137140075e-17 0)
(0.1492537313 6.003383091e-17 0)
(0.1492537313 -1.680141272e-17 0)
(0.1492537313 -1.564540649e-16 0)
(0.1492537313 6.425864092e-17 0)
(0.1492537313 1.014646758e-16 0)
(0.1492537313 -1.944603443e-17 0)
(0.1492537313 -9.260949599e-17 0)
(0.1492537313 5.280735789e-17 0)
(0.1492537313 5.734153678e-17 0)
(0.1492537313 -1.17289063e-16 0)
(0.1492537313 1.133356909e-16 0)
(0.1492537313 1.827210539e-17 0)
(0.1492537313 -1.119854302e-16 0)
(0.1492537313 -1.873288112e-17 0)
(0.1492537313 5.488496009e-17 0)
(0.1492537313 1.23060541e-16 0)
(0.1492537313 -9.003785996e-17 0)
(0.1492537313 -1.053820049e-16 0)
(0.1492537313 8.652198241e-17 0)
(0.1492537313 1.006212804e-16 0)
(0.1492537313 -9.745771618e-19 0)
(0.1492537313 -2.223384271e-16 0)
(0.1492537313 4.070038294e-18 0)
(0.1492537313 2.272142995e-16 0)
(0.1492537313 -9.856140356e-17 0)
(0.1492537313 -1.194052445e-16 0)
(0.1492537313 1.047516439e-16 0)
(0.1492537313 -9.106549187e-18 0)
(0.1492537313 1.11377741e-16 0)
(0.1492537313 -9.931450049e-17 0)
(0.1492537313 -1.304311687e-16 0)
(0.1492537313 1.190616703e-16 0)
(0.1492537313 1.243833267e-16 0)
(0.1492537313 -2.233066139e-17 0)
(0.1492537313 -2.213042225e-16 0)
(0.1492537313 1.063358788e-17 0)
(0.1492537313 2.097314691e-16 0)
(0.1492537313 -8.847133016e-17 0)
(0.1492537313 -9.862998065e-17 0)
(0.1492537313 8.758090255e-17 0)
(0.1492537313 1.153353483e-16 0)
(0.1492537313 -1.357189049e-17 0)
(0.1492537313 -2.272710138e-16 0)
(0.1492537313 1.227377098e-16 0)
(0.1492537313 6.889432914e-18 0)
(0.1492537313 -1.131730182e-16 0)
(0.1492537313 1.082161471e-16 0)
(0.1492537313 -1.102867654e-16 0)
(0.1492537313 2.093704453e-16 0)
(0.1492537313 5.033111986e-18 0)
(0.1492537313 -2.029809018e-16 0)
(0.1492537313 8.477692264e-17 0)
(0.1492537313 2.931664243e-17 0)
(0.1492537313 1.090451868e-16 0)
(0.1492537313 -2.69098004e-17 0)
(0.1492537313 -1.968950035e-16 0)
(0.1492537313 1.139813893e-17 0)
(0.1492537313 1.11293883e-16 0)
(0.1492537313 -5.629592339e-18 0)
(0.1492537313 -2.962701789e-17 0)
(0.1492537313 2.282027404e-16 0)
(0.1492537313 -6.961165179e-17 0)
(0.1492537313 -2.992227987e-16 0)
(0.1492537313 9.402887497e-17 0)
(0.1492537313 7.376048908e-17 0)
(0.1492537313 1.177132939e-16 0)
(0.1492537313 -1.015702241e-16 0)
(0.1492537313 -2.308504861e-16 0)
(0.1492537313 3.366968738e-16 0)
(0.1492537313 1.145961353e-16 0)
(0.1492537313 -2.069563575e-16 0)
(0.1492537313 -1.024099741e-16 0)
(0.1492537313 -1.028881385e-16 0)
(0.1492537313 2.074717718e-16 0)
(0.1492537313 8.851002908e-17 0)
(0.1492537313 -1.060910367e-18 0)
(0.1492537313 -9.474663624e-17 0)
(0.1492537313 -1.006261876e-16 0)
(0.1492537313 1.795866142e-16 0)
(0.1492537313 -1.049871133e-16 0)
(0.1492537313 2.227033798e-17 0)
(0.1492537313 -1.029429389e-16 0)
(0.1492537313 -5.587118682e-18 0)
(0.1492537313 2.928157067e-16 0)
(0.1492537313 -2.004414485e-16 0)
(0.1492537313 8.278510283e-18 0)
(0.1492537313 2.491092228e-17 0)
(0.1492537313 -2.152832104e-16 0)
(0.1492537313 3.59355411e-16 0)
(0.1492537313 -2.710008509e-17 0)
(0.1492537313 -1.417745703e-16 0)
(0.1492537313 4.552176939e-17 0)
(0.1492537313 -2.632885569e-16 0)
(0.1492537313 3.266231665e-16 0)
(0.1492537313 2.149195668e-17 0)
(0.1492537313 -1.478192369e-16 0)
(0.1492537313 1.470456157e-17 0)
(0.1492537313 -9.094426626e-18 0)
(0.1492537313 9.651670204e-17 0)
(0.1492537313 -1.608993764e-16 0)
(0.1492537313 -1.438588466e-16 0)
(0.1492537313 3.267085905e-16 0)
(0.1492537313 1.304458164e-16 0)
(0.1492537313 -2.48896424e-16 0)
(0.1492537313 -1.212191434e-16 0)
(0.1492537313 1.160379431e-16 0)
(0.1492537313 -2.339478853e-17 0)
(0.1492537313 -8.429461419e-17 0)
(0.1492537313 2.004932261e-16 0)
(0.1492537313 -2.202752307e-16 0)
(0.1492537313 1.206158542e-16 0)
(0.1492537313 2.203675519e-16 0)
(0.1492537313 -3.300072047e-16 0)
(0.1492537313 7.423143241e-17 0)
(0.4179104478 3.797314769e-16 0)
(0.4179104478 2.752640874e-16 0)
(0.4179104478 1.295703051e-16 0)
(0.4179104478 3.060281882e-17 0)
(0.4179104478 -4.604387236e-17 0)
(0.4179104478 -6.273034651e-17 0)
(0.4179104478 -1.415278462e-17 0)
(0.4179104478 1.23903324e-17 0)
(0.4179104478 -1.521582672e-17 0)
(0.4179104478 4.488340191e-17 0)
(0.4179104478 1.335388974e-17 0)
(0.4179104478 1.609536004e-17 0)
(0.4179104478 -3.275675183e-17 0)
(0.4179104478 -2.789878854e-17 0)
(0.4179104478 2.168666049e-17 0)
(0.4179104478 -5.009319475e-17 0)
(0.4179104478 -5.8941317e-17 0)
(0.4179104478 4.146560454e-17 0)
(0.4179104478 -4.281863496e-17 0)
(0.4179104478 2.05730657e-17 0)
(0.4179104478 2.949250873e-18 0)
(0.4179104478 -8.752055728e-17 0)
(0.4179104478 -6.537261109e-17 0)
(0.4179104478 5.671148144e-17 0)
(0.4179104478 1.349131416e-16 0)
(0.4179104478 2.153939274e-17 0)
(0.4179104478 -2.993936695e-17 0)
(0.4179104478 2.169899806e-17 0)
(0.4179104478 2.151574591e-17 0)
(0.4179104478 -6.77637428e-17 0)
(0.4179104478 4.713066602e-17 0)
(0.4179104478 -5.358627074e-17 0)
(0.4179104478 -6.155940009e-17 0)
(0.4179104478 2.634070458e-17 0)
(0.4179104478 -1.049611986e-16 0)
(0.4179104478 4.19505317e-17 0)
(0.4179104478 -2.0508507e-17 0)
(0.4179104478 -4.544093669e-17 0)
(0.4179104478 1.379457786e-18 0)
(0.4179104478 3.956600042e-17 0)
(0.4179104478 8.807400624e-17 0)
(0.4179104478 -1.182535858e-17 0)
(0.4179104478 3.124319801e-17 0)
(0.4179104478 -1.396851857e-16 0)
(0.4179104478 1.804913069e-17 0)
(0.4179104478 -3.359470225e-17 0)
(0.4179104478 -8.172946875e-17 0)
(0.4179104478 9.389933329e-17 0)
(0.4179104478 -1.053035623e-17 0)
(0.4179104478 7.432229483e-17 0)
(0.4179104478 9.134630705e-17 0)
(0.4179104478 -1.11502246e-16 0)
(0.4179104478 -3.081159164e-17 0)
(0.4179104478 6.907845946e-17 0)
(0.4179104478 -6.41024381e-17 0)
(0.4179104478 -6.305267131e-17 0)
(0.4179104478 1.428321165e-16 0)
(0.4179104478 -4.023619652e-17 0)
(0.4179104478 6.967349425e-17 0)
(0.4179104478 8.754909412e-17 0)
(0.4179104478 -1.261359183e-16 0)
(0.4179104478 8.033533171e-18 0)
(0.4179104478 1.226248331e-17 0)
(0.4179104478 -9.999463011e-17 0)
(0.4179104478 -2.436856946e-17 0)
(0.4179104478 1.170058379e-16 0)
(0.4179104478 -3.825561593e-17 0)
(0.4179104478 -2.059621256e-17 0)
(0.4179104478 1.95315415e-16 0)
(0.4179104478 -6.185126233e-17 0)
(0.4179104478 -2.93103747e-16 0)
(0.4179104478 7.715958471e-17 0)
(0.4179104478 2.57303567e-16 0)
(0.4179104478 -9.366510572e-17 0)
(0.4179104478 -1.57738858e-16 0)
(0.4179104478 1.131681385e-16 0)
(0.4179104478 1.500441578e-16 0)
(0.4179104478 -2.03304081e-17 0)
(0.4179104478 -3.184895597e-16 0)
(0.4179104478 7.174263613e-17 0)
(0.4179104478 1.436320144e-16 0)
(0.4179104478 -9.661812552e-17 0)
(0.4179104478 -2.402177703e-17 0)
(0.4179104478 4.290807157e-17 0)
(0.4179104478 1.596306404e-16 0)
(0.4179104478 9.442706301e-17 0)
(0.4179104478 -1.328321215e-16 0)
(0.4179104478 -2.061830681e-16 0)
(0.4179104478 -6.712658977e-17 0)
(0.4179104478 1.646623124e-16 0)
(0.4179104478 2.369915925e-16 0)
(0.4179104478 -2.346567761e-16 0)
(0.4179104478 -2.107179582e-16 0)
(0.4179104478 2.878387893e-16 0)
(0.4179104478 1.325321127e-17 0)
(0.4179104478 -1.912601758e-16 0)
(0.4179104478 1.170146838e-16 0)
(0.4179104478 1.819930957e-16 0)
(0.4179104478 -2.346832309e-16 0)
(0.4179104478 -1.945653927e-16 0)
(0.4179104478 2.973708114e-16 0)
(0.4179104478 1.267177393e-16 0)
(0.4179104478 -7.86560182e-17 0)
(0.4179104478 -1.534262419e-16 0)
(0.4179104478 2.897794168e-17 0)
(0.4179104478 1.566000305e-16 0)
(0.4179104478 -1.165508824e-16 0)
(0.4179104478 -1.125654726e-16 0)
(0.4179104478 4.281324442e-17 0)
(0.4179104478 2.237872865e-16 0)
(0.4179104478 -2.164764261e-16 0)
(0.4179104478 -1.998899659e-16 0)
(0.4179104478 2.642247289e-16 0)
(0.4179104478 1.774102129e-16 0)
(0.4179104478 5.771236385e-17 0)
(0.4179104478 -1.67368738e-16 0)
(0.4179104478 -1.96677395e-16 0)
(0.4179104478 2.334642363e-16 0)
(0.4179104478 2.236455858e-16 0)
(0.4179104478 -2.131022173e-16 0)
(0.4179104478 -1.326032806e-16 0)
(0.4179104478 3.126135346e-17 0)
(0.4179104478 1.027042364e-16 0)
(0.4179104478 1.438185753e-17 0)
(0.4179104478 1.162250898e-16 0)
(0.4179104478 1.996866066e-17 0)
(0.4179104478 -8.66009297e-17 0)
(0.4179104478 -1.447829576e-16 0)
(0.4179104478 -1.978701961e-16 0)
(0.4179104478 2.680594347e-16 0)
(0.4179104478 5.509499202e-17 0)
(0.4179104478 -1.203331215e-16 0)
(0.4179104478 2.010718434e-16 0)
(0.4179104478 -2.374197542e-16 0)
(0.4179104478 -1.346632414e-16 0)
(0.4179104478 1.305070669e-16 0)
(0.4179104478 -3.451340576e-18 0)
(0.4179104478 -2.689805158e-17 0)
(0.4179104478 1.867915473e-16 0)
(0.4179104478 3.928763343e-18 0)
(0.4179104478 -2.775687394e-16 0)
(0.4179104478 -1.373805736e-16 0)
(0.4179104478 1.189148518e-17 0)
(0.4179104478 1.897147982e-16 0)
(0.4179104478 7.393432053e-17 0)
(0.4179104478 9.72975775e-18 0)
(0.4179104478 2.061619477e-16 0)
(0.4179104478 -8.931941159e-17 0)
(0.4179104478 -2.276467779e-16 0)
(0.4179104478 2.108510782e-17 0)
(0.4179104478 1.413655879e-17 0)
(0.4179104478 2.364250391e-16 0)
(0.4179104478 -7.276122681e-17 0)
(0.4179104478 -3.075711447e-16 0)
(0.4179104478 4.643731461e-16 0)
(0.4179104478 1.781586495e-16 0)
(0.4179104478 -3.279311075e-16 0)
(0.4179104478 -1.502868784e-16 0)
(0.4179104478 -1.394705282e-16 0)
(0.4179104478 3.417376563e-16 0)
(0.4179104478 2.305241077e-16 0)
(0.4179104478 -2.744916612e-16 0)
(0.4179104478 -6.48862286e-17 0)
(0.4179104478 1.183467507e-16 0)
(0.4179104478 -3.754356924e-17 0)
(0.4179104478 -1.982673088e-16 0)
(0.4179104478 -4.428344583e-17 0)
(0.4179104478 5.222206285e-19 0)
(0.4179104478 1.859552161e-16 0)
(0.4179104478 2.600313079e-16 0)
(0.4179104478 -1.341585015e-16 0)
(0.4179104478 -5.253736515e-17 0)
(0.4179104478 2.82026827e-16 0)
(0.4179104478 -5.277565789e-16 0)
(0.4179104478 6.384469003e-17 0)
(0.4179104478 6.074302835e-17 0)
(0.4179104478 -2.89233846e-17 0)
(0.4179104478 2.940530684e-16 0)
(0.4179104478 -4.911854953e-16 0)
(0.4179104478 4.177637092e-16 0)
(0.4179104478 1.046191999e-16 0)
(0.4179104478 -3.537948915e-16 0)
(0.4179104478 3.005250765e-16 0)
(0.4179104478 -4.89609692e-16 0)
(0.4179104478 6.077822426e-17 0)
(0.4179104478 6.269880009e-16 0)
(0.4179104478 -4.411621493e-16 0)
(0.4179104478 1.277750204e-16 0)
(0.4179104478 3.181976705e-16 0)
(0.4179104478 -3.391715126e-16 0)
(0.4179104478 -3.403343768e-16 0)
(0.4179104478 1.268665693e-16 0)
(0.4179104478 -8.350726261e-17 0)
(0.4179104478 -5.290984684e-17 0)
(0.4179104478 2.274976593e-16 0)
(0.4179104478 1.192331572e-16 0)
(0.4179104478 4.383199676e-17 0)
(0.4179104478 -1.907663091e-16 0)
(0.4179104478 -3.124517999e-16 0)
(0.4179104478 1.169470172e-16 0)
(0.6567164179 1.158523519e-15 0)
(0.6567164179 4.339442279e-16 0)
(0.6567164179 2.366027145e-16 0)
(0.6567164179 1.232565879e-16 0)
(0.6567164179 -1.158339336e-17 0)
(0.6567164179 -8.751741536e-17 0)
(0.6567164179 -3.563688733e-17 0)
(0.6567164179 1.731542354e-17 0)
(0.6567164179 -5.342458276e-17 0)
(0.6567164179 8.345994739e-17 0)
(0.6567164179 5.409310795e-17 0)
(0.6567164179 1.136455692e-17 0)
(0.6567164179 -4.880447756e-17 0)
(0.6567164179 -5.724785903e-17 0)
(0.6567164179 -2.110995384e-17 0)
(0.6567164179 -1.169191675e-16 0)
(0.6567164179 -8.439339711e-17 0)
(0.6567164179 2.044487475e-17 0)
(0.6567164179 -4.685739402e-18 0)
(0.6567164179 1.17434986e-17 0)
(0.6567164179 -7.086083471e-17 0)
(0.6567164179 -1.52174017e-16 0)
(0.6567164179 -7.685334264e-17 0)
(0.6567164179 1.483055619e-16 0)
(0.6567164179 1.532688485e-16 0)
(0.6567164179 2.569796024e-17 0)
(0.6567164179 7.918548337e-17 0)
(0.6567164179 3.122304945e-17 0)
(0.6567164179 -4.642199883e-17 0)
(0.6567164179 -1.240319759e-16 0)
(0.6567164179 2.83576518e-17 0)
(0.6567164179 2.967224812e-17 0)
(0.6567164179 -1.524920438e-16 0)
(0.6567164179 -1.310339519e-17 0)
(0.6567164179 -1.732769423e-16 0)
(0.6567164179 -3.599582685e-17 0)
(0.6567164179 2.020102994e-17 0)
(0.6567164179 3.74061974e-17 0)
(0.6567164179 1.050344661e-17 0)
(0.6567164179 5.322424207e-17 0)
(0.6567164179 -2.462059468e-18 0)
(0.6567164179 -5.601957242e-17 0)
(0.6567164179 1.720749729e-16 0)
(0.6567164179 -1.45240595e-16 0)
(0.6567164179 -8.659929072e-17 0)
(0.6567164179 3.620318287e-17 0)
(0.6567164179 -1.240724514e-16 0)
(0.6567164179 1.267481222e-17 0)
(0.6567164179 6.726220993e-17 0)
(0.6567164179 -2.067818881e-17 0)
(0.6567164179 1.238303112e-16 0)
(0.6567164179 -5.191064275e-17 0)
(0.6567164179 -7.957896757e-17 0)
(0.6567164179 1.541620572e-16 0)
(0.6567164179 -1.441332284e-17 0)
(0.6567164179 -7.645153696e-17 0)
(0.6567164179 2.66632814e-17 0)
(0.6567164179 -6.610867909e-17 0)
(0.6567164179 2.262783092e-16 0)
(0.6567164179 4.772837898e-17 0)
(0.6567164179 -2.061538053e-16 0)
(0.6567164179 9.715033814e-17 0)
(0.6567164179 4.843173125e-17 0)
(0.6567164179 -1.638506924e-16 0)
(0.6567164179 7.297451665e-17 0)
(0.6567164179 7.27008681e-17 0)
(0.6567164179 -3.934687587e-17 0)
(0.6567164179 1.107120089e-16 0)
(0.6567164179 2.314409328e-16 0)
(0.6567164179 -2.588602371e-16 0)
(0.6567164179 -4.11390843e-16 0)
(0.6567164179 2.676833388e-16 0)
(0.6567164179 2.079867317e-16 0)
(0.6567164179 -6.174167874e-17 0)
(0.6567164179 -1.714332614e-16 0)
(0.6567164179 1.238492305e-16 0)
(0.6567164179 2.501417505e-16 0)
(0.6567164179 -2.099553351e-16 0)
(0.6567164179 -3.327610016e-16 0)
(0.6567164179 1.068479265e-16 0)
(0.6567164179 2.531826745e-16 0)
(0.6567164179 -2.755534247e-16 0)
(0.6567164179 -1.197938161e-16 0)
(0.6567164179 4.078322202e-16 0)
(0.6567164179 1.373280561e-16 0)
(0.6567164179 3.971653217e-17 0)
(0.6567164179 -4.129820643e-18 0)
(0.6567164179 -3.382499739e-16 0)
(0.6567164179 -7.093021517e-17 0)
(0.6567164179 3.177159014e-16 0)
(0.6567164179 3.770159192e-17 0)
(0.6567164179 -2.093493453e-16 0)
(0.6567164179 -5.149240245e-17 0)
(0.6567164179 1.029280921e-16 0)
(0.6567164179 -4.373394344e-17 0)
(0.6567164179 -1.733560639e-16 0)
(0.6567164179 2.121056957e-16 0)
(0.6567164179 1.62478142e-16 0)
(0.6567164179 -1.941995146e-16 0)
(0.6567164179 -2.490186389e-16 0)
(0.6567164179 7.629758574e-17 0)
(0.6567164179 3.976507912e-16 0)
(0.6567164179 2.223509489e-16 0)
(0.6567164179 -1.418344044e-16 0)
(0.6567164179 -3.921443708e-16 0)
(0.6567164179 1.961633382e-16 0)
(0.6567164179 -9.081683565e-18 0)
(0.6567164179 -2.908943858e-16 0)
(0.6567164179 1.002622636e-16 0)
(0.6567164179 2.849617555e-16 0)
(0.6567164179 -1.049523204e-17 0)
(0.6567164179 -3.378876562e-16 0)
(0.6567164179 2.041143656e-16 0)
(0.6567164179 1.282994655e-16 0)
(0.6567164179 3.280639653e-17 0)
(0.6567164179 4.677229744e-17 0)
(0.6567164179 -3.099166039e-16 0)
(0.6567164179 2.747595915e-16 0)
(0.6567164179 4.747933193e-16 0)
(0.6567164179 -2.978203136e-16 0)
(0.6567164179 -4.391197219e-16 0)
(0.6567164179 8.574037289e-18 0)
(0.6567164179 3.006877414e-16 0)
(0.6567164179 3.687703416e-16 0)
(0.6567164179 6.031982663e-17 0)
(0.6567164179 -3.900711611e-16 0)
(0.6567164179 3.330452336e-17 0)
(0.6567164179 -3.232515658e-16 0)
(0.6567164179 -2.774057432e-16 0)
(0.6567164179 4.340856774e-16 0)
(0.6567164179 2.609042395e-16 0)
(0.6567164179 -7.288839162e-18 0)
(0.6567164179 -2.908092796e-16 0)
(0.6567164179 -2.238253045e-16 0)
(0.6567164179 1.270594662e-17 0)
(0.6567164179 1.229595372e-16 0)
(0.6567164179 -6.974382436e-17 0)
(0.6567164179 -2.121971904e-17 0)
(0.6567164179 2.700860345e-16 0)
(0.6567164179 -2.23883361e-16 0)
(0.6567164179 -5.412877561e-16 0)
(0.6567164179 2.093373628e-18 0)
(0.6567164179 1.549273362e-16 0)
(0.6567164179 2.019916469e-16 0)
(0.6567164179 3.372839046e-16 0)
(0.6567164179 -1.730718394e-16 0)
(0.6567164179 1.339303606e-16 0)
(0.6567164179 2.614034042e-16 0)
(0.6567164179 -1.204529542e-16 0)
(0.6567164179 -3.439157515e-16 0)
(0.6567164179 -2.66726786e-16 0)
(0.6567164179 5.010929618e-16 0)
(0.6567164179 2.605826875e-16 0)
(0.6567164179 -2.682618553e-16 0)
(0.6567164179 2.10612755e-16 0)
(0.6567164179 1.586950581e-16 0)
(0.6567164179 -3.108250574e-16 0)
(0.6567164179 -1.479325326e-16 0)
(0.6567164179 -2.548715505e-17 0)
(0.6567164179 3.584567469e-16 0)
(0.6567164179 7.843226261e-17 0)
(0.6567164179 -1.623182998e-16 0)
(0.6567164179 1.823776784e-16 0)
(0.6567164179 1.183713847e-16 0)
(0.6567164179 -7.048519101e-16 0)
(0.6567164179 -2.841734595e-16 0)
(0.6567164179 1.735316068e-16 0)
(0.6567164179 8.986648108e-17 0)
(0.6567164179 4.903163453e-16 0)
(0.6567164179 3.581453879e-17 0)
(0.6567164179 -2.242555388e-16 0)
(0.6567164179 3.976100676e-17 0)
(0.6567164179 3.751641982e-16 0)
(0.6567164179 -2.432780014e-16 0)
(0.6567164179 -1.950851121e-16 0)
(0.6567164179 -3.603573397e-16 0)
(0.6567164179 3.251666721e-17 0)
(0.6567164179 5.281449866e-16 0)
(0.6567164179 -3.406717259e-16 0)
(0.6567164179 1.277110921e-16 0)
(0.6567164179 3.5760252e-16 0)
(0.6567164179 -4.150952346e-16 0)
(0.6567164179 4.143639859e-17 0)
(0.6567164179 4.929466683e-17 0)
(0.6567164179 -1.004866141e-16 0)
(0.6567164179 5.878334398e-16 0)
(0.6567164179 -3.174023357e-16 0)
(0.6567164179 -2.200915564e-16 0)
(0.6567164179 2.472025831e-16 0)
(0.6567164179 -5.052747027e-16 0)
(0.6567164179 -2.743896648e-16 0)
(0.6567164179 7.686694766e-17 0)
(0.6567164179 -1.568905735e-16 0)
(0.6567164179 1.241339018e-16 0)
(0.6567164179 4.082604459e-16 0)
(0.6567164179 -1.687832908e-16 0)
(0.6567164179 -1.949108827e-16 0)
(0.6567164179 1.784683183e-17 0)
(0.6567164179 -7.252243478e-16 0)
(0.6567164179 4.60921268e-17 0)
(0.8656716418 1.018187186e-15 0)
(0.8656716418 6.137792912e-16 0)
(0.8656716418 3.674191812e-16 0)
(0.8656716418 2.551957036e-16 0)
(0.8656716418 4.159995033e-17 0)
(0.8656716418 -5.647454405e-17 0)
(0.8656716418 4.592121167e-17 0)
(0.8656716418 1.186202545e-17 0)
(0.8656716418 -3.764018681e-17 0)
(0.8656716418 1.11361261e-16 0)
(0.8656716418 2.29257009e-17 0)
(0.8656716418 -1.710948897e-17 0)
(0.8656716418 2.971871024e-17 0)
(0.8656716418 -1.034347102e-16 0)
(0.8656716418 -7.882816877e-17 0)
(0.8656716418 -1.368907225e-16 0)
(0.8656716418 -1.691250522e-16 0)
(0.8656716418 9.570691538e-18 0)
(0.8656716418 2.376982168e-17 0)
(0.8656716418 -3.913540103e-17 0)
(0.8656716418 -1.16453032e-16 0)
(0.8656716418 -2.325237927e-16 0)
(0.8656716418 -1.292845696e-16 0)
(0.8656716418 1.88074778e-16 0)
(0.8656716418 2.064639951e-16 0)
(0.8656716418 1.023202099e-16 0)
(0.8656716418 1.283216922e-16 0)
(0.8656716418 2.375205167e-17 0)
(0.8656716418 -1.289000209e-16 0)
(0.8656716418 -2.06094095e-16 0)
(0.8656716418 3.277728843e-17 0)
(0.8656716418 1.966952309e-18 0)
(0.8656716418 -2.326917762e-16 0)
(0.8656716418 -1.011343438e-16 0)
(0.8656716418 -2.20388829e-16 0)
(0.8656716418 -6.708112983e-17 0)
(0.8656716418 1.353586666e-16 0)
(0.8656716418 8.684495445e-17 0)
(0.8656716418 -5.557680062e-17 0)
(0.8656716418 -5.342828978e-18 0)
(0.8656716418 8.811017186e-17 0)
(0.8656716418 -7.659661771e-17 0)
(0.8656716418 1.020940581e-16 0)
(0.8656716418 -1.604727286e-16 0)
(0.8656716418 -1.028519207e-16 0)
(0.8656716418 6.069626068e-17 0)
(0.8656716418 -9.847050986e-17 0)
(0.8656716418 3.503722118e-17 0)
(0.8656716418 5.842233222e-17 0)
(0.8656716418 2.242544756e-17 0)
(0.8656716418 4.479813138e-17 0)
(0.8656716418 -1.041675773e-16 0)
(0.8656716418 6.77282789e-17 0)
(0.8656716418 2.25014176e-16 0)
(0.8656716418 -1.365985578e-16 0)
(0.8656716418 -1.603449048e-16 0)
(0.8656716418 1.983030528e-16 0)
(0.8656716418 2.252706648e-17 0)
(0.8656716418 1.109449234e-16 0)
(0.8656716418 8.294834557e-17 0)
(0.8656716418 -1.351723628e-16 0)
(0.8656716418 1.191053823e-16 0)
(0.8656716418 1.083236653e-16 0)
(0.8656716418 -1.244161255e-16 0)
(0.8656716418 2.735733162e-17 0)
(0.8656716418 1.034168163e-16 0)
(0.8656716418 5.893110621e-17 0)
(0.8656716418 1.685893561e-16 0)
(0.8656716418 8.358906312e-17 0)
(0.8656716418 -4.21145886e-16 0)
(0.8656716418 -4.197871926e-16 0)
(0.8656716418 3.669554629e-16 0)
(0.8656716418 1.703161096e-16 0)
(0.8656716418 -1.016618642e-16 0)
(0.8656716418 -1.195927152e-16 0)
(0.8656716418 -2.353385069e-17 0)
(0.8656716418 3.68992706e-16 0)
(0.8656716418 -1.535676265e-16 0)
(0.8656716418 -5.776813221e-16 0)
(0.8656716418 1.290314031e-16 0)
(0.8656716418 3.1635566e-16 0)
(0.8656716418 -2.63965369e-16 0)
(0.8656716418 2.014557956e-17 0)
(0.8656716418 4.859958292e-16 0)
(0.8656716418 1.581535603e-16 0)
(0.8656716418 3.654314452e-17 0)
(0.8656716418 9.162142389e-17 0)
(0.8656716418 -2.94484042e-16 0)
(0.8656716418 -2.569707511e-16 0)
(0.8656716418 4.683768048e-16 0)
(0.8656716418 -1.002555634e-16 0)
(0.8656716418 -3.454484063e-16 0)
(0.8656716418 -9.177325132e-17 0)
(0.8656716418 2.57062508e-16 0)
(0.8656716418 2.337887767e-17 0)
(0.8656716418 -3.852050261e-16 0)
(0.8656716418 3.119801096e-16 0)
(0.8656716418 3.150005532e-16 0)
(0.8656716418 -2.906947996e-16 0)
(0.8656716418 -4.686136844e-16 0)
(0.8656716418 3.428399281e-16 0)
(0.8656716418 6.099498107e-16 0)
(0.8656716418 5.009304546e-17 0)
(0.8656716418 -2.598321045e-16 0)
(0.8656716418 -3.678909479e-16 0)
(0.8656716418 2.415608843e-16 0)
(0.8656716418 1.254741555e-16 0)
(0.8656716418 -3.851976983e-16 0)
(0.8656716418 -1.652679646e-17 0)
(0.8656716418 1.809142258e-16 0)
(0.8656716418 6.510457332e-19 0)
(0.8656716418 -2.193690328e-16 0)
(0.8656716418 4.72817806e-17 0)
(0.8656716418 3.040752446e-16 0)
(0.8656716418 3.028826367e-16 0)
(0.8656716418 -3.15751914e-16 0)
(0.8656716418 -1.960014827e-16 0)
(0.8656716418 5.540819752e-16 0)
(0.8656716418 3.101474253e-16 0)
(0.8656716418 -3.665728567e-16 0)
(0.8656716418 -4.494815014e-16 0)
(0.8656716418 7.75874022e-17 0)
(0.8656716418 4.227508035e-16 0)
(0.8656716418 3.711988244e-16 0)
(0.8656716418 -5.016771954e-17 0)
(0.8656716418 -2.709919457e-16 0)
(0.8656716418 -2.075167397e-17 0)
(0.8656716418 -7.338033087e-16 0)
(0.8656716418 -2.192865018e-16 0)
(0.8656716418 7.294803608e-16 0)
(0.8656716418 2.497746341e-16 0)
(0.8656716418 -7.770719886e-17 0)
(0.8656716418 -3.748043269e-16 0)
(0.8656716418 -3.174565787e-16 0)
(0.8656716418 6.125242271e-17 0)
(0.8656716418 4.358530209e-17 0)
(0.8656716418 3.311255458e-17 0)
(0.8656716418 -1.530821012e-16 0)
(0.8656716418 6.925356816e-17 0)
(0.8656716418 7.883923179e-18 0)
(0.8656716418 -7.345075768e-16 0)
(0.8656716418 -6.000595178e-17 0)
(0.8656716418 1.737923681e-16 0)
(0.8656716418 4.121153137e-16 0)
(0.8656716418 5.236860349e-16 0)
(0.8656716418 -2.9639916e-16 0)
(0.8656716418 1.445945735e-16 0)
(0.8656716418 3.145976066e-16 0)
(0.8656716418 3.287136278e-18 0)
(0.8656716418 -5.732251057e-16 0)
(0.8656716418 -2.758379889e-16 0)
(0.8656716418 7.127313273e-16 0)
(0.8656716418 -6.849734085e-17 0)
(0.8656716418 -3.274913776e-16 0)
(0.8656716418 6.940537327e-16 0)
(0.8656716418 1.953574132e-16 0)
(0.8656716418 -4.518779925e-16 0)
(0.8656716418 -2.576312807e-16 0)
(0.8656716418 -1.761067935e-16 0)
(0.8656716418 4.561125436e-16 0)
(0.8656716418 4.517793944e-18 0)
(0.8656716418 1.344698693e-17 0)
(0.8656716418 3.065343199e-16 0)
(0.8656716418 -8.98714453e-17 0)
(0.8656716418 -6.961566443e-16 0)
(0.8656716418 -3.802467271e-16 0)
(0.8656716418 4.144415864e-16 0)
(0.8656716418 2.291635045e-16 0)
(0.8656716418 2.259355689e-16 0)
(0.8656716418 -3.874331441e-17 0)
(0.8656716418 5.635808613e-17 0)
(0.8656716418 1.609738642e-16 0)
(0.8656716418 -1.845838248e-16 0)
(0.8656716418 -3.083414959e-16 0)
(0.8656716418 3.12837237e-16 0)
(0.8656716418 -7.062019157e-16 0)
(0.8656716418 -8.171223135e-17 0)
(0.8656716418 7.600925273e-16 0)
(0.8656716418 -3.89383702e-16 0)
(0.8656716418 3.708890698e-16 0)
(0.8656716418 3.98403327e-16 0)
(0.8656716418 -4.071184461e-16 0)
(0.8656716418 -3.794178405e-16 0)
(0.8656716418 -5.484471475e-17 0)
(0.8656716418 3.473744028e-16 0)
(0.8656716418 4.98702334e-16 0)
(0.8656716418 -4.728054867e-16 0)
(0.8656716418 2.015977219e-16 0)
(0.8656716418 2.612395429e-16 0)
(0.8656716418 -1.022864701e-15 0)
(0.8656716418 -5.439702735e-16 0)
(0.8656716418 2.285569825e-16 0)
(0.8656716418 -8.753681451e-17 0)
(0.8656716418 2.798528715e-16 0)
(0.8656716418 2.868513334e-16 0)
(0.8656716418 -4.111753452e-16 0)
(0.8656716418 1.724057178e-16 0)
(0.8656716418 -1.007206201e-16 0)
(0.8656716418 -9.056493942e-16 0)
(0.8656716418 2.917032464e-17 0)
(1.044776119 9.515682841e-16 0)
(1.044776119 7.425232391e-16 0)
(1.044776119 4.379469935e-16 0)
(1.044776119 3.513147944e-16 0)
(1.044776119 1.026071654e-16 0)
(1.044776119 3.649383518e-17 0)
(1.044776119 1.347236848e-16 0)
(1.044776119 7.002695349e-17 0)
(1.044776119 9.088644673e-18 0)
(1.044776119 1.960116118e-16 0)
(1.044776119 3.491814324e-17 0)
(1.044776119 -7.797323388e-17 0)
(1.044776119 6.396313169e-17 0)
(1.044776119 -1.103038505e-16 0)
(1.044776119 -1.524439683e-16 0)
(1.044776119 -1.522060031e-16 0)
(1.044776119 -1.773823387e-16 0)
(1.044776119 -4.577813318e-17 0)
(1.044776119 -2.678227579e-18 0)
(1.044776119 -6.403886151e-17 0)
(1.044776119 -2.017115207e-16 0)
(1.044776119 -3.78045008e-16 0)
(1.044776119 -5.189595777e-17 0)
(1.044776119 1.936492478e-16 0)
(1.044776119 1.7744857e-16 0)
(1.044776119 1.974533564e-16 0)
(1.044776119 1.722891164e-16 0)
(1.044776119 3.706954258e-18 0)
(1.044776119 -2.507229964e-16 0)
(1.044776119 -2.900951595e-16 0)
(1.044776119 4.970953215e-17 0)
(1.044776119 -6.119574983e-18 0)
(1.044776119 -3.688050807e-16 0)
(1.044776119 -1.551317648e-16 0)
(1.044776119 -2.268773826e-16 0)
(1.044776119 -9.880947722e-17 0)
(1.044776119 2.267336372e-16 0)
(1.044776119 1.77814543e-16 0)
(1.044776119 -2.747150329e-17 0)
(1.044776119 -2.607399538e-17 0)
(1.044776119 1.487432412e-17 0)
(1.044776119 -1.438122294e-16 0)
(1.044776119 1.900543872e-17 0)
(1.044776119 -1.701730624e-16 0)
(1.044776119 -1.148801503e-16 0)
(1.044776119 1.108204335e-16 0)
(1.044776119 -5.095388619e-17 0)
(1.044776119 -6.630145238e-18 0)
(1.044776119 7.231807889e-17 0)
(1.044776119 2.309560138e-17 0)
(1.044776119 -7.639365154e-17 0)
(1.044776119 -6.231456752e-17 0)
(1.044776119 2.055469652e-16 0)
(1.044776119 1.999901897e-16 0)
(1.044776119 -1.045541906e-16 0)
(1.044776119 -4.740690398e-17 0)
(1.044776119 1.838470107e-16 0)
(1.044776119 1.051828214e-16 0)
(1.044776119 1.125431182e-16 0)
(1.044776119 5.040898091e-17 0)
(1.044776119 -1.190655525e-16 0)
(1.044776119 1.52500553e-16 0)
(1.044776119 1.773991809e-16 0)
(1.044776119 -3.997621017e-17 0)
(1.044776119 4.050234349e-18 0)
(1.044776119 1.367525995e-16 0)
(1.044776119 5.204439469e-17 0)
(1.044776119 2.120431433e-16 0)
(1.044776119 -5.556217036e-18 0)
(1.044776119 -5.562765118e-16 0)
(1.044776119 -4.519898238e-16 0)
(1.044776119 3.402395955e-16 0)
(1.044776119 1.690150803e-16 0)
(1.044776119 -1.378971869e-16 0)
(1.044776119 -2.056961457e-16 0)
(1.044776119 2.01162761e-18 0)
(1.044776119 3.741104676e-16 0)
(1.044776119 -2.034591078e-16 0)
(1.044776119 -5.018887376e-16 0)
(1.044776119 1.664031291e-16 0)
(1.044776119 2.730388587e-16 0)
(1.044776119 -2.454723941e-16 0)
(1.044776119 1.129608945e-16 0)
(1.044776119 5.406933141e-16 0)
(1.044776119 1.379672107e-16 0)
(1.044776119 5.713091371e-17 0)
(1.044776119 1.428588027e-16 0)
(1.044776119 -2.894237207e-16 0)
(1.044776119 -2.624225019e-16 0)
(1.044776119 4.344346008e-16 0)
(1.044776119 -1.992472133e-16 0)
(1.044776119 -3.876220288e-16 0)
(1.044776119 -1.123544136e-16 0)
(1.044776119 2.257668727e-16 0)
(1.044776119 -1.365022992e-17 0)
(1.044776119 -3.969293948e-16 0)
(1.044776119 3.315737413e-16 0)
(1.044776119 3.683279585e-16 0)
(1.044776119 -2.706869918e-16 0)
(1.044776119 -4.405060016e-16 0)
(1.044776119 4.210160392e-16 0)
(1.044776119 6.715725543e-16 0)
(1.044776119 5.137852339e-17 0)
(1.044776119 -2.581420261e-16 0)
(1.044776119 -4.081813111e-16 0)
(1.044776119 1.741510317e-16 0)
(1.044776119 1.012627659e-16 0)
(1.044776119 -3.738050373e-16 0)
(1.044776119 -3.703266605e-17 0)
(1.044776119 2.308535556e-16 0)
(1.044776119 -3.63672521e-17 0)
(1.044776119 -2.326378228e-16 0)
(1.044776119 4.113068165e-19 0)
(1.044776119 3.991999668e-16 0)
(1.044776119 3.511045551e-16 0)
(1.044776119 -2.860995682e-16 0)
(1.044776119 -1.314749556e-16 0)
(1.044776119 5.963256675e-16 0)
(1.044776119 3.166277624e-16 0)
(1.044776119 -3.756890852e-16 0)
(1.044776119 -4.73111518e-16 0)
(1.044776119 2.699441435e-17 0)
(1.044776119 5.109661148e-16 0)
(1.044776119 3.427527045e-16 0)
(1.044776119 -1.809170681e-16 0)
(1.044776119 -2.488252478e-16 0)
(1.044776119 -5.419270814e-17 0)
(1.044776119 -8.765652931e-16 0)
(1.044776119 -2.054033992e-16 0)
(1.044776119 7.818268634e-16 0)
(1.044776119 3.71565458e-16 0)
(1.044776119 -1.610533364e-17 0)
(1.044776119 -4.229338228e-16 0)
(1.044776119 -4.03964026e-16 0)
(1.044776119 7.292207198e-17 0)
(1.044776119 3.44198753e-17 0)
(1.044776119 1.796734519e-17 0)
(1.044776119 -1.999407891e-16 0)
(1.044776119 -5.120773893e-17 0)
(1.044776119 -3.968753528e-17 0)
(1.044776119 -7.223653769e-16 0)
(1.044776119 -7.485657459e-17 0)
(1.044776119 1.262643905e-16 0)
(1.044776119 5.159609887e-16 0)
(1.044776119 7.422398031e-16 0)
(1.044776119 -1.639221064e-16 0)
(1.044776119 1.900386299e-16 0)
(1.044776119 3.691563833e-16 0)
(1.044776119 -1.172664162e-16 0)
(1.044776119 -7.464772553e-16 0)
(1.044776119 -3.584222882e-16 0)
(1.044776119 7.405968786e-16 0)
(1.044776119 -1.376611841e-17 0)
(1.044776119 -3.396902071e-16 0)
(1.044776119 7.378740271e-16 0)
(1.044776119 3.169641971e-16 0)
(1.044776119 -4.724515549e-16 0)
(1.044776119 -3.321767039e-16 0)
(1.044776119 -1.588629222e-16 0)
(1.044776119 4.543358233e-16 0)
(1.044776119 2.887287961e-17 0)
(1.044776119 7.161408915e-17 0)
(1.044776119 3.740026634e-16 0)
(1.044776119 -1.335177888e-16 0)
(1.044776119 -7.907672745e-16 0)
(1.044776119 -4.472849993e-16 0)
(1.044776119 4.782305038e-16 0)
(1.044776119 3.648857551e-16 0)
(1.044776119 2.625934061e-16 0)
(1.044776119 -4.391549872e-17 0)
(1.044776119 8.761437017e-17 0)
(1.044776119 1.475432032e-16 0)
(1.044776119 -2.871670524e-16 0)
(1.044776119 -3.240763257e-16 0)
(1.044776119 2.433954299e-16 0)
(1.044776119 -7.890974274e-16 0)
(1.044776119 -1.304947524e-16 0)
(1.044776119 8.071735478e-16 0)
(1.044776119 -3.339107209e-16 0)
(1.044776119 3.932176767e-16 0)
(1.044776119 4.994702732e-16 0)
(1.044776119 -4.587123497e-16 0)
(1.044776119 -4.709225992e-16 0)
(1.044776119 -5.332636278e-17 0)
(1.044776119 5.296066579e-16 0)
(1.044776119 5.638734494e-16 0)
(1.044776119 -5.502846031e-16 0)
(1.044776119 5.256033528e-17 0)
(1.044776119 1.870645746e-16 0)
(1.044776119 -1.096916358e-15 0)
(1.044776119 -6.576216781e-16 0)
(1.044776119 2.032637638e-16 0)
(1.044776119 -4.852996807e-17 0)
(1.044776119 3.444426364e-16 0)
(1.044776119 1.961461162e-16 0)
(1.044776119 -4.729424287e-16 0)
(1.044776119 1.817462234e-16 0)
(1.044776119 -1.752333377e-16 0)
(1.044776119 -8.969243131e-16 0)
(1.044776119 9.395282354e-17 0)
(1.194029851 8.488278845e-16 0)
(1.194029851 7.645015431e-16 0)
(1.194029851 5.087109887e-16 0)
(1.194029851 4.043101767e-16 0)
(1.194029851 2.11064849e-16 0)
(1.194029851 1.366906092e-16 0)
(1.194029851 1.644859519e-16 0)
(1.194029851 1.91910454e-16 0)
(1.194029851 1.397984236e-16 0)
(1.194029851 2.73382234e-16 0)
(1.194029851 5.738939207e-17 0)
(1.194029851 -4.756051964e-17 0)
(1.194029851 8.377617077e-17 0)
(1.194029851 -1.628932329e-16 0)
(1.194029851 -2.868469143e-16 0)
(1.194029851 -1.967201949e-16 0)
(1.194029851 -2.060022059e-16 0)
(1.194029851 -1.293909521e-16 0)
(1.194029851 -1.072078612e-16 0)
(1.194029851 -2.918283502e-17 0)
(1.194029851 -2.312172014e-16 0)
(1.194029851 -4.019872644e-16 0)
(1.194029851 -8.771223453e-18 0)
(1.194029851 1.704510904e-16 0)
(1.194029851 1.388908935e-16 0)
(1.194029851 2.767618798e-16 0)
(1.194029851 1.995798078e-16 0)
(1.194029851 -2.823033488e-17 0)
(1.194029851 -3.95627555e-16 0)
(1.194029851 -2.611950347e-16 0)
(1.194029851 4.677065473e-17 0)
(1.194029851 -1.676323427e-16 0)
(1.194029851 -4.041835101e-16 0)
(1.194029851 -1.826654744e-16 0)
(1.194029851 -1.422953277e-16 0)
(1.194029851 -1.064082977e-16 0)
(1.194029851 2.015725144e-16 0)
(1.194029851 3.227347234e-16 0)
(1.194029851 6.54053026e-17 0)
(1.194029851 -5.963224318e-17 0)
(1.194029851 -9.060929833e-17 0)
(1.194029851 -2.877447459e-16 0)
(1.194029851 -1.567419776e-16 0)
(1.194029851 -1.202162385e-16 0)
(1.194029851 -1.231626638e-16 0)
(1.194029851 6.83273416e-17 0)
(1.194029851 5.015232165e-17 0)
(1.194029851 -4.964571053e-17 0)
(1.194029851 9.148449612e-17 0)
(1.194029851 6.735844235e-17 0)
(1.194029851 -1.806664897e-16 0)
(1.194029851 -2.494663473e-17 0)
(1.194029851 2.650861815e-16 0)
(1.194029851 1.846724442e-16 0)
(1.194029851 -1.427297385e-17 0)
(1.194029851 1.309539252e-17 0)
(1.194029851 2.180595321e-16 0)
(1.194029851 2.84825933e-16 0)
(1.194029851 4.173544163e-17 0)
(1.194029851 5.964381829e-17 0)
(1.194029851 -5.0820418e-17 0)
(1.194029851 7.249200283e-17 0)
(1.194029851 2.858704583e-16 0)
(1.194029851 7.321244023e-17 0)
(1.194029851 -7.011417355e-18 0)
(1.194029851 2.32670413e-16 0)
(1.194029851 -1.823611275e-17 0)
(1.194029851 1.364668005e-16 0)
(1.194029851 -5.992135084e-17 0)
(1.194029851 -5.245749938e-16 0)
(1.194029851 -4.951646728e-16 0)
(1.194029851 1.756769412e-16 0)
(1.194029851 1.829766949e-16 0)
(1.194029851 -1.247201846e-16 0)
(1.194029851 -1.655449929e-16 0)
(1.194029851 5.50219697e-17 0)
(1.194029851 2.275066651e-16 0)
(1.194029851 -2.742193738e-16 0)
(1.194029851 -2.900969759e-16 0)
(1.194029851 2.508773822e-16 0)
(1.194029851 2.851657916e-16 0)
(1.194029851 -1.85533469e-16 0)
(1.194029851 1.775892362e-16 0)
(1.194029851 4.707721663e-16 0)
(1.194029851 9.005767356e-17 0)
(1.194029851 1.262188003e-16 0)
(1.194029851 2.489581504e-17 0)
(1.194029851 -2.644199495e-16 0)
(1.194029851 -4.442517238e-17 0)
(1.194029851 2.464240319e-16 0)
(1.194029851 -3.060855204e-16 0)
(1.194029851 -3.415574907e-16 0)
(1.194029851 -2.113513188e-16 0)
(1.194029851 4.117418484e-17 0)
(1.194029851 4.467436046e-17 0)
(1.194029851 -2.273802014e-16 0)
(1.194029851 1.091273443e-16 0)
(1.194029851 3.052931688e-16 0)
(1.194029851 -5.948690323e-17 0)
(1.194029851 -3.521818929e-16 0)
(1.194029851 4.599945724e-16 0)
(1.194029851 6.429677929e-16 0)
(1.194029851 5.169993756e-17 0)
(1.194029851 -3.56424311e-16 0)
(1.194029851 -2.290216494e-16 0)
(1.194029851 1.19255116e-16 0)
(1.194029851 3.490799531e-18 0)
(1.194029851 -4.133867294e-16 0)
(1.194029851 -7.088144785e-17 0)
(1.194029851 3.512264633e-16 0)
(1.194029851 -5.521965421e-17 0)
(1.194029851 -2.332364245e-16 0)
(1.194029851 -4.879785926e-17 0)
(1.194029851 4.868853407e-16 0)
(1.194029851 4.302369391e-16 0)
(1.194029851 -1.87164398e-16 0)
(1.194029851 -6.83827246e-17 0)
(1.194029851 5.721693496e-16 0)
(1.194029851 1.774920711e-16 0)
(1.194029851 -2.17387356e-16 0)
(1.194029851 -2.107910302e-16 0)
(1.194029851 -1.455281161e-16 0)
(1.194029851 5.331079116e-16 0)
(1.194029851 1.990825793e-16 0)
(1.194029851 -4.212743655e-16 0)
(1.194029851 -1.89377789e-16 0)
(1.194029851 -4.71190417e-17 0)
(1.194029851 -8.038370341e-16 0)
(1.194029851 -2.608569819e-16 0)
(1.194029851 7.167773555e-16 0)
(1.194029851 5.521571717e-16 0)
(1.194029851 1.119635188e-16 0)
(1.194029851 -5.067653921e-16 0)
(1.194029851 -4.716963194e-16 0)
(1.194029851 1.931933264e-16 0)
(1.194029851 -6.370143244e-17 0)
(1.194029851 -1.880236289e-16 0)
(1.194029851 -1.377483107e-16 0)
(1.194029851 -1.594220384e-16 0)
(1.194029851 -1.15943427e-16 0)
(1.194029851 -4.566322502e-16 0)
(1.194029851 -2.564995098e-16 0)
(1.194029851 8.61109249e-17 0)
(1.194029851 7.347590351e-16 0)
(1.194029851 7.771344833e-16 0)
(1.194029851 5.13672802e-17 0)
(1.194029851 4.165141756e-16 0)
(1.194029851 4.393220944e-16 0)
(1.194029851 -4.247877953e-16 0)
(1.194029851 -7.640002795e-16 0)
(1.194029851 -3.292262242e-16 0)
(1.194029851 4.498776203e-16 0)
(1.194029851 1.770694603e-16 0)
(1.194029851 -2.622042068e-16 0)
(1.194029851 4.901342007e-16 0)
(1.194029851 5.51785828e-16 0)
(1.194029851 -3.993520568e-16 0)
(1.194029851 -4.090836986e-16 0)
(1.194029851 -9.462325609e-17 0)
(1.194029851 4.240245059e-16 0)
(1.194029851 1.069695861e-16 0)
(1.194029851 5.039315026e-17 0)
(1.194029851 2.739981207e-16 0)
(1.194029851 -2.022659711e-16 0)
(1.194029851 -7.363964125e-16 0)
(1.194029851 -3.454458463e-16 0)
(1.194029851 4.840975405e-16 0)
(1.194029851 3.158472592e-16 0)
(1.194029851 2.276163391e-16 0)
(1.194029851 3.098674979e-17 0)
(1.194029851 1.831247793e-16 0)
(1.194029851 1.259854236e-16 0)
(1.194029851 -4.234924479e-16 0)
(1.194029851 -3.705480988e-16 0)
(1.194029851 8.606149394e-17 0)
(1.194029851 -4.998789956e-16 0)
(1.194029851 -2.333194224e-16 0)
(1.194029851 5.61010603e-16 0)
(1.194029851 1.296519418e-17 0)
(1.194029851 3.080931658e-16 0)
(1.194029851 3.301565105e-16 0)
(1.194029851 -4.305571024e-16 0)
(1.194029851 -3.980806856e-16 0)
(1.194029851 -7.667079576e-18 0)
(1.194029851 6.251545846e-16 0)
(1.194029851 5.661461788e-16 0)
(1.194029851 -6.546981334e-16 0)
(1.194029851 -8.35524174e-17 0)
(1.194029851 1.456883897e-16 0)
(1.194029851 -1.051603044e-15 0)
(1.194029851 -7.396335596e-16 0)
(1.194029851 8.293398489e-17 0)
(1.194029851 1.172733143e-16 0)
(1.194029851 2.04786731e-16 0)
(1.194029851 -2.023899685e-16 0)
(1.194029851 -2.952495292e-16 0)
(1.194029851 3.084187301e-16 0)
(1.194029851 -2.223728976e-16 0)
(1.194029851 -6.80371827e-16 0)
(1.194029851 5.020122808e-17 0)
(1.313432836 7.032423506e-16 0)
(1.313432836 6.507509904e-16 0)
(1.313432836 5.511079374e-16 0)
(1.313432836 4.40304068e-16 0)
(1.313432836 2.946921472e-16 0)
(1.313432836 2.177510505e-16 0)
(1.313432836 2.389244316e-16 0)
(1.313432836 1.903357396e-16 0)
(1.313432836 3.666529474e-16 0)
(1.313432836 3.422914749e-16 0)
(1.313432836 1.060926092e-16 0)
(1.313432836 5.401449673e-17 0)
(1.313432836 2.653831846e-17 0)
(1.313432836 -1.498035787e-16 0)
(1.313432836 -3.618748625e-16 0)
(1.313432836 -2.590573614e-16 0)
(1.313432836 -3.242015049e-16 0)
(1.313432836 -2.524857234e-16 0)
(1.313432836 -1.840344886e-16 0)
(1.313432836 -7.324682561e-17 0)
(1.313432836 -1.251748498e-16 0)
(1.313432836 -2.060507819e-16 0)
(1.313432836 -4.740328903e-18 0)
(1.313432836 8.286470357e-17 0)
(1.313432836 6.254806932e-17 0)
(1.313432836 2.040410728e-16 0)
(1.313432836 2.383772103e-16 0)
(1.313432836 -8.350504498e-17 0)
(1.313432836 -4.49722862e-16 0)
(1.313432836 -1.989762271e-16 0)
(1.313432836 -1.452630312e-17 0)
(1.313432836 -2.874088647e-16 0)
(1.313432836 -3.383917405e-16 0)
(1.313432836 -2.288504418e-16 0)
(1.313432836 -1.806574375e-16 0)
(1.313432836 -1.380766599e-16 0)
(1.313432836 2.836004742e-16 0)
(1.313432836 4.762771208e-16 0)
(1.313432836 1.027446065e-16 0)
(1.313432836 -1.777728378e-16 0)
(1.313432836 -2.640182837e-16 0)
(1.313432836 -4.233458343e-16 0)
(1.313432836 -2.582174635e-16 0)
(1.313432836 -7.711257405e-17 0)
(1.313432836 -3.556943916e-17 0)
(1.313432836 4.753202029e-17 0)
(1.313432836 1.862088243e-17 0)
(1.313432836 -7.602084772e-17 0)
(1.313432836 9.067952835e-17 0)
(1.313432836 9.411712721e-17 0)
(1.313432836 -1.028389635e-16 0)
(1.313432836 7.277740923e-18 0)
(1.313432836 1.843280407e-16 0)
(1.313432836 2.738830319e-16 0)
(1.313432836 1.524179085e-16 0)
(1.313432836 -4.0808942e-18 0)
(1.313432836 1.784867431e-16 0)
(1.313432836 3.861783488e-16 0)
(1.313432836 1.784258871e-16 0)
(1.313432836 -7.357709896e-17 0)
(1.313432836 -6.92402973e-17 0)
(1.313432836 1.209266271e-16 0)
(1.313432836 2.281307151e-16 0)
(1.313432836 1.872497264e-16 0)
(1.313432836 1.012380273e-16 0)
(1.313432836 2.688931351e-16 0)
(1.313432836 -1.76571521e-17 0)
(1.313432836 -8.71981591e-18 0)
(1.313432836 -2.115296574e-16 0)
(1.313432836 -5.156309375e-16 0)
(1.313432836 -4.331407504e-16 0)
(1.313432836 1.140132185e-16 0)
(1.313432836 1.793482818e-16 0)
(1.313432836 -1.362350942e-16 0)
(1.313432836 -8.737731385e-17 0)
(1.313432836 3.010886072e-17 0)
(1.313432836 3.145813407e-16 0)
(1.313432836 -2.421528774e-16 0)
(1.313432836 -2.923885156e-16 0)
(1.313432836 3.630153852e-16 0)
(1.313432836 4.212829197e-16 0)
(1.313432836 -1.201810412e-17 0)
(1.313432836 1.379880206e-16 0)
(1.313432836 2.664650805e-16 0)
(1.313432836 -1.562545411e-17 0)
(1.313432836 6.599950895e-17 0)
(1.313432836 6.802461898e-17 0)
(1.313432836 -1.833478385e-16 0)
(1.313432836 -1.041908673e-16 0)
(1.313432836 1.540784584e-16 0)
(1.313432836 -1.489979511e-16 0)
(1.313432836 -2.59079329e-16 0)
(1.313432836 -2.358802566e-16 0)
(1.313432836 -1.604812753e-16 0)
(1.313432836 -8.456466633e-17 0)
(1.313432836 -2.835686894e-16 0)
(1.313432836 4.840273953e-17 0)
(1.313432836 3.679697069e-16 0)
(1.313432836 -4.146326204e-17 0)
(1.313432836 -2.907666471e-16 0)
(1.313432836 4.82234529e-16 0)
(1.313432836 6.888013481e-16 0)
(1.313432836 9.88602646e-17 0)
(1.313432836 -3.308268701e-16 0)
(1.313432836 -2.908973535e-16 0)
(1.313432836 7.752717946e-17 0)
(1.313432836 -9.745032144e-17 0)
(1.313432836 -5.124623699e-16 0)
(1.313432836 -1.950134661e-17 0)
(1.313432836 2.814297015e-16 0)
(1.313432836 1.163313834e-16 0)
(1.313432836 -6.945808598e-17 0)
(1.313432836 5.343779876e-18 0)
(1.313432836 4.620997157e-16 0)
(1.313432836 3.130763216e-16 0)
(1.313432836 -4.259536714e-17 0)
(1.313432836 6.921432351e-17 0)
(1.313432836 4.596808234e-16 0)
(1.313432836 2.521881487e-16 0)
(1.313432836 -2.901127558e-17 0)
(1.313432836 -1.417964844e-16 0)
(1.313432836 -9.021301631e-17 0)
(1.313432836 2.981697485e-16 0)
(1.313432836 1.567171978e-19 0)
(1.313432836 -4.633194814e-16 0)
(1.313432836 -2.714216322e-16 0)
(1.313432836 -1.790312338e-16 0)
(1.313432836 -5.652737661e-16 0)
(1.313432836 -1.32659303e-16 0)
(1.313432836 6.974344412e-16 0)
(1.313432836 4.707187677e-16 0)
(1.313432836 1.233748051e-17 0)
(1.313432836 -4.282731516e-16 0)
(1.313432836 -4.234852306e-16 0)
(1.313432836 2.231149057e-16 0)
(1.313432836 -9.787825248e-17 0)
(1.313432836 -3.509112943e-16 0)
(1.313432836 -3.34187549e-16 0)
(1.313432836 -1.122670171e-16 0)
(1.313432836 6.442577657e-17 0)
(1.313432836 -5.100383887e-16 0)
(1.313432836 -3.177270008e-16 0)
(1.313432836 1.991301627e-16 0)
(1.313432836 8.453263128e-16 0)
(1.313432836 8.627726792e-16 0)
(1.313432836 1.408169217e-16 0)
(1.313432836 4.414001253e-16 0)
(1.313432836 4.180415961e-16 0)
(1.313432836 -3.211259878e-16 0)
(1.313432836 -7.314131311e-16 0)
(1.313432836 -4.221058909e-16 0)
(1.313432836 3.884120723e-16 0)
(1.313432836 7.522803125e-18 0)
(1.313432836 -2.962128715e-16 0)
(1.313432836 5.397383209e-16 0)
(1.313432836 4.187051961e-16 0)
(1.313432836 -3.253377396e-16 0)
(1.313432836 -3.731603895e-16 0)
(1.313432836 -1.122774465e-16 0)
(1.313432836 5.029673942e-16 0)
(1.313432836 4.668059068e-17 0)
(1.313432836 1.696880798e-17 0)
(1.313432836 6.182431384e-17 0)
(1.313432836 -1.907906675e-16 0)
(1.313432836 -6.015179449e-16 0)
(1.313432836 -2.93987969e-16 0)
(1.313432836 5.289926043e-16 0)
(1.313432836 3.819023091e-16 0)
(1.313432836 2.938754517e-16 0)
(1.313432836 -1.165276421e-16 0)
(1.313432836 -8.381773393e-17 0)
(1.313432836 2.345562519e-16 0)
(1.313432836 -3.021778009e-16 0)
(1.313432836 -3.931707472e-16 0)
(1.313432836 -4.511395999e-17 0)
(1.313432836 -4.861505668e-16 0)
(1.313432836 -6.606257068e-17 0)
(1.313432836 3.86747297e-16 0)
(1.313432836 -1.475321491e-16 0)
(1.313432836 4.651619594e-16 0)
(1.313432836 4.668001418e-16 0)
(1.313432836 -3.105217837e-16 0)
(1.313432836 -4.252779408e-16 0)
(1.313432836 -2.520272113e-17 0)
(1.313432836 7.533924743e-16 0)
(1.313432836 3.485116896e-16 0)
(1.313432836 -7.760764302e-16 0)
(1.313432836 -2.26815191e-16 0)
(1.313432836 1.178602023e-16 0)
(1.313432836 -8.832527508e-16 0)
(1.313432836 -7.625722224e-16 0)
(1.313432836 -7.322188706e-17 0)
(1.313432836 9.170216087e-17 0)
(1.313432836 2.733598798e-16 0)
(1.313432836 -8.925906473e-17 0)
(1.313432836 -2.87209466e-16 0)
(1.313432836 8.476407226e-17 0)
(1.313432836 -1.681381053e-16 0)
(1.313432836 -4.190768874e-16 0)
(1.313432836 1.270811476e-16 0)
(1.402985075 6.619616845e-16 0)
(1.402985075 5.130210822e-16 0)
(1.402985075 5.374652967e-16 0)
(1.402985075 4.577697587e-16 0)
(1.402985075 4.223284778e-16 0)
(1.402985075 3.945284038e-16 0)
(1.402985075 2.446136019e-16 0)
(1.402985075 1.944755823e-16 0)
(1.402985075 4.732039221e-16 0)
(1.402985075 3.129362329e-16 0)
(1.402985075 1.483078765e-16 0)
(1.402985075 9.12749208e-17 0)
(1.402985075 -5.027373646e-18 0)
(1.402985075 -1.761967349e-16 0)
(1.402985075 -3.517376645e-16 0)
(1.402985075 -3.750659123e-16 0)
(1.402985075 -4.15614668e-16 0)
(1.402985075 -2.450235796e-16 0)
(1.402985075 -1.170326415e-16 0)
(1.402985075 -2.142983687e-16 0)
(1.402985075 -6.747942056e-17 0)
(1.402985075 9.162323268e-17 0)
(1.402985075 5.410492474e-17 0)
(1.402985075 -3.83698147e-17 0)
(1.402985075 -7.923257496e-18 0)
(1.402985075 8.769925269e-17 0)
(1.402985075 4.98860589e-17 0)
(1.402985075 -2.065227525e-16 0)
(1.402985075 -4.31446698e-16 0)
(1.402985075 -1.673799876e-16 0)
(1.402985075 -1.573267485e-16 0)
(1.402985075 -3.292129795e-16 0)
(1.402985075 -2.93847432e-16 0)
(1.402985075 -2.196161194e-16 0)
(1.402985075 -2.022157184e-16 0)
(1.402985075 -6.372068613e-18 0)
(1.402985075 3.192328094e-16 0)
(1.402985075 3.690914834e-16 0)
(1.402985075 1.689533328e-16 0)
(1.402985075 -2.820694611e-16 0)
(1.402985075 -4.696470961e-16 0)
(1.402985075 -4.156157588e-16 0)
(1.402985075 -3.076976091e-16 0)
(1.402985075 -6.720519816e-17 0)
(1.402985075 8.507488668e-17 0)
(1.402985075 -6.550074609e-17 0)
(1.402985075 -5.017319888e-17 0)
(1.402985075 1.039969069e-16 0)
(1.402985075 4.164874296e-17 0)
(1.402985075 3.762295902e-17 0)
(1.402985075 7.021229177e-17 0)
(1.402985075 2.836840527e-17 0)
(1.402985075 1.914267808e-16 0)
(1.402985075 3.467493095e-16 0)
(1.402985075 2.105341332e-16 0)
(1.402985075 7.692719311e-17 0)
(1.402985075 2.355060603e-16 0)
(1.402985075 3.31211812e-16 0)
(1.402985075 2.693420496e-16 0)
(1.402985075 -2.633888709e-17 0)
(1.402985075 -5.797665542e-17 0)
(1.402985075 1.215153354e-16 0)
(1.402985075 1.333055627e-16 0)
(1.402985075 2.122358907e-16 0)
(1.402985075 2.376283334e-16 0)
(1.402985075 2.822273653e-16 0)
(1.402985075 -5.337058184e-17 0)
(1.402985075 -1.554266877e-16 0)
(1.402985075 -3.364050217e-16 0)
(1.402985075 -3.835530661e-16 0)
(1.402985075 -1.523979568e-16 0)
(1.402985075 3.537205304e-17 0)
(1.402985075 8.16410443e-17 0)
(1.402985075 -5.477676139e-17 0)
(1.402985075 -8.390457232e-17 0)
(1.402985075 -6.641001287e-18 0)
(1.402985075 3.78026229e-16 0)
(1.402985075 -1.367779783e-16 0)
(1.402985075 -1.438856874e-16 0)
(1.402985075 3.667839403e-16 0)
(1.402985075 3.297155926e-16 0)
(1.402985075 9.914131808e-17 0)
(1.402985075 1.023893297e-16 0)
(1.402985075 1.816850733e-16 0)
(1.402985075 1.348232707e-16 0)
(1.402985075 -1.459591605e-16 0)
(1.402985075 -1.281883306e-16 0)
(1.402985075 -2.39990312e-17 0)
(1.402985075 1.078012599e-18 0)
(1.402985075 1.014191052e-16 0)
(1.402985075 -2.924329257e-17 0)
(1.402985075 -2.428931119e-16 0)
(1.402985075 -2.940170909e-16 0)
(1.402985075 -2.382002148e-16 0)
(1.402985075 -1.383434579e-16 0)
(1.402985075 -3.648103069e-16 0)
(1.402985075 -1.141704868e-16 0)
(1.402985075 3.564523646e-16 0)
(1.402985075 4.884013627e-17 0)
(1.402985075 -1.644220354e-16 0)
(1.402985075 3.622306607e-16 0)
(1.402985075 5.75808586e-16 0)
(1.402985075 1.383371555e-16 0)
(1.402985075 -2.606714734e-16 0)
(1.402985075 -3.496893806e-16 0)
(1.402985075 -8.778106981e-17 0)
(1.402985075 -1.117993863e-16 0)
(1.402985075 -3.960396391e-16 0)
(1.402985075 -9.919618901e-17 0)
(1.402985075 2.156868931e-16 0)
(1.402985075 7.675793368e-17 0)
(1.402985075 5.189570078e-17 0)
(1.402985075 1.34166103e-16 0)
(1.402985075 4.228369743e-16 0)
(1.402985075 3.833031825e-16 0)
(1.402985075 1.300797856e-16 0)
(1.402985075 -5.218909885e-17 0)
(1.402985075 3.651426203e-16 0)
(1.402985075 3.377229014e-16 0)
(1.402985075 1.200333821e-16 0)
(1.402985075 1.472225187e-17 0)
(1.402985075 -4.293691393e-17 0)
(1.402985075 8.728009342e-17 0)
(1.402985075 -2.006731107e-16 0)
(1.402985075 -4.929546034e-16 0)
(1.402985075 -5.051347045e-16 0)
(1.402985075 -1.537675828e-16 0)
(1.402985075 -4.148621794e-16 0)
(1.402985075 -1.723965063e-17 0)
(1.402985075 6.511338352e-16 0)
(1.402985075 4.963944717e-16 0)
(1.402985075 3.540313027e-17 0)
(1.402985075 -5.033369133e-16 0)
(1.402985075 -3.400046733e-16 0)
(1.402985075 1.048932925e-16 0)
(1.402985075 -2.001680822e-16 0)
(1.402985075 -3.099646702e-16 0)
(1.402985075 -3.074930417e-16 0)
(1.402985075 -9.651334177e-17 0)
(1.402985075 5.255647731e-17 0)
(1.402985075 -4.561043216e-16 0)
(1.402985075 -1.073551466e-16 0)
(1.402985075 3.041155836e-16 0)
(1.402985075 6.615825267e-16 0)
(1.402985075 7.146463658e-16 0)
(1.402985075 3.412318939e-16 0)
(1.402985075 5.620916406e-16 0)
(1.402985075 3.498702467e-16 0)
(1.402985075 -1.861604396e-16 0)
(1.402985075 -6.136848039e-16 0)
(1.402985075 -4.220648502e-16 0)
(1.402985075 2.401951415e-17 0)
(1.402985075 -1.337381812e-16 0)
(1.402985075 -1.555306341e-16 0)
(1.402985075 4.835115856e-16 0)
(1.402985075 2.43741511e-16 0)
(1.402985075 -2.766675764e-16 0)
(1.402985075 -2.007004106e-16 0)
(1.402985075 -4.194782338e-17 0)
(1.402985075 2.715427849e-16 0)
(1.402985075 -1.378264179e-17 0)
(1.402985075 5.05966029e-18 0)
(1.402985075 -1.488567992e-17 0)
(1.402985075 -1.727267408e-16 0)
(1.402985075 -4.721238536e-16 0)
(1.402985075 -2.645721264e-16 0)
(1.402985075 5.164120013e-16 0)
(1.402985075 5.574500122e-16 0)
(1.402985075 3.204312186e-16 0)
(1.402985075 -2.66105202e-16 0)
(1.402985075 -2.724099234e-17 0)
(1.402985075 8.055390189e-17 0)
(1.402985075 -2.8236644e-16 0)
(1.402985075 -3.444508418e-16 0)
(1.402985075 -1.153299333e-16 0)
(1.402985075 -3.245978338e-16 0)
(1.402985075 -3.252250142e-16 0)
(1.402985075 1.256985789e-16 0)
(1.402985075 5.584932848e-17 0)
(1.402985075 3.703063165e-16 0)
(1.402985075 4.908008273e-16 0)
(1.402985075 -1.170121442e-16 0)
(1.402985075 -2.212228859e-16 0)
(1.402985075 5.516117018e-17 0)
(1.402985075 6.068379337e-16 0)
(1.402985075 3.139482525e-17 0)
(1.402985075 -8.485462151e-16 0)
(1.402985075 -1.336803699e-16 0)
(1.402985075 4.865582303e-17 0)
(1.402985075 -7.28658098e-16 0)
(1.402985075 -6.98381018e-16 0)
(1.402985075 -1.580043481e-16 0)
(1.402985075 7.708942983e-17 0)
(1.402985075 2.544688884e-16 0)
(1.402985075 1.340704351e-17 0)
(1.402985075 -2.328089324e-16 0)
(1.402985075 -5.102730015e-19 0)
(1.402985075 2.184719002e-17 0)
(1.402985075 -4.335142181e-16 0)
(1.402985075 8.683317239e-17 0)
(1.462686567 4.428288565e-16 0)
(1.462686567 3.246091736e-16 0)
(1.462686567 4.749417079e-16 0)
(1.462686567 4.848889905e-16 0)
(1.462686567 4.403371203e-16 0)
(1.462686567 5.867397716e-16 0)
(1.462686567 4.099701987e-16 0)
(1.462686567 3.264767695e-16 0)
(1.462686567 3.828576774e-16 0)
(1.462686567 2.106835928e-16 0)
(1.462686567 1.092023123e-16 0)
(1.462686567 3.244893638e-17 0)
(1.462686567 9.411177005e-18 0)
(1.462686567 -2.30929458e-16 0)
(1.462686567 -3.888712978e-16 0)
(1.462686567 -4.253342225e-16 0)
(1.462686567 -4.043616837e-16 0)
(1.462686567 -2.799208621e-16 0)
(1.462686567 -4.715241525e-17 0)
(1.462686567 -9.955170339e-17 0)
(1.462686567 8.89315813e-17 0)
(1.462686567 2.687225458e-16 0)
(1.462686567 -4.436336653e-18 0)
(1.462686567 -1.963013442e-16 0)
(1.462686567 -6.301422363e-17 0)
(1.462686567 -4.103593161e-17 0)
(1.462686567 -1.420359848e-16 0)
(1.462686567 -2.813052518e-16 0)
(1.462686567 -2.983369259e-16 0)
(1.462686567 -1.687179025e-16 0)
(1.462686567 -3.235845185e-16 0)
(1.462686567 -3.125930565e-16 0)
(1.462686567 -3.250798205e-16 0)
(1.462686567 -2.735342566e-16 0)
(1.462686567 -1.718813833e-16 0)
(1.462686567 1.354480378e-16 0)
(1.462686567 2.113329561e-16 0)
(1.462686567 2.574769533e-16 0)
(1.462686567 1.779157672e-16 0)
(1.462686567 -2.81984479e-16 0)
(1.462686567 -4.441467029e-16 0)
(1.462686567 -3.922335102e-16 0)
(1.462686567 -2.754584025e-16 0)
(1.462686567 -2.072741879e-16 0)
(1.462686567 4.654962174e-17 0)
(1.462686567 -4.608657217e-17 0)
(1.462686567 2.410047234e-17 0)
(1.462686567 2.395578037e-16 0)
(1.462686567 9.069548766e-17 0)
(1.462686567 -7.244661196e-17 0)
(1.462686567 8.483777397e-17 0)
(1.462686567 4.575831125e-17 0)
(1.462686567 2.603922896e-16 0)
(1.462686567 3.74858377e-16 0)
(1.462686567 2.653988085e-16 0)
(1.462686567 2.597582499e-16 0)
(1.462686567 2.967300801e-16 0)
(1.462686567 1.834639257e-16 0)
(1.462686567 2.117908258e-16 0)
(1.462686567 1.141851903e-16 0)
(1.462686567 8.155463745e-17 0)
(1.462686567 1.06265573e-16 0)
(1.462686567 5.80934843e-17 0)
(1.462686567 8.728217326e-17 0)
(1.462686567 2.745808325e-16 0)
(1.462686567 2.670964116e-16 0)
(1.462686567 -6.89171946e-17 0)
(1.462686567 -1.688253158e-16 0)
(1.462686567 -2.432755955e-16 0)
(1.462686567 -2.356100921e-16 0)
(1.462686567 -5.775822951e-17 0)
(1.462686567 9.210495915e-17 0)
(1.462686567 5.76775859e-17 0)
(1.462686567 1.457572999e-17 0)
(1.462686567 -9.0808063e-17 0)
(1.462686567 5.922558401e-18 0)
(1.462686567 3.231106292e-16 0)
(1.462686567 1.702327922e-17 0)
(1.462686567 -1.639049728e-16 0)
(1.462686567 2.589070867e-16 0)
(1.462686567 2.31723925e-16 0)
(1.462686567 1.667539855e-16 0)
(1.462686567 1.470067406e-16 0)
(1.462686567 1.747046257e-16 0)
(1.462686567 7.386680168e-17 0)
(1.462686567 -2.852771085e-16 0)
(1.462686567 -3.306355999e-16 0)
(1.462686567 -1.262442598e-17 0)
(1.462686567 5.286589175e-17 0)
(1.462686567 1.230614318e-16 0)
(1.462686567 5.967810108e-17 0)
(1.462686567 -1.567956681e-16 0)
(1.462686567 -2.670969254e-16 0)
(1.462686567 -1.505659775e-16 0)
(1.462686567 -1.239627775e-16 0)
(1.462686567 -4.996155559e-16 0)
(1.462686567 -1.873453229e-16 0)
(1.462686567 2.131708946e-16 0)
(1.462686567 7.117045467e-17 0)
(1.462686567 -9.883196834e-17 0)
(1.462686567 2.09041378e-16 0)
(1.462686567 3.920293228e-16 0)
(1.462686567 2.289244753e-16 0)
(1.462686567 -2.537702658e-16 0)
(1.462686567 -3.502278288e-16 0)
(1.462686567 -2.605199904e-16 0)
(1.462686567 -1.690755318e-16 0)
(1.462686567 -1.521267612e-16 0)
(1.462686567 -6.291902304e-17 0)
(1.462686567 7.095938858e-17 0)
(1.462686567 1.190610787e-17 0)
(1.462686567 1.215227171e-16 0)
(1.462686567 2.110653744e-16 0)
(1.462686567 3.139669035e-16 0)
(1.462686567 3.940465724e-16 0)
(1.462686567 2.729419336e-16 0)
(1.462686567 -1.225867095e-17 0)
(1.462686567 2.168629326e-16 0)
(1.462686567 3.824729391e-16 0)
(1.462686567 1.609750138e-16 0)
(1.462686567 7.838570986e-17 0)
(1.462686567 3.334026875e-17 0)
(1.462686567 -4.250378876e-17 0)
(1.462686567 -3.592640131e-16 0)
(1.462686567 -5.297346895e-16 0)
(1.462686567 -5.73459771e-16 0)
(1.462686567 -1.268880056e-16 0)
(1.462686567 -2.678851352e-16 0)
(1.462686567 4.971947227e-17 0)
(1.462686567 4.899276679e-16 0)
(1.462686567 4.514450528e-16 0)
(1.462686567 1.07597421e-16 0)
(1.462686567 -3.970758654e-16 0)
(1.462686567 -3.780855565e-16 0)
(1.462686567 -4.145852228e-17 0)
(1.462686567 -2.539144559e-16 0)
(1.462686567 -3.355717231e-16 0)
(1.462686567 -2.499091102e-16 0)
(1.462686567 8.480825948e-18 0)
(1.462686567 6.226802904e-17 0)
(1.462686567 -3.385485379e-16 0)
(1.462686567 6.215371913e-17 0)
(1.462686567 3.961507486e-16 0)
(1.462686567 5.309713331e-16 0)
(1.462686567 5.767412574e-16 0)
(1.462686567 4.331615202e-16 0)
(1.462686567 6.095824495e-16 0)
(1.462686567 3.523331735e-16 0)
(1.462686567 -1.193152289e-16 0)
(1.462686567 -4.426616613e-16 0)
(1.462686567 -3.301470499e-16 0)
(1.462686567 -1.556051419e-16 0)
(1.462686567 -2.986521856e-16 0)
(1.462686567 -4.530433005e-17 0)
(1.462686567 3.601820726e-16 0)
(1.462686567 1.558904851e-16 0)
(1.462686567 -2.211882847e-16 0)
(1.462686567 -1.500446422e-16 0)
(1.462686567 -8.530059949e-17 0)
(1.462686567 3.570900163e-17 0)
(1.462686567 7.234837364e-17 0)
(1.462686567 2.333931773e-17 0)
(1.462686567 1.040016141e-17 0)
(1.462686567 -1.169560358e-16 0)
(1.462686567 -3.869110287e-16 0)
(1.462686567 -3.781518162e-17 0)
(1.462686567 5.304206142e-16 0)
(1.462686567 5.477042087e-16 0)
(1.462686567 3.687050298e-16 0)
(1.462686567 -2.711147007e-16 0)
(1.462686567 -1.561231908e-16 0)
(1.462686567 -1.340741211e-17 0)
(1.462686567 -2.778913742e-16 0)
(1.462686567 -4.187498703e-16 0)
(1.462686567 -1.320855117e-16 0)
(1.462686567 -2.66662787e-16 0)
(1.462686567 -5.128257195e-16 0)
(1.462686567 -1.903876882e-17 0)
(1.462686567 1.881612376e-16 0)
(1.462686567 4.353035017e-16 0)
(1.462686567 4.655305152e-16 0)
(1.462686567 -2.80469711e-17 0)
(1.462686567 -2.34572062e-17 0)
(1.462686567 1.31247799e-16 0)
(1.462686567 4.733863499e-16 0)
(1.462686567 -4.670292017e-17 0)
(1.462686567 -7.771109426e-16 0)
(1.462686567 -2.000995837e-16 0)
(1.462686567 1.497090009e-17 0)
(1.462686567 -6.421785971e-16 0)
(1.462686567 -6.806889724e-16 0)
(1.462686567 -2.549228919e-16 0)
(1.462686567 6.153392949e-17 0)
(1.462686567 3.116469202e-16 0)
(1.462686567 1.975254124e-16 0)
(1.462686567 -1.131317605e-16 0)
(1.462686567 -1.222081321e-16 0)
(1.462686567 -3.09566667e-17 0)
(1.462686567 -2.935981407e-16 0)
(1.462686567 1.908514477e-17 0)
(1.492537313 2.944637262e-16 0)
(1.492537313 2.540734605e-16 0)
(1.492537313 4.485623055e-16 0)
(1.492537313 4.629553582e-16 0)
(1.492537313 4.261247708e-16 0)
(1.492537313 7.074082819e-16 0)
(1.492537313 4.707820449e-16 0)
(1.492537313 2.638481821e-16 0)
(1.492537313 2.688261319e-16 0)
(1.492537313 1.873522179e-16 0)
(1.492537313 1.012082122e-16 0)
(1.492537313 5.202855019e-17 0)
(1.492537313 6.560981442e-17 0)
(1.492537313 -2.518011738e-16 0)
(1.492537313 -3.982041766e-16 0)
(1.492537313 -3.862421621e-16 0)
(1.492537313 -3.595574541e-16 0)
(1.492537313 -2.121950831e-16 0)
(1.492537313 2.727706889e-17 0)
(1.492537313 3.246637753e-18 0)
(1.492537313 1.075702178e-16 0)
(1.492537313 1.988893876e-16 0)
(1.492537313 -6.296432705e-17 0)
(1.492537313 -1.375778584e-16 0)
(1.492537313 -5.30030729e-17 0)
(1.492537313 -2.201631073e-16 0)
(1.492537313 -3.11867172e-16 0)
(1.492537313 -2.152900892e-16 0)
(1.492537313 -1.279423377e-16 0)
(1.492537313 -1.52186529e-16 0)
(1.492537313 -4.277110143e-16 0)
(1.492537313 -4.196930996e-16 0)
(1.492537313 -3.873748719e-16 0)
(1.492537313 -2.666036463e-16 0)
(1.492537313 -7.719574683e-17 0)
(1.492537313 1.492506117e-16 0)
(1.492537313 1.49069815e-16 0)
(1.492537313 1.766193507e-16 0)
(1.492537313 7.090847878e-17 0)
(1.492537313 -2.300138028e-16 0)
(1.492537313 -3.373064806e-16 0)
(1.492537313 -2.930239509e-16 0)
(1.492537313 -2.571654795e-16 0)
(1.492537313 -3.353329101e-16 0)
(1.492537313 -3.980985952e-17 0)
(1.492537313 3.060773211e-19 0)
(1.492537313 8.61743664e-17 0)
(1.492537313 2.262200762e-16 0)
(1.492537313 9.097403276e-17 0)
(1.492537313 -2.586929739e-17 0)
(1.492537313 7.974739008e-17 0)
(1.492537313 8.100450148e-17 0)
(1.492537313 3.313366026e-16 0)
(1.492537313 3.888840703e-16 0)
(1.492537313 2.964983882e-16 0)
(1.492537313 3.521476642e-16 0)
(1.492537313 3.478404079e-16 0)
(1.492537313 9.968916226e-17 0)
(1.492537313 1.186077095e-16 0)
(1.492537313 1.798563708e-16 0)
(1.492537313 1.906509156e-16 0)
(1.492537313 6.554995534e-17 0)
(1.492537313 -1.784642918e-17 0)
(1.492537313 2.341691871e-17 0)
(1.492537313 2.295253937e-16 0)
(1.492537313 1.136954405e-16 0)
(1.492537313 4.305887388e-19 0)
(1.492537313 -9.874510409e-17 0)
(1.492537313 -1.434072705e-16 0)
(1.492537313 -1.338245395e-16 0)
(1.492537313 -6.109844761e-17 0)
(1.492537313 1.506726911e-16 0)
(1.492537313 1.447519517e-17 0)
(1.492537313 1.13669738e-16 0)
(1.492537313 5.941993196e-17 0)
(1.492537313 -2.815959103e-17 0)
(1.492537313 1.479980629e-16 0)
(1.492537313 1.277793474e-16 0)
(1.492537313 -6.817277933e-17 0)
(1.492537313 1.648080689e-16 0)
(1.492537313 4.923076201e-17 0)
(1.492537313 1.103374311e-16 0)
(1.492537313 7.288894101e-17 0)
(1.492537313 1.477071548e-16 0)
(1.492537313 1.601457345e-18 0)
(1.492537313 -4.583430612e-16 0)
(1.492537313 -4.103502896e-16 0)
(1.492537313 1.287479142e-18 0)
(1.492537313 4.973282686e-17 0)
(1.492537313 1.268165915e-16 0)
(1.492537313 1.47056046e-16 0)
(1.492537313 -1.174526079e-16 0)
(1.492537313 -2.195443212e-16 0)
(1.492537313 -4.273221029e-17 0)
(1.492537313 -1.559741332e-16 0)
(1.492537313 -4.539838765e-16 0)
(1.492537313 -9.634949269e-17 0)
(1.492537313 4.550534215e-17 0)
(1.492537313 -1.054684036e-16 0)
(1.492537313 -7.999526495e-17 0)
(1.492537313 4.48052475e-18 0)
(1.492537313 1.838321271e-16 0)
(1.492537313 1.95131666e-16 0)
(1.492537313 -1.793369862e-16 0)
(1.492537313 -3.21372872e-16 0)
(1.492537313 -3.162182533e-16 0)
(1.492537313 -9.88568069e-17 0)
(1.492537313 -4.004061188e-17 0)
(1.492537313 -7.563807059e-17 0)
(1.492537313 -6.76327533e-17 0)
(1.492537313 4.537276744e-17 0)
(1.492537313 2.498427821e-16 0)
(1.492537313 2.492413364e-16 0)
(1.492537313 2.024089805e-16 0)
(1.492537313 3.276956056e-16 0)
(1.492537313 4.104806666e-16 0)
(1.492537313 1.947715658e-16 0)
(1.492537313 2.72211384e-17 0)
(1.492537313 2.801142353e-16 0)
(1.492537313 2.094574184e-16 0)
(1.492537313 4.880124204e-17 0)
(1.492537313 1.68984346e-16 0)
(1.492537313 -2.053972895e-17 0)
(1.492537313 -3.631365402e-16 0)
(1.492537313 -6.110716986e-16 0)
(1.492537313 -6.408164029e-16 0)
(1.492537313 -7.711551196e-17 0)
(1.492537313 -8.598386778e-17 0)
(1.492537313 1.969175658e-17 0)
(1.492537313 3.618625935e-16 0)
(1.492537313 4.016316352e-16 0)
(1.492537313 2.019312695e-16 0)
(1.492537313 -3.319550304e-16 0)
(1.492537313 -3.834128717e-16 0)
(1.492537313 -2.294674554e-16 0)
(1.492537313 -2.791642924e-16 0)
(1.492537313 -2.790451246e-16 0)
(1.492537313 -2.500791173e-16 0)
(1.492537313 8.49350318e-17 0)
(1.492537313 7.904749874e-17 0)
(1.492537313 -2.6681202e-16 0)
(1.492537313 1.843170599e-16 0)
(1.492537313 5.66348779e-16 0)
(1.492537313 4.645882078e-16 0)
(1.492537313 4.002214194e-16 0)
(1.492537313 3.967307484e-16 0)
(1.492537313 6.715828779e-16 0)
(1.492537313 3.969107455e-16 0)
(1.492537313 6.452950562e-17 0)
(1.492537313 -2.903818311e-16 0)
(1.492537313 -1.790776528e-16 0)
(1.492537313 -3.159812369e-16 0)
(1.492537313 -4.402317284e-16 0)
(1.492537313 -9.826737437e-17 0)
(1.492537313 1.392085285e-16 0)
(1.492537313 1.256037234e-16 0)
(1.492537313 -2.452905732e-17 0)
(1.492537313 -1.564077597e-16 0)
(1.492537313 -2.397717219e-16 0)
(1.492537313 -1.304006688e-16 0)
(1.492537313 1.642006256e-16 0)
(1.492537313 1.188911585e-16 0)
(1.492537313 -1.926610542e-17 0)
(1.492537313 -2.086462267e-17 0)
(1.492537313 -2.086195775e-16 0)
(1.492537313 1.381112473e-16 0)
(1.492537313 4.568361199e-16 0)
(1.492537313 5.954395142e-16 0)
(1.492537313 4.267218826e-16 0)
(1.492537313 -2.989701872e-16 0)
(1.492537313 -3.0836523e-16 0)
(1.492537313 -1.517128213e-16 0)
(1.492537313 -3.019022533e-16 0)
(1.492537313 -4.842601158e-16 0)
(1.492537313 -2.577488063e-16 0)
(1.492537313 -2.698253705e-16 0)
(1.492537313 -4.896282507e-16 0)
(1.492537313 -4.9768645e-17 0)
(1.492537313 3.44866718e-16 0)
(1.492537313 3.674002543e-16 0)
(1.492537313 3.77598312e-16 0)
(1.492537313 1.897210392e-16 0)
(1.492537313 2.225074343e-16 0)
(1.492537313 2.692670522e-16 0)
(1.492537313 1.941763413e-16 0)
(1.492537313 -1.368949539e-16 0)
(1.492537313 -4.97584119e-16 0)
(1.492537313 -2.822731296e-16 0)
(1.492537313 -1.80546093e-16 0)
(1.492537313 -6.15844212e-16 0)
(1.492537313 -4.875030647e-16 0)
(1.492537313 -2.139901007e-16 0)
(1.492537313 4.303009743e-17 0)
(1.492537313 3.302914e-16 0)
(1.492537313 3.032837768e-16 0)
(1.492537313 -4.048073465e-17 0)
(1.492537313 -1.50163096e-16 0)
(1.492537313 -1.629408997e-16 0)
(1.492537313 -2.74044439e-16 0)
(1.492537313 6.636607717e-18 0)
(1.492537313 1.595242799e-16 0)
(1.492537313 2.871495761e-16 0)
(1.492537313 3.479097129e-16 0)
(1.492537313 3.21074615e-16 0)
(1.492537313 5.025857049e-16 0)
(1.492537313 6.001210581e-16 0)
(1.492537313 4.416783225e-16 0)
(1.492537313 1.865430345e-16 0)
(1.492537313 1.698226649e-16 0)
(1.492537313 1.84566504e-16 0)
(1.492537313 1.413446443e-16 0)
(1.492537313 1.403999762e-17 0)
(1.492537313 3.685509038e-17 0)
(1.492537313 -1.487188497e-16 0)
(1.492537313 -3.444422886e-16 0)
(1.492537313 -2.776270621e-16 0)
(1.492537313 -2.911318802e-16 0)
(1.492537313 -2.064777556e-16 0)
(1.492537313 -5.424961626e-17 0)
(1.492537313 -4.407297312e-17 0)
(1.492537313 7.631013037e-17 0)
(1.492537313 1.23646293e-16 0)
(1.492537313 -5.172178225e-17 0)
(1.492537313 -9.538515912e-18 0)
(1.492537313 -6.526038257e-17 0)
(1.492537313 -3.227629407e-16 0)
(1.492537313 -4.188034397e-16 0)
(1.492537313 -1.411139342e-16 0)
(1.492537313 -3.428843804e-17 0)
(1.492537313 -1.363568196e-16 0)
(1.492537313 -4.410575584e-16 0)
(1.492537313 -5.306454943e-16 0)
(1.492537313 -3.100334012e-16 0)
(1.492537313 -1.669746188e-16 0)
(1.492537313 -3.573761909e-17 0)
(1.492537313 8.889433585e-17 0)
(1.492537313 1.163137548e-16 0)
(1.492537313 8.695674678e-17 0)
(1.492537313 2.956558587e-17 0)
(1.492537313 -2.657564319e-16 0)
(1.492537313 -2.246959388e-16 0)
(1.492537313 -1.943790294e-17 0)
(1.492537313 -3.000229758e-16 0)
(1.492537313 -4.50860085e-16 0)
(1.492537313 -1.983042851e-16 0)
(1.492537313 -8.302682665e-17 0)
(1.492537313 7.508824136e-17 0)
(1.492537313 2.651821267e-16 0)
(1.492537313 2.47006862e-16 0)
(1.492537313 2.64918617e-17 0)
(1.492537313 3.437019884e-17 0)
(1.492537313 1.878179317e-16 0)
(1.492537313 3.381691818e-16 0)
(1.492537313 3.441003594e-16 0)
(1.492537313 3.141037327e-16 0)
(1.492537313 4.229166906e-16 0)
(1.492537313 3.966789448e-16 0)
(1.492537313 6.312320795e-17 0)
(1.492537313 9.626008058e-17 0)
(1.492537313 1.268172744e-16 0)
(1.492537313 1.060019576e-16 0)
(1.492537313 9.079969626e-17 0)
(1.492537313 1.304213355e-16 0)
(1.492537313 9.963793176e-17 0)
(1.492537313 6.804874053e-17 0)
(1.492537313 5.884094112e-17 0)
(1.492537313 -8.521948151e-17 0)
(1.492537313 -7.245711427e-17 0)
(1.492537313 -1.615085093e-16 0)
(1.492537313 -1.281046172e-16 0)
(1.492537313 1.383049895e-16 0)
(1.492537313 2.348387614e-16 0)
(1.492537313 -4.931950638e-17 0)
(1.492537313 7.707099501e-17 0)
(1.492537313 1.792845214e-16 0)
(1.492537313 -2.111451576e-17 0)
(1.492537313 -7.122222728e-17 0)
(1.492537313 1.856720788e-16 0)
(1.492537313 1.910239883e-16 0)
(1.492537313 5.41382139e-18 0)
(1.492537313 -1.983278707e-16 0)
(1.492537313 -2.644014278e-17 0)
(1.492537313 -9.412431454e-18 0)
(1.492537313 9.986305579e-17 0)
(1.492537313 -2.31491631e-17 0)
(1.492537313 -4.579008665e-16 0)
(1.492537313 -3.714419509e-16 0)
(1.492537313 2.006850835e-17 0)
(1.492537313 4.06083498e-17 0)
(1.492537313 6.175665396e-17 0)
(1.492537313 1.287449076e-16 0)
(1.492537313 -1.169536793e-16 0)
(1.492537313 -1.237984748e-16 0)
(1.492537313 6.677818872e-17 0)
(1.492537313 -1.908719385e-16 0)
(1.492537313 -3.220392757e-16 0)
(1.492537313 -1.219584628e-16 0)
(1.492537313 -1.648295627e-16 0)
(1.492537313 -1.894814215e-16 0)
(1.492537313 -3.376502307e-17 0)
(1.492537313 -1.178543079e-16 0)
(1.492537313 -9.481063154e-17 0)
(1.492537313 9.444057186e-17 0)
(1.492537313 -5.622975333e-17 0)
(1.492537313 -2.26478425e-16 0)
(1.492537313 -2.422855108e-16 0)
(1.492537313 -1.255137098e-17 0)
(1.492537313 6.636212461e-17 0)
(1.492537313 -1.410697766e-16 0)
(1.492537313 -1.958135785e-16 0)
(1.492537313 1.121584596e-16 0)
(1.492537313 4.573526316e-16 0)
(1.492537313 2.527357939e-16 0)
(1.492537313 9.268794216e-17 0)
(1.492537313 2.260968792e-16 0)
(1.492537313 4.584359685e-16 0)
(1.492537313 2.700359786e-16 0)
(1.492537313 2.331274758e-17 0)
(1.492537313 2.31408747e-16 0)
(1.492537313 2.128051016e-16 0)
(1.492537313 1.253854251e-16 0)
(1.492537313 1.916010537e-16 0)
(1.492537313 -6.671388976e-17 0)
(1.492537313 -3.463895616e-16 0)
(1.492537313 -5.714554183e-16 0)
(1.492537313 -5.252052789e-16 0)
(1.492537313 -1.632021713e-16 0)
(1.492537313 -4.477074079e-17 0)
(1.492537313 4.361749037e-18 0)
(1.492537313 1.719590714e-16 0)
(1.492537313 3.257758572e-16 0)
(1.492537313 2.282303153e-16 0)
(1.492537313 -1.641042152e-16 0)
(1.492537313 -3.078907964e-16 0)
(1.492537313 -4.593536985e-16 0)
(1.492537313 -3.175869296e-16 0)
(1.492537313 -1.638029868e-16 0)
(1.492537313 -1.814428781e-16 0)
(1.492537313 5.034594589e-17 0)
(1.492537313 -1.101024247e-17 0)
(1.492537313 -1.309696126e-16 0)
(1.492537313 4.247033013e-16 0)
(1.492537313 7.348977407e-16 0)
(1.492537313 3.324297124e-16 0)
(1.492537313 2.79652008e-16 0)
(1.492537313 4.343100609e-16 0)
(1.492537313 5.765093987e-16 0)
(1.492537313 3.920153142e-16 0)
(1.492537313 2.946264911e-16 0)
(1.492537313 2.492483301e-17 0)
(1.492537313 4.959111899e-17 0)
(1.492537313 -5.477256771e-16 0)
(1.492537313 -6.064829107e-16 0)
(1.492537313 -1.229352283e-16 0)
(1.492537313 3.817485258e-19 0)
(1.492537313 -3.926813209e-17 0)
(1.492537313 1.394963081e-16 0)
(1.492537313 -4.958014434e-17 0)
(1.492537313 -2.595161336e-16 0)
(1.492537313 -2.97561603e-16 0)
(1.492537313 1.235438923e-16 0)
(1.492537313 1.634403512e-16 0)
(1.492537313 3.090950919e-17 0)
(1.492537313 1.101903176e-17 0)
(1.492537313 -5.808383554e-17 0)
(1.492537313 2.341025781e-16 0)
(1.492537313 4.052975317e-16 0)
(1.492537313 6.897284241e-16 0)
(1.492537313 4.036432947e-16 0)
(1.492537313 -2.662668239e-16 0)
(1.492537313 -2.872640078e-16 0)
(1.492537313 -4.237380887e-16 0)
(1.492537313 -4.852145921e-16 0)
(1.492537313 -4.484991228e-16 0)
(1.492537313 -3.060231327e-16 0)
(1.492537313 -2.77466162e-16 0)
(1.492537313 -5.414996685e-16 0)
(1.492537313 -7.434396341e-17 0)
(1.492537313 5.008592913e-16 0)
(1.492537313 2.317677441e-16 0)
(1.492537313 3.348236343e-16 0)
(1.492537313 3.554301269e-16 0)
(1.492537313 4.674389222e-16 0)
(1.492537313 3.970781399e-16 0)
(1.492537313 -1.355189434e-16 0)
(1.492537313 -1.212067247e-16 0)
(1.492537313 -1.05190911e-16 0)
(1.492537313 -3.277111751e-16 0)
(1.492537313 -3.744577054e-16 0)
(1.492537313 -5.490831347e-16 0)
(1.492537313 -2.969868534e-16 0)
(1.492537313 -4.822353157e-17 0)
(1.492537313 1.57355291e-16 0)
(1.492537313 2.252307009e-16 0)
(1.492537313 2.487735705e-16 0)
(1.492537313 3.560702972e-17 0)
(1.492537313 -2.214668023e-16 0)
(1.492537313 -1.98529127e-16 0)
(1.492537313 -1.595174468e-16 0)
(1.492537313 4.293973054e-17 0)
(1.462686567 1.428671805e-17 0)
(1.462686567 1.96878887e-16 0)
(1.462686567 3.109891515e-16 0)
(1.462686567 1.877893406e-16 0)
(1.462686567 4.17959048e-16 0)
(1.462686567 4.529542864e-16 0)
(1.462686567 3.862658257e-16 0)
(1.462686567 1.849817737e-16 0)
(1.462686567 4.43207443e-17 0)
(1.462686567 1.786684422e-16 0)
(1.462686567 1.192189078e-16 0)
(1.462686567 2.236058203e-17 0)
(1.462686567 -4.640120712e-17 0)
(1.462686567 -8.336656827e-17 0)
(1.462686567 -1.629858113e-16 0)
(1.462686567 -2.506546636e-16 0)
(1.462686567 -1.88471722e-16 0)
(1.462686567 -1.795007995e-16 0)
(1.462686567 -2.234758568e-16 0)
(1.462686567 -7.766701212e-17 0)
(1.462686567 1.863295483e-17 0)
(1.462686567 3.380671202e-17 0)
(1.462686567 4.280934198e-17 0)
(1.462686567 3.76449654e-17 0)
(1.462686567 -5.991765095e-17 0)
(1.462686567 -3.81331586e-16 0)
(1.462686567 -4.468939774e-16 0)
(1.462686567 -1.850315845e-16 0)
(1.462686567 1.043567614e-16 0)
(1.462686567 -1.068856374e-16 0)
(1.462686567 -3.338724119e-16 0)
(1.462686567 -4.483371396e-16 0)
(1.462686567 -2.621577465e-16 0)
(1.462686567 -1.035271376e-16 0)
(1.462686567 7.553425146e-17 0)
(1.462686567 8.03750719e-17 0)
(1.462686567 1.442541575e-16 0)
(1.462686567 6.003742366e-17 0)
(1.462686567 -1.239222424e-16 0)
(1.462686567 -2.503851599e-16 0)
(1.462686567 -9.555342973e-17 0)
(1.462686567 1.294505831e-16 0)
(1.462686567 -3.525142794e-16 0)
(1.462686567 -4.972316688e-16 0)
(1.462686567 -2.754780292e-16 0)
(1.462686567 -2.056133564e-16 0)
(1.462686567 6.960020659e-17 0)
(1.462686567 4.060063585e-16 0)
(1.462686567 3.847723833e-16 0)
(1.462686567 2.192857167e-17 0)
(1.462686567 5.442191908e-17 0)
(1.462686567 1.669179992e-16 0)
(1.462686567 2.387563976e-16 0)
(1.462686567 2.348506093e-16 0)
(1.462686567 3.151055804e-16 0)
(1.462686567 5.684126709e-16 0)
(1.462686567 3.947897593e-16 0)
(1.462686567 3.482872616e-17 0)
(1.462686567 3.11717181e-17 0)
(1.462686567 1.020348016e-16 0)
(1.462686567 1.492528845e-16 0)
(1.462686567 1.072999244e-17 0)
(1.462686567 1.962114776e-16 0)
(1.462686567 1.613042572e-16 0)
(1.462686567 4.875935736e-17 0)
(1.462686567 2.483833071e-17 0)
(1.462686567 -1.803825569e-16 0)
(1.462686567 -6.016201289e-17 0)
(1.462686567 -1.547683911e-16 0)
(1.462686567 -1.232130248e-16 0)
(1.462686567 3.243131868e-16 0)
(1.462686567 2.363796624e-16 0)
(1.462686567 -7.885199429e-17 0)
(1.462686567 6.8697471e-17 0)
(1.462686567 1.582826393e-16 0)
(1.462686567 -1.075214248e-16 0)
(1.462686567 -1.766182605e-16 0)
(1.462686567 2.828880877e-16 0)
(1.462686567 3.02385986e-16 0)
(1.462686567 -7.653005162e-17 0)
(1.462686567 -3.300259115e-16 0)
(1.462686567 -1.762036295e-16 0)
(1.462686567 -1.043414773e-16 0)
(1.462686567 3.910241965e-17 0)
(1.462686567 7.919427811e-17 0)
(1.462686567 -2.854976223e-16 0)
(1.462686567 -3.077045211e-16 0)
(1.462686567 -1.198405978e-16 0)
(1.462686567 9.981383682e-17 0)
(1.462686567 1.219398408e-16 0)
(1.462686567 9.703931239e-17 0)
(1.462686567 -1.379923096e-16 0)
(1.462686567 -5.694763071e-17 0)
(1.462686567 8.370586631e-17 0)
(1.462686567 -1.547868428e-16 0)
(1.462686567 -1.538535443e-16 0)
(1.462686567 -2.49684997e-16 0)
(1.462686567 -3.892772935e-16 0)
(1.462686567 -1.656892266e-16 0)
(1.462686567 -7.220684972e-17 0)
(1.462686567 -2.560434142e-16 0)
(1.462686567 -1.851607468e-16 0)
(1.462686567 1.662659886e-16 0)
(1.462686567 -1.860251784e-17 0)
(1.462686567 -2.269409238e-16 0)
(1.462686567 -2.206868532e-16 0)
(1.462686567 1.486769058e-16 0)
(1.462686567 1.942174062e-16 0)
(1.462686567 -3.203860662e-16 0)
(1.462686567 -2.32210754e-16 0)
(1.462686567 2.151076016e-16 0)
(1.462686567 6.457129465e-16 0)
(1.462686567 4.17262646e-16 0)
(1.462686567 7.121736545e-17 0)
(1.462686567 4.503160274e-17 0)
(1.462686567 3.749251901e-16 0)
(1.462686567 2.511099429e-16 0)
(1.462686567 7.030421804e-17 0)
(1.462686567 2.107117412e-16 0)
(1.462686567 2.94581548e-16 0)
(1.462686567 1.286819779e-16 0)
(1.462686567 7.063785362e-17 0)
(1.462686567 -1.669726331e-16 0)
(1.462686567 -2.94179833e-16 0)
(1.462686567 -3.631807886e-16 0)
(1.462686567 -3.387761496e-16 0)
(1.462686567 -2.514766267e-16 0)
(1.462686567 -1.896974194e-16 0)
(1.462686567 -6.371816567e-17 0)
(1.462686567 -2.767086035e-17 0)
(1.462686567 2.254278951e-16 0)
(1.462686567 2.586312434e-16 0)
(1.462686567 -1.245313958e-16 0)
(1.462686567 -2.229993517e-16 0)
(1.462686567 -5.555586996e-16 0)
(1.462686567 -2.717721966e-16 0)
(1.462686567 -3.014220405e-17 0)
(1.462686567 -1.534877336e-16 0)
(1.462686567 -5.520388538e-17 0)
(1.462686567 -1.657379496e-16 0)
(1.462686567 6.561769855e-18 0)
(1.462686567 6.605798379e-16 0)
(1.462686567 8.84535022e-16 0)
(1.462686567 1.600472789e-16 0)
(1.462686567 1.280773177e-16 0)
(1.462686567 5.644325268e-16 0)
(1.462686567 4.1928572e-16 0)
(1.462686567 3.664906929e-16 0)
(1.462686567 4.948026779e-16 0)
(1.462686567 3.843978032e-16 0)
(1.462686567 9.381824946e-17 0)
(1.462686567 -7.395397759e-16 0)
(1.462686567 -6.473722843e-16 0)
(1.462686567 -4.048811746e-17 0)
(1.462686567 -1.383408841e-16 0)
(1.462686567 -2.623622285e-16 0)
(1.462686567 1.092719851e-16 0)
(1.462686567 3.522141351e-17 0)
(1.462686567 -1.706704422e-16 0)
(1.462686567 -3.493250127e-16 0)
(1.462686567 8.085516768e-17 0)
(1.462686567 1.108226879e-16 0)
(1.462686567 -1.834958346e-18 0)
(1.462686567 1.050114944e-16 0)
(1.462686567 1.081742827e-16 0)
(1.462686567 2.355204082e-16 0)
(1.462686567 3.872458079e-16 0)
(1.462686567 7.370036611e-16 0)
(1.462686567 2.580320892e-16 0)
(1.462686567 -2.206314223e-16 0)
(1.462686567 -1.039000593e-16 0)
(1.462686567 -6.579700598e-16 0)
(1.462686567 -7.178675303e-16 0)
(1.462686567 -3.611277122e-16 0)
(1.462686567 -4.14201179e-16 0)
(1.462686567 -2.047194774e-16 0)
(1.462686567 -6.016775088e-16 0)
(1.462686567 -9.581648199e-17 0)
(1.462686567 6.341034554e-16 0)
(1.462686567 9.882417354e-17 0)
(1.462686567 3.375674227e-16 0)
(1.462686567 6.812508096e-16 0)
(1.462686567 6.216680231e-16 0)
(1.462686567 3.496369993e-16 0)
(1.462686567 -4.673523955e-16 0)
(1.462686567 -2.310397942e-16 0)
(1.462686567 2.31948081e-16 0)
(1.462686567 -1.87106599e-16 0)
(1.462686567 -5.313228759e-16 0)
(1.462686567 -4.615626139e-16 0)
(1.462686567 -6.712675913e-17 0)
(1.462686567 9.07242326e-17 0)
(1.462686567 1.32003162e-16 0)
(1.462686567 8.084791398e-17 0)
(1.462686567 1.768080171e-16 0)
(1.462686567 4.955622261e-17 0)
(1.462686567 -2.327885852e-16 0)
(1.462686567 -1.176239247e-16 0)
(1.462686567 -6.172476914e-17 0)
(1.462686567 1.159387223e-16 0)
(1.402985075 1.351920121e-17 0)
(1.402985075 1.073828203e-16 0)
(1.402985075 1.209975667e-16 0)
(1.402985075 8.819652584e-17 0)
(1.402985075 3.88369117e-16 0)
(1.402985075 3.487251299e-16 0)
(1.402985075 3.221120308e-16 0)
(1.402985075 1.514996779e-16 0)
(1.402985075 -1.083186737e-16 0)
(1.402985075 9.800522118e-17 0)
(1.402985075 1.62331945e-16 0)
(1.402985075 6.515666891e-17 0)
(1.402985075 -4.012576633e-17 0)
(1.402985075 -5.962582472e-17 0)
(1.402985075 6.632388307e-17 0)
(1.402985075 -1.595547708e-16 0)
(1.402985075 -1.777423833e-16 0)
(1.402985075 -1.483337793e-16 0)
(1.402985075 -2.582188448e-16 0)
(1.402985075 -1.652540865e-16 0)
(1.402985075 -2.225340126e-17 0)
(1.402985075 1.568076445e-17 0)
(1.402985075 1.242916286e-16 0)
(1.402985075 6.154566027e-17 0)
(1.402985075 -1.027401897e-16 0)
(1.402985075 -3.054942952e-16 0)
(1.402985075 -4.272340895e-16 0)
(1.402985075 -2.480953583e-16 0)
(1.402985075 7.016091188e-17 0)
(1.402985075 -7.977178963e-17 0)
(1.402985075 -1.734427752e-16 0)
(1.402985075 -3.136674479e-16 0)
(1.402985075 -2.389161288e-16 0)
(1.402985075 -1.139995376e-17 0)
(1.402985075 2.163686664e-16 0)
(1.402985075 7.003473259e-17 0)
(1.402985075 1.449081674e-16 0)
(1.402985075 2.132987805e-17 0)
(1.402985075 -1.715881458e-16 0)
(1.402985075 -1.864581401e-16 0)
(1.402985075 -1.027274363e-16 0)
(1.402985075 1.777975128e-16 0)
(1.402985075 -2.284220393e-16 0)
(1.402985075 -5.328271393e-16 0)
(1.402985075 -3.654937006e-16 0)
(1.402985075 -2.057206481e-16 0)
(1.402985075 1.007481608e-16 0)
(1.402985075 4.098082906e-16 0)
(1.402985075 4.380502185e-16 0)
(1.402985075 7.932660474e-17 0)
(1.402985075 4.500797922e-17 0)
(1.402985075 1.265596145e-16 0)
(1.402985075 1.791638405e-16 0)
(1.402985075 1.475480525e-16 0)
(1.402985075 1.519323803e-16 0)
(1.402985075 5.51032501e-16 0)
(1.402985075 4.279235286e-16 0)
(1.402985075 5.158395365e-17 0)
(1.402985075 5.231008483e-17 0)
(1.402985075 1.885930882e-16 0)
(1.402985075 1.516554224e-16 0)
(1.402985075 -8.974269982e-17 0)
(1.402985075 1.69453769e-16 0)
(1.402985075 1.133996325e-16 0)
(1.402985075 1.143043493e-16 0)
(1.402985075 3.868050832e-17 0)
(1.402985075 -2.200622946e-16 0)
(1.402985075 -5.50023849e-17 0)
(1.402985075 -1.354442905e-17 0)
(1.402985075 -7.927104058e-17 0)
(1.402985075 4.265459244e-16 0)
(1.402985075 1.073047102e-16 0)
(1.402985075 -8.452366249e-17 0)
(1.402985075 1.391437941e-16 0)
(1.402985075 2.019077053e-16 0)
(1.402985075 -1.699346305e-16 0)
(1.402985075 -3.886302876e-16 0)
(1.402985075 2.450198436e-16 0)
(1.402985075 4.144629301e-16 0)
(1.402985075 -9.310160716e-17 0)
(1.402985075 -3.4126795e-16 0)
(1.402985075 -2.89918535e-16 0)
(1.402985075 -1.814598054e-16 0)
(1.402985075 1.706608312e-17 0)
(1.402985075 2.260595779e-16 0)
(1.402985075 -7.707585652e-17 0)
(1.402985075 -2.849934984e-16 0)
(1.402985075 -3.321353585e-16 0)
(1.402985075 1.289851425e-16 0)
(1.402985075 1.944159278e-16 0)
(1.402985075 -4.57817843e-17 0)
(1.402985075 -1.524660588e-16 0)
(1.402985075 1.460175803e-18 0)
(1.402985075 1.191906859e-16 0)
(1.402985075 -1.186531323e-16 0)
(1.402985075 1.648036869e-17 0)
(1.402985075 -3.201078252e-16 0)
(1.402985075 -5.340805084e-16 0)
(1.402985075 -1.459335872e-16 0)
(1.402985075 1.249574451e-17 0)
(1.402985075 -2.074406065e-16 0)
(1.402985075 -3.568704125e-16 0)
(1.402985075 8.212022924e-17 0)
(1.402985075 1.73318491e-16 0)
(1.402985075 -2.748956457e-16 0)
(1.402985075 -4.212532714e-16 0)
(1.402985075 2.615373881e-16 0)
(1.402985075 4.328261998e-16 0)
(1.402985075 -3.283953416e-16 0)
(1.402985075 -3.645724845e-16 0)
(1.402985075 1.645358148e-16 0)
(1.402985075 7.436551682e-16 0)
(1.402985075 5.919442644e-16 0)
(1.402985075 1.35859779e-16 0)
(1.402985075 -4.666622776e-17 0)
(1.402985075 1.232912478e-16 0)
(1.402985075 3.105358378e-16 0)
(1.402985075 1.427475267e-16 0)
(1.402985075 1.096382998e-16 0)
(1.402985075 3.638203611e-16 0)
(1.402985075 2.034775008e-16 0)
(1.402985075 -1.265759794e-16 0)
(1.402985075 -3.687384886e-16 0)
(1.402985075 -1.593275473e-16 0)
(1.402985075 -1.28863331e-16 0)
(1.402985075 -1.874423752e-16 0)
(1.402985075 -2.36926364e-16 0)
(1.402985075 -4.571544203e-16 0)
(1.402985075 -1.851776222e-16 0)
(1.402985075 -5.548219657e-17 0)
(1.402985075 1.332705087e-16 0)
(1.402985075 3.421366897e-16 0)
(1.402985075 -3.971509112e-17 0)
(1.402985075 -6.939007324e-17 0)
(1.402985075 -6.991113123e-16 0)
(1.402985075 -2.791663392e-16 0)
(1.402985075 1.321138913e-16 0)
(1.402985075 6.730826037e-18 0)
(1.402985075 -3.134386301e-16 0)
(1.402985075 -5.420533311e-16 0)
(1.402985075 1.693099939e-16 0)
(1.402985075 8.96649024e-16 0)
(1.402985075 8.890574418e-16 0)
(1.402985075 -5.977988595e-17 0)
(1.402985075 -8.954826392e-17 0)
(1.402985075 6.877619545e-16 0)
(1.402985075 4.175178822e-16 0)
(1.402985075 3.519502463e-16 0)
(1.402985075 4.898609254e-16 0)
(1.402985075 6.288893462e-16 0)
(1.402985075 2.591347636e-16 0)
(1.402985075 -9.34058543e-16 0)
(1.402985075 -6.565447293e-16 0)
(1.402985075 1.615918467e-16 0)
(1.402985075 -3.419580682e-16 0)
(1.402985075 -3.432648668e-16 0)
(1.402985075 1.441106259e-16 0)
(1.402985075 4.718634339e-17 0)
(1.402985075 -1.311154955e-16 0)
(1.402985075 -5.462950823e-16 0)
(1.402985075 9.615618102e-18 0)
(1.402985075 1.216221483e-16 0)
(1.402985075 6.582981741e-17 0)
(1.402985075 1.381156571e-16 0)
(1.402985075 8.482760133e-17 0)
(1.402985075 2.007187693e-16 0)
(1.402985075 4.224938369e-16 0)
(1.402985075 7.47552466e-16 0)
(1.402985075 5.087311626e-17 0)
(1.402985075 -1.131118718e-16 0)
(1.402985075 2.562502933e-16 0)
(1.402985075 -9.883307056e-16 0)
(1.402985075 -9.227254275e-16 0)
(1.402985075 -1.722248039e-16 0)
(1.402985075 -4.314663243e-16 0)
(1.402985075 -9.079609126e-17 0)
(1.402985075 -8.559347268e-16 0)
(1.402985075 -1.563698508e-16 0)
(1.402985075 9.551671521e-16 0)
(1.402985075 -1.0560164e-16 0)
(1.402985075 1.650422208e-16 0)
(1.402985075 9.432935644e-16 0)
(1.402985075 6.993184909e-16 0)
(1.402985075 4.12212816e-16 0)
(1.402985075 -7.185489226e-16 0)
(1.402985075 -3.397724146e-16 0)
(1.402985075 5.877676081e-16 0)
(1.402985075 5.170437313e-17 0)
(1.402985075 -8.808554006e-16 0)
(1.402985075 -5.360045164e-16 0)
(1.402985075 1.936264788e-16 0)
(1.402985075 3.5361479e-16 0)
(1.402985075 1.883081887e-16 0)
(1.402985075 -2.28586364e-16 0)
(1.402985075 -5.709476361e-17 0)
(1.402985075 -6.182631403e-17 0)
(1.402985075 -1.169078668e-16 0)
(1.402985075 1.308420358e-16 0)
(1.402985075 4.784380915e-17 0)
(1.402985075 5.35621687e-17 0)
(1.313432836 4.277836734e-17 0)
(1.313432836 4.783816298e-17 0)
(1.313432836 -3.272442345e-17 0)
(1.313432836 -4.589082822e-17 0)
(1.313432836 2.859909174e-16 0)
(1.313432836 2.811321957e-16 0)
(1.313432836 2.518803594e-16 0)
(1.313432836 1.220274202e-16 0)
(1.313432836 1.335984039e-17 0)
(1.313432836 3.272630695e-17 0)
(1.313432836 1.997802507e-16 0)
(1.313432836 1.885802536e-16 0)
(1.313432836 -2.141337217e-17 0)
(1.313432836 2.705363926e-17 0)
(1.313432836 2.213403774e-16 0)
(1.313432836 -1.241883236e-16 0)
(1.313432836 -2.103733101e-16 0)
(1.313432836 -1.289662201e-16 0)
(1.313432836 -3.083175687e-16 0)
(1.313432836 -2.272683541e-16 0)
(1.313432836 6.127193186e-18 0)
(1.313432836 3.638665311e-17 0)
(1.313432836 1.022299821e-16 0)
(1.313432836 3.118418129e-17 0)
(1.313432836 -1.194067124e-16 0)
(1.313432836 -2.137128341e-16 0)
(1.313432836 -4.760553825e-16 0)
(1.313432836 -2.806363983e-16 0)
(1.313432836 9.771229745e-17 0)
(1.313432836 1.015729357e-16 0)
(1.313432836 -2.000203968e-16 0)
(1.313432836 -2.010724374e-16 0)
(1.313432836 -1.817165367e-16 0)
(1.313432836 5.402386738e-18 0)
(1.313432836 2.40139693e-16 0)
(1.313432836 1.155936577e-16 0)
(1.313432836 1.922183657e-16 0)
(1.313432836 -7.034202229e-18 0)
(1.313432836 -1.506116009e-16 0)
(1.313432836 -7.204428495e-17 0)
(1.313432836 -1.908818917e-16 0)
(1.313432836 1.341108928e-16 0)
(1.313432836 -7.821716516e-17 0)
(1.313432836 -5.058040113e-16 0)
(1.313432836 -4.624672528e-16 0)
(1.313432836 -8.190436783e-17 0)
(1.313432836 8.415531806e-17 0)
(1.313432836 2.409975893e-16 0)
(1.313432836 3.325159046e-16 0)
(1.313432836 1.182702193e-16 0)
(1.313432836 8.288392197e-17 0)
(1.313432836 1.290139032e-16 0)
(1.313432836 2.223879761e-16 0)
(1.313432836 3.701714962e-17 0)
(1.313432836 5.227353147e-17 0)
(1.313432836 4.779338308e-16 0)
(1.313432836 4.016477087e-16 0)
(1.313432836 5.844655387e-17 0)
(1.313432836 1.965319213e-17 0)
(1.313432836 2.077064906e-16 0)
(1.313432836 5.378812553e-17 0)
(1.313432836 -5.383349649e-17 0)
(1.313432836 1.526072407e-16 0)
(1.313432836 2.477725158e-17 0)
(1.313432836 7.780839233e-17 0)
(1.313432836 8.921154571e-17 0)
(1.313432836 -1.402662797e-16 0)
(1.313432836 -2.327034416e-17 0)
(1.313432836 3.553960646e-17 0)
(1.313432836 -1.14589119e-16 0)
(1.313432836 4.406827239e-16 0)
(1.313432836 5.289427386e-17 0)
(1.313432836 -1.17754201e-16 0)
(1.313432836 2.021107958e-16 0)
(1.313432836 2.457208778e-16 0)
(1.313432836 -2.448342922e-16 0)
(1.313432836 -5.521442306e-16 0)
(1.313432836 2.411616e-16 0)
(1.313432836 4.776138744e-16 0)
(1.313432836 -7.027948417e-17 0)
(1.313432836 -3.409740162e-16 0)
(1.313432836 -3.380571372e-16 0)
(1.313432836 -1.833229394e-16 0)
(1.313432836 4.448664706e-17 0)
(1.313432836 3.171716255e-16 0)
(1.313432836 9.639522786e-17 0)
(1.313432836 -2.710607652e-16 0)
(1.313432836 -4.43221442e-16 0)
(1.313432836 3.050906677e-18 0)
(1.313432836 2.297500338e-16 0)
(1.313432836 -1.477313152e-16 0)
(1.313432836 -1.261504149e-16 0)
(1.313432836 1.309403701e-16 0)
(1.313432836 5.073512865e-17 0)
(1.313432836 -1.614285544e-16 0)
(1.313432836 3.071373672e-16 0)
(1.313432836 -2.139180033e-16 0)
(1.313432836 -6.197449434e-16 0)
(1.313432836 -1.594947785e-16 0)
(1.313432836 1.758900767e-16 0)
(1.313432836 -2.475426487e-16 0)
(1.313432836 -4.868192327e-16 0)
(1.313432836 9.875604006e-17 0)
(1.313432836 3.293908598e-16 0)
(1.313432836 -3.187965968e-16 0)
(1.313432836 -5.640081596e-16 0)
(1.313432836 2.541120383e-16 0)
(1.313432836 5.610443779e-16 0)
(1.313432836 -3.126905075e-16 0)
(1.313432836 -3.939738752e-16 0)
(1.313432836 9.169386635e-17 0)
(1.313432836 6.82143021e-16 0)
(1.313432836 6.055444467e-16 0)
(1.313432836 1.167767406e-16 0)
(1.313432836 -1.58662796e-16 0)
(1.313432836 2.531034012e-17 0)
(1.313432836 3.510777723e-16 0)
(1.313432836 1.775125614e-16 0)
(1.313432836 9.701654049e-17 0)
(1.313432836 3.542415824e-16 0)
(1.313432836 1.437667115e-16 0)
(1.313432836 -3.839243315e-16 0)
(1.313432836 -4.575710483e-16 0)
(1.313432836 7.297050026e-17 0)
(1.313432836 4.551011025e-17 0)
(1.313432836 -1.231056172e-16 0)
(1.313432836 -1.780935916e-16 0)
(1.313432836 -5.564800618e-16 0)
(1.313432836 -2.146911001e-16 0)
(1.313432836 -7.204163161e-17 0)
(1.313432836 5.260351824e-17 0)
(1.313432836 3.349993055e-16 0)
(1.313432836 1.403024076e-17 0)
(1.313432836 -6.931293596e-17 0)
(1.313432836 -8.032387272e-16 0)
(1.313432836 -9.023081156e-17 0)
(1.313432836 3.28556132e-16 0)
(1.313432836 5.401725e-17 0)
(1.313432836 -5.141841963e-16 0)
(1.313432836 -7.861500379e-16 0)
(1.313432836 1.933083188e-16 0)
(1.313432836 9.320574261e-16 0)
(1.313432836 7.27558153e-16 0)
(1.313432836 -2.909180043e-16 0)
(1.313432836 -1.535234661e-16 0)
(1.313432836 8.239600828e-16 0)
(1.313432836 3.641646423e-16 0)
(1.313432836 2.493216372e-16 0)
(1.313432836 5.769989564e-16 0)
(1.313432836 7.55775297e-16 0)
(1.313432836 4.695211342e-16 0)
(1.313432836 -1.012343397e-15 0)
(1.313432836 -7.461510228e-16 0)
(1.313432836 3.300904246e-16 0)
(1.313432836 -4.799795722e-16 0)
(1.313432836 -3.081274658e-16 0)
(1.313432836 1.988378754e-16 0)
(1.313432836 -7.525428053e-17 0)
(1.313432836 -1.234613483e-16 0)
(1.313432836 -5.415967227e-16 0)
(1.313432836 7.453818084e-18 0)
(1.313432836 7.696155643e-17 0)
(1.313432836 1.257979382e-16 0)
(1.313432836 1.399278904e-16 0)
(1.313432836 1.790048634e-17 0)
(1.313432836 1.509898294e-16 0)
(1.313432836 4.440767535e-16 0)
(1.313432836 7.173809654e-16 0)
(1.313432836 -5.114245834e-17 0)
(1.313432836 -5.75479395e-17 0)
(1.313432836 4.138562542e-16 0)
(1.313432836 -1.161608859e-15 0)
(1.313432836 -9.406975817e-16 0)
(1.313432836 -3.426937688e-17 0)
(1.313432836 -4.423899961e-16 0)
(1.313432836 -4.258254032e-17 0)
(1.313432836 -1.064723141e-15 0)
(1.313432836 -2.339122138e-16 0)
(1.313432836 1.195985845e-15 0)
(1.313432836 -1.951612832e-16 0)
(1.313432836 7.942985434e-17 0)
(1.313432836 1.07353561e-15 0)
(1.313432836 5.867395853e-16 0)
(1.313432836 3.499761026e-16 0)
(1.313432836 -8.548162361e-16 0)
(1.313432836 -3.248006835e-16 0)
(1.313432836 8.791455183e-16 0)
(1.313432836 5.035056904e-17 0)
(1.313432836 -9.091906194e-16 0)
(1.313432836 -4.883918181e-16 0)
(1.313432836 3.19899462e-16 0)
(1.313432836 5.265294534e-16 0)
(1.313432836 2.465385892e-16 0)
(1.313432836 -4.029322946e-16 0)
(1.313432836 -2.422939796e-16 0)
(1.313432836 -2.450482829e-16 0)
(1.313432836 -7.575638355e-17 0)
(1.313432836 3.944794373e-16 0)
(1.313432836 1.252927748e-16 0)
(1.313432836 2.882193432e-17 0)
(1.194029851 -1.7009632e-16 0)
(1.194029851 -4.358108248e-17 0)
(1.194029851 -1.16168912e-16 0)
(1.194029851 -7.917392654e-17 0)
(1.194029851 2.183607288e-16 0)
(1.194029851 1.90425017e-16 0)
(1.194029851 1.82381861e-16 0)
(1.194029851 1.99679405e-16 0)
(1.194029851 -2.047430149e-17 0)
(1.194029851 -9.181258066e-17 0)
(1.194029851 2.598356723e-16 0)
(1.194029851 2.061561824e-16 0)
(1.194029851 -5.912950881e-17 0)
(1.194029851 1.846407645e-16 0)
(1.194029851 3.019320352e-16 0)
(1.194029851 -8.671271247e-17 0)
(1.194029851 -1.466273672e-16 0)
(1.194029851 -1.387267364e-16 0)
(1.194029851 -4.238727306e-16 0)
(1.194029851 -2.500069745e-16 0)
(1.194029851 -3.867683101e-17 0)
(1.194029851 2.964106749e-17 0)
(1.194029851 1.707081845e-16 0)
(1.194029851 1.067134834e-16 0)
(1.194029851 -1.121400885e-16 0)
(1.194029851 -3.054558088e-16 0)
(1.194029851 -3.897983501e-16 0)
(1.194029851 -2.703899627e-16 0)
(1.194029851 1.078441979e-17 0)
(1.194029851 7.384000186e-17 0)
(1.194029851 -2.26164043e-16 0)
(1.194029851 -1.629414185e-16 0)
(1.194029851 -8.96852461e-17 0)
(1.194029851 1.466729271e-16 0)
(1.194029851 3.376455557e-16 0)
(1.194029851 1.391893342e-17 0)
(1.194029851 1.50672699e-16 0)
(1.194029851 -7.807850765e-17 0)
(1.194029851 -1.288591056e-16 0)
(1.194029851 1.021583887e-16 0)
(1.194029851 -2.157272027e-16 0)
(1.194029851 4.02725418e-17 0)
(1.194029851 -5.246100489e-18 0)
(1.194029851 -3.057830449e-16 0)
(1.194029851 -3.800361972e-16 0)
(1.194029851 -8.068361751e-17 0)
(1.194029851 -7.451938566e-17 0)
(1.194029851 6.068811116e-17 0)
(1.194029851 2.476779758e-16 0)
(1.194029851 2.545756704e-18 0)
(1.194029851 1.0951212e-16 0)
(1.194029851 2.580460467e-16 0)
(1.194029851 1.651868285e-16 0)
(1.194029851 -2.683574544e-17 0)
(1.194029851 6.057699442e-18 0)
(1.194029851 4.588237661e-16 0)
(1.194029851 3.49082703e-16 0)
(1.194029851 4.172706823e-17 0)
(1.194029851 -8.686925288e-17 0)
(1.194029851 1.597861007e-16 0)
(1.194029851 4.402744703e-17 0)
(1.194029851 -9.673982619e-17 0)
(1.194029851 1.481001822e-16 0)
(1.194029851 5.531954113e-18 0)
(1.194029851 4.52612807e-17 0)
(1.194029851 1.830736873e-16 0)
(1.194029851 -8.239048387e-17 0)
(1.194029851 3.364411042e-17 0)
(1.194029851 1.429393481e-16 0)
(1.194029851 -1.272819085e-16 0)
(1.194029851 4.377897375e-16 0)
(1.194029851 3.214531903e-19 0)
(1.194029851 -1.948948648e-16 0)
(1.194029851 1.835149869e-16 0)
(1.194029851 3.310740479e-16 0)
(1.194029851 -2.311352459e-16 0)
(1.194029851 -6.665770167e-16 0)
(1.194029851 3.864817201e-16 0)
(1.194029851 4.817200367e-16 0)
(1.194029851 -1.212494045e-16 0)
(1.194029851 -3.487705025e-16 0)
(1.194029851 -2.964005167e-16 0)
(1.194029851 -1.546089589e-16 0)
(1.194029851 8.562129893e-17 0)
(1.194029851 3.221563901e-16 0)
(1.194029851 4.539755525e-17 0)
(1.194029851 -3.114235712e-16 0)
(1.194029851 -5.446453179e-16 0)
(1.194029851 -3.325665544e-19 0)
(1.194029851 3.250219926e-16 0)
(1.194029851 -1.905894574e-16 0)
(1.194029851 -8.54803756e-17 0)
(1.194029851 2.695066554e-16 0)
(1.194029851 9.129083687e-17 0)
(1.194029851 -2.626495029e-16 0)
(1.194029851 3.796324864e-16 0)
(1.194029851 -1.270260161e-16 0)
(1.194029851 -6.107053022e-16 0)
(1.194029851 -3.05573682e-17 0)
(1.194029851 1.721437102e-16 0)
(1.194029851 -3.564728813e-16 0)
(1.194029851 -4.028862375e-16 0)
(1.194029851 2.400847896e-16 0)
(1.194029851 3.456691518e-16 0)
(1.194029851 -2.484001322e-16 0)
(1.194029851 -5.806814889e-16 0)
(1.194029851 2.937383048e-16 0)
(1.194029851 5.083474856e-16 0)
(1.194029851 -3.34264393e-16 0)
(1.194029851 -3.397693669e-16 0)
(1.194029851 9.263297324e-17 0)
(1.194029851 5.812291515e-16 0)
(1.194029851 3.940284392e-16 0)
(1.194029851 8.709882523e-17 0)
(1.194029851 -1.493995237e-16 0)
(1.194029851 1.349911687e-16 0)
(1.194029851 3.195213154e-16 0)
(1.194029851 1.207809361e-17 0)
(1.194029851 8.750158006e-17 0)
(1.194029851 3.924642561e-16 0)
(1.194029851 1.369826393e-16 0)
(1.194029851 -5.105522539e-16 0)
(1.194029851 -4.34556878e-16 0)
(1.194029851 1.717502966e-16 0)
(1.194029851 5.379046586e-17 0)
(1.194029851 -6.721767419e-17 0)
(1.194029851 -6.779198283e-17 0)
(1.194029851 -4.743309047e-16 0)
(1.194029851 -2.70284856e-16 0)
(1.194029851 -1.327748076e-16 0)
(1.194029851 -7.239650495e-18 0)
(1.194029851 2.930794352e-16 0)
(1.194029851 4.621752597e-17 0)
(1.194029851 -2.744434831e-16 0)
(1.194029851 -7.728547441e-16 0)
(1.194029851 1.974817778e-16 0)
(1.194029851 4.971104082e-16 0)
(1.194029851 -2.66632046e-17 0)
(1.194029851 -4.700611661e-16 0)
(1.194029851 -8.935995869e-16 0)
(1.194029851 1.61126964e-16 0)
(1.194029851 8.731567759e-16 0)
(1.194029851 5.535779878e-16 0)
(1.194029851 -4.302625489e-16 0)
(1.194029851 -1.651722484e-16 0)
(1.194029851 8.527760087e-16 0)
(1.194029851 2.508189646e-16 0)
(1.194029851 1.819279282e-16 0)
(1.194029851 5.591941752e-16 0)
(1.194029851 8.172472406e-16 0)
(1.194029851 6.375324845e-16 0)
(1.194029851 -1.081635276e-15 0)
(1.194029851 -7.451933406e-16 0)
(1.194029851 3.291247546e-16 0)
(1.194029851 -4.597999371e-16 0)
(1.194029851 -2.135491635e-16 0)
(1.194029851 3.060559448e-16 0)
(1.194029851 -1.872784904e-16 0)
(1.194029851 -1.552197774e-16 0)
(1.194029851 -3.698987993e-16 0)
(1.194029851 1.588586314e-17 0)
(1.194029851 -5.825940491e-18 0)
(1.194029851 3.00216445e-17 0)
(1.194029851 2.067063915e-16 0)
(1.194029851 -1.22125373e-17 0)
(1.194029851 3.19147498e-16 0)
(1.194029851 3.189540637e-16 0)
(1.194029851 4.989909098e-16 0)
(1.194029851 1.37403377e-17 0)
(1.194029851 -1.153986452e-16 0)
(1.194029851 4.825669941e-16 0)
(1.194029851 -1.050320056e-15 0)
(1.194029851 -8.748509209e-16 0)
(1.194029851 -8.314321073e-17 0)
(1.194029851 -4.566162059e-16 0)
(1.194029851 1.202548353e-17 0)
(1.194029851 -1.251802707e-15 0)
(1.194029851 -2.419945326e-16 0)
(1.194029851 1.408115855e-15 0)
(1.194029851 -2.143831081e-16 0)
(1.194029851 1.415973743e-16 0)
(1.194029851 1.15474695e-15 0)
(1.194029851 3.390511576e-16 0)
(1.194029851 2.558991672e-16 0)
(1.194029851 -8.296464902e-16 0)
(1.194029851 -3.468397593e-16 0)
(1.194029851 9.030148988e-16 0)
(1.194029851 4.817960895e-17 0)
(1.194029851 -8.135744604e-16 0)
(1.194029851 -6.020649426e-16 0)
(1.194029851 3.655653761e-16 0)
(1.194029851 6.991942389e-16 0)
(1.194029851 3.815329418e-16 0)
(1.194029851 -3.323258882e-16 0)
(1.194029851 -5.17505279e-16 0)
(1.194029851 -3.67036578e-16 0)
(1.194029851 7.265207306e-17 0)
(1.194029851 3.74791922e-16 0)
(1.194029851 4.265762895e-16 0)
(1.194029851 1.409132808e-16 0)
(1.044776119 8.825709647e-18 0)
(1.044776119 -2.643833374e-17 0)
(1.044776119 -1.060377164e-17 0)
(1.044776119 -3.792145411e-17 0)
(1.044776119 1.320786945e-16 0)
(1.044776119 4.82516181e-17 0)
(1.044776119 1.074565205e-16 0)
(1.044776119 1.551735576e-16 0)
(1.044776119 -7.486836079e-17 0)
(1.044776119 -6.278748014e-17 0)
(1.044776119 2.199590654e-16 0)
(1.044776119 1.557776643e-16 0)
(1.044776119 9.5920155e-17 0)
(1.044776119 3.87632623e-16 0)
(1.044776119 2.598354362e-16 0)
(1.044776119 -1.724036932e-16 0)
(1.044776119 -1.641684683e-17 0)
(1.044776119 -1.88279961e-16 0)
(1.044776119 -4.910061668e-16 0)
(1.044776119 -2.450229114e-16 0)
(1.044776119 -2.460304046e-17 0)
(1.044776119 6.928513151e-18 0)
(1.044776119 1.928658057e-16 0)
(1.044776119 1.620844082e-16 0)
(1.044776119 -1.040506728e-16 0)
(1.044776119 -2.258559021e-16 0)
(1.044776119 -3.051325512e-16 0)
(1.044776119 -1.411199887e-16 0)
(1.044776119 -7.285191161e-17 0)
(1.044776119 -2.626851888e-16 0)
(1.044776119 -1.369780485e-16 0)
(1.044776119 -3.528707468e-17 0)
(1.044776119 -7.960184595e-17 0)
(1.044776119 1.049090633e-16 0)
(1.044776119 3.397261428e-16 0)
(1.044776119 1.177439855e-17 0)
(1.044776119 6.022885247e-17 0)
(1.044776119 -1.257109777e-16 0)
(1.044776119 -8.295443114e-17 0)
(1.044776119 1.809179493e-16 0)
(1.044776119 -1.969437845e-16 0)
(1.044776119 2.309130159e-17 0)
(1.044776119 1.053398145e-16 0)
(1.044776119 -1.279100173e-16 0)
(1.044776119 -2.464730924e-16 0)
(1.044776119 -1.343936301e-16 0)
(1.044776119 -1.236990653e-16 0)
(1.044776119 -9.417732262e-17 0)
(1.044776119 1.204879994e-16 0)
(1.044776119 4.700240114e-17 0)
(1.044776119 1.008508199e-16 0)
(1.044776119 1.615136172e-16 0)
(1.044776119 1.527412686e-16 0)
(1.044776119 6.22067767e-17 0)
(1.044776119 -5.140179366e-17 0)
(1.044776119 4.003637131e-16 0)
(1.044776119 2.895969285e-16 0)
(1.044776119 -1.652496394e-16 0)
(1.044776119 -1.032591351e-16 0)
(1.044776119 9.935637852e-17 0)
(1.044776119 3.52173891e-17 0)
(1.044776119 7.114260168e-17 0)
(1.044776119 1.289531804e-16 0)
(1.044776119 -3.634608164e-17 0)
(1.044776119 2.37929822e-17 0)
(1.044776119 1.286310101e-16 0)
(1.044776119 -4.525917934e-17 0)
(1.044776119 2.814253623e-16 0)
(1.044776119 1.57997311e-16 0)
(1.044776119 -1.633101744e-16 0)
(1.044776119 4.983968558e-16 0)
(1.044776119 -2.166675551e-16 0)
(1.044776119 -3.946209025e-16 0)
(1.044776119 3.303838032e-16 0)
(1.044776119 4.113123467e-16 0)
(1.044776119 -2.838757875e-16 0)
(1.044776119 -6.399803543e-16 0)
(1.044776119 4.123951499e-16 0)
(1.044776119 6.006206523e-16 0)
(1.044776119 -1.687319936e-16 0)
(1.044776119 -2.530149642e-16 0)
(1.044776119 -2.678675905e-16 0)
(1.044776119 -4.043164519e-16 0)
(1.044776119 -2.035426764e-18 0)
(1.044776119 5.30622035e-16 0)
(1.044776119 -2.879799266e-17 0)
(1.044776119 -3.526052848e-16 0)
(1.044776119 -4.029690761e-16 0)
(1.044776119 9.357712473e-17 0)
(1.044776119 1.588590987e-16 0)
(1.044776119 -1.754028462e-16 0)
(1.044776119 4.077418796e-17 0)
(1.044776119 4.218224047e-16 0)
(1.044776119 3.746978646e-17 0)
(1.044776119 -3.548210978e-16 0)
(1.044776119 3.894772562e-16 0)
(1.044776119 -1.790053807e-16 0)
(1.044776119 -6.6690742e-16 0)
(1.044776119 5.338853333e-17 0)
(1.044776119 4.058687613e-16 0)
(1.044776119 -2.618664353e-16 0)
(1.044776119 -7.007045832e-16 0)
(1.044776119 2.518616356e-16 0)
(1.044776119 5.782027084e-16 0)
(1.044776119 -2.486398137e-16 0)
(1.044776119 -5.671210998e-16 0)
(1.044776119 3.326654641e-16 0)
(1.044776119 5.445217862e-16 0)
(1.044776119 -3.326935083e-16 0)
(1.044776119 -3.587312679e-16 0)
(1.044776119 -2.159380978e-16 0)
(1.044776119 5.031382946e-16 0)
(1.044776119 5.803233681e-16 0)
(1.044776119 -6.990272306e-17 0)
(1.044776119 -8.955193888e-17 0)
(1.044776119 6.29655854e-17 0)
(1.044776119 2.817677879e-16 0)
(1.044776119 3.060344031e-17 0)
(1.044776119 -6.733757284e-18 0)
(1.044776119 2.649286363e-16 0)
(1.044776119 2.132133392e-16 0)
(1.044776119 -4.764056718e-16 0)
(1.044776119 -4.499452984e-16 0)
(1.044776119 4.456186303e-16 0)
(1.044776119 1.702376464e-16 0)
(1.044776119 -2.817723589e-16 0)
(1.044776119 -1.669503202e-16 0)
(1.044776119 -4.051195409e-16 0)
(1.044776119 -6.730869258e-17 0)
(1.044776119 -1.476762686e-16 0)
(1.044776119 -1.507161797e-16 0)
(1.044776119 2.884740973e-16 0)
(1.044776119 8.852242172e-17 0)
(1.044776119 -9.979727454e-17 0)
(1.044776119 -8.947734428e-16 0)
(1.044776119 2.452964566e-16 0)
(1.044776119 9.413996895e-16 0)
(1.044776119 9.907824187e-17 0)
(1.044776119 -8.279981863e-16 0)
(1.044776119 -9.971748712e-16 0)
(1.044776119 3.228387773e-16 0)
(1.044776119 8.37347293e-16 0)
(1.044776119 4.670995897e-16 0)
(1.044776119 -7.715808241e-16 0)
(1.044776119 -1.590371406e-16 0)
(1.044776119 1.074010366e-15 0)
(1.044776119 4.019057883e-17 0)
(1.044776119 -7.328385257e-17 0)
(1.044776119 7.168647827e-16 0)
(1.044776119 9.293699128e-16 0)
(1.044776119 2.570096984e-16 0)
(1.044776119 -1.193965496e-15 0)
(1.044776119 -5.178387377e-16 0)
(1.044776119 5.913675957e-16 0)
(1.044776119 -6.338897818e-16 0)
(1.044776119 -2.828991856e-16 0)
(1.044776119 4.323044088e-16 0)
(1.044776119 -9.771481928e-18 0)
(1.044776119 -6.14878909e-17 0)
(1.044776119 -5.155942643e-16 0)
(1.044776119 2.090573507e-16 0)
(1.044776119 1.256010436e-16 0)
(1.044776119 5.451924624e-17 0)
(1.044776119 5.412358009e-17 0)
(1.044776119 -1.170229967e-16 0)
(1.044776119 -1.000052051e-17 0)
(1.044776119 2.131476049e-16 0)
(1.044776119 7.983011042e-16 0)
(1.044776119 -2.220386843e-16 0)
(1.044776119 7.76597642e-18 0)
(1.044776119 6.341570212e-16 0)
(1.044776119 -1.296337146e-15 0)
(1.044776119 -7.851369412e-16 0)
(1.044776119 2.577985644e-16 0)
(1.044776119 -1.893882809e-16 0)
(1.044776119 8.001918106e-18 0)
(1.044776119 -1.393211061e-15 0)
(1.044776119 -2.256224593e-16 0)
(1.044776119 1.48938559e-15 0)
(1.044776119 -4.986912924e-16 0)
(1.044776119 8.175684852e-17 0)
(1.044776119 1.247546248e-15 0)
(1.044776119 4.269828399e-16 0)
(1.044776119 2.441918265e-16 0)
(1.044776119 -1.211444371e-15 0)
(1.044776119 -2.594201131e-16 0)
(1.044776119 1.23146453e-15 0)
(1.044776119 2.080357177e-17 0)
(1.044776119 -1.103995241e-15 0)
(1.044776119 -4.928152222e-16 0)
(1.044776119 5.620662739e-16 0)
(1.044776119 7.193982435e-16 0)
(1.044776119 3.207357801e-16 0)
(1.044776119 -5.232926532e-16 0)
(1.044776119 -2.524954526e-16 0)
(1.044776119 -2.815253371e-16 0)
(1.044776119 -1.29733949e-16 0)
(1.044776119 5.144900646e-16 0)
(1.044776119 1.69600429e-16 0)
(1.044776119 4.916938426e-17 0)
(0.8656716418 -7.242384707e-17 0)
(0.8656716418 -6.751266097e-17 0)
(0.8656716418 7.92497302e-17 0)
(0.8656716418 2.776526718e-17 0)
(0.8656716418 -8.072143999e-17 0)
(0.8656716418 -9.523240604e-17 0)
(0.8656716418 1.183311628e-16 0)
(0.8656716418 9.68339033e-17 0)
(0.8656716418 -9.210827475e-17 0)
(0.8656716418 6.778233616e-18 0)
(0.8656716418 1.291703457e-16 0)
(0.8656716418 1.387850779e-16 0)
(0.8656716418 2.56205382e-16 0)
(0.8656716418 3.693011479e-16 0)
(0.8656716418 1.716602801e-16 0)
(0.8656716418 -1.711203279e-16 0)
(0.8656716418 5.96121896e-17 0)
(0.8656716418 -1.643385431e-16 0)
(0.8656716418 -4.39389492e-16 0)
(0.8656716418 -2.390082498e-16 0)
(0.8656716418 4.657427461e-17 0)
(0.8656716418 5.331244962e-17 0)
(0.8656716418 8.971889858e-17 0)
(0.8656716418 1.35181219e-16 0)
(0.8656716418 -7.371183051e-17 0)
(0.8656716418 -1.520991835e-16 0)
(0.8656716418 -2.130979709e-16 0)
(0.8656716418 -6.204538872e-17 0)
(0.8656716418 -1.295601779e-16 0)
(0.8656716418 -3.489650094e-16 0)
(0.8656716418 -1.081236517e-16 0)
(0.8656716418 5.012222598e-17 0)
(0.8656716418 -1.645378619e-17 0)
(0.8656716418 6.779579926e-17 0)
(0.8656716418 2.762133529e-16 0)
(0.8656716418 -3.196304768e-17 0)
(0.8656716418 -6.855050388e-18 0)
(0.8656716418 -1.283767499e-16 0)
(0.8656716418 -2.776010249e-17 0)
(0.8656716418 2.752662714e-16 0)
(0.8656716418 -2.684728483e-16 0)
(0.8656716418 7.442167525e-17 0)
(0.8656716418 2.19446123e-16 0)
(0.8656716418 -4.707806635e-17 0)
(0.8656716418 -1.680001217e-16 0)
(0.8656716418 -2.014180022e-16 0)
(0.8656716418 -7.831648684e-17 0)
(0.8656716418 -4.478439602e-17 0)
(0.8656716418 7.180393653e-17 0)
(0.8656716418 -5.662818131e-17 0)
(0.8656716418 5.216369639e-17 0)
(0.8656716418 1.099867981e-16 0)
(0.8656716418 6.953096978e-17 0)
(0.8656716418 4.885368804e-17 0)
(0.8656716418 3.058090361e-17 0)
(0.8656716418 3.370851921e-16 0)
(0.8656716418 1.268362617e-16 0)
(0.8656716418 -2.220769816e-16 0)
(0.8656716418 -6.414141e-17 0)
(0.8656716418 3.324621467e-17 0)
(0.8656716418 8.277895666e-17 0)
(0.8656716418 1.609394455e-16 0)
(0.8656716418 6.50469526e-17 0)
(0.8656716418 -8.406011946e-17 0)
(0.8656716418 3.676739668e-17 0)
(0.8656716418 7.413252822e-17 0)
(0.8656716418 9.897649024e-18 0)
(0.8656716418 3.227158111e-16 0)
(0.8656716418 1.703442231e-16 0)
(0.8656716418 -1.371586242e-16 0)
(0.8656716418 3.965192897e-16 0)
(0.8656716418 -2.673667192e-16 0)
(0.8656716418 -4.294355209e-16 0)
(0.8656716418 3.577008022e-16 0)
(0.8656716418 4.637406652e-16 0)
(0.8656716418 -2.952741571e-16 0)
(0.8656716418 -5.755873751e-16 0)
(0.8656716418 4.169392735e-16 0)
(0.8656716418 5.262516618e-16 0)
(0.8656716418 -1.196981092e-16 0)
(0.8656716418 -2.164988714e-16 0)
(0.8656716418 -2.657342485e-16 0)
(0.8656716418 -3.839048307e-16 0)
(0.8656716418 -3.184166857e-17 0)
(0.8656716418 5.004445537e-16 0)
(0.8656716418 -2.045271118e-17 0)
(0.8656716418 -2.800335938e-16 0)
(0.8656716418 -2.272777867e-16 0)
(0.8656716418 1.773390709e-16 0)
(0.8656716418 9.66045893e-17 0)
(0.8656716418 -1.589477361e-16 0)
(0.8656716418 2.044006862e-17 0)
(0.8656716418 3.498367621e-16 0)
(0.8656716418 9.297069955e-18 0)
(0.8656716418 -3.727654113e-16 0)
(0.8656716418 2.61151644e-16 0)
(0.8656716418 -1.70631534e-16 0)
(0.8656716418 -5.189774217e-16 0)
(0.8656716418 1.392257466e-16 0)
(0.8656716418 3.729449488e-16 0)
(0.8656716418 -2.772908341e-16 0)
(0.8656716418 -6.558509805e-16 0)
(0.8656716418 3.141534726e-16 0)
(0.8656716418 7.199508312e-16 0)
(0.8656716418 -2.614461414e-16 0)
(0.8656716418 -5.36831502e-16 0)
(0.8656716418 2.832617947e-16 0)
(0.8656716418 4.625314832e-16 0)
(0.8656716418 -3.002595404e-16 0)
(0.8656716418 -2.881718509e-16 0)
(0.8656716418 -2.636626721e-16 0)
(0.8656716418 4.59026723e-16 0)
(0.8656716418 4.780245158e-16 0)
(0.8656716418 -1.289718792e-16 0)
(0.8656716418 -1.386051735e-16 0)
(0.8656716418 3.055015581e-17 0)
(0.8656716418 2.667170856e-16 0)
(0.8656716418 1.447609006e-17 0)
(0.8656716418 -1.397274043e-16 0)
(0.8656716418 1.848901098e-16 0)
(0.8656716418 3.186385413e-16 0)
(0.8656716418 -3.620515012e-16 0)
(0.8656716418 -4.127525337e-16 0)
(0.8656716418 4.791025348e-16 0)
(0.8656716418 1.27981346e-16 0)
(0.8656716418 -3.600448599e-16 0)
(0.8656716418 -1.69380257e-16 0)
(0.8656716418 -2.723533849e-16 0)
(0.8656716418 1.432272501e-16 0)
(0.8656716418 -1.161739345e-16 0)
(0.8656716418 -2.676117484e-16 0)
(0.8656716418 2.818236097e-16 0)
(0.8656716418 8.519555294e-17 0)
(0.8656716418 3.12500486e-18 0)
(0.8656716418 -9.037404073e-16 0)
(0.8656716418 1.988494364e-16 0)
(0.8656716418 1.084009487e-15 0)
(0.8656716418 2.374310399e-16 0)
(0.8656716418 -8.607000585e-16 0)
(0.8656716418 -9.976711114e-16 0)
(0.8656716418 3.529504049e-16 0)
(0.8656716418 7.664516297e-16 0)
(0.8656716418 2.854511805e-16 0)
(0.8656716418 -8.929865818e-16 0)
(0.8656716418 -1.107851733e-16 0)
(0.8656716418 1.155893027e-15 0)
(0.8656716418 -1.433815464e-16 0)
(0.8656716418 -2.905420023e-16 0)
(0.8656716418 6.356564718e-16 0)
(0.8656716418 8.899297692e-16 0)
(0.8656716418 1.845261531e-16 0)
(0.8656716418 -1.290249611e-15 0)
(0.8656716418 -4.198334013e-16 0)
(0.8656716418 8.26453897e-16 0)
(0.8656716418 -6.342747422e-16 0)
(0.8656716418 -3.224379507e-16 0)
(0.8656716418 4.856618059e-16 0)
(0.8656716418 1.18146196e-16 0)
(0.8656716418 2.138131876e-17 0)
(0.8656716418 -5.236128738e-16 0)
(0.8656716418 2.693328812e-16 0)
(0.8656716418 9.859049646e-17 0)
(0.8656716418 5.697577062e-17 0)
(0.8656716418 -1.593263581e-17 0)
(0.8656716418 -1.937542511e-16 0)
(0.8656716418 -6.716867329e-17 0)
(0.8656716418 1.742075923e-16 0)
(0.8656716418 8.001398251e-16 0)
(0.8656716418 -2.73814392e-16 0)
(0.8656716418 -1.003578755e-16 0)
(0.8656716418 5.939510038e-16 0)
(0.8656716418 -1.120800427e-15 0)
(0.8656716418 -6.235650452e-16 0)
(0.8656716418 4.04320904e-16 0)
(0.8656716418 -4.94573965e-17 0)
(0.8656716418 5.891910135e-17 0)
(0.8656716418 -1.354033673e-15 0)
(0.8656716418 -2.824391204e-16 0)
(0.8656716418 1.365880508e-15 0)
(0.8656716418 -5.599685334e-16 0)
(0.8656716418 1.199325836e-17 0)
(0.8656716418 1.204168598e-15 0)
(0.8656716418 3.860924946e-16 0)
(0.8656716418 1.023065052e-16 0)
(0.8656716418 -1.227066349e-15 0)
(0.8656716418 -1.436877829e-16 0)
(0.8656716418 1.313858833e-15 0)
(0.8656716418 4.480984596e-17 0)
(0.8656716418 -1.024766842e-15 0)
(0.8656716418 -5.142995035e-16 0)
(0.8656716418 5.313054681e-16 0)
(0.8656716418 7.062298388e-16 0)
(0.8656716418 2.120471482e-16 0)
(0.8656716418 -5.199739107e-16 0)
(0.8656716418 -8.07382094e-17 0)
(0.8656716418 -1.693672264e-16 0)
(0.8656716418 -2.292263659e-16 0)
(0.8656716418 4.171993461e-16 0)
(0.8656716418 1.844152225e-16 0)
(0.8656716418 1.00655783e-16 0)
(0.6567164179 -8.775238367e-17 0)
(0.6567164179 -9.332089218e-17 0)
(0.6567164179 1.01989808e-16 0)
(0.6567164179 4.883440206e-17 0)
(0.6567164179 -2.008639963e-16 0)
(0.6567164179 -2.657995508e-16 0)
(0.6567164179 1.486024116e-16 0)
(0.6567164179 2.312163644e-16 0)
(0.6567164179 -1.744975647e-16 0)
(0.6567164179 3.206602765e-18 0)
(0.6567164179 1.365922851e-16 0)
(0.6567164179 2.381895392e-17 0)
(0.6567164179 1.325530555e-16 0)
(0.6567164179 3.071925333e-16 0)
(0.6567164179 7.568544734e-17 0)
(0.6567164179 -1.371514003e-16 0)
(0.6567164179 1.475220785e-16 0)
(0.6567164179 -1.753664825e-16 0)
(0.6567164179 -4.218155174e-16 0)
(0.6567164179 -9.149952842e-17 0)
(0.6567164179 1.169413134e-16 0)
(0.6567164179 4.722450687e-18 0)
(0.6567164179 1.766445545e-16 0)
(0.6567164179 1.677475823e-16 0)
(0.6567164179 -1.962668228e-16 0)
(0.6567164179 -2.404722078e-16 0)
(0.6567164179 -1.348024211e-16 0)
(0.6567164179 2.365117067e-17 0)
(0.6567164179 -1.327152965e-16 0)
(0.6567164179 -3.362099737e-16 0)
(0.6567164179 -1.457316778e-16 0)
(0.6567164179 6.440709972e-17 0)
(0.6567164179 1.510539991e-16 0)
(0.6567164179 1.754983639e-16 0)
(0.6567164179 1.396835047e-16 0)
(0.6567164179 -2.060720742e-16 0)
(0.6567164179 -5.661663896e-17 0)
(0.6567164179 -7.667193165e-17 0)
(0.6567164179 1.165526757e-16 0)
(0.6567164179 3.332705787e-16 0)
(0.6567164179 -3.188612512e-16 0)
(0.6567164179 -2.315228795e-18 0)
(0.6567164179 1.74540101e-16 0)
(0.6567164179 -6.239095585e-17 0)
(0.6567164179 -7.536057265e-17 0)
(0.6567164179 2.359702491e-17 0)
(0.6567164179 -9.616660075e-18 0)
(0.6567164179 -1.331865504e-16 0)
(0.6567164179 1.018980234e-16 0)
(0.6567164179 -2.341730888e-16 0)
(0.6567164179 -2.040942915e-17 0)
(0.6567164179 2.278697525e-16 0)
(0.6567164179 -2.928521694e-17 0)
(0.6567164179 -2.149786723e-17 0)
(0.6567164179 1.217656252e-16 0)
(0.6567164179 3.532353989e-16 0)
(0.6567164179 -7.306455056e-17 0)
(0.6567164179 -2.120756201e-16 0)
(0.6567164179 -3.23963752e-17 0)
(0.6567164179 4.295945735e-18 0)
(0.6567164179 1.182086899e-16 0)
(0.6567164179 2.938176018e-17 0)
(0.6567164179 -1.293601267e-18 0)
(0.6567164179 -1.472099849e-17 0)
(0.6567164179 5.266764027e-17 0)
(0.6567164179 1.272601768e-16 0)
(0.6567164179 3.05290268e-17 0)
(0.6567164179 2.61389309e-16 0)
(0.6567164179 1.479358139e-16 0)
(0.6567164179 -2.033113425e-16 0)
(0.6567164179 1.867125235e-16 0)
(0.6567164179 -2.725503835e-16 0)
(0.6567164179 -2.85466679e-16 0)
(0.6567164179 2.982022061e-16 0)
(0.6567164179 4.422485361e-16 0)
(0.6567164179 -2.165274744e-16 0)
(0.6567164179 -5.170476583e-16 0)
(0.6567164179 4.492694886e-16 0)
(0.6567164179 3.182637836e-16 0)
(0.6567164179 -9.989977666e-17 0)
(0.6567164179 -5.32064996e-17 0)
(0.6567164179 -2.544823167e-16 0)
(0.6567164179 -2.182280115e-16 0)
(0.6567164179 3.91793709e-17 0)
(0.6567164179 1.837548474e-16 0)
(0.6567164179 4.129413338e-17 0)
(0.6567164179 -1.790590957e-16 0)
(0.6567164179 -2.32729497e-16 0)
(0.6567164179 3.129020449e-16 0)
(0.6567164179 2.533155361e-16 0)
(0.6567164179 -2.049406043e-16 0)
(0.6567164179 -1.013569445e-16 0)
(0.6567164179 2.720772952e-16 0)
(0.6567164179 3.84836839e-17 0)
(0.6567164179 -4.073473664e-16 0)
(0.6567164179 6.851584792e-17 0)
(0.6567164179 -5.08240134e-17 0)
(0.6567164179 -2.877572466e-16 0)
(0.6567164179 2.778451217e-16 0)
(0.6567164179 1.368594255e-16 0)
(0.6567164179 -4.485675392e-16 0)
(0.6567164179 -3.172173774e-16 0)
(0.6567164179 3.862831701e-16 0)
(0.6567164179 4.986648354e-16 0)
(0.6567164179 -1.749205089e-16 0)
(0.6567164179 -3.555356339e-16 0)
(0.6567164179 2.190550244e-16 0)
(0.6567164179 2.118968823e-16 0)
(0.6567164179 -2.3974771e-16 0)
(0.6567164179 -1.980678716e-16 0)
(0.6567164179 -2.098433276e-17 0)
(0.6567164179 4.929227369e-16 0)
(0.6567164179 1.099538876e-16 0)
(0.6567164179 -1.104939823e-16 0)
(0.6567164179 -2.499222131e-16 0)
(0.6567164179 1.293109453e-18 0)
(0.6567164179 2.32187283e-16 0)
(0.6567164179 -9.358291811e-17 0)
(0.6567164179 -1.605944791e-16 0)
(0.6567164179 2.159164733e-16 0)
(0.6567164179 2.759126748e-16 0)
(0.6567164179 -2.567902414e-16 0)
(0.6567164179 -3.084085104e-16 0)
(0.6567164179 2.244993662e-16 0)
(0.6567164179 5.690538412e-17 0)
(0.6567164179 -1.660162198e-16 0)
(0.6567164179 7.620056814e-18 0)
(0.6567164179 -1.036045041e-16 0)
(0.6567164179 1.166099025e-16 0)
(0.6567164179 -1.618227928e-16 0)
(0.6567164179 -2.516199011e-16 0)
(0.6567164179 2.23977255e-16 0)
(0.6567164179 9.110042908e-17 0)
(0.6567164179 -4.944517441e-17 0)
(0.6567164179 -6.86561889e-16 0)
(0.6567164179 1.920417715e-16 0)
(0.6567164179 9.546363937e-16 0)
(0.6567164179 1.835498504e-16 0)
(0.6567164179 -5.799763127e-16 0)
(0.6567164179 -8.690713709e-16 0)
(0.6567164179 1.994612924e-16 0)
(0.6567164179 6.987734549e-16 0)
(0.6567164179 6.022804082e-17 0)
(0.6567164179 -7.820448021e-16 0)
(0.6567164179 -6.453760724e-17 0)
(0.6567164179 9.920362212e-16 0)
(0.6567164179 -2.28168534e-16 0)
(0.6567164179 -3.232684857e-16 0)
(0.6567164179 3.081178543e-16 0)
(0.6567164179 7.819384629e-16 0)
(0.6567164179 4.374482703e-16 0)
(0.6567164179 -1.26946095e-15 0)
(0.6567164179 -4.446217297e-16 0)
(0.6567164179 7.410624859e-16 0)
(0.6567164179 -4.411044296e-16 0)
(0.6567164179 -1.70256608e-16 0)
(0.6567164179 4.886302182e-16 0)
(0.6567164179 -3.777642754e-17 0)
(0.6567164179 9.940920593e-17 0)
(0.6567164179 -2.798883728e-16 0)
(0.6567164179 1.079808472e-16 0)
(0.6567164179 7.663504648e-17 0)
(0.6567164179 -2.089160651e-17 0)
(0.6567164179 -5.447121531e-17 0)
(0.6567164179 -2.032381427e-16 0)
(0.6567164179 2.722649974e-16 0)
(0.6567164179 1.476034019e-16 0)
(0.6567164179 3.659466051e-16 0)
(0.6567164179 -1.165705807e-16 0)
(0.6567164179 -3.146919495e-16 0)
(0.6567164179 3.823627071e-16 0)
(0.6567164179 -5.34284592e-16 0)
(0.6567164179 -3.857599951e-16 0)
(0.6567164179 2.517578884e-16 0)
(0.6567164179 -9.963669946e-17 0)
(0.6567164179 9.546997265e-17 0)
(0.6567164179 -1.17597598e-15 0)
(0.6567164179 -1.873242907e-16 0)
(0.6567164179 1.308314074e-15 0)
(0.6567164179 -4.036661539e-16 0)
(0.6567164179 -7.207389942e-17 0)
(0.6567164179 9.372352553e-16 0)
(0.6567164179 7.039265707e-17 0)
(0.6567164179 -1.10650287e-16 0)
(0.6567164179 -7.356663624e-16 0)
(0.6567164179 -4.995935262e-17 0)
(0.6567164179 1.026474353e-15 0)
(0.6567164179 9.066698623e-18 0)
(0.6567164179 -6.807745105e-16 0)
(0.6567164179 -5.951838146e-16 0)
(0.6567164179 3.158254656e-16 0)
(0.6567164179 6.784681345e-16 0)
(0.6567164179 2.246398491e-16 0)
(0.6567164179 -2.081117828e-16 0)
(0.6567164179 -2.932029405e-16 0)
(0.6567164179 -2.698566702e-16 0)
(0.6567164179 -1.159533042e-16 0)
(0.6567164179 1.477440031e-16 0)
(0.6567164179 3.904191762e-16 0)
(0.6567164179 4.170684407e-16 0)
(0.4179104478 1.960376464e-16 0)
(0.4179104478 -5.296795077e-17 0)
(0.4179104478 3.004226818e-17 0)
(0.4179104478 -3.934894378e-17 0)
(0.4179104478 -1.973897048e-16 0)
(0.4179104478 -2.643111527e-16 0)
(0.4179104478 1.582063716e-16 0)
(0.4179104478 2.958883684e-16 0)
(0.4179104478 -1.217236495e-16 0)
(0.4179104478 9.49752099e-19 0)
(0.4179104478 1.010798391e-16 0)
(0.4179104478 -5.430086361e-17 0)
(0.4179104478 3.090487131e-17 0)
(0.4179104478 2.595426616e-16 0)
(0.4179104478 -1.154563935e-17 0)
(0.4179104478 -1.318365854e-16 0)
(0.4179104478 1.018328676e-16 0)
(0.4179104478 -1.563779657e-16 0)
(0.4179104478 -2.311979115e-16 0)
(0.4179104478 -1.998739661e-17 0)
(0.4179104478 1.560800063e-16 0)
(0.4179104478 3.48150213e-17 0)
(0.4179104478 9.597117394e-17 0)
(0.4179104478 1.183244846e-16 0)
(0.4179104478 -1.18418675e-16 0)
(0.4179104478 -1.898802403e-16 0)
(0.4179104478 -1.949686632e-16 0)
(0.4179104478 3.572246376e-17 0)
(0.4179104478 -4.63610053e-17 0)
(0.4179104478 -3.668170435e-16 0)
(0.4179104478 -1.111825909e-16 0)
(0.4179104478 1.76468082e-16 0)
(0.4179104478 1.366133482e-16 0)
(0.4179104478 1.519033615e-16 0)
(0.4179104478 9.3377992e-17 0)
(0.4179104478 -2.839734166e-16 0)
(0.4179104478 -8.026264691e-17 0)
(0.4179104478 4.428689432e-17 0)
(0.4179104478 1.370215904e-16 0)
(0.4179104478 2.908110334e-16 0)
(0.4179104478 -3.090690437e-16 0)
(0.4179104478 -6.473851239e-17 0)
(0.4179104478 1.269380642e-16 0)
(0.4179104478 -6.180066064e-17 0)
(0.4179104478 -6.334536828e-17 0)
(0.4179104478 2.074289297e-17 0)
(0.4179104478 9.551368533e-17 0)
(0.4179104478 -3.446885477e-17 0)
(0.4179104478 -2.494150355e-17 0)
(0.4179104478 -1.670960257e-16 0)
(0.4179104478 3.321923986e-17 0)
(0.4179104478 1.311549638e-16 0)
(0.4179104478 -2.365090443e-17 0)
(0.4179104478 -4.631580562e-18 0)
(0.4179104478 1.719248238e-17 0)
(0.4179104478 2.329043378e-16 0)
(0.4179104478 1.978392149e-17 0)
(0.4179104478 -1.879927253e-16 0)
(0.4179104478 -4.232321646e-17 0)
(0.4179104478 -2.65702293e-17 0)
(0.4179104478 -7.643898536e-18 0)
(0.4179104478 1.092173279e-16 0)
(0.4179104478 5.924723255e-17 0)
(0.4179104478 -7.570523885e-17 0)
(0.4179104478 4.063175326e-17 0)
(0.4179104478 7.79078082e-17 0)
(0.4179104478 7.688238385e-17 0)
(0.4179104478 2.182648299e-16 0)
(0.4179104478 -5.943317366e-17 0)
(0.4179104478 -2.174608639e-16 0)
(0.4179104478 1.938507546e-16 0)
(0.4179104478 -2.782336549e-16 0)
(0.4179104478 -1.507905544e-16 0)
(0.4179104478 3.721270602e-16 0)
(0.4179104478 1.730259588e-16 0)
(0.4179104478 -3.124559109e-16 0)
(0.4179104478 -2.532835954e-16 0)
(0.4179104478 4.17321099e-16 0)
(0.4179104478 2.272708428e-16 0)
(0.4179104478 1.545474738e-18 0)
(0.4179104478 1.185947111e-16 0)
(0.4179104478 -1.620316187e-16 0)
(0.4179104478 -4.021357588e-16 0)
(0.4179104478 -3.165638195e-17 0)
(0.4179104478 3.306268921e-16 0)
(0.4179104478 -5.255810727e-17 0)
(0.4179104478 -1.020153086e-16 0)
(0.4179104478 -5.048056354e-17 0)
(0.4179104478 2.133746872e-16 0)
(0.4179104478 8.689314645e-17 0)
(0.4179104478 -1.848049297e-16 0)
(0.4179104478 -2.129839973e-16 0)
(0.4179104478 1.62277784e-16 0)
(0.4179104478 1.360270302e-16 0)
(0.4179104478 -1.808578529e-16 0)
(0.4179104478 1.765638184e-16 0)
(0.4179104478 -5.275457744e-17 0)
(0.4179104478 -2.784658775e-16 0)
(0.4179104478 -5.671420381e-18 0)
(0.4179104478 2.881926233e-16 0)
(0.4179104478 -4.603784223e-17 0)
(0.4179104478 -4.304900144e-16 0)
(0.4179104478 1.030736329e-16 0)
(0.4179104478 3.521156784e-16 0)
(0.4179104478 -2.149154973e-17 0)
(0.4179104478 -1.582511283e-16 0)
(0.4179104478 8.120874056e-17 0)
(0.4179104478 1.215486746e-16 0)
(0.4179104478 -8.820697157e-17 0)
(0.4179104478 -1.168255556e-16 0)
(0.4179104478 -3.003496177e-16 0)
(0.4179104478 3.375018498e-16 0)
(0.4179104478 2.763846205e-16 0)
(0.4179104478 -1.43233953e-16 0)
(0.4179104478 -9.689166942e-17 0)
(0.4179104478 -1.489481597e-16 0)
(0.4179104478 3.823977602e-17 0)
(0.4179104478 1.127499519e-16 0)
(0.4179104478 -5.247809432e-17 0)
(0.4179104478 -7.321714865e-17 0)
(0.4179104478 1.141427736e-16 0)
(0.4179104478 -1.872049758e-16 0)
(0.4179104478 -2.242490984e-16 0)
(0.4179104478 2.824430082e-16 0)
(0.4179104478 1.996092648e-16 0)
(0.4179104478 -6.211424647e-17 0)
(0.4179104478 -1.659478238e-17 0)
(0.4179104478 -1.64102836e-16 0)
(0.4179104478 1.641078784e-16 0)
(0.4179104478 -1.776179311e-16 0)
(0.4179104478 -1.767951823e-16 0)
(0.4179104478 1.736840281e-16 0)
(0.4179104478 -4.880126469e-17 0)
(0.4179104478 1.532598868e-16 0)
(0.4179104478 -5.504318373e-16 0)
(0.4179104478 9.444985426e-17 0)
(0.4179104478 9.211382546e-16 0)
(0.4179104478 2.222032422e-16 0)
(0.4179104478 -6.665175309e-16 0)
(0.4179104478 -6.822926577e-16 0)
(0.4179104478 1.90218862e-16 0)
(0.4179104478 4.298909703e-16 0)
(0.4179104478 2.1794838e-16 0)
(0.4179104478 -7.209598603e-16 0)
(0.4179104478 -1.404178547e-16 0)
(0.4179104478 8.987965785e-16 0)
(0.4179104478 -1.828824169e-16 0)
(0.4179104478 -4.583772197e-16 0)
(0.4179104478 4.691299896e-16 0)
(0.4179104478 6.327951072e-16 0)
(0.4179104478 2.051173109e-17 0)
(0.4179104478 -8.808733296e-16 0)
(0.4179104478 -2.647296639e-16 0)
(0.4179104478 6.05927084e-16 0)
(0.4179104478 -4.145965342e-16 0)
(0.4179104478 -1.395927736e-16 0)
(0.4179104478 3.722582745e-16 0)
(0.4179104478 1.046850509e-16 0)
(0.4179104478 1.616139348e-16 0)
(0.4179104478 -3.914506803e-16 0)
(0.4179104478 1.242527601e-16 0)
(0.4179104478 1.632931361e-16 0)
(0.4179104478 9.179250617e-17 0)
(0.4179104478 -1.321206898e-16 0)
(0.4179104478 -1.867681705e-16 0)
(0.4179104478 -1.602432184e-16 0)
(0.4179104478 1.468688524e-16 0)
(0.4179104478 6.553315759e-16 0)
(0.4179104478 -2.938915882e-16 0)
(0.4179104478 -1.198203023e-16 0)
(0.4179104478 4.00162414e-16 0)
(0.4179104478 -7.07011853e-16 0)
(0.4179104478 -2.821799018e-16 0)
(0.4179104478 5.916153313e-16 0)
(0.4179104478 2.620759438e-17 0)
(0.4179104478 -5.530925125e-17 0)
(0.4179104478 -8.575102207e-16 0)
(0.4179104478 -3.554218683e-17 0)
(0.4179104478 1.001362382e-15 0)
(0.4179104478 -5.354185812e-16 0)
(0.4179104478 -1.447008878e-16 0)
(0.4179104478 7.176303867e-16 0)
(0.4179104478 1.130078877e-16 0)
(0.4179104478 -8.271219604e-17 0)
(0.4179104478 -8.364655301e-16 0)
(0.4179104478 -8.497235931e-18 0)
(0.4179104478 1.013426453e-15 0)
(0.4179104478 -7.700296911e-17 0)
(0.4179104478 -7.101266752e-16 0)
(0.4179104478 -1.023167291e-16 0)
(0.4179104478 3.013918025e-16 0)
(0.4179104478 2.444094801e-16 0)
(0.4179104478 2.126412613e-16 0)
(0.4179104478 -2.59640647e-16 0)
(0.4179104478 -1.410318587e-17 0)
(0.4179104478 -2.946480226e-16 0)
(0.4179104478 -3.324018644e-16 0)
(0.4179104478 4.058992445e-16 0)
(0.4179104478 2.049461561e-16 0)
(0.4179104478 2.000068859e-16 0)
(0.1492537313 5.873953158e-17 0)
(0.1492537313 -6.792193476e-18 0)
(0.1492537313 3.679752177e-18 0)
(0.1492537313 -2.69188442e-17 0)
(0.1492537313 -1.061166617e-16 0)
(0.1492537313 -1.163140323e-16 0)
(0.1492537313 7.845796323e-17 0)
(0.1492537313 1.394169133e-16 0)
(0.1492537313 -4.156112735e-17 0)
(0.1492537313 -2.282339011e-17 0)
(0.1492537313 3.835061763e-17 0)
(0.1492537313 -2.594423708e-17 0)
(0.1492537313 2.879613037e-17 0)
(0.1492537313 9.607027762e-17 0)
(0.1492537313 -2.705244865e-17 0)
(0.1492537313 -6.492782027e-17 0)
(0.1492537313 7.314557729e-17 0)
(0.1492537313 -7.002885295e-17 0)
(0.1492537313 -1.164586705e-16 0)
(0.1492537313 3.900948809e-17 0)
(0.1492537313 8.718764902e-17 0)
(0.1492537313 5.298019258e-18 0)
(0.1492537313 4.187636561e-17 0)
(0.1492537313 5.109883357e-17 0)
(0.1492537313 -6.034391255e-17 0)
(0.1492537313 -9.847455095e-17 0)
(0.1492537313 -1.000922906e-16 0)
(0.1492537313 5.711568118e-17 0)
(0.1492537313 9.971763206e-19 0)
(0.1492537313 -1.867963661e-16 0)
(0.1492537313 -4.67188641e-17 0)
(0.1492537313 1.044862327e-16 0)
(0.1492537313 4.932606712e-17 0)
(0.1492537313 7.414568377e-17 0)
(0.1492537313 7.072991798e-17 0)
(0.1492537313 -1.846604865e-16 0)
(0.1492537313 -1.825354833e-17 0)
(0.1492537313 3.67095763e-17 0)
(0.1492537313 7.379986536e-17 0)
(0.1492537313 1.613150358e-16 0)
(0.1492537313 -1.752098465e-16 0)
(0.1492537313 -1.678361429e-17 0)
(0.1492537313 5.260930934e-17 0)
(0.1492537313 -3.919746649e-17 0)
(0.1492537313 -4.61390361e-17 0)
(0.1492537313 1.923088136e-17 0)
(0.1492537313 7.729762425e-17 0)
(0.1492537313 -5.904363674e-18 0)
(0.1492537313 -2.270140703e-17 0)
(0.1492537313 -6.815586651e-17 0)
(0.1492537313 2.406786617e-17 0)
(0.1492537313 3.982142467e-17 0)
(0.1492537313 8.089412171e-18 0)
(0.1492537313 -8.108344385e-18 0)
(0.1492537313 -4.151015197e-17 0)
(0.1492537313 7.260645225e-17 0)
(0.1492537313 4.589836123e-17 0)
(0.1492537313 -7.626519841e-17 0)
(0.1492537313 -8.194497135e-18 0)
(0.1492537313 -6.736135895e-18 0)
(0.1492537313 -5.046955463e-17 0)
(0.1492537313 6.131096343e-17 0)
(0.1492537313 4.450063097e-17 0)
(0.1492537313 -6.958354873e-17 0)
(0.1492537313 3.997336505e-18 0)
(0.1492537313 1.56984941e-17 0)
(0.1492537313 2.170395442e-17 0)
(0.1492537313 7.657125142e-17 0)
(0.1492537313 -3.334568913e-17 0)
(0.1492537313 -9.757326656e-17 0)
(0.1492537313 1.178713621e-16 0)
(0.1492537313 -1.522559129e-16 0)
(0.1492537313 -3.841379083e-17 0)
(0.1492537313 2.240300216e-16 0)
(0.1492537313 -1.763157962e-18 0)
(0.1492537313 -2.238348372e-16 0)
(0.1492537313 -3.880038607e-17 0)
(0.1492537313 2.681748782e-16 0)
(0.1492537313 5.068875242e-17 0)
(0.1492537313 -2.570903669e-17 0)
(0.1492537313 2.568505471e-17 0)
(0.1492537313 -7.348639298e-17 0)
(0.1492537313 -1.622564482e-16 0)
(0.1492537313 1.463310887e-17 0)
(0.1492537313 2.088043358e-16 0)
(0.1492537313 -8.68110247e-17 0)
(0.1492537313 -7.438183421e-17 0)
(0.1492537313 7.357187044e-19 0)
(0.1492537313 1.21952887e-16 0)
(0.1492537313 1.045196899e-17 0)
(0.1492537313 -1.244036425e-16 0)
(0.1492537313 -1.162627186e-16 0)
(0.1492537313 7.648010789e-17 0)
(0.1492537313 1.498268206e-16 0)
(0.1492537313 -2.704407265e-17 0)
(0.1492537313 8.079692914e-17 0)
(0.1492537313 -5.210730734e-17 0)
(0.1492537313 -1.145636293e-16 0)
(0.1492537313 -2.845680172e-17 0)
(0.1492537313 1.426212671e-16 0)
(0.1492537313 6.981108892e-17 0)
(0.1492537313 -2.114236057e-16 0)
(0.1492537313 4.997650884e-17 0)
(0.1492537313 1.007418112e-16 0)
(0.1492537313 -3.028680164e-17 0)
(0.1492537313 -3.739713351e-17 0)
(0.1492537313 5.845774904e-17 0)
(0.1492537313 3.071909804e-17 0)
(0.1492537313 -8.497435725e-17 0)
(0.1492537313 3.69809878e-17 0)
(0.1492537313 -1.849160775e-16 0)
(0.1492537313 1.056050357e-16 0)
(0.1492537313 1.057102922e-16 0)
(0.1492537313 -4.157003378e-17 0)
(0.1492537313 3.252674806e-18 0)
(0.1492537313 -7.393501027e-17 0)
(0.1492537313 -3.141619815e-17 0)
(0.1492537313 6.817529087e-17 0)
(0.1492537313 3.158882735e-17 0)
(0.1492537313 -6.068661668e-17 0)
(0.1492537313 -2.295018809e-17 0)
(0.1492537313 -1.17726587e-16 0)
(0.1492537313 -4.463943054e-17 0)
(0.1492537313 2.327635439e-16 0)
(0.1492537313 4.993043995e-17 0)
(0.1492537313 -3.83214102e-17 0)
(0.1492537313 4.620743568e-17 0)
(0.1492537313 -1.176683155e-16 0)
(0.1492537313 6.627990492e-17 0)
(0.1492537313 -7.829979924e-17 0)
(0.1492537313 -1.575988672e-17 0)
(0.1492537313 1.079490422e-16 0)
(0.1492537313 -1.30619708e-16 0)
(0.1492537313 1.152967017e-16 0)
(0.1492537313 -2.718773321e-16 0)
(0.1492537313 -8.960462672e-18 0)
(0.1492537313 3.94105723e-16 0)
(0.1492537313 8.724826568e-17 0)
(0.1492537313 -3.12583208e-16 0)
(0.1492537313 -2.562925086e-16 0)
(0.1492537313 1.945632917e-16 0)
(0.1492537313 1.548094421e-16 0)
(0.1492537313 1.156380958e-16 0)
(0.1492537313 -3.883337962e-16 0)
(0.1492537313 -1.302305947e-16 0)
(0.1492537313 4.660254721e-16 0)
(0.1492537313 -9.409626765e-17 0)
(0.1492537313 -2.253330658e-16 0)
(0.1492537313 2.708361671e-16 0)
(0.1492537313 2.512212103e-16 0)
(0.1492537313 -5.92326511e-17 0)
(0.1492537313 -4.057204681e-16 0)
(0.1492537313 -1.144917033e-16 0)
(0.1492537313 3.127950118e-16 0)
(0.1492537313 -2.079093311e-16 0)
(0.1492537313 1.90035871e-18 0)
(0.1492537313 2.352455038e-16 0)
(0.1492537313 -1.587308602e-17 0)
(0.1492537313 7.587389395e-17 0)
(0.1492537313 -2.093083808e-16 0)
(0.1492537313 4.057747522e-17 0)
(0.1492537313 5.972683839e-18 0)
(0.1492537313 5.253022364e-17 0)
(0.1492537313 1.091291075e-17 0)
(0.1492537313 -4.783625047e-17 0)
(0.1492537313 -1.050426356e-16 0)
(0.1492537313 3.729461897e-17 0)
(0.1492537313 4.134140568e-16 0)
(0.1492537313 -1.867256231e-16 0)
(0.1492537313 -1.099961034e-16 0)
(0.1492537313 2.158933584e-16 0)
(0.1492537313 -4.131041214e-16 0)
(0.1492537313 -3.78675319e-17 0)
(0.1492537313 4.372666363e-16 0)
(0.1492537313 -4.628040913e-17 0)
(0.1492537313 -1.396350192e-17 0)
(0.1492537313 -4.127095801e-16 0)
(0.1492537313 -2.305515568e-17 0)
(0.1492537313 4.992610515e-16 0)
(0.1492537313 -3.478375314e-16 0)
(0.1492537313 -2.279340445e-17 0)
(0.1492537313 4.032959229e-16 0)
(0.1492537313 -3.452918157e-17 0)
(0.1492537313 -1.397518864e-17 0)
(0.1492537313 -4.616736114e-16 0)
(0.1492537313 -4.353824599e-17 0)
(0.1492537313 4.858953651e-16 0)
(0.1492537313 -1.035033152e-16 0)
(0.1492537313 -3.463921266e-16 0)
(0.1492537313 1.052951156e-16 0)
(0.1492537313 2.230462943e-16 0)
(0.1492537313 -1.531479919e-17 0)
(0.1492537313 8.49731311e-17 0)
(0.1492537313 -1.404447206e-16 0)
(0.1492537313 5.711650341e-18 0)
(0.1492537313 -1.792350718e-16 0)
(0.1492537313 -1.630306051e-16 0)
(0.1492537313 3.266294962e-16 0)
(0.1492537313 4.751331192e-17 0)
(0.1492537313 -2.227384735e-17 0)
)
;

boundaryField
{
    inlet
    {
        type            cyclic;
    }
    outlet
    {
        type            cyclic;
    }
    topWall
    {
        type            fixedValue;
        value           uniform (0 0 0);
    }
    bottomWall
    {
        type            fixedValue;
        value           uniform (0 0 0);
    }
    frontAndBack
    {
        type            empty;
    }
}


// ************************************************************************* //
