/*--------------------------------*- C++ -*----------------------------------*\
  =========                 |
  \\      /  F ield         | OpenFOAM: The Open Source CFD Toolbox
   \\    /   O peration     | Website:  https://openfoam.org
    \\  /    A nd           | Version:  10
     \\/     M anipulation  |
\*---------------------------------------------------------------------------*/
FoamFile
{
    format      ascii;
    class       surfaceScalarField;
    location    "5000";
    object      phi;
}
// * * * * * * * * * * * * * * * * * * * * * * * * * * * * * * * * * * * * * //

dimensions      [0 3 -1 0 0 0 0];

internalField   nonuniform List<scalar> 
7780
(
7.462686567e-06
-6.452945149e-20
7.462686567e-06
1.013052242e-20
7.462686567e-06
5.921318099e-21
7.462686567e-06
1.57271908e-21
7.462686567e-06
-2.402414569e-21
7.462686567e-06
-4.117636327e-21
7.462686567e-06
2.498874408e-22
7.462686567e-06
1.44777442e-21
7.462686567e-06
-2.780803188e-21
7.462686567e-06
1.847575066e-21
7.462686567e-06
4.809230899e-22
7.462686567e-06
-3.484454304e-22
7.462686567e-06
9.381905289e-22
7.462686567e-06
-1.550080778e-21
7.462686567e-06
1.995064358e-21
7.462686567e-06
-5.189715282e-21
7.462686567e-06
-2.259534421e-21
7.462686567e-06
3.785519083e-21
7.462686567e-06
-8.349747697e-24
7.462686567e-06
8.692890313e-22
7.462686567e-06
-6.386057795e-22
7.462686567e-06
-5.883693877e-21
7.462686567e-06
-3.220579676e-21
7.462686567e-06
4.940062351e-21
7.462686567e-06
3.766047025e-21
7.462686567e-06
1.467877343e-21
7.462686567e-06
-6.806344233e-23
7.462686567e-06
3.868836064e-21
7.462686567e-06
1.026900909e-22
7.462686567e-06
-5.974367386e-21
7.462686567e-06
5.513316852e-22
7.462686567e-06
-7.67916454e-22
7.462686567e-06
-2.096978542e-21
7.462686567e-06
-7.648383953e-22
7.462686567e-06
-6.561202769e-21
7.462686567e-06
3.877287305e-21
7.462686567e-06
-2.376257788e-21
7.462686567e-06
3.350152421e-22
7.462686567e-06
2.805879484e-21
7.462686567e-06
1.787610454e-21
7.462686567e-06
2.807134543e-21
7.462686567e-06
-4.366233387e-21
7.462686567e-06
5.899667312e-21
7.462686567e-06
-8.117413254e-21
7.462686567e-06
9.103603758e-22
7.462686567e-06
6.519227076e-22
7.462686567e-06
-3.109112806e-21
7.462686567e-06
2.988517792e-21
7.462686567e-06
-5.818421662e-21
7.462686567e-06
5.38950552e-21
7.462686567e-06
4.320856141e-21
7.462686567e-06
-2.948673738e-21
7.462686567e-06
-5.152561178e-22
7.462686567e-06
3.610520701e-21
7.462686567e-06
-2.870027665e-21
7.462686567e-06
-1.698072951e-21
7.462686567e-06
6.532646687e-21
7.462686567e-06
-4.781184521e-21
7.462686567e-06
3.493163186e-21
7.462686567e-06
4.032651466e-21
7.462686567e-06
-6.263328616e-21
7.462686567e-06
2.321435038e-21
7.462686567e-06
1.341358526e-21
7.462686567e-06
-5.202001081e-21
7.462686567e-06
-2.081356285e-21
7.462686567e-06
4.92821272e-21
7.462686567e-06
-1.743173171e-21
7.462686567e-06
-4.15728472e-22
7.462686567e-06
9.109903122e-21
7.462686567e-06
-5.325458881e-22
7.462686567e-06
-1.192762148e-20
7.462686567e-06
2.424733706e-21
7.462686567e-06
1.232471385e-20
7.462686567e-06
-8.182148895e-21
7.462686567e-06
-1.082656131e-20
7.462686567e-06
7.59794414e-21
7.462686567e-06
1.183386941e-20
7.462686567e-06
-1.373789637e-21
7.462686567e-06
-1.921935145e-20
7.462686567e-06
4.305078358e-21
7.462686567e-06
9.614792599e-21
7.462686567e-06
-8.888190665e-21
7.462686567e-06
-1.551136773e-21
7.462686567e-06
6.471998442e-21
7.462686567e-06
7.469210135e-21
7.462686567e-06
1.845564928e-21
7.462686567e-06
-4.283432122e-21
7.462686567e-06
-8.873984237e-21
7.462686567e-06
-6.695636469e-21
7.462686567e-06
9.733341898e-21
7.462686567e-06
1.079099635e-20
7.462686567e-06
-1.205322075e-20
7.462686567e-06
-1.074744073e-20
7.462686567e-06
1.137167921e-20
7.462686567e-06
4.055555432e-21
7.462686567e-06
-1.174025582e-20
7.462686567e-06
9.882552495e-21
7.462686567e-06
1.000451742e-20
7.462686567e-06
-1.353422684e-20
7.462686567e-06
-1.027205652e-20
7.462686567e-06
1.163365816e-20
7.462686567e-06
9.885558119e-21
7.462686567e-06
-4.354997343e-21
7.462686567e-06
-7.034423808e-21
7.462686567e-06
1.209684557e-21
7.462686567e-06
1.061407373e-20
7.462686567e-06
-5.122220928e-21
7.462686567e-06
-1.263050279e-20
7.462686567e-06
2.924847349e-21
7.462686567e-06
1.860306084e-20
7.462686567e-06
-9.009842262e-21
7.462686567e-06
-1.527989088e-20
7.462686567e-06
8.647871896e-21
7.462686567e-06
6.063346118e-21
7.462686567e-06
5.674566266e-21
7.462686567e-06
-5.444635233e-21
7.462686567e-06
-1.564912328e-20
7.462686567e-06
1.256708282e-20
7.462686567e-06
1.824105336e-20
7.462686567e-06
-8.388194771e-21
7.462686567e-06
-1.723518282e-20
7.462686567e-06
4.928162937e-22
7.462686567e-06
1.33789552e-20
7.462686567e-06
-7.853356479e-22
7.462686567e-06
1.603592466e-21
7.462686567e-06
2.195762368e-21
7.462686567e-06
1.383142421e-21
7.462686567e-06
-6.231697664e-21
7.462686567e-06
-1.904868462e-20
7.462686567e-06
1.494438842e-20
7.462686567e-06
6.215277493e-21
7.462686567e-06
-8.621821051e-21
7.462686567e-06
7.073056056e-21
7.462686567e-06
-1.223929653e-20
7.462686567e-06
2.331916671e-21
7.462686567e-06
5.870259795e-21
7.462686567e-06
-5.639709465e-21
7.462686567e-06
-2.340678758e-21
7.462686567e-06
1.130421166e-20
7.462686567e-06
2.654484031e-21
7.462686567e-06
-1.474285633e-20
7.462686567e-06
-7.804135452e-21
7.462686567e-06
2.141100939e-21
7.462686567e-06
1.091740016e-20
7.462686567e-06
3.484381713e-21
7.462686567e-06
-7.139968907e-21
7.462686567e-06
1.410519171e-20
7.462686567e-06
2.655570607e-21
7.462686567e-06
-1.732869032e-20
7.462686567e-06
4.704230358e-22
7.462686567e-06
-1.14605215e-21
7.462686567e-06
1.844334888e-20
7.462686567e-06
-1.729745317e-21
7.462686567e-06
-2.277583815e-20
7.462686567e-06
2.465685199e-20
7.462686567e-06
9.347254757e-21
7.462686567e-06
-1.861558943e-20
7.462686567e-06
-7.340737992e-21
7.462686567e-06
-6.006738196e-21
7.462686567e-06
1.916371088e-20
7.462686567e-06
8.734376869e-21
7.462686567e-06
-9.761533922e-21
7.462686567e-06
-1.943454655e-21
7.462686567e-06
3.648824769e-21
7.462686567e-06
-3.227767249e-21
7.462686567e-06
-1.052534169e-20
7.462686567e-06
1.891283562e-21
7.462686567e-06
-1.94835673e-21
7.462686567e-06
9.919288315e-21
7.462686567e-06
1.306441206e-20
7.462686567e-06
-1.49819671e-20
7.462686567e-06
1.666105823e-21
7.462686567e-06
1.821281111e-20
7.462686567e-06
-2.52928267e-20
7.462686567e-06
8.832617108e-21
7.462686567e-06
-3.785661282e-21
7.462686567e-06
-5.393042142e-21
7.462686567e-06
1.851349454e-20
7.462686567e-06
-2.716907173e-20
7.462686567e-06
2.294190986e-20
7.462686567e-06
8.634602397e-21
7.462686567e-06
-2.063468513e-20
7.462686567e-06
9.749556529e-21
7.462686567e-06
-1.617349928e-20
7.462686567e-06
4.556873346e-21
7.462686567e-06
2.22446707e-20
7.462686567e-06
-2.62188328e-20
7.462686567e-06
9.977292751e-21
7.462686567e-06
1.773753621e-20
7.462686567e-06
-1.902194504e-20
7.462686567e-06
-1.459517524e-20
7.462686567e-06
8.549021619e-21
7.462686567e-06
-3.843961727e-21
7.462686567e-06
-2.751391618e-21
7.462686567e-06
1.71589607e-20
7.462686567e-06
-5.558146585e-21
7.462686567e-06
3.845152853e-21
7.462686567e-06
1.546602899e-21
7.462686567e-06
-2.889721517e-20
2.471859985e-21
2.089552239e-05
5.284542566e-21
2.089552239e-05
9.649463763e-21
2.089552239e-05
1.25449355e-20
2.089552239e-05
5.026590423e-21
2.089552239e-05
-3.08686476e-21
2.089552239e-05
-7.940388549e-21
2.089552239e-05
3.264374706e-21
2.089552239e-05
2.68961743e-21
2.089552239e-05
-2.498520707e-21
2.089552239e-05
1.11903854e-20
2.089552239e-05
2.080027825e-21
2.089552239e-05
3.587644697e-22
2.089552239e-05
-4.015837768e-21
2.089552239e-05
-4.9640222e-21
2.089552239e-05
3.927187049e-22
2.089552239e-05
-1.365544687e-20
2.089552239e-05
-4.391381257e-21
2.089552239e-05
1.78429272e-21
2.089552239e-05
-3.355948741e-21
2.089552239e-05
-1.35502567e-21
2.089552239e-05
5.033052302e-22
2.089552239e-05
-1.101688129e-20
2.089552239e-05
-7.788433273e-21
2.089552239e-05
1.672230866e-20
2.089552239e-05
1.445190703e-20
2.089552239e-05
3.657071893e-21
2.089552239e-05
2.771940155e-21
2.089552239e-05
3.975077082e-21
2.089552239e-05
-1.934945438e-21
2.089552239e-05
-1.363453861e-20
2.089552239e-05
1.633056947e-21
2.089552239e-05
2.210671582e-21
2.089552239e-05
-1.125899188e-20
2.089552239e-05
-2.559788214e-21
2.089552239e-05
-1.718313408e-20
2.089552239e-05
6.201891976e-21
2.089552239e-05
-8.499626154e-22
2.089552239e-05
1.195004868e-21
2.089552239e-05
4.394619166e-21
2.089552239e-05
3.073189876e-21
2.089552239e-05
4.328274995e-21
2.089552239e-05
8.086851827e-22
2.089552239e-05
9.997542085e-21
2.089552239e-05
-1.529388124e-20
2.089552239e-05
-3.074856577e-21
2.089552239e-05
2.670132137e-21
2.089552239e-05
-9.876023046e-21
2.089552239e-05
1.573023505e-21
2.089552239e-05
-1.444001029e-21
2.089552239e-05
8.177739609e-21
2.089552239e-05
9.228254216e-21
2.089552239e-05
-7.804376786e-21
2.089552239e-05
-2.944688524e-21
2.089552239e-05
9.462396904e-21
2.089552239e-05
-5.880531083e-21
2.089552239e-05
-1.506184208e-21
2.089552239e-05
3.333040212e-21
2.089552239e-05
-4.693907281e-21
2.089552239e-05
7.354199061e-21
2.089552239e-05
3.876318802e-21
2.089552239e-05
-1.148955556e-20
2.089552239e-05
4.997408507e-21
2.089552239e-05
5.77138716e-21
2.089552239e-05
-1.011485182e-20
2.089552239e-05
-2.672481291e-21
2.089552239e-05
9.906325205e-21
2.089552239e-05
-5.238807722e-21
2.089552239e-05
6.862748141e-21
2.089552239e-05
2.275420067e-20
2.089552239e-05
-1.436903949e-20
2.089552239e-05
-3.204441749e-20
2.089552239e-05
1.51540746e-20
2.089552239e-05
1.723490714e-20
2.089552239e-05
-1.606614342e-20
2.089552239e-05
-1.461480872e-20
2.089552239e-05
1.495699171e-20
2.089552239e-05
1.749377221e-20
2.089552239e-05
-7.151044919e-21
2.089552239e-05
-3.210292724e-20
2.089552239e-05
3.395213027e-21
2.089552239e-05
2.020498035e-20
2.089552239e-05
-1.484169111e-20
2.089552239e-05
-6.127035751e-21
2.089552239e-05
2.768180738e-20
2.089552239e-05
1.392407852e-20
2.089552239e-05
7.378477604e-22
2.089552239e-05
-2.238064694e-21
2.089552239e-05
-2.65501004e-20
2.089552239e-05
-1.622244784e-20
2.089552239e-05
2.236416243e-20
2.089552239e-05
1.710829786e-20
2.089552239e-05
-2.266119904e-20
2.089552239e-05
-1.86826939e-20
2.089552239e-05
2.130926007e-20
2.089552239e-05
6.57110182e-21
2.089552239e-05
-2.12274724e-20
2.089552239e-05
1.905238043e-20
2.089552239e-05
1.704041318e-20
2.089552239e-05
-2.112925438e-20
2.089552239e-05
-2.01500451e-20
2.089552239e-05
1.960673678e-20
2.089552239e-05
2.639758676e-20
2.089552239e-05
-4.490741158e-21
2.089552239e-05
-1.098575367e-20
2.089552239e-05
-1.063409637e-20
2.089552239e-05
1.980920065e-20
2.089552239e-05
-6.457153941e-21
2.089552239e-05
-2.502411363e-20
2.089552239e-05
6.975024757e-21
2.089552239e-05
2.748946314e-20
2.089552239e-05
-1.45032408e-20
2.089552239e-05
-2.560166144e-20
2.089552239e-05
1.763721236e-20
2.089552239e-05
1.464697271e-20
2.089552239e-05
7.01701295e-21
2.089552239e-05
-7.830706035e-21
2.089552239e-05
-2.303162949e-20
2.089552239e-05
2.993267376e-20
2.089552239e-05
3.344628375e-20
2.089552239e-05
-2.234979382e-20
2.089552239e-05
-2.82904288e-20
2.089552239e-05
8.366721699e-22
2.089552239e-05
2.100192014e-20
2.089552239e-05
1.232748245e-20
2.089552239e-05
6.152460934e-21
2.089552239e-05
-1.168336069e-20
2.089552239e-05
2.520507334e-21
2.089552239e-05
-2.365278411e-20
2.089552239e-05
-2.471802072e-20
2.089552239e-05
3.025128294e-20
2.089552239e-05
1.045572349e-20
2.089552239e-05
-8.86910616e-21
2.089552239e-05
9.537292243e-22
2.089552239e-05
-2.026528247e-20
2.089552239e-05
-3.585785748e-21
2.089552239e-05
8.228733441e-21
2.089552239e-05
-5.136916027e-21
2.089552239e-05
-4.341256814e-21
2.089552239e-05
1.903568994e-20
2.089552239e-05
7.381531172e-22
2.089552239e-05
-4.252050638e-20
2.089552239e-05
-9.082042161e-21
2.089552239e-05
1.365123361e-20
2.089552239e-05
2.083154007e-20
2.089552239e-05
1.14845518e-20
2.089552239e-05
-9.529555231e-21
2.089552239e-05
1.997473502e-20
2.089552239e-05
8.770666437e-21
2.089552239e-05
-1.873753276e-20
2.089552239e-05
-1.704210182e-20
2.089552239e-05
-7.072142551e-21
2.089552239e-05
3.777913194e-20
2.089552239e-05
6.031201398e-21
2.089552239e-05
-3.318712561e-20
2.089552239e-05
3.602080068e-20
2.089552239e-05
1.004344954e-20
2.089552239e-05
-3.785310971e-20
2.089552239e-05
-1.671195331e-20
2.089552239e-05
-5.397735264e-21
2.089552239e-05
3.457709394e-20
2.089552239e-05
1.65582668e-20
2.089552239e-05
-1.527321205e-20
2.089552239e-05
5.58738913e-21
2.089552239e-05
7.031972416e-21
2.089552239e-05
-2.802396324e-20
2.089552239e-05
-2.272212938e-20
2.089552239e-05
1.161095422e-20
2.089552239e-05
-3.538260904e-22
2.089552239e-05
2.349697429e-20
2.089552239e-05
1.92033106e-20
2.089552239e-05
-1.275145687e-20
2.089552239e-05
-2.652416151e-22
2.089552239e-05
2.22780594e-20
2.089552239e-05
-4.513675384e-20
2.089552239e-05
7.758873758e-21
2.089552239e-05
-1.540783044e-20
2.089552239e-05
-4.493332507e-21
2.089552239e-05
4.156949962e-20
2.089552239e-05
-3.913362285e-20
2.089552239e-05
2.697134829e-20
2.089552239e-05
2.280141792e-20
2.089552239e-05
-3.64612161e-20
2.089552239e-05
1.022765397e-20
2.089552239e-05
-2.432868603e-20
2.089552239e-05
-1.943641308e-21
2.089552239e-05
5.153768383e-20
2.089552239e-05
-3.670364074e-20
2.089552239e-05
8.943168411e-21
2.089552239e-05
2.864218331e-20
2.089552239e-05
-5.109433038e-20
2.089552239e-05
-2.643661908e-20
2.089552239e-05
1.436653635e-20
2.089552239e-05
-1.121707941e-20
2.089552239e-05
2.766742213e-21
2.089552239e-05
3.265943246e-20
2.089552239e-05
-9.805527331e-21
2.089552239e-05
-2.525326336e-22
2.089552239e-05
-6.343419111e-21
2.089552239e-05
-5.956500432e-20
-1.371432063e-20
3.28358209e-05
4.897783846e-20
3.28358209e-05
2.2260489e-20
3.28358209e-05
1.797539882e-20
3.28358209e-05
1.228989284e-20
3.28358209e-05
5.459585512e-21
3.28358209e-05
2.15306651e-21
3.28358209e-05
-3.218706289e-21
3.28358209e-05
-1.607250407e-21
3.28358209e-05
2.549690914e-21
3.28358209e-05
1.274568403e-20
3.28358209e-05
8.156856113e-21
3.28358209e-05
1.282753793e-21
3.28358209e-05
9.890762673e-21
3.28358209e-05
-1.063696966e-20
3.28358209e-05
-1.115016621e-20
3.28358209e-05
-1.09068936e-20
3.28358209e-05
-9.370241675e-21
3.28358209e-05
-4.897271366e-21
3.28358209e-05
-2.162547262e-21
3.28358209e-05
-8.35798278e-21
3.28358209e-05
-4.91526919e-22
3.28358209e-05
-8.028092989e-21
3.28358209e-05
-1.663145327e-20
3.28358209e-05
1.64378132e-20
3.28358209e-05
1.941098504e-20
3.28358209e-05
8.796362371e-21
3.28358209e-05
1.010238563e-20
3.28358209e-05
7.03188712e-21
3.28358209e-05
-7.346112193e-21
3.28358209e-05
-1.730863062e-20
3.28358209e-05
-3.56957265e-21
3.28358209e-05
1.667322925e-21
3.28358209e-05
-1.42350936e-20
3.28358209e-05
-1.036260091e-20
3.28358209e-05
-1.952198154e-20
3.28358209e-05
-4.789229163e-22
3.28358209e-05
5.670620046e-21
3.28358209e-05
4.075366893e-21
3.28358209e-05
1.273397519e-21
3.28358209e-05
3.656989852e-21
3.28358209e-05
4.760008735e-21
3.28358209e-05
-2.673367274e-22
3.28358209e-05
9.214336579e-21
3.28358209e-05
-1.557323356e-20
3.28358209e-05
-1.175260733e-20
3.28358209e-05
-1.014130653e-21
3.28358209e-05
-1.652844391e-20
3.28358209e-05
2.95383894e-21
3.28358209e-05
1.115910306e-20
3.28358209e-05
4.523447948e-21
3.28358209e-05
5.318237651e-21
3.28358209e-05
-1.135270287e-20
3.28358209e-05
-6.283812943e-21
3.28358209e-05
1.36388039e-20
3.28358209e-05
-1.632409314e-21
3.28358209e-05
-1.028544096e-20
3.28358209e-05
9.353629711e-21
3.28358209e-05
-1.41465472e-21
3.28358209e-05
2.031231101e-20
3.28358209e-05
2.405763714e-21
3.28358209e-05
-2.224572132e-20
3.28358209e-05
4.370481775e-21
3.28358209e-05
8.744118895e-21
3.28358209e-05
-4.213417575e-21
3.28358209e-05
1.367062208e-21
3.28358209e-05
8.573825077e-21
3.28358209e-05
-2.946650053e-21
3.28358209e-05
1.030970938e-20
3.28358209e-05
2.350385883e-20
3.28358209e-05
-2.292113806e-20
3.28358209e-05
-4.433479498e-20
3.28358209e-05
2.306981717e-20
3.28358209e-05
1.870398312e-20
3.28358209e-05
-8.735069553e-21
3.28358209e-05
-1.666864961e-20
3.28358209e-05
8.381611232e-21
3.28358209e-05
3.383697805e-20
3.28358209e-05
-1.497664864e-20
3.28358209e-05
-4.903959696e-20
3.28358209e-05
5.959390909e-21
3.28358209e-05
2.341008912e-20
3.28358209e-05
-2.256890948e-20
3.28358209e-05
-6.813045907e-22
3.28358209e-05
4.722469453e-20
3.28358209e-05
2.451089311e-20
3.28358209e-05
4.079299236e-21
3.28358209e-05
-4.469201806e-21
3.28358209e-05
-4.292319972e-20
3.28358209e-05
-2.977551476e-20
3.28358209e-05
3.709669643e-20
3.28358209e-05
8.231411023e-21
3.28358209e-05
-3.525758486e-20
3.28358209e-05
-9.431364253e-21
3.28358209e-05
2.375741323e-20
3.28358209e-05
8.309053991e-21
3.28358209e-05
-3.331302698e-20
3.28358209e-05
2.165409948e-20
3.28358209e-05
2.805749636e-20
3.28358209e-05
-2.19862748e-20
3.28358209e-05
-3.480652685e-20
3.28358209e-05
2.51151985e-20
3.28358209e-05
4.04459923e-20
3.28358209e-05
6.276066582e-21
3.28358209e-05
-1.557746827e-20
3.28358209e-05
-2.811310087e-20
3.28358209e-05
2.773500831e-20
3.28358209e-05
8.715418679e-21
3.28358209e-05
-3.334870101e-20
3.28358209e-05
-3.177123217e-21
3.28358209e-05
2.620048739e-20
3.28358209e-05
-7.312229456e-21
3.28358209e-05
-2.265482576e-20
3.28358209e-05
4.720033034e-21
3.28358209e-05
2.159039207e-20
3.28358209e-05
1.052950839e-20
3.28358209e-05
-1.368780947e-20
3.28358209e-05
-1.874254163e-20
3.28358209e-05
4.243023192e-20
3.28358209e-05
4.442862248e-20
3.28358209e-05
-2.758314134e-20
3.28358209e-05
-3.975986079e-20
3.28358209e-05
-2.32558455e-21
3.28358209e-05
4.011593555e-20
3.28358209e-05
2.525584627e-20
3.28358209e-05
-5.461755246e-21
3.28358209e-05
-2.11619407e-20
3.28358209e-05
2.149520813e-21
3.28358209e-05
-4.936748343e-20
3.28358209e-05
-2.85039926e-20
3.28358209e-05
5.607245209e-20
3.28358209e-05
2.013082751e-20
3.28358209e-05
-4.533413793e-21
3.28358209e-05
-2.429286088e-20
3.28358209e-05
-3.625566287e-20
3.28358209e-05
3.598599541e-21
3.28358209e-05
4.896595683e-21
3.28358209e-05
-1.193743584e-22
3.28358209e-05
-7.119174049e-21
3.28358209e-05
1.450755659e-20
3.28358209e-05
-5.936503429e-21
3.28358209e-05
-6.23572974e-20
3.28358209e-05
-5.899135556e-21
3.28358209e-05
1.742738533e-20
3.28358209e-05
3.43082652e-20
3.28358209e-05
3.360398124e-20
3.28358209e-05
-2.494942161e-20
3.28358209e-05
1.60538255e-20
3.28358209e-05
3.223443392e-20
3.28358209e-05
-1.573911947e-20
3.28358209e-05
-3.747110457e-20
3.28358209e-05
-2.65852921e-20
3.28358209e-05
6.422411399e-20
3.28358209e-05
1.316892197e-20
3.28358209e-05
-4.005831976e-20
3.28358209e-05
3.849991643e-20
3.28358209e-05
1.604835872e-20
3.28358209e-05
-4.392851153e-20
3.28358209e-05
-2.964936313e-20
3.28358209e-05
-6.291572211e-21
3.28358209e-05
5.198031712e-20
3.28358209e-05
1.57685098e-20
3.28358209e-05
-2.921278814e-21
3.28358209e-05
1.870257836e-20
3.28358209e-05
4.818504211e-21
3.28358209e-05
-5.860374985e-20
3.28358209e-05
-3.060902929e-20
3.28358209e-05
2.4900994e-20
3.28358209e-05
1.962696755e-20
3.28358209e-05
3.201712619e-20
3.28358209e-05
7.375533196e-21
3.28358209e-05
-9.074277831e-21
3.28358209e-05
8.718170068e-21
3.28358209e-05
1.279040276e-20
3.28358209e-05
-3.415138562e-20
3.28358209e-05
-4.719001435e-21
3.28358209e-05
-4.670892061e-20
3.28358209e-05
-9.017864851e-21
3.28358209e-05
6.989089687e-20
3.28358209e-05
-3.459226295e-20
3.28358209e-05
2.303415851e-20
3.28358209e-05
3.574290877e-20
3.28358209e-05
-4.942824933e-20
3.28358209e-05
-2.024577332e-20
3.28358209e-05
-1.42455087e-20
3.28358209e-05
1.331517684e-20
3.28358209e-05
5.852635809e-20
3.28358209e-05
-4.405081626e-20
3.28358209e-05
1.238161083e-20
3.28358209e-05
3.170836577e-20
3.28358209e-05
-7.608107604e-20
3.28358209e-05
-4.671135155e-20
3.28358209e-05
7.788038174e-21
3.28358209e-05
-1.120492789e-20
3.28358209e-05
2.488381869e-20
3.28358209e-05
2.91223913e-20
3.28358209e-05
-2.232314493e-20
3.28358209e-05
3.086258016e-21
3.28358209e-05
-6.132815903e-21
3.28358209e-05
-8.297584134e-20
-1.172556922e-20
4.328358209e-05
5.309221513e-20
4.328358209e-05
4.103019347e-20
4.328358209e-05
2.823311059e-20
4.328358209e-05
1.087749802e-20
4.328358209e-05
8.374873077e-21
4.328358209e-05
3.536337442e-21
4.328358209e-05
7.507323644e-21
4.328358209e-05
1.334820214e-21
4.328358209e-05
2.921830976e-21
4.328358209e-05
1.995325235e-20
4.328358209e-05
5.16570397e-21
4.328358209e-05
3.198977462e-21
4.328358209e-05
1.346812691e-20
4.328358209e-05
-6.128060655e-21
4.328358209e-05
-1.691229966e-20
4.328358209e-05
-1.627509535e-20
4.328358209e-05
-9.888870614e-21
4.328358209e-05
-8.017186365e-21
4.328358209e-05
-8.492227952e-21
4.328358209e-05
-1.459415477e-20
4.328358209e-05
-5.90600508e-21
4.328358209e-05
-1.816428212e-20
4.328358209e-05
-7.73924444e-21
4.328358209e-05
1.528518636e-20
4.328358209e-05
2.097943648e-20
4.328358209e-05
1.391709815e-20
4.328358209e-05
2.711174256e-20
4.328358209e-05
1.93393977e-21
4.328358209e-05
-1.860261393e-20
4.328358209e-05
-2.085970002e-20
4.328358209e-05
-6.090082534e-22
4.328358209e-05
4.939310211e-22
4.328358209e-05
-3.23152291e-20
4.328358209e-05
-2.350669782e-20
4.328358209e-05
-1.833987738e-20
4.328358209e-05
-4.452092661e-21
4.328358209e-05
1.610163309e-20
4.328358209e-05
2.392351283e-20
4.328358209e-05
-2.767120327e-21
4.328358209e-05
7.234332627e-21
4.328358209e-05
3.69912151e-21
4.328358209e-05
-1.005249055e-20
4.328358209e-05
-1.100203948e-22
4.328358209e-05
-2.038682949e-20
4.328358209e-05
-5.790357626e-21
4.328358209e-05
-5.842747227e-21
4.328358209e-05
-1.117419828e-20
4.328358209e-05
-2.72448806e-21
4.328358209e-05
1.220597805e-20
4.328358209e-05
5.453822423e-21
4.328358209e-05
7.539327862e-21
4.328358209e-05
-1.342247904e-20
4.328358209e-05
1.336829647e-20
4.328358209e-05
2.130877449e-20
4.328358209e-05
-4.688791751e-21
4.328358209e-05
-9.98793326e-21
4.328358209e-05
1.243931867e-20
4.328358209e-05
9.927155732e-21
4.328358209e-05
3.266676646e-21
4.328358209e-05
2.343790617e-21
4.328358209e-05
-1.456384568e-20
4.328358209e-05
1.580531582e-20
4.328358209e-05
2.304070892e-20
4.328358209e-05
-1.03982625e-20
4.328358209e-05
1.440373468e-21
4.328358209e-05
4.235946169e-21
4.328358209e-05
-6.111533403e-21
4.328358209e-05
1.209946893e-20
4.328358209e-05
1.372994615e-20
4.328358209e-05
-3.40971901e-20
4.328358209e-05
-4.852764823e-20
4.328358209e-05
2.296237704e-20
4.328358209e-05
1.872957357e-20
4.328358209e-05
-4.460141029e-21
4.328358209e-05
-1.591532201e-20
4.328358209e-05
5.283704774e-21
4.328358209e-05
3.8010221e-20
4.328358209e-05
-1.467610557e-20
4.328358209e-05
-5.529443153e-20
4.328358209e-05
7.80531959e-21
4.328358209e-05
3.207314882e-20
4.328358209e-05
-2.552305869e-20
4.328358209e-05
3.381312825e-22
4.328358209e-05
5.620093978e-20
4.328358209e-05
2.466018844e-20
4.328358209e-05
6.445664571e-21
4.328358209e-05
-7.424204398e-21
4.328358209e-05
-4.05207618e-20
4.328358209e-05
-3.650198359e-20
4.328358209e-05
3.507120352e-20
4.328358209e-05
-6.720491012e-21
4.328358209e-05
-3.369361478e-20
4.328358209e-05
-1.04253276e-20
4.328358209e-05
2.311030269e-20
4.328358209e-05
6.893531427e-21
4.328358209e-05
-2.89109128e-20
4.328358209e-05
2.377061794e-20
4.328358209e-05
2.645157372e-20
4.328358209e-05
-2.37224274e-20
4.328358209e-05
-3.496089417e-20
4.328358209e-05
3.875944307e-20
4.328358209e-05
5.882871752e-20
4.328358209e-05
-1.667622623e-21
4.328358209e-05
-2.718287422e-20
4.328358209e-05
-2.365622351e-20
4.328358209e-05
3.222570714e-20
4.328358209e-05
9.018981006e-21
4.328358209e-05
-4.175168743e-20
4.328358209e-05
-6.041854933e-22
4.328358209e-05
2.390394879e-20
4.328358209e-05
-2.275022151e-21
4.328358209e-05
-2.533356038e-20
4.328358209e-05
2.194126867e-21
4.328358209e-05
2.688234678e-20
4.328358209e-05
2.158946023e-20
4.328358209e-05
-2.482959195e-20
4.328358209e-05
-9.301842049e-21
4.328358209e-05
6.594223647e-20
4.328358209e-05
3.467211879e-20
4.328358209e-05
-3.312101046e-20
4.328358209e-05
-4.718745637e-20
4.328358209e-05
1.232543088e-21
4.328358209e-05
5.007106968e-20
4.328358209e-05
3.192297649e-20
4.328358209e-05
-1.190409552e-20
4.328358209e-05
-3.073332562e-20
4.328358209e-05
1.126559262e-21
4.328358209e-05
-7.280760124e-20
4.328358209e-05
-3.041102664e-20
4.328358209e-05
6.3850469e-20
4.328358209e-05
3.911107906e-20
4.328358209e-05
4.249874304e-21
4.328358209e-05
-4.541103335e-20
4.328358209e-05
-3.742548025e-20
4.328358209e-05
7.841363499e-21
4.328358209e-05
-6.444927397e-21
4.328358209e-05
-8.942351703e-21
4.328358209e-05
-2.130121703e-20
4.328358209e-05
1.253514212e-20
4.328358209e-05
-2.659840612e-22
4.328358209e-05
-7.170707615e-20
4.328358209e-05
-2.161200894e-21
4.328358209e-05
1.941755756e-20
4.328358209e-05
4.588869259e-20
4.328358209e-05
6.44090543e-20
4.328358209e-05
-2.868400792e-20
4.328358209e-05
2.649232435e-20
4.328358209e-05
3.181937533e-20
4.328358209e-05
-7.756154609e-21
4.328358209e-05
-5.940988451e-20
4.328358209e-05
-3.114447425e-20
4.328358209e-05
6.554230576e-20
4.328358209e-05
3.918953393e-21
4.328358209e-05
-3.916108467e-20
4.328358209e-05
6.082726262e-20
4.328358209e-05
1.452059521e-20
4.328358209e-05
-4.91019232e-20
4.328358209e-05
-4.06731797e-20
4.328358209e-05
-1.043271517e-20
4.328358209e-05
5.82086655e-20
4.328358209e-05
1.011944797e-20
4.328358209e-05
1.067080459e-21
4.328358209e-05
3.905985942e-20
4.328358209e-05
3.821088149e-21
4.328358209e-05
-6.859229967e-20
4.328358209e-05
-3.890216795e-20
4.328358209e-05
4.226812408e-20
4.328358209e-05
3.706429961e-20
4.328358209e-05
2.767131761e-20
4.328358209e-05
-5.201455772e-21
4.328358209e-05
1.138288632e-20
4.328358209e-05
1.014671523e-20
4.328358209e-05
-1.270737801e-20
4.328358209e-05
-3.894790935e-20
4.328358209e-05
1.088099702e-20
4.328358209e-05
-7.086507029e-20
4.328358209e-05
-9.085880666e-21
4.328358209e-05
7.177260615e-20
4.328358209e-05
-3.263945923e-20
4.328358209e-05
3.520610889e-20
4.328358209e-05
4.251708032e-20
4.328358209e-05
-5.43303392e-20
4.328358209e-05
-4.394404055e-20
4.328358209e-05
-3.869604099e-21
4.328358209e-05
3.319304135e-20
4.328358209e-05
5.206446074e-20
4.328358209e-05
-4.707816486e-20
4.328358209e-05
1.372669536e-20
4.328358209e-05
3.355215097e-20
4.328358209e-05
-9.910027837e-20
4.328358209e-05
-6.203931757e-20
4.328358209e-05
1.545937938e-20
4.328358209e-05
-4.952749278e-21
4.328358209e-05
3.574935331e-20
4.328358209e-05
1.34399464e-20
4.328358209e-05
-4.154417375e-20
4.328358209e-05
1.718789355e-20
4.328358209e-05
-1.610213485e-20
4.328358209e-05
-9.709257915e-20
-7.630671149e-21
5.223880597e-05
6.410361727e-20
5.223880597e-05
5.473958285e-20
5.223880597e-05
4.350763843e-20
5.223880597e-05
2.198345183e-20
5.223880597e-05
8.623807768e-21
5.223880597e-05
1.802285856e-20
5.223880597e-05
2.066066562e-20
5.223880597e-05
9.030409041e-21
5.223880597e-05
2.138669075e-21
5.223880597e-05
1.888593933e-20
5.223880597e-05
1.597410578e-20
5.223880597e-05
4.62620758e-22
5.223880597e-05
1.717022622e-20
5.223880597e-05
-6.980642767e-21
5.223880597e-05
-2.050774963e-20
5.223880597e-05
-1.949519225e-20
5.223880597e-05
-2.329775569e-20
5.223880597e-05
-1.672617048e-20
5.223880597e-05
-1.135475339e-20
5.223880597e-05
-7.145978882e-22
5.223880597e-05
-1.538240182e-20
5.223880597e-05
-2.511072442e-20
5.223880597e-05
-6.028416445e-21
5.223880597e-05
1.489954165e-20
5.223880597e-05
1.879303221e-20
5.223880597e-05
2.123119473e-20
5.223880597e-05
2.833224704e-20
5.223880597e-05
1.09402633e-20
5.223880597e-05
-3.362656621e-20
5.223880597e-05
-2.199616027e-20
5.223880597e-05
3.880327852e-21
5.223880597e-05
-1.391244415e-20
5.223880597e-05
-3.941453742e-20
5.223880597e-05
-1.817332857e-20
5.223880597e-05
-1.769791506e-20
5.223880597e-05
-1.043419517e-20
5.223880597e-05
2.164919359e-20
5.223880597e-05
2.485779999e-20
5.223880597e-05
6.393336093e-21
5.223880597e-05
-3.854229241e-21
5.223880597e-05
-5.130351441e-23
5.223880597e-05
-1.948991287e-20
5.223880597e-05
-7.517482966e-21
5.223880597e-05
-1.995877057e-20
5.223880597e-05
-1.918142078e-20
5.223880597e-05
7.888707363e-21
5.223880597e-05
-1.129949501e-20
5.223880597e-05
-1.704149156e-20
5.223880597e-05
2.255506918e-21
5.223880597e-05
1.140995911e-20
5.223880597e-05
-4.440713322e-21
5.223880597e-05
-1.147063299e-20
5.223880597e-05
3.054714609e-20
5.223880597e-05
2.328614894e-20
5.223880597e-05
-8.0895165e-22
5.223880597e-05
-9.451794157e-23
5.223880597e-05
1.590977033e-20
5.223880597e-05
1.768073769e-20
5.223880597e-05
1.195386083e-20
5.223880597e-05
3.05253629e-21
5.223880597e-05
-1.641026085e-20
5.223880597e-05
1.341671641e-20
5.223880597e-05
3.121291324e-20
5.223880597e-05
-1.121011369e-21
5.223880597e-05
-6.362102468e-21
5.223880597e-05
1.072727693e-20
5.223880597e-05
3.174402576e-21
5.223880597e-05
1.241631732e-20
5.223880597e-05
-1.600637086e-21
5.223880597e-05
-3.752304695e-20
5.223880597e-05
-4.611594419e-20
5.223880597e-05
2.003002984e-20
5.223880597e-05
2.445001042e-20
5.223880597e-05
-5.266845535e-21
5.223880597e-05
-1.233419853e-20
5.223880597e-05
9.565648565e-21
5.223880597e-05
4.605060185e-20
5.223880597e-05
-1.771471909e-20
5.223880597e-05
-4.650693919e-20
5.223880597e-05
6.589745785e-21
5.223880597e-05
2.442286455e-20
5.223880597e-05
-1.913482016e-20
5.223880597e-05
1.238932997e-20
5.223880597e-05
4.765250072e-20
5.223880597e-05
1.22004685e-20
5.223880597e-05
-5.001856802e-22
5.223880597e-05
-2.180326271e-21
5.223880597e-05
-3.740919891e-20
5.223880597e-05
-2.571634739e-20
5.223880597e-05
2.8642216e-20
5.223880597e-05
-2.66131619e-20
5.223880597e-05
-3.744063418e-20
5.223880597e-05
-1.11910688e-20
5.223880597e-05
2.340971594e-20
5.223880597e-05
4.181956507e-21
5.223880597e-05
-2.923225772e-20
5.223880597e-05
3.067198768e-20
5.223880597e-05
2.6179902e-20
5.223880597e-05
-1.11572142e-20
5.223880597e-05
-3.888443074e-20
5.223880597e-05
3.760178987e-20
5.223880597e-05
6.380629452e-20
5.223880597e-05
1.178244336e-20
5.223880597e-05
-2.17441399e-20
5.223880597e-05
-2.301395696e-20
5.223880597e-05
1.894179206e-20
5.223880597e-05
1.103339474e-20
5.223880597e-05
-4.109624834e-20
5.223880597e-05
-1.322276917e-20
5.223880597e-05
2.795728324e-20
5.223880597e-05
-3.38156649e-21
5.223880597e-05
-2.421502388e-20
5.223880597e-05
-9.100815861e-21
5.223880597e-05
3.504988233e-20
5.223880597e-05
3.913788992e-20
5.223880597e-05
-2.345582877e-20
5.223880597e-05
-2.038367683e-21
5.223880597e-05
6.880200377e-20
5.223880597e-05
2.871081317e-20
5.223880597e-05
-3.956936587e-20
5.223880597e-05
-3.648865936e-20
5.223880597e-05
2.54460239e-21
5.223880597e-05
4.940203346e-20
5.223880597e-05
1.966289336e-20
5.223880597e-05
-2.614361585e-20
5.223880597e-05
-3.109803288e-20
5.223880597e-05
1.094449555e-20
5.223880597e-05
-8.383197072e-20
5.223880597e-05
-2.963899624e-20
5.223880597e-05
7.20748005e-20
5.223880597e-05
5.436771332e-20
5.223880597e-05
5.041130252e-22
5.223880597e-05
-5.129761161e-20
5.223880597e-05
-5.757575597e-20
5.223880597e-05
6.443695999e-21
5.223880597e-05
-2.940157649e-21
5.223880597e-05
-5.613429954e-21
5.223880597e-05
-1.76141153e-20
5.223880597e-05
-9.714264443e-21
5.223880597e-05
-1.2376848e-20
5.223880597e-05
-5.084457255e-20
5.223880597e-05
-6.156058216e-21
5.223880597e-05
2.39832198e-20
5.223880597e-05
6.811963848e-20
5.223880597e-05
7.39479966e-20
5.223880597e-05
-3.419800062e-21
5.223880597e-05
3.106570469e-20
5.223880597e-05
2.877427725e-20
5.223880597e-05
-1.621033482e-20
5.223880597e-05
-6.110901137e-20
5.223880597e-05
-4.442386101e-20
5.223880597e-05
5.99597501e-20
5.223880597e-05
2.919363756e-21
5.223880597e-05
-4.052957769e-20
5.223880597e-05
5.956322784e-20
5.223880597e-05
3.407696739e-20
5.223880597e-05
-4.86028969e-20
5.223880597e-05
-5.408178329e-20
5.223880597e-05
-5.041511035e-21
5.223880597e-05
5.369331129e-20
5.223880597e-05
1.631921537e-20
5.223880597e-05
9.277199732e-21
5.223880597e-05
5.024788061e-20
5.223880597e-05
-5.302726393e-21
5.223880597e-05
-7.561628494e-20
5.223880597e-05
-3.874222633e-20
5.223880597e-05
5.65436927e-20
5.223880597e-05
3.761180901e-20
5.223880597e-05
2.157057499e-20
5.223880597e-05
2.838027122e-21
5.223880597e-05
6.727026745e-21
5.223880597e-05
1.592925826e-20
5.223880597e-05
-3.971313512e-20
5.223880597e-05
-3.553719223e-20
5.223880597e-05
1.490248503e-20
5.223880597e-05
-6.772586723e-20
5.223880597e-05
-1.436072243e-20
5.223880597e-05
6.479152799e-20
5.223880597e-05
-2.563495143e-20
5.223880597e-05
3.496697292e-20
5.223880597e-05
3.585430162e-20
5.223880597e-05
-4.750726101e-20
5.223880597e-05
-5.844444375e-20
5.223880597e-05
-7.110038617e-21
5.223880597e-05
5.776865203e-20
5.223880597e-05
5.906507809e-20
5.223880597e-05
-4.984233196e-20
5.223880597e-05
2.733608633e-21
5.223880597e-05
2.586222398e-20
5.223880597e-05
-9.664908074e-20
5.223880597e-05
-7.398088431e-20
5.223880597e-05
8.14686386e-21
5.223880597e-05
6.968685028e-21
5.223880597e-05
2.80016402e-20
5.223880597e-05
1.184843256e-20
5.223880597e-05
-3.643137154e-20
5.223880597e-05
1.716902189e-20
5.223880597e-05
-2.854268492e-20
5.223880597e-05
-1.008872238e-19
-6.565059713e-21
5.970149254e-05
5.814039354e-20
5.970149254e-05
4.952423514e-20
5.970149254e-05
4.408062474e-20
5.970149254e-05
2.218488195e-20
5.970149254e-05
2.750627543e-20
5.970149254e-05
2.63968449e-20
5.970149254e-05
1.982044637e-20
5.970149254e-05
1.344562429e-20
5.970149254e-05
1.214624946e-20
5.970149254e-05
2.581764327e-20
5.970149254e-05
2.003201114e-20
5.970149254e-05
1.677004048e-20
5.970149254e-05
1.435783765e-20
5.970149254e-05
-1.38594364e-20
5.970149254e-05
-3.950447296e-20
5.970149254e-05
-2.550736741e-20
5.970149254e-05
-2.971465356e-20
5.970149254e-05
-3.233890202e-20
5.970149254e-05
-1.046096292e-20
5.970149254e-05
-4.71078048e-21
5.970149254e-05
-1.340548118e-20
5.970149254e-05
-2.943997279e-20
5.970149254e-05
1.71396428e-21
5.970149254e-05
1.261949424e-20
5.970149254e-05
1.879363615e-20
5.970149254e-05
2.518991293e-20
5.970149254e-05
3.304436338e-20
5.970149254e-05
-3.535367739e-21
5.970149254e-05
-2.595496058e-20
5.970149254e-05
-9.694543643e-21
5.970149254e-05
-4.893345203e-21
5.970149254e-05
-2.526687923e-20
5.970149254e-05
-5.019948392e-20
5.970149254e-05
-1.735642452e-20
5.970149254e-05
-2.154360183e-20
5.970149254e-05
-1.897069424e-20
5.970149254e-05
3.096390628e-20
5.970149254e-05
3.745680452e-20
5.970149254e-05
5.721846624e-21
5.970149254e-05
-1.76894833e-20
5.970149254e-05
-6.661610851e-21
5.970149254e-05
-2.628206698e-20
5.970149254e-05
-1.614545875e-20
5.970149254e-05
-1.7170509e-20
5.970149254e-05
-1.802975832e-20
5.970149254e-05
-5.789112861e-21
5.970149254e-05
3.195306881e-22
5.970149254e-05
-1.797458933e-20
5.970149254e-05
3.705935733e-21
5.970149254e-05
1.081435479e-20
5.970149254e-05
-1.810432811e-20
5.970149254e-05
-1.359308651e-20
5.970149254e-05
2.602248791e-20
5.970149254e-05
3.507280613e-20
5.970149254e-05
1.121306108e-20
5.970149254e-05
1.064618228e-21
5.970149254e-05
2.370037438e-20
5.970149254e-05
2.994587314e-20
5.970149254e-05
1.67239987e-20
5.970149254e-05
-3.915822192e-21
5.970149254e-05
-9.646396948e-21
5.970149254e-05
9.371609253e-21
5.970149254e-05
2.889975972e-20
5.970149254e-05
1.309185314e-20
5.970149254e-05
1.603704164e-22
5.970149254e-05
1.322207727e-20
5.970149254e-05
-5.442004137e-21
5.970149254e-05
6.400243939e-21
5.970149254e-05
-4.407651333e-21
5.970149254e-05
-3.557403278e-20
5.970149254e-05
-4.169206829e-20
5.970149254e-05
1.67860255e-20
5.970149254e-05
2.773373894e-20
5.970149254e-05
-1.195537065e-21
5.970149254e-05
-1.344715636e-20
5.970149254e-05
9.208429516e-21
5.970149254e-05
3.929612355e-20
5.970149254e-05
-2.310235227e-20
5.970149254e-05
-4.13831793e-20
5.970149254e-05
4.213471466e-20
5.970149254e-05
3.167850169e-20
5.970149254e-05
-2.242086067e-20
5.970149254e-05
1.638395021e-20
5.970149254e-05
2.700865328e-20
5.970149254e-05
-1.709888251e-20
5.970149254e-05
3.09619597e-21
5.970149254e-05
5.985296132e-21
5.970149254e-05
-4.279315684e-20
5.970149254e-05
-1.539518003e-20
5.970149254e-05
1.898286871e-20
5.970149254e-05
-2.433610094e-20
5.970149254e-05
-3.594722167e-20
5.970149254e-05
-2.016689186e-20
5.970149254e-05
1.291610192e-21
5.970149254e-05
3.344132394e-21
5.970149254e-05
-2.195353501e-20
5.970149254e-05
2.613546064e-20
5.970149254e-05
5.093991462e-20
5.970149254e-05
-1.493982404e-20
5.970149254e-05
-4.11069615e-20
5.970149254e-05
4.420236419e-20
5.970149254e-05
7.360640677e-20
5.970149254e-05
1.467905613e-20
5.970149254e-05
-2.262695745e-20
5.970149254e-05
-2.906344177e-20
5.970149254e-05
1.743993766e-20
5.970149254e-05
-5.133407401e-22
5.970149254e-05
-5.575602401e-20
5.970149254e-05
6.894211902e-21
5.970149254e-05
3.473742819e-20
5.970149254e-05
-3.229835388e-21
5.970149254e-05
-1.829917374e-20
5.970149254e-05
-4.862166839e-21
5.970149254e-05
4.080283897e-20
5.970149254e-05
4.06172038e-20
5.970149254e-05
-1.391512192e-20
5.970149254e-05
1.223974827e-21
5.970149254e-05
6.415374639e-20
5.970149254e-05
2.535138646e-20
5.970149254e-05
-2.168594361e-20
5.970149254e-05
-2.335624072e-20
5.970149254e-05
7.183955799e-22
5.970149254e-05
4.065831447e-20
5.970149254e-05
1.180970721e-20
5.970149254e-05
-4.697795927e-20
5.970149254e-05
-3.752322537e-20
5.970149254e-05
-6.728941955e-21
5.970149254e-05
-7.446728362e-20
5.970149254e-05
-1.633840039e-20
5.970149254e-05
8.291059397e-20
5.970149254e-05
5.806983943e-20
5.970149254e-05
1.112393835e-20
5.970149254e-05
-6.097027476e-20
5.970149254e-05
-5.580823301e-20
5.970149254e-05
6.585426149e-21
5.970149254e-05
-1.559980277e-20
5.970149254e-05
-2.480662469e-20
5.970149254e-05
-2.455473285e-20
5.970149254e-05
-6.402969122e-21
5.970149254e-05
-6.63989319e-21
5.970149254e-05
-3.717025568e-20
5.970149254e-05
-2.186373423e-20
5.970149254e-05
2.420392746e-20
5.970149254e-05
8.943879087e-20
5.970149254e-05
8.44470659e-20
5.970149254e-05
6.913599536e-21
5.970149254e-05
4.712301904e-20
5.970149254e-05
3.768750946e-20
5.970149254e-05
-3.458750385e-20
5.970149254e-05
-7.036834663e-20
5.970149254e-05
-4.751625231e-20
5.970149254e-05
3.997829845e-20
5.970149254e-05
6.513189972e-21
5.970149254e-05
-3.431105721e-20
5.970149254e-05
5.521056682e-20
5.970149254e-05
4.639550631e-20
5.970149254e-05
-4.692234779e-20
5.970149254e-05
-4.044068224e-20
5.970149254e-05
-1.250794207e-20
5.970149254e-05
5.376076414e-20
5.970149254e-05
2.433602057e-20
5.970149254e-05
6.966418738e-21
5.970149254e-05
2.389647121e-20
5.970149254e-05
-8.89342469e-21
5.970149254e-05
-6.363385052e-20
5.970149254e-05
-2.629782948e-20
5.970149254e-05
5.897364723e-20
5.970149254e-05
4.319887146e-20
5.970149254e-05
2.238537204e-20
5.970149254e-05
-3.695269069e-21
5.970149254e-05
1.193396855e-21
5.970149254e-05
9.842017581e-21
5.970149254e-05
-4.94242995e-20
5.970149254e-05
-4.032318786e-20
5.970149254e-05
1.275203939e-20
5.970149254e-05
-5.079346875e-20
5.970149254e-05
-9.003916766e-21
5.970149254e-05
3.887286948e-20
5.970149254e-05
-1.28296965e-20
5.970149254e-05
2.989685028e-20
5.970149254e-05
3.332969329e-20
5.970149254e-05
-4.136859976e-20
5.970149254e-05
-5.395694213e-20
5.970149254e-05
2.939033228e-21
5.970149254e-05
6.799615589e-20
5.970149254e-05
5.047342505e-20
5.970149254e-05
-6.500665927e-20
5.970149254e-05
3.209914379e-21
5.970149254e-05
2.950445923e-20
5.970149254e-05
-9.362683838e-20
5.970149254e-05
-7.943127271e-20
5.970149254e-05
-9.495196634e-21
5.970149254e-05
6.028531552e-21
5.970149254e-05
3.241117489e-20
5.970149254e-05
-8.682877192e-21
5.970149254e-05
-3.413351062e-20
5.970149254e-05
2.187658227e-20
5.970149254e-05
-2.159534463e-20
5.970149254e-05
-8.383916809e-20
-1.621463916e-20
6.567164179e-05
5.842938827e-20
6.567164179e-05
5.585190586e-20
6.567164179e-05
2.892532067e-20
6.567164179e-05
3.386215673e-20
6.567164179e-05
1.620492953e-20
6.567164179e-05
3.295105059e-20
6.567164179e-05
2.508571265e-20
6.567164179e-05
2.258061921e-20
6.567164179e-05
4.60808583e-20
6.567164179e-05
3.562329899e-20
6.567164179e-05
1.571315673e-20
6.567164179e-05
1.058168451e-20
6.567164179e-05
1.546173488e-20
6.567164179e-05
-1.388599365e-20
6.567164179e-05
-4.61550277e-20
6.567164179e-05
-4.291013787e-20
6.567164179e-05
-4.556209692e-20
6.567164179e-05
-1.944512019e-20
6.567164179e-05
-1.105831592e-20
6.567164179e-05
-7.24718794e-21
6.567164179e-05
-1.590822453e-20
6.567164179e-05
1.109894945e-21
6.567164179e-05
1.264973427e-20
6.567164179e-05
1.349140812e-21
6.567164179e-05
7.900003e-22
6.567164179e-05
2.630871817e-20
6.567164179e-05
1.004107431e-20
6.567164179e-05
-8.465216806e-21
6.567164179e-05
-3.03855308e-20
6.567164179e-05
-7.965122492e-21
6.567164179e-05
-9.321309342e-21
6.567164179e-05
-4.028156155e-20
6.567164179e-05
-3.236141762e-20
6.567164179e-05
-9.917791554e-21
6.567164179e-05
-2.96502908e-20
6.567164179e-05
-1.272344301e-20
6.567164179e-05
2.97584806e-20
6.567164179e-05
2.818006907e-20
6.567164179e-05
1.020012055e-20
6.567164179e-05
-2.739048176e-20
6.567164179e-05
-2.493802291e-20
6.567164179e-05
-4.012838429e-20
6.567164179e-05
-1.35739955e-20
6.567164179e-05
-1.540538228e-20
6.567164179e-05
-6.422119239e-21
6.567164179e-05
-1.852264893e-20
6.567164179e-05
-6.575360174e-21
6.567164179e-05
8.237560132e-22
6.567164179e-05
7.632391059e-22
6.567164179e-05
-1.876848241e-21
6.567164179e-05
-1.005158833e-21
6.567164179e-05
-2.701290752e-21
6.567164179e-05
1.903693238e-20
6.567164179e-05
3.262392916e-20
6.567164179e-05
1.880156622e-20
6.567164179e-05
4.112916725e-22
6.567164179e-05
1.989863277e-20
6.567164179e-05
2.94058896e-20
6.567164179e-05
2.734979842e-20
6.567164179e-05
-8.711771122e-21
6.567164179e-05
-1.106603214e-20
6.567164179e-05
1.268992833e-20
6.567164179e-05
2.268170232e-20
6.567164179e-05
4.173913584e-21
6.567164179e-05
1.939821493e-20
6.567164179e-05
2.354586665e-20
6.567164179e-05
-2.526919606e-21
6.567164179e-05
-3.918474102e-21
6.567164179e-05
-2.392105997e-20
6.567164179e-05
-5.060853041e-20
6.567164179e-05
-2.345365827e-20
6.567164179e-05
6.565495157e-21
6.567164179e-05
2.436635529e-20
6.567164179e-05
2.107904109e-21
6.567164179e-05
-4.597860735e-21
6.567164179e-05
8.620569053e-21
6.567164179e-05
4.31993889e-20
6.567164179e-05
-1.507041857e-20
6.567164179e-05
-3.211650426e-20
6.567164179e-05
3.851999296e-20
6.567164179e-05
1.770151489e-20
6.567164179e-05
-8.118334661e-21
6.567164179e-05
9.491198556e-21
6.567164179e-05
1.777917524e-20
6.567164179e-05
-8.625207332e-21
6.567164179e-05
-4.149744248e-21
6.567164179e-05
-9.45100304e-21
6.567164179e-05
-2.852379112e-20
6.567164179e-05
-1.305565581e-20
6.567164179e-05
1.734703506e-20
6.567164179e-05
-2.47179624e-20
6.567164179e-05
-3.777336613e-20
6.567164179e-05
-1.306660734e-20
6.567164179e-05
-2.008830659e-20
6.567164179e-05
-6.420390947e-21
6.567164179e-05
-3.607436502e-20
6.567164179e-05
2.16493582e-20
6.567164179e-05
4.696458348e-20
6.567164179e-05
4.269834228e-22
6.567164179e-05
-2.388468358e-20
6.567164179e-05
3.908364662e-20
6.567164179e-05
5.833438949e-20
6.567164179e-05
2.378397005e-20
6.567164179e-05
-2.176160145e-20
6.567164179e-05
-2.406236218e-20
6.567164179e-05
-4.259730352e-21
6.567164179e-05
-6.386444492e-21
6.567164179e-05
-3.664449901e-20
6.567164179e-05
-5.632291013e-22
6.567164179e-05
2.169208836e-20
6.567164179e-05
2.435948885e-20
6.567164179e-05
-1.851246877e-20
6.567164179e-05
-6.293397901e-22
6.567164179e-05
4.367699847e-20
6.567164179e-05
3.449938612e-20
6.567164179e-05
3.849009977e-21
6.567164179e-05
1.08335743e-20
6.567164179e-05
4.753819497e-20
6.567164179e-05
2.816751919e-20
6.567164179e-05
-1.14411305e-20
6.567164179e-05
-5.501855786e-21
6.567164179e-05
3.707038901e-22
6.567164179e-05
2.016779238e-20
6.567164179e-05
-8.353006559e-21
6.567164179e-05
-4.618943732e-20
6.567164179e-05
-4.928936897e-20
6.567164179e-05
-3.160695979e-20
6.567164179e-05
-5.41685483e-20
6.567164179e-05
4.520933073e-21
6.567164179e-05
6.282043513e-20
6.567164179e-05
5.649677643e-20
6.567164179e-05
1.110215006e-20
6.567164179e-05
-5.11215946e-20
6.567164179e-05
-4.858652897e-20
6.567164179e-05
5.58930193e-22
6.567164179e-05
-1.597067868e-20
6.567164179e-05
-2.960931325e-20
6.567164179e-05
-2.781450968e-20
6.567164179e-05
-9.640488645e-21
6.567164179e-05
7.22716098e-21
6.567164179e-05
-3.197612564e-20
6.567164179e-05
-1.435277848e-20
6.567164179e-05
1.816293963e-20
6.567164179e-05
8.17899125e-20
6.567164179e-05
8.86303589e-20
6.567164179e-05
1.807756428e-20
6.567164179e-05
4.570389397e-20
6.567164179e-05
3.711962754e-20
6.567164179e-05
-2.950392939e-20
6.567164179e-05
-6.554616007e-20
6.567164179e-05
-3.588152562e-20
6.567164179e-05
2.090257572e-20
6.567164179e-05
-7.428858311e-21
6.567164179e-05
-3.333264259e-20
6.567164179e-05
5.308831331e-20
6.567164179e-05
3.245706937e-20
6.567164179e-05
-2.127581244e-20
6.567164179e-05
-1.338162254e-20
6.567164179e-05
-8.128074529e-21
6.567164179e-05
3.799029916e-20
6.567164179e-05
1.554838987e-20
6.567164179e-05
-1.736676945e-21
6.567164179e-05
1.235502034e-20
6.567164179e-05
-8.014213199e-21
6.567164179e-05
-5.142492609e-20
6.567164179e-05
-1.88328128e-20
6.567164179e-05
6.036505159e-20
6.567164179e-05
4.446054448e-20
6.567164179e-05
2.6315732e-20
6.567164179e-05
-1.842562202e-20
6.567164179e-05
-1.151080022e-20
6.567164179e-05
8.55346697e-21
6.567164179e-05
-3.98167701e-20
6.567164179e-05
-4.096533194e-20
6.567164179e-05
-5.639923519e-21
6.567164179e-05
-4.140626904e-20
6.567164179e-05
-1.544513087e-20
6.567164179e-05
2.003105103e-20
6.567164179e-05
-1.245483854e-20
6.567164179e-05
3.668393805e-20
6.567164179e-05
3.318495827e-20
6.567164179e-05
-1.60275047e-20
6.567164179e-05
-3.184654426e-20
6.567164179e-05
-5.099800218e-21
6.567164179e-05
7.182319035e-20
6.567164179e-05
2.356585845e-20
6.567164179e-05
-7.229498007e-20
6.567164179e-05
-5.647295039e-21
6.567164179e-05
2.575456233e-20
6.567164179e-05
-8.292820564e-20
6.567164179e-05
-8.16527661e-20
6.567164179e-05
-1.586258802e-20
6.567164179e-05
7.661626505e-21
6.567164179e-05
2.024439256e-20
6.567164179e-05
6.158302339e-21
6.567164179e-05
-1.605558746e-20
6.567164179e-05
5.054424029e-21
6.567164179e-05
-2.273952969e-20
6.567164179e-05
-6.941878838e-20
-9.08965061e-21
7.014925373e-05
4.471873869e-20
7.014925373e-05
3.441984576e-20
7.014925373e-05
3.269571185e-20
7.014925373e-05
4.435285443e-20
7.014925373e-05
3.882747105e-20
7.014925373e-05
3.847128519e-20
7.014925373e-05
3.338265744e-20
7.014925373e-05
3.374596967e-20
7.014925373e-05
3.628149509e-20
7.014925373e-05
3.359320133e-20
7.014925373e-05
1.920249455e-20
7.014925373e-05
1.474932638e-20
7.014925373e-05
4.697459012e-21
7.014925373e-05
-1.974343791e-20
7.014925373e-05
-4.698997822e-20
7.014925373e-05
-4.310512214e-20
7.014925373e-05
-3.643369523e-20
7.014925373e-05
-2.230088139e-20
7.014925373e-05
-4.05733626e-21
7.014925373e-05
-2.562957535e-20
7.014925373e-05
-9.365975241e-21
7.014925373e-05
-6.961059531e-22
7.014925373e-05
2.694740247e-21
7.014925373e-05
9.74640165e-21
7.014925373e-05
7.987730656e-21
7.014925373e-05
1.402973135e-20
7.014925373e-05
3.064572248e-21
7.014925373e-05
-1.916967151e-20
7.014925373e-05
-2.822192506e-20
7.014925373e-05
-1.291331669e-20
7.014925373e-05
-1.127113431e-20
7.014925373e-05
-4.544920765e-20
7.014925373e-05
-3.649467081e-20
7.014925373e-05
-3.082291578e-20
7.014925373e-05
-2.592976518e-20
7.014925373e-05
1.239937858e-20
7.014925373e-05
1.500151644e-20
7.014925373e-05
3.400923029e-20
7.014925373e-05
8.418877739e-21
7.014925373e-05
-1.699503201e-20
7.014925373e-05
-3.4799182e-20
7.014925373e-05
-3.929945186e-20
7.014925373e-05
-1.947973359e-20
7.014925373e-05
-1.389046805e-20
7.014925373e-05
-4.727686172e-21
7.014925373e-05
-2.484631459e-20
7.014925373e-05
-7.790129842e-21
7.014925373e-05
2.975016782e-20
7.014925373e-05
-3.279994995e-21
7.014925373e-05
-2.101701747e-21
7.014925373e-05
3.467633116e-21
7.014925373e-05
2.515893765e-21
7.014925373e-05
1.957024816e-20
7.014925373e-05
3.584003005e-20
7.014925373e-05
2.357570433e-20
7.014925373e-05
2.029496764e-20
7.014925373e-05
3.18392229e-20
7.014925373e-05
2.165688934e-20
7.014925373e-05
2.663509654e-20
7.014925373e-05
1.392882275e-20
7.014925373e-05
-1.162725843e-20
7.014925373e-05
-1.643590782e-21
7.014925373e-05
-4.692583943e-21
7.014925373e-05
2.058769895e-20
7.014925373e-05
2.218631009e-20
7.014925373e-05
2.00870115e-20
7.014925373e-05
1.73493374e-21
7.014925373e-05
3.20189268e-22
7.014925373e-05
-2.599858025e-20
7.014925373e-05
-4.09233709e-20
7.014925373e-05
-7.673773196e-21
7.014925373e-05
8.968503455e-21
7.014925373e-05
6.527670521e-21
7.014925373e-05
1.353762315e-20
7.014925373e-05
7.2894025e-22
7.014925373e-05
8.418802247e-21
7.014925373e-05
3.100697693e-20
7.014925373e-05
5.357108061e-22
7.014925373e-05
-3.644746415e-21
7.014925373e-05
1.478238157e-20
7.014925373e-05
1.487405632e-20
7.014925373e-05
-1.158344094e-21
7.014925373e-05
1.945425968e-21
7.014925373e-05
9.060168551e-21
7.014925373e-05
-4.145393934e-21
7.014925373e-05
-2.91265684e-20
7.014925373e-05
-2.367781784e-20
7.014925373e-05
-3.106529113e-21
7.014925373e-05
-1.721036617e-20
7.014925373e-05
3.188858064e-21
7.014925373e-05
-9.832053426e-21
7.014925373e-05
-2.683661862e-20
7.014925373e-05
-1.34252549e-20
7.014925373e-05
-2.372549899e-20
7.014925373e-05
-1.424090136e-20
7.014925373e-05
-3.474746824e-20
7.014925373e-05
-8.647780924e-21
7.014925373e-05
3.320381429e-20
7.014925373e-05
1.719889819e-20
7.014925373e-05
-7.077733082e-21
7.014925373e-05
1.259190008e-20
7.014925373e-05
6.341289107e-20
7.014925373e-05
2.435408537e-20
7.014925373e-05
-2.595856288e-20
7.014925373e-05
-3.01523562e-20
7.014925373e-05
-2.806553667e-21
7.014925373e-05
-1.682097909e-20
7.014925373e-05
-1.324707239e-20
7.014925373e-05
-4.857113554e-21
7.014925373e-05
1.455424814e-20
7.014925373e-05
1.010398151e-20
7.014925373e-05
8.848750785e-21
7.014925373e-05
1.145725448e-20
7.014925373e-05
2.04711578e-20
7.014925373e-05
4.080720449e-20
7.014925373e-05
2.317115685e-20
7.014925373e-05
7.656542286e-22
7.014925373e-05
1.859680366e-20
7.014925373e-05
2.953853709e-20
7.014925373e-05
1.58182132e-20
7.014925373e-05
1.515365039e-21
7.014925373e-05
4.896987524e-21
7.014925373e-05
2.080899077e-21
7.014925373e-05
-2.821019296e-20
7.014925373e-05
-5.179784451e-20
7.014925373e-05
-6.151646666e-20
7.014925373e-05
-2.702205096e-20
7.014925373e-05
-3.919054016e-20
7.014925373e-05
7.250072076e-21
7.014925373e-05
6.220891526e-20
7.014925373e-05
3.915172631e-20
7.014925373e-05
1.639582552e-20
7.014925373e-05
-4.184110116e-20
7.014925373e-05
-4.385989221e-20
7.014925373e-05
-7.490107176e-21
7.014925373e-05
-1.587186169e-20
7.014925373e-05
-1.688085226e-20
7.014925373e-05
-1.113418266e-20
7.014925373e-05
-4.696668752e-21
7.014925373e-05
1.19128987e-20
7.014925373e-05
-2.248862896e-20
7.014925373e-05
4.003732956e-21
7.014925373e-05
2.486187978e-20
7.014925373e-05
6.850479822e-20
7.014925373e-05
6.953761057e-20
7.014925373e-05
3.664480329e-20
7.014925373e-05
5.853636106e-20
7.014925373e-05
3.352732534e-20
7.014925373e-05
-1.666909601e-20
7.014925373e-05
-5.132322593e-20
7.014925373e-05
-2.779136902e-20
7.014925373e-05
-9.288711855e-21
7.014925373e-05
-3.195804713e-20
7.014925373e-05
-1.106865009e-20
7.014925373e-05
3.599187758e-20
7.014925373e-05
2.676939729e-20
7.014925373e-05
-1.685434848e-20
7.014925373e-05
-1.162727667e-20
7.014925373e-05
-4.157432402e-22
7.014925373e-05
3.290516233e-20
7.014925373e-05
1.433134435e-21
7.014925373e-05
8.006969347e-21
7.014925373e-05
7.854089719e-21
7.014925373e-05
-1.019571e-20
7.014925373e-05
-3.426922738e-20
7.014925373e-05
3.012382359e-21
7.014925373e-05
3.801443042e-20
7.014925373e-05
3.099089319e-20
7.014925373e-05
2.969230074e-20
7.014925373e-05
-2.204879041e-20
7.014925373e-05
-1.769386519e-20
7.014925373e-05
-3.342124627e-21
7.014925373e-05
-2.64742651e-20
7.014925373e-05
-3.099422416e-20
7.014925373e-05
-1.712264844e-20
7.014925373e-05
-3.334871986e-20
7.014925373e-05
-4.066904026e-20
7.014925373e-05
4.004468863e-21
7.014925373e-05
4.324810955e-21
7.014925373e-05
3.835762149e-20
7.014925373e-05
4.117454564e-20
7.014925373e-05
-1.551068397e-20
7.014925373e-05
-1.308443907e-20
7.014925373e-05
1.256332278e-20
7.014925373e-05
6.427463204e-20
7.014925373e-05
3.854094119e-21
7.014925373e-05
-5.897984214e-20
7.014925373e-05
-4.212123817e-22
7.014925373e-05
-1.626369696e-22
7.014925373e-05
-6.35300726e-20
7.014925373e-05
-7.755558227e-20
7.014925373e-05
-2.779547994e-20
7.014925373e-05
1.703123197e-20
7.014925373e-05
3.254737354e-20
7.014925373e-05
-4.990170129e-21
7.014925373e-05
-2.020140427e-20
7.014925373e-05
-8.655261278e-21
7.014925373e-05
-1.703291329e-20
7.014925373e-05
-4.196276849e-20
-1.373911382e-20
7.313432836e-05
2.84721899e-20
7.313432836e-05
2.502791662e-20
7.313432836e-05
3.486027743e-20
7.313432836e-05
4.209004035e-20
7.313432836e-05
3.425109372e-20
7.313432836e-05
5.162044698e-20
7.313432836e-05
3.732431771e-20
7.313432836e-05
3.622840405e-20
7.313432836e-05
4.099798475e-20
7.313432836e-05
3.724611739e-20
7.313432836e-05
4.35117209e-21
7.313432836e-05
1.732996552e-20
7.313432836e-05
1.741878787e-21
7.313432836e-05
-1.675861085e-20
7.313432836e-05
-3.440947386e-20
7.313432836e-05
-5.22282579e-20
7.313432836e-05
-5.82755775e-20
7.313432836e-05
-1.586355643e-20
7.313432836e-05
-1.42389008e-21
7.313432836e-05
-1.161340155e-20
7.313432836e-05
1.68942928e-21
7.313432836e-05
4.346971911e-21
7.313432836e-05
8.596897545e-21
7.313432836e-05
-2.034559546e-20
7.313432836e-05
1.011794352e-20
7.313432836e-05
-5.325731861e-21
7.313432836e-05
-2.882106556e-20
7.313432836e-05
-2.004346701e-20
7.313432836e-05
-2.857013388e-22
7.313432836e-05
-1.576686655e-20
7.313432836e-05
-3.284696699e-20
7.313432836e-05
-4.055360765e-20
7.313432836e-05
-3.114282338e-20
7.313432836e-05
-3.774363411e-20
7.313432836e-05
-1.464792783e-20
7.313432836e-05
8.835126681e-21
7.313432836e-05
1.276804978e-20
7.313432836e-05
2.004409857e-20
7.313432836e-05
8.590054132e-21
7.313432836e-05
-9.426574582e-21
7.313432836e-05
-3.198734042e-20
7.313432836e-05
-2.103407355e-20
7.313432836e-05
-4.094080547e-20
7.313432836e-05
-2.696106934e-20
7.313432836e-05
-6.760249396e-21
7.313432836e-05
-1.383062247e-20
7.313432836e-05
-5.856466829e-22
7.313432836e-05
3.356852523e-20
7.313432836e-05
1.535143084e-20
7.313432836e-05
-1.48305807e-20
7.313432836e-05
-2.376844923e-21
7.313432836e-05
6.404136064e-21
7.313432836e-05
2.13382908e-20
7.313432836e-05
4.66630748e-20
7.313432836e-05
2.265298598e-20
7.313432836e-05
3.901525662e-20
7.313432836e-05
4.51549519e-20
7.313432836e-05
2.007952606e-20
7.313432836e-05
2.745037486e-20
7.313432836e-05
2.227552197e-20
7.313432836e-05
8.967976373e-21
7.313432836e-05
-7.329493927e-21
7.313432836e-05
-1.138360011e-20
7.313432836e-05
-5.405235278e-21
7.313432836e-05
2.460728609e-20
7.313432836e-05
2.753999155e-20
7.313432836e-05
-5.320733049e-21
7.313432836e-05
-3.112567379e-21
7.313432836e-05
-1.273460688e-20
7.313432836e-05
-1.842623871e-20
7.313432836e-05
-6.067102823e-21
7.313432836e-05
8.350835634e-21
7.313432836e-05
4.215563045e-21
7.313432836e-05
1.714390441e-20
7.313432836e-05
1.11467346e-20
7.313432836e-05
-3.818972566e-22
7.313432836e-05
2.419861177e-20
7.313432836e-05
1.711910439e-20
7.313432836e-05
-1.296892507e-21
7.313432836e-05
1.71850647e-20
7.313432836e-05
-1.781547771e-23
7.313432836e-05
3.001966655e-21
7.313432836e-05
-6.339503009e-21
7.313432836e-05
1.356109701e-20
7.313432836e-05
-1.018986274e-20
7.313432836e-05
-4.728997738e-20
7.313432836e-05
-4.924173615e-20
7.313432836e-05
-7.173618904e-21
7.313432836e-05
-4.52950886e-21
7.313432836e-05
-7.310520921e-21
7.313432836e-05
-2.573332271e-22
7.313432836e-05
-2.502396372e-21
7.313432836e-05
-2.524309316e-20
7.313432836e-05
-8.401888714e-21
7.313432836e-05
-1.265205422e-20
7.313432836e-05
-3.993788233e-20
7.313432836e-05
-7.485421699e-21
7.313432836e-05
2.056102741e-20
7.313432836e-05
-2.403915259e-21
7.313432836e-05
-2.090572571e-20
7.313432836e-05
1.79625492e-20
7.313432836e-05
4.363571213e-20
7.313432836e-05
3.974664227e-20
7.313432836e-05
-3.241095014e-20
7.313432836e-05
-3.032659513e-20
7.313432836e-05
-2.634613509e-20
7.313432836e-05
-1.302054165e-20
7.313432836e-05
4.190519421e-21
7.313432836e-05
-8.393188552e-21
7.313432836e-05
1.338484006e-20
7.313432836e-05
9.640471851e-22
7.313432836e-05
2.607718432e-20
7.313432836e-05
1.515616785e-20
7.313432836e-05
1.686250776e-20
7.313432836e-05
3.350642729e-20
7.313432836e-05
4.702518847e-20
7.313432836e-05
1.183318964e-20
7.313432836e-05
7.864505828e-21
7.313432836e-05
2.615309034e-20
7.313432836e-05
1.241739973e-20
7.313432836e-05
1.118360157e-20
7.313432836e-05
7.994507252e-21
7.313432836e-05
-1.951892845e-20
7.313432836e-05
-3.318187639e-20
7.313432836e-05
-5.28558282e-20
7.313432836e-05
-5.804454309e-20
7.313432836e-05
-1.415080577e-20
7.313432836e-05
-1.798493151e-20
7.313432836e-05
7.965248202e-21
7.313432836e-05
3.8252807e-20
7.313432836e-05
4.355723031e-20
7.313432836e-05
1.742068747e-20
7.313432836e-05
-4.496479989e-20
7.313432836e-05
-4.012398012e-20
7.313432836e-05
-1.584985902e-20
7.313432836e-05
-2.544140452e-20
7.313432836e-05
-2.690682579e-20
7.313432836e-05
-1.686973939e-20
7.313432836e-05
1.213229559e-20
7.313432836e-05
2.657446222e-20
7.313432836e-05
-1.740956059e-20
7.313432836e-05
2.371553717e-20
7.313432836e-05
5.831514239e-20
7.313432836e-05
4.983757991e-20
7.313432836e-05
5.509375437e-20
7.313432836e-05
4.521419805e-20
7.313432836e-05
6.113283373e-20
7.313432836e-05
2.799155601e-20
7.313432836e-05
-8.40291918e-21
7.313432836e-05
-4.078097112e-20
7.313432836e-05
-2.145417233e-20
7.313432836e-05
-2.94022968e-20
7.313432836e-05
-5.320681188e-20
7.313432836e-05
-1.713168267e-21
7.313432836e-05
1.713217731e-20
7.313432836e-05
2.485415648e-20
7.313432836e-05
4.643535194e-21
7.313432836e-05
-9.044666568e-21
7.313432836e-05
-6.227644542e-21
7.313432836e-05
-2.930036086e-21
7.313432836e-05
1.221195743e-20
7.313432836e-05
8.258080467e-21
7.313432836e-05
-5.181979013e-21
7.313432836e-05
-3.655859357e-21
7.313432836e-05
-1.009290099e-20
7.313432836e-05
1.160191063e-20
7.313432836e-05
3.993834303e-20
7.313432836e-05
4.760844549e-20
7.313432836e-05
2.896315917e-20
7.313432836e-05
-3.74500711e-20
7.313432836e-05
-1.57229886e-20
7.313432836e-05
-5.542930687e-21
7.313432836e-05
-3.529116356e-20
7.313432836e-05
-2.864170734e-20
7.313432836e-05
-1.749911692e-20
7.313432836e-05
-2.2058415e-20
7.313432836e-05
-5.927313183e-20
7.313432836e-05
-2.327518824e-21
7.313432836e-05
3.194147997e-21
7.313432836e-05
2.452123344e-20
7.313432836e-05
4.874695972e-20
7.313432836e-05
4.772831194e-21
7.313432836e-05
2.605050437e-20
7.313432836e-05
2.016206878e-20
7.313432836e-05
4.149308184e-20
7.313432836e-05
-1.622161336e-22
7.313432836e-05
-4.278251138e-20
7.313432836e-05
-1.482626953e-20
7.313432836e-05
-9.434759549e-21
7.313432836e-05
-5.480602229e-20
7.313432836e-05
-5.869057839e-20
7.313432836e-05
-2.47882052e-20
7.313432836e-05
-2.33377533e-21
7.313432836e-05
2.507096952e-20
7.313432836e-05
1.469864855e-20
7.313432836e-05
-1.918587454e-20
7.313432836e-05
-3.354771798e-20
7.313432836e-05
-4.251821597e-21
7.313432836e-05
-4.594155881e-20
-1.578158797e-20
7.462686567e-05
1.232767394e-20
7.462686567e-05
1.857111289e-20
7.462686567e-05
3.477197695e-20
7.462686567e-05
3.872895734e-20
7.462686567e-05
3.008249331e-20
7.462686567e-05
3.68519318e-20
7.462686567e-05
4.011966244e-20
7.462686567e-05
2.920855117e-20
7.462686567e-05
2.681034224e-20
7.462686567e-05
2.990743745e-20
7.462686567e-05
1.823148503e-20
7.462686567e-05
2.595303253e-20
7.462686567e-05
8.379710305e-21
7.462686567e-05
-2.149992457e-20
7.462686567e-05
-2.907943107e-20
7.462686567e-05
-3.107562569e-20
7.462686567e-05
-3.118296212e-20
7.462686567e-05
-2.57103893e-20
7.462686567e-05
-8.354973021e-21
7.462686567e-05
5.18411173e-21
7.462686567e-05
1.588712448e-21
7.462686567e-05
-5.327260615e-22
7.462686567e-05
-1.472864564e-20
7.462686567e-05
-1.390072761e-20
7.462686567e-05
3.699525282e-21
7.462686567e-05
-1.266301242e-20
7.462686567e-05
-3.096414003e-20
7.462686567e-05
-1.633822611e-20
7.462686567e-05
1.637944863e-21
7.462686567e-05
-5.683266553e-21
7.462686567e-05
-3.551864022e-20
7.462686567e-05
-4.691381089e-20
7.462686567e-05
-5.332928417e-20
7.462686567e-05
-2.983513389e-20
7.462686567e-05
-5.413114635e-21
7.462686567e-05
-6.70220725e-21
7.462686567e-05
1.191657949e-20
7.462686567e-05
9.197605884e-21
7.462686567e-05
2.687050368e-21
7.462686567e-05
-4.859896968e-21
7.462686567e-05
-4.142488501e-20
7.462686567e-05
-1.677272712e-20
7.462686567e-05
-3.21861098e-20
7.462686567e-05
-3.840738465e-20
7.462686567e-05
-1.040544757e-20
7.462686567e-05
-1.634412483e-20
7.462686567e-05
3.704536886e-22
7.462686567e-05
2.428864597e-20
7.462686567e-05
1.85397118e-20
7.462686567e-05
-3.550786948e-21
7.462686567e-05
1.182754293e-21
7.462686567e-05
2.34892146e-20
7.462686567e-05
3.299972984e-20
7.462686567e-05
2.656084656e-20
7.462686567e-05
3.022844879e-20
7.462686567e-05
5.375531251e-20
7.462686567e-05
5.299120108e-20
7.462686567e-05
2.201967672e-20
7.462686567e-05
-6.179004061e-23
7.462686567e-05
2.026572496e-20
7.462686567e-05
2.508091993e-20
7.462686567e-05
1.717858239e-21
7.462686567e-05
-1.361588086e-20
7.462686567e-05
2.997686508e-21
7.462686567e-05
1.35801151e-20
7.462686567e-05
1.062662828e-20
7.462686567e-05
9.712646335e-21
7.462686567e-05
-5.462253991e-21
7.462686567e-05
-2.261151111e-20
7.462686567e-05
-2.290035261e-20
7.462686567e-05
1.277185141e-20
7.462686567e-05
2.832712583e-20
7.462686567e-05
7.170676313e-21
7.462686567e-05
7.110590079e-21
7.462686567e-05
2.164927833e-20
7.462686567e-05
5.694377622e-21
7.462686567e-05
2.742720237e-21
7.462686567e-05
1.800387013e-20
7.462686567e-05
1.815787886e-20
7.462686567e-05
6.227717717e-21
7.462686567e-05
-1.602400511e-20
7.462686567e-05
-6.383362977e-21
7.462686567e-05
-5.460881445e-21
7.462686567e-05
7.547692674e-21
7.462686567e-05
-2.29736251e-20
7.462686567e-05
-5.717710531e-20
7.462686567e-05
-5.099708924e-20
7.462686567e-05
-1.338671625e-20
7.462686567e-05
-5.942842994e-21
7.462686567e-05
2.458937105e-21
7.462686567e-05
5.526730862e-21
7.462686567e-05
-3.214447482e-21
7.462686567e-05
-1.496887709e-20
7.462686567e-05
9.351255726e-21
7.462686567e-05
-1.816563906e-20
7.462686567e-05
-2.735148891e-20
7.462686567e-05
-7.536233586e-21
7.462686567e-05
-1.300528027e-20
7.462686567e-05
-1.48726663e-20
7.462686567e-05
-1.632754499e-20
7.462686567e-05
8.35224648e-21
7.462686567e-05
2.765716427e-20
7.462686567e-05
1.663231637e-20
7.462686567e-05
-2.791726832e-21
7.462686567e-05
-3.27547242e-20
7.462686567e-05
-2.9643416e-20
7.462686567e-05
-6.066208478e-21
7.462686567e-05
8.111745908e-21
7.462686567e-05
-1.525566325e-21
7.462686567e-05
-1.216861937e-20
7.462686567e-05
1.39492578e-20
7.462686567e-05
3.965715063e-20
7.462686567e-05
1.97452784e-20
7.462686567e-05
1.300662125e-20
7.462686567e-05
4.145071691e-20
7.462686567e-05
4.58012711e-20
7.462686567e-05
2.157808455e-20
7.462686567e-05
-3.713040344e-21
7.462686567e-05
2.315900075e-20
7.462686567e-05
1.089128409e-20
7.462686567e-05
5.744292051e-21
7.462686567e-05
1.20975787e-20
7.462686567e-05
-1.642802228e-20
7.462686567e-05
-2.919805296e-20
7.462686567e-05
-5.134516497e-20
7.462686567e-05
-4.779060327e-20
7.462686567e-05
-2.041603024e-20
7.462686567e-05
3.160646567e-22
7.462686567e-05
-1.2054622e-21
7.462686567e-05
3.024262076e-20
7.462686567e-05
2.88165348e-20
7.462686567e-05
9.315983172e-21
7.462686567e-05
-2.307710739e-20
7.462686567e-05
-3.543634162e-20
7.462686567e-05
-3.053950956e-20
7.462686567e-05
-3.34252936e-20
7.462686567e-05
-2.626988818e-20
7.462686567e-05
-1.550600201e-20
7.462686567e-05
2.57413598e-20
7.462686567e-05
1.640234229e-20
7.462686567e-05
-6.238145816e-21
7.462686567e-05
3.1490798e-20
7.462686567e-05
5.378453e-20
7.462686567e-05
5.838692664e-20
7.462686567e-05
4.584736922e-20
7.462686567e-05
4.627713211e-20
7.462686567e-05
4.426747012e-20
7.462686567e-05
3.944968458e-20
7.462686567e-05
4.756250523e-21
7.462686567e-05
-2.181308418e-20
7.462686567e-05
-1.668746472e-20
7.462686567e-05
-5.35044984e-20
7.462686567e-05
-6.415068704e-20
7.462686567e-05
-1.7303209e-20
7.462686567e-05
1.074638204e-20
7.462686567e-05
1.870953976e-20
7.462686567e-05
1.733741136e-20
7.462686567e-05
1.128183248e-20
7.462686567e-05
-2.728430422e-20
7.462686567e-05
-9.600822134e-21
7.462686567e-05
1.241964162e-20
7.462686567e-05
1.744751918e-20
7.462686567e-05
-1.380930541e-20
7.462686567e-05
7.189078646e-21
7.462686567e-05
4.969039377e-21
7.462686567e-05
1.81586897e-20
7.462686567e-05
4.084848662e-20
7.462686567e-05
4.817492827e-20
7.462686567e-05
3.641504623e-20
7.462686567e-05
-3.348470284e-20
7.462686567e-05
-3.326061919e-20
7.462686567e-05
-3.32678532e-20
7.462686567e-05
-3.910822724e-20
7.462686567e-05
-2.975947649e-20
7.462686567e-05
-1.352405072e-20
7.462686567e-05
-2.318660295e-20
7.462686567e-05
-6.583416587e-20
7.462686567e-05
-2.034894391e-20
7.462686567e-05
2.362515698e-20
7.462686567e-05
2.293395078e-20
7.462686567e-05
3.084559969e-20
7.462686567e-05
4.342200005e-20
7.462686567e-05
3.699381775e-20
7.462686567e-05
3.536001703e-20
7.462686567e-05
1.086958699e-20
7.462686567e-05
1.243393968e-21
7.462686567e-05
-1.313866182e-20
7.462686567e-05
-1.165583486e-20
7.462686567e-05
-2.74425591e-20
7.462686567e-05
-6.022916886e-20
7.462686567e-05
-4.209289206e-20
7.462686567e-05
-7.025017484e-21
7.462686567e-05
6.332917637e-22
7.462686567e-05
5.77246465e-21
7.462686567e-05
2.261094536e-20
7.462686567e-05
-2.764094947e-20
7.462686567e-05
-3.938090491e-20
7.462686567e-05
-2.263006734e-20
7.462686567e-05
-6.549930357e-21
5.6202063e-21
7.462686567e-05
1.337463168e-21
7.462686567e-05
2.980542663e-20
7.462686567e-05
2.607856708e-20
7.462686567e-05
2.752846124e-20
7.462686567e-05
3.489736454e-20
7.462686567e-05
3.210132274e-20
7.462686567e-05
1.978512312e-20
7.462686567e-05
2.486947798e-20
7.462686567e-05
1.693912524e-20
7.462686567e-05
2.322481469e-20
7.462686567e-05
2.530005169e-20
7.462686567e-05
2.297098944e-20
7.462686567e-05
9.605084129e-21
7.462686567e-05
-6.793461281e-21
7.462686567e-05
-8.281325346e-21
7.462686567e-05
-2.587704723e-20
7.462686567e-05
-3.007656952e-20
7.462686567e-05
-2.19574657e-20
7.462686567e-05
-1.136177181e-20
7.462686567e-05
-5.079805242e-21
7.462686567e-05
1.466107468e-21
7.462686567e-05
-5.086465547e-21
7.462686567e-05
-6.774867533e-21
7.462686567e-05
3.475657178e-21
7.462686567e-05
-1.907628801e-21
7.462686567e-05
-2.594186153e-20
7.462686567e-05
-2.848712614e-20
7.462686567e-05
-1.211399502e-20
7.462686567e-05
1.249286494e-20
7.462686567e-05
-1.587035433e-20
7.462686567e-05
-3.452339713e-20
7.462686567e-05
-4.367746557e-20
7.462686567e-05
-5.169333755e-20
7.462686567e-05
-2.152863761e-20
7.462686567e-05
-9.527131249e-21
7.462686567e-05
-3.020656166e-21
7.462686567e-05
1.42130376e-20
7.462686567e-05
-9.855606376e-21
7.462686567e-05
-2.031597352e-21
7.462686567e-05
-2.553181758e-20
7.462686567e-05
-8.283782315e-21
7.462686567e-05
-5.282016606e-21
7.462686567e-05
-4.148040316e-20
7.462686567e-05
-4.685036919e-20
7.462686567e-05
-3.17548609e-20
7.462686567e-05
-1.420932915e-20
7.462686567e-05
3.053100689e-21
7.462686567e-05
3.237205255e-20
7.462686567e-05
2.847091132e-20
7.462686567e-05
1.771373285e-21
7.462686567e-05
7.372308615e-21
7.462686567e-05
2.163968543e-20
7.462686567e-05
1.792231386e-20
7.462686567e-05
2.128206555e-20
7.462686567e-05
4.193744286e-20
7.462686567e-05
6.313280767e-20
7.462686567e-05
5.047172745e-20
7.462686567e-05
1.539670217e-20
7.462686567e-05
4.227230304e-21
7.462686567e-05
2.042542672e-20
7.462686567e-05
-7.303923238e-22
7.462686567e-05
7.278140361e-21
7.462686567e-05
9.054333055e-21
7.462686567e-05
8.725383613e-21
7.462686567e-05
1.762637531e-20
7.462686567e-05
1.005122776e-20
7.462686567e-05
2.06350309e-21
7.462686567e-05
-2.016511473e-21
7.462686567e-05
-2.267596656e-20
7.462686567e-05
-9.841216198e-21
7.462686567e-05
3.132760818e-20
7.462686567e-05
3.395871143e-20
7.462686567e-05
-5.398047556e-21
7.462686567e-05
7.18283906e-21
7.462686567e-05
2.732773412e-20
7.462686567e-05
-2.918871798e-21
7.462686567e-05
-1.035237459e-20
7.462686567e-05
2.972335975e-20
7.462686567e-05
2.718567132e-20
7.462686567e-05
-5.518088287e-21
7.462686567e-05
-2.691238247e-20
7.462686567e-05
-1.334261973e-20
7.462686567e-05
-9.903944641e-21
7.462686567e-05
-1.487587933e-20
7.462686567e-05
8.277740295e-21
7.462686567e-05
-5.320766351e-20
7.462686567e-05
-4.915448287e-20
7.462686567e-05
-3.166494442e-20
7.462686567e-05
-5.203216206e-21
7.462686567e-05
-7.932127751e-22
7.462686567e-05
1.739031839e-20
7.462686567e-05
-6.820678959e-21
7.462686567e-05
-1.01286812e-20
7.462686567e-05
-2.689728934e-22
7.462686567e-05
-5.243964432e-21
7.462686567e-05
-1.058590013e-20
7.462686567e-05
-2.57699657e-20
7.462686567e-05
-2.187632266e-20
7.462686567e-05
-1.978865924e-20
7.462686567e-05
-1.643779243e-20
7.462686567e-05
-4.255283159e-22
7.462686567e-05
-1.309657935e-21
7.462686567e-05
1.263318217e-20
7.462686567e-05
3.855680512e-21
7.462686567e-05
-1.985916332e-20
7.462686567e-05
-3.623334319e-20
7.462686567e-05
1.314487332e-20
7.462686567e-05
1.619476301e-20
7.462686567e-05
-1.726592821e-20
7.462686567e-05
-1.48393595e-20
7.462686567e-05
1.082256671e-20
7.462686567e-05
4.949112777e-20
7.462686567e-05
3.981006467e-20
7.462686567e-05
7.950102195e-21
7.462686567e-05
2.182977478e-20
7.462686567e-05
4.86980201e-20
7.462686567e-05
2.58697404e-20
7.462686567e-05
-2.136480325e-22
7.462686567e-05
1.517765147e-20
7.462686567e-05
2.313902232e-20
7.462686567e-05
1.002509392e-20
7.462686567e-05
4.569663876e-21
7.462686567e-05
-1.181512336e-20
7.462686567e-05
-2.712659781e-20
7.462686567e-05
-4.164574478e-20
7.462686567e-05
-3.455108718e-20
7.462686567e-05
-2.349733944e-20
7.462686567e-05
-2.002250056e-20
7.462686567e-05
8.267013498e-21
7.462686567e-05
6.019824435e-21
7.462686567e-05
1.739655528e-20
7.462686567e-05
1.229061856e-20
7.462686567e-05
-1.65860823e-20
7.462686567e-05
-3.706773077e-20
7.462686567e-05
-4.619128477e-20
7.462686567e-05
-3.332509428e-20
7.462686567e-05
-1.519952401e-20
7.462686567e-05
-5.251350868e-21
7.462686567e-05
5.126749158e-21
7.462686567e-05
9.034638812e-21
7.462686567e-05
-3.408647865e-21
7.462686567e-05
7.037791352e-20
7.462686567e-05
7.352962267e-20
7.462686567e-05
3.824187772e-20
7.462686567e-05
2.164973022e-20
7.462686567e-05
4.246395365e-20
7.462686567e-05
4.323644644e-20
7.462686567e-05
3.394785653e-20
7.462686567e-05
3.494940968e-20
7.462686567e-05
7.941769635e-22
7.462686567e-05
-5.860983342e-21
7.462686567e-05
-7.024877565e-20
7.462686567e-05
-7.460090962e-20
7.462686567e-05
2.434168435e-21
7.462686567e-05
-2.4715782e-21
7.462686567e-05
-2.265209975e-21
7.462686567e-05
2.711992012e-20
7.462686567e-05
1.792566864e-20
7.462686567e-05
-1.994784598e-20
7.462686567e-05
-4.326820525e-20
7.462686567e-05
6.492653037e-21
7.462686567e-05
1.209234061e-20
7.462686567e-05
7.356747016e-21
7.462686567e-05
7.916524164e-21
7.462686567e-05
1.165007436e-20
7.462686567e-05
2.171819021e-20
7.462686567e-05
3.429506563e-20
7.462686567e-05
5.954271376e-20
7.462686567e-05
2.94152974e-20
7.462686567e-05
-2.892655064e-20
7.462686567e-05
-2.463005204e-20
7.462686567e-05
-5.941774839e-20
7.462686567e-05
-5.943035067e-20
7.462686567e-05
-4.006615113e-20
7.462686567e-05
-3.255004312e-20
7.462686567e-05
-3.20928722e-20
7.462686567e-05
-5.248813336e-20
7.462686567e-05
-1.518486602e-20
7.462686567e-05
4.118880864e-20
7.462686567e-05
5.379694905e-21
7.462686567e-05
3.140018923e-20
7.462686567e-05
5.925108922e-20
7.462686567e-05
6.332622401e-20
7.462686567e-05
4.809064078e-20
7.462686567e-05
-1.793602081e-20
7.462686567e-05
-1.438693943e-21
7.462686567e-05
1.70111542e-20
7.462686567e-05
-1.244737473e-20
7.462686567e-05
-4.206956413e-20
7.462686567e-05
-5.616180201e-20
7.462686567e-05
-1.570048705e-20
7.462686567e-05
-9.45052992e-21
7.462686567e-05
2.333323585e-22
7.462686567e-05
-5.918455116e-21
7.462686567e-05
1.236188166e-20
7.462686567e-05
-2.765537755e-20
7.462686567e-05
-4.173280108e-20
7.462686567e-05
-1.908503581e-20
7.462686567e-05
1.237461236e-20
1.012813115e-20
7.313432836e-05
1.152748915e-20
7.313432836e-05
1.252325005e-20
7.313432836e-05
1.28742372e-20
7.313432836e-05
7.215484787e-21
7.313432836e-05
2.133403932e-20
7.313432836e-05
2.365667441e-20
7.313432836e-05
3.304331032e-20
7.313432836e-05
1.744945408e-20
7.313432836e-05
1.481746955e-20
7.313432836e-05
1.981452034e-20
7.313432836e-05
2.381525385e-20
7.313432836e-05
-1.217756948e-21
7.313432836e-05
8.859681984e-21
7.313432836e-05
1.293555024e-20
7.313432836e-05
3.375117224e-21
7.313432836e-05
-1.865879748e-20
7.313432836e-05
-2.160772641e-20
7.313432836e-05
-1.687454994e-20
7.313432836e-05
-2.248609616e-20
7.313432836e-05
-1.691409255e-20
7.313432836e-05
-4.804620167e-21
7.313432836e-05
-2.210850575e-21
7.313432836e-05
-8.417811211e-21
7.313432836e-05
1.40320648e-21
7.313432836e-05
5.103601136e-21
7.313432836e-05
-1.902876202e-20
7.313432836e-05
-3.725396831e-20
7.313432836e-05
-1.559101985e-20
7.313432836e-05
9.228495476e-21
7.313432836e-05
-4.076583021e-21
7.313432836e-05
-2.456830915e-20
7.313432836e-05
-5.758349471e-20
7.313432836e-05
-3.121290163e-20
7.313432836e-05
-6.641513436e-21
7.313432836e-05
1.353353851e-20
7.313432836e-05
9.760649464e-21
7.313432836e-05
9.140988682e-21
7.313432836e-05
5.407014516e-22
7.313432836e-05
-2.00827029e-20
7.313432836e-05
-2.542183904e-20
7.313432836e-05
-1.101298996e-20
7.313432836e-05
-2.151717304e-23
7.313432836e-05
-3.048753071e-20
7.313432836e-05
-6.25402753e-20
7.313432836e-05
-3.637990934e-20
7.313432836e-05
-7.209487183e-21
7.313432836e-05
1.305409256e-20
7.313432836e-05
3.604026088e-20
7.313432836e-05
4.128631253e-20
7.313432836e-05
2.982988643e-21
7.313432836e-05
-1.64570152e-22
7.313432836e-05
1.112806259e-20
7.313432836e-05
1.886821945e-20
7.313432836e-05
1.649574438e-20
7.313432836e-05
1.479795191e-20
7.313432836e-05
6.402099546e-20
7.313432836e-05
5.14735797e-20
7.313432836e-05
9.424597498e-21
7.313432836e-05
1.071119891e-20
7.313432836e-05
9.472824962e-21
7.313432836e-05
1.048744653e-20
7.313432836e-05
-2.728329052e-22
7.313432836e-05
-3.069618189e-21
7.313432836e-05
1.420721049e-20
7.313432836e-05
3.826795733e-20
7.313432836e-05
3.066536826e-21
7.313432836e-05
-8.899828537e-21
7.313432836e-05
1.278236768e-20
7.313432836e-05
-6.526108581e-21
7.313432836e-05
-1.951016812e-20
7.313432836e-05
3.521949432e-20
7.313432836e-05
2.865200172e-20
7.313432836e-05
-7.612136862e-21
7.313432836e-05
2.053013169e-20
7.313432836e-05
1.992924005e-20
7.313432836e-05
-1.994150484e-21
7.313432836e-05
-2.029756785e-20
7.313432836e-05
1.328729092e-20
7.313432836e-05
2.704843911e-20
7.313432836e-05
-6.364766959e-21
7.313432836e-05
-2.131701977e-20
7.313432836e-05
-2.627527429e-20
7.313432836e-05
-2.065583423e-20
7.313432836e-05
-8.72353096e-21
7.313432836e-05
1.834456549e-20
7.313432836e-05
-4.142670765e-20
7.313432836e-05
-5.098695556e-20
7.313432836e-05
-3.312213698e-20
7.313432836e-05
3.992430136e-21
7.313432836e-05
1.973424062e-20
7.313432836e-05
4.878841414e-21
7.313432836e-05
-2.162351918e-20
7.313432836e-05
-5.422032702e-21
7.313432836e-05
1.374900553e-20
7.313432836e-05
2.513071898e-21
7.313432836e-05
2.494087656e-21
7.313432836e-05
-3.126906309e-20
7.313432836e-05
-3.324922682e-20
7.313432836e-05
-1.756816842e-20
7.313432836e-05
1.67211377e-20
7.313432836e-05
-2.665892264e-20
7.313432836e-05
-4.090432245e-20
7.313432836e-05
1.6427545e-20
7.313432836e-05
1.324756307e-20
7.313432836e-05
-2.711449735e-20
7.313432836e-05
-2.956147182e-20
7.313432836e-05
1.358374228e-20
7.313432836e-05
2.577141878e-20
7.313432836e-05
-2.888287128e-20
7.313432836e-05
-2.899731022e-20
7.313432836e-05
1.29703548e-20
7.313432836e-05
6.069485462e-20
7.313432836e-05
5.995127488e-20
7.313432836e-05
3.861405941e-21
7.313432836e-05
4.374736122e-21
7.313432836e-05
3.719854314e-20
7.313432836e-05
2.004516094e-20
7.313432836e-05
4.880066981e-21
7.313432836e-05
1.190595572e-20
7.313432836e-05
4.062517711e-20
7.313432836e-05
1.673898331e-20
7.313432836e-05
-1.067449343e-20
7.313432836e-05
-3.393245767e-20
7.313432836e-05
-1.701687435e-20
7.313432836e-05
-1.958390514e-20
7.313432836e-05
-2.309972084e-20
7.313432836e-05
-2.027217068e-20
7.313432836e-05
-3.247519282e-20
7.313432836e-05
-1.105129549e-20
7.313432836e-05
2.698967355e-21
7.313432836e-05
1.011615119e-20
7.313432836e-05
1.470837558e-20
7.313432836e-05
-1.175443991e-20
7.313432836e-05
-2.373840927e-20
7.313432836e-05
-6.167561262e-20
7.313432836e-05
-3.322590034e-20
7.313432836e-05
-2.086308901e-21
7.313432836e-05
2.841334655e-21
7.313432836e-05
-7.196580188e-21
7.313432836e-05
-2.550338237e-20
7.313432836e-05
1.004381811e-20
7.313432836e-05
9.118995736e-20
7.313432836e-05
9.958474472e-20
7.313432836e-05
4.80897204e-21
7.313432836e-05
-1.348453005e-21
7.313432836e-05
6.749271961e-20
7.313432836e-05
4.445857097e-20
7.313432836e-05
1.597011855e-20
7.313432836e-05
4.37252495e-20
7.313432836e-05
3.450717571e-20
7.313432836e-05
9.824814536e-21
7.313432836e-05
-8.403281144e-20
7.313432836e-05
-6.72347133e-20
7.313432836e-05
1.557308422e-20
7.313432836e-05
-1.813465906e-20
7.313432836e-05
-1.504247232e-20
7.313432836e-05
1.664651619e-20
7.313432836e-05
1.397617705e-20
7.313432836e-05
-1.30159524e-20
7.313432836e-05
-5.354822701e-20
7.313432836e-05
2.853862272e-21
7.313432836e-05
1.54650533e-20
7.313432836e-05
4.471007511e-21
7.313432836e-05
1.393146616e-20
7.313432836e-05
8.679021017e-21
7.313432836e-05
1.968927994e-20
7.313432836e-05
3.222176451e-20
7.313432836e-05
5.795566419e-20
7.313432836e-05
2.761606104e-20
7.313432836e-05
-1.675852835e-20
7.313432836e-05
1.164978956e-20
7.313432836e-05
-8.279973841e-20
7.313432836e-05
-8.544944868e-20
7.313432836e-05
-2.703778642e-20
7.313432836e-05
-2.915301221e-20
7.313432836e-05
-1.257910515e-20
7.313432836e-05
-8.759918274e-20
7.313432836e-05
-1.992025674e-20
7.313432836e-05
8.018340087e-20
7.313432836e-05
-5.967530396e-21
7.313432836e-05
7.012405455e-21
7.313432836e-05
8.243842981e-20
7.313432836e-05
6.158244432e-20
7.313432836e-05
4.177000676e-20
7.313432836e-05
-4.436295711e-20
7.313432836e-05
3.046266915e-22
7.313432836e-05
4.490984546e-20
7.313432836e-05
-8.122143933e-21
7.313432836e-05
-6.655256845e-20
7.313432836e-05
-5.3906923e-20
7.313432836e-05
-2.063100824e-21
7.313432836e-05
1.091888715e-20
7.313432836e-05
7.574409183e-21
7.313432836e-05
-1.730793587e-20
7.313432836e-05
-5.567901628e-21
7.313432836e-05
-8.297210303e-21
7.313432836e-05
-3.773365463e-20
7.313432836e-05
-1.159602874e-20
7.313432836e-05
1.648049796e-20
1.263136222e-20
7.014925373e-05
-8.758514504e-22
7.014925373e-05
-4.418182414e-21
7.014925373e-05
7.672444083e-21
7.014925373e-05
-1.614983181e-21
7.014925373e-05
1.675916152e-20
7.014925373e-05
2.221407021e-20
7.014925373e-05
3.729628325e-20
7.014925373e-05
1.208244754e-20
7.014925373e-05
1.278887997e-20
7.014925373e-05
6.501831499e-21
7.014925373e-05
1.613347492e-20
7.014925373e-05
2.059033193e-20
7.014925373e-05
5.219061025e-21
7.014925373e-05
1.095381279e-20
7.014925373e-05
2.125801937e-20
7.014925373e-05
6.189948835e-21
7.014925373e-05
-2.483000413e-20
7.014925373e-05
-1.150234062e-20
7.014925373e-05
-4.076238017e-20
7.014925373e-05
-2.475511468e-20
7.014925373e-05
-6.638128913e-22
7.014925373e-05
5.404504474e-22
7.014925373e-05
1.939039227e-20
7.014925373e-05
2.596439587e-21
7.014925373e-05
-1.647869449e-20
7.014925373e-05
-1.391368282e-20
7.014925373e-05
-3.218976736e-20
7.014925373e-05
-1.696638362e-20
7.014925373e-05
-4.078863626e-21
7.014925373e-05
8.819800883e-22
7.014925373e-05
-2.039086907e-20
7.014925373e-05
-2.939203466e-20
7.014925373e-05
-2.847229278e-20
7.014925373e-05
7.341771649e-22
7.014925373e-05
2.530908837e-20
7.014925373e-05
2.927238586e-21
7.014925373e-05
2.02905907e-20
7.014925373e-05
-6.163106293e-21
7.014925373e-05
-2.211951469e-20
7.014925373e-05
-1.626630664e-20
7.014925373e-05
-1.984025398e-20
7.014925373e-05
1.02832865e-20
7.014925373e-05
-2.009931095e-20
7.014925373e-05
-6.248401838e-20
7.014925373e-05
-3.085470649e-20
7.014925373e-05
-2.783090385e-21
7.014925373e-05
8.872926625e-21
7.014925373e-05
2.40008451e-20
7.014925373e-05
3.743142855e-20
7.014925373e-05
8.06929748e-21
7.014925373e-05
1.514378745e-20
7.014925373e-05
-6.31761174e-21
7.014925373e-05
1.543779091e-21
7.014925373e-05
1.869316841e-21
7.014925373e-05
1.764457253e-20
7.014925373e-05
5.587396777e-20
7.014925373e-05
4.965103535e-20
7.014925373e-05
1.664485739e-21
7.014925373e-05
8.008954889e-21
7.014925373e-05
2.627835337e-20
7.014925373e-05
4.321883442e-21
7.014925373e-05
-1.498101607e-20
7.014925373e-05
4.511889058e-21
7.014925373e-05
2.092923075e-20
7.014925373e-05
1.769812605e-20
7.014925373e-05
2.549347155e-20
7.014925373e-05
-2.087712364e-21
7.014925373e-05
-2.938286911e-21
7.014925373e-05
7.884454773e-21
7.014925373e-05
-1.170989424e-20
7.014925373e-05
2.858060848e-20
7.014925373e-05
2.872022577e-21
7.014925373e-05
3.11661944e-21
7.014925373e-05
2.859077415e-20
7.014925373e-05
3.570159115e-20
7.014925373e-05
-1.914386907e-20
7.014925373e-05
-4.160241954e-20
7.014925373e-05
2.257773895e-20
7.014925373e-05
3.333855195e-20
7.014925373e-05
-1.811567696e-21
7.014925373e-05
-2.45596017e-20
7.014925373e-05
-1.952565668e-20
7.014925373e-05
-2.417302392e-20
7.014925373e-05
-8.002714933e-21
7.014925373e-05
1.450713021e-20
7.014925373e-05
-1.169904909e-20
7.014925373e-05
-5.164632952e-20
7.014925373e-05
-4.977748026e-20
7.014925373e-05
1.017124947e-20
7.014925373e-05
3.037329762e-20
7.014925373e-05
-8.965487779e-21
7.014925373e-05
-1.759538721e-20
7.014925373e-05
8.037572829e-21
7.014925373e-05
1.777033701e-20
7.014925373e-05
-1.075775786e-20
7.014925373e-05
1.604355938e-20
7.014925373e-05
-2.981212107e-20
7.014925373e-05
-5.358727839e-20
7.014925373e-05
-1.310851339e-20
7.014925373e-05
2.66807063e-20
7.014925373e-05
-1.870900351e-20
7.014925373e-05
-4.843083851e-20
7.014925373e-05
1.445564106e-20
7.014925373e-05
3.081995087e-20
7.014925373e-05
-3.553275186e-20
7.014925373e-05
-6.336045775e-20
7.014925373e-05
2.356934699e-20
7.014925373e-05
4.834878743e-20
7.014925373e-05
-2.791269584e-20
7.014925373e-05
-4.762583227e-20
7.014925373e-05
6.666224538e-21
7.014925373e-05
6.186687866e-20
7.014925373e-05
5.643635654e-20
7.014925373e-05
1.837704624e-20
7.014925373e-05
2.768234337e-21
7.014925373e-05
8.829770723e-21
7.014925373e-05
3.96988474e-20
7.014925373e-05
8.273884161e-21
7.014925373e-05
8.615288354e-21
7.014925373e-05
2.912596908e-20
7.014925373e-05
2.277329715e-20
7.014925373e-05
-3.05146891e-20
7.014925373e-05
-4.406849655e-20
7.014925373e-05
-3.280139212e-21
7.014925373e-05
5.826961358e-21
7.014925373e-05
-7.284787896e-21
7.014925373e-05
-3.013437447e-20
7.014925373e-05
-5.799526678e-20
7.014925373e-05
-6.624001501e-21
7.014925373e-05
2.066613319e-21
7.014925373e-05
-1.314201974e-21
7.014925373e-05
1.154655153e-20
7.014925373e-05
-3.592295679e-21
7.014925373e-05
4.419952321e-21
7.014925373e-05
-8.719657691e-20
7.014925373e-05
-1.732666946e-20
7.014925373e-05
2.970614751e-20
7.014925373e-05
9.988026915e-21
7.014925373e-05
-3.623582635e-20
7.014925373e-05
-6.928190195e-20
7.014925373e-05
3.35907411e-20
7.014925373e-05
9.881186761e-20
7.014925373e-05
8.281833109e-20
7.014925373e-05
-2.38549311e-20
7.014925373e-05
-1.403514747e-20
7.014925373e-05
9.771974993e-20
7.014925373e-05
3.520553748e-20
7.014925373e-05
2.232281519e-20
7.014925373e-05
5.309607852e-20
7.014925373e-05
5.917021088e-20
7.014925373e-05
3.07700408e-20
7.014925373e-05
-1.077069374e-19
7.014925373e-05
-7.73651102e-20
7.014925373e-05
2.869783527e-20
7.014925373e-05
-3.736828864e-20
7.014925373e-05
-2.151539534e-20
7.014925373e-05
2.672822345e-20
7.014925373e-05
1.742058588e-21
7.014925373e-05
-1.628923835e-20
7.014925373e-05
-3.868621316e-20
7.014925373e-05
6.130464999e-21
7.014925373e-05
1.013764321e-20
7.014925373e-05
1.16790926e-20
7.014925373e-05
1.139813387e-20
7.014925373e-05
-9.246425894e-21
7.014925373e-05
2.815538839e-20
7.014925373e-05
3.311258463e-20
7.014925373e-05
5.511457447e-20
7.014925373e-05
4.301469359e-21
7.014925373e-05
-9.652596261e-21
7.014925373e-05
3.704939402e-20
7.014925373e-05
-9.155634269e-20
7.014925373e-05
-7.18709424e-20
7.014925373e-05
-1.764597246e-20
7.014925373e-05
-4.044297928e-20
7.014925373e-05
-2.126989595e-20
7.014925373e-05
-1.161183965e-19
7.014925373e-05
-1.760004124e-20
7.014925373e-05
1.175282104e-19
7.014925373e-05
-2.0077131e-20
7.014925373e-05
9.716965901e-21
7.014925373e-05
1.015456933e-19
7.014925373e-05
6.277943651e-20
7.014925373e-05
5.336048329e-20
7.014925373e-05
-6.628228298e-20
7.014925373e-05
-1.763797066e-20
7.014925373e-05
7.887960526e-20
7.014925373e-05
2.459670273e-21
7.014925373e-05
-8.120208137e-20
7.014925373e-05
-6.141568051e-20
7.014925373e-05
3.108181484e-20
7.014925373e-05
3.900915197e-20
7.014925373e-05
1.38200835e-20
7.014925373e-05
-3.620782045e-20
7.014925373e-05
-3.173864946e-20
7.014925373e-05
-3.755939072e-20
7.014925373e-05
-2.542911777e-20
7.014925373e-05
3.149027693e-20
7.014925373e-05
2.841871666e-20
9.719436289e-21
6.567164179e-05
-1.05867125e-20
6.567164179e-05
-8.990557275e-21
6.567164179e-05
-2.491947016e-22
6.567164179e-05
-1.924503091e-20
6.567164179e-05
1.86256785e-20
6.567164179e-05
2.696319482e-20
6.567164179e-05
2.175590392e-20
6.567164179e-05
1.836586999e-20
6.567164179e-05
-1.561560853e-21
6.567164179e-05
6.216749833e-21
6.567164179e-05
3.766570894e-20
6.567164179e-05
2.263727885e-20
6.567164179e-05
-3.471261412e-21
6.567164179e-05
9.122488949e-21
6.567164179e-05
2.726563058e-20
6.567164179e-05
-1.607894378e-20
6.567164179e-05
-9.46431737e-21
6.567164179e-05
-1.982201431e-20
6.567164179e-05
-4.069124872e-20
6.567164179e-05
-2.098473464e-20
6.567164179e-05
1.313699192e-21
6.567164179e-05
1.222150406e-20
6.567164179e-05
1.342499771e-20
6.567164179e-05
8.617310205e-21
6.567164179e-05
-3.215701742e-21
6.567164179e-05
-3.16805582e-20
6.567164179e-05
-3.232199503e-20
6.567164179e-05
-2.053148845e-20
6.567164179e-05
5.442309093e-22
6.567164179e-05
3.000222403e-21
6.567164179e-05
-2.762623073e-20
6.567164179e-05
-1.801394896e-20
6.567164179e-05
-1.932840243e-21
6.567164179e-05
-1.222875802e-21
6.567164179e-05
2.02607431e-20
6.567164179e-05
8.136465945e-21
6.567164179e-05
1.504118781e-20
6.567164179e-05
-9.062816141e-21
6.567164179e-05
-1.063439072e-20
6.567164179e-05
4.625150054e-21
6.567164179e-05
-2.881143595e-20
6.567164179e-05
1.056047606e-20
6.567164179e-05
-4.936776463e-21
6.567164179e-05
-5.358774393e-20
6.567164179e-05
-3.701138646e-20
6.567164179e-05
-5.101348189e-21
6.567164179e-05
9.844074909e-21
6.567164179e-05
1.959861292e-20
6.567164179e-05
2.87693623e-20
6.567164179e-05
7.193000075e-21
6.567164179e-05
3.957761376e-21
6.567164179e-05
1.151557615e-20
6.567164179e-05
2.494631377e-21
6.567164179e-05
-1.959437845e-20
6.567164179e-05
-7.256788429e-22
6.567164179e-05
4.545343542e-20
6.567164179e-05
3.940168501e-20
6.567164179e-05
1.957365211e-20
6.567164179e-05
-2.750883068e-21
6.567164179e-05
1.486134223e-20
6.567164179e-05
1.175144577e-20
6.567164179e-05
-1.836307625e-20
6.567164179e-05
1.615778814e-20
6.567164179e-05
3.705415279e-22
6.567164179e-05
1.044579191e-20
6.567164179e-05
2.529979021e-20
6.567164179e-05
-7.859852242e-21
6.567164179e-05
-5.676244582e-21
6.567164179e-05
2.204644956e-21
6.567164179e-05
-1.379536714e-20
6.567164179e-05
3.83436275e-20
6.567164179e-05
-1.574659594e-21
6.567164179e-05
-1.085073912e-20
6.567164179e-05
2.890848238e-20
6.567164179e-05
3.841637308e-20
6.567164179e-05
-2.85446942e-20
6.567164179e-05
-6.188226077e-20
6.567164179e-05
2.513112495e-20
6.567164179e-05
5.348586739e-20
6.567164179e-05
-1.712886206e-21
6.567164179e-05
-2.245586263e-20
6.567164179e-05
-2.873442478e-20
6.567164179e-05
-1.722814605e-20
6.567164179e-05
-1.40340218e-20
6.567164179e-05
1.981863593e-20
6.567164179e-05
-3.546867256e-21
6.567164179e-05
-3.361134012e-20
6.567164179e-05
-4.560103831e-20
6.567164179e-05
9.38982584e-21
6.567164179e-05
2.658236595e-20
6.567164179e-05
-1.547522571e-20
6.567164179e-05
-1.707262146e-20
6.567164179e-05
2.124284679e-20
6.567164179e-05
2.190889744e-20
6.567164179e-05
-2.346529054e-20
6.567164179e-05
3.27849049e-20
6.567164179e-05
-9.750627711e-21
6.567164179e-05
-6.46452296e-20
6.567164179e-05
-5.972905774e-21
6.567164179e-05
2.38252515e-20
6.567164179e-05
-3.039516506e-20
6.567164179e-05
-5.245582844e-20
6.567164179e-05
2.154943276e-20
6.567164179e-05
3.955888973e-20
6.567164179e-05
-4.079612779e-20
6.567164179e-05
-6.198759198e-20
6.567164179e-05
2.408548122e-20
6.567164179e-05
4.519841973e-20
6.567164179e-05
-3.481583462e-20
6.567164179e-05
-3.873923095e-20
6.567164179e-05
4.198614506e-21
6.567164179e-05
4.757401516e-20
6.567164179e-05
4.836635558e-20
6.567164179e-05
3.07475658e-20
6.567164179e-05
-1.23057091e-20
6.567164179e-05
1.223198626e-20
6.567164179e-05
3.301052567e-20
6.567164179e-05
1.179302436e-20
6.567164179e-05
2.182830664e-20
6.567164179e-05
4.022556655e-20
6.567164179e-05
-4.562773292e-21
6.567164179e-05
-5.567574032e-20
6.567164179e-05
-4.171585787e-20
6.567164179e-05
1.952291198e-20
6.567164179e-05
7.8424905e-21
6.567164179e-05
-2.062555316e-20
6.567164179e-05
-1.120044454e-20
6.567164179e-05
-4.913331874e-20
6.567164179e-05
-2.374122272e-20
6.567164179e-05
6.493624021e-21
6.567164179e-05
7.647286466e-21
6.567164179e-05
2.822037963e-20
6.567164179e-05
-5.166550365e-21
6.567164179e-05
-1.897764295e-20
6.567164179e-05
-7.849233718e-20
6.567164179e-05
2.381721023e-21
6.567164179e-05
3.834770995e-20
6.567164179e-05
-2.984655982e-21
6.567164179e-05
-4.641089832e-20
6.567164179e-05
-7.621351056e-20
6.567164179e-05
2.017635054e-20
6.567164179e-05
8.54969993e-20
6.567164179e-05
8.398659038e-20
6.567164179e-05
-3.947769997e-20
6.567164179e-05
-4.739974845e-21
6.567164179e-05
9.227889656e-20
6.567164179e-05
3.160957195e-20
6.567164179e-05
2.23603556e-20
6.567164179e-05
4.986942152e-20
6.567164179e-05
7.029659781e-20
6.567164179e-05
4.206699567e-20
6.567164179e-05
-1.085596478e-19
6.567164179e-05
-7.105611061e-20
6.567164179e-05
2.753637762e-20
6.567164179e-05
-4.193999643e-20
6.567164179e-05
-2.968209275e-20
6.567164179e-05
2.703933318e-20
6.567164179e-05
6.384121258e-21
6.567164179e-05
8.582557983e-22
6.567164179e-05
-3.801117515e-20
6.567164179e-05
2.525247548e-21
6.567164179e-05
3.530793739e-21
6.567164179e-05
1.56172121e-21
6.567164179e-05
1.461510425e-20
6.567164179e-05
-1.192428305e-20
6.567164179e-05
7.482434495e-21
6.567164179e-05
2.94887418e-20
6.567164179e-05
7.62779618e-20
6.567164179e-05
-1.115931123e-20
6.567164179e-05
-7.355193858e-21
6.567164179e-05
5.648611668e-20
6.567164179e-05
-9.414938783e-20
6.567164179e-05
-7.784743084e-20
6.567164179e-05
-5.464996487e-21
6.567164179e-05
-5.3344064e-20
6.567164179e-05
-1.660758142e-20
6.567164179e-05
-1.274193989e-19
6.567164179e-05
-2.181567262e-20
6.567164179e-05
1.367306536e-19
6.567164179e-05
-1.881544532e-20
6.567164179e-05
1.204267855e-20
6.567164179e-05
9.990913763e-20
6.567164179e-05
5.020685999e-20
6.567164179e-05
3.856015429e-20
6.567164179e-05
-7.053729245e-20
6.567164179e-05
-2.091284095e-20
6.567164179e-05
1.00033831e-19
6.567164179e-05
-4.566855865e-22
6.567164179e-05
-8.476194353e-20
6.567164179e-05
-4.97098966e-20
6.567164179e-05
3.169688819e-20
6.567164179e-05
7.013257739e-20
6.567164179e-05
2.610022647e-20
6.567164179e-05
-4.737070103e-20
6.567164179e-05
-5.444995415e-20
6.567164179e-05
-4.669636059e-20
6.567164179e-05
-7.298335216e-21
6.567164179e-05
4.877724389e-20
6.567164179e-05
2.739329146e-20
1.474252199e-20
5.970149254e-05
-3.985493946e-21
5.970149254e-05
-1.127284248e-20
5.970149254e-05
-1.026730387e-20
5.970149254e-05
-3.528471681e-21
5.970149254e-05
1.64598514e-20
5.970149254e-05
5.840700837e-21
5.970149254e-05
1.481913018e-20
5.970149254e-05
2.710341949e-20
5.970149254e-05
-3.06837721e-22
5.970149254e-05
-6.821983707e-21
5.970149254e-05
2.016724147e-20
5.970149254e-05
2.224216034e-20
5.970149254e-05
-3.206267045e-21
5.970149254e-05
2.378004471e-20
5.970149254e-05
3.960627005e-20
5.970149254e-05
-1.805704903e-20
5.970149254e-05
-1.391429131e-20
5.970149254e-05
-1.603975185e-20
5.970149254e-05
-4.299004033e-20
5.970149254e-05
-3.170540016e-20
5.970149254e-05
5.912317671e-22
5.970149254e-05
1.743854533e-20
5.970149254e-05
2.110669944e-20
5.970149254e-05
3.008120409e-20
5.970149254e-05
-1.53527012e-20
5.970149254e-05
-3.372350251e-20
5.970149254e-05
-3.236502023e-20
5.970149254e-05
-1.265871985e-20
5.970149254e-05
4.088713101e-21
5.970149254e-05
-2.115998918e-20
5.970149254e-05
-2.904231524e-20
5.970149254e-05
-6.58058539e-21
5.970149254e-05
-7.573429146e-21
5.970149254e-05
9.958419726e-21
5.970149254e-05
3.868244316e-20
5.970149254e-05
1.883669303e-21
5.970149254e-05
7.131712e-22
5.970149254e-05
-1.487634947e-20
5.970149254e-05
-1.59723581e-20
5.970149254e-05
1.106963908e-20
5.970149254e-05
-1.354594719e-20
5.970149254e-05
-2.021716877e-21
5.970149254e-05
9.657944445e-21
5.970149254e-05
-1.182578726e-20
5.970149254e-05
-3.052946888e-20
5.970149254e-05
-1.689343716e-20
5.970149254e-05
-8.088764949e-21
5.970149254e-05
-3.04758013e-21
5.970149254e-05
2.011204287e-20
5.970149254e-05
6.420199591e-22
5.970149254e-05
7.573727617e-21
5.970149254e-05
8.566621255e-21
5.970149254e-05
1.660276029e-20
5.970149254e-05
-2.083162819e-20
5.970149254e-05
-1.445402683e-20
5.970149254e-05
3.509491753e-20
5.970149254e-05
4.650578052e-20
5.970149254e-05
1.536144716e-20
5.970149254e-05
-1.175537831e-20
5.970149254e-05
1.21182367e-20
5.970149254e-05
1.231571563e-20
5.970149254e-05
-8.296350811e-21
5.970149254e-05
7.619223542e-21
5.970149254e-05
-3.843491656e-21
5.970149254e-05
8.162456886e-21
5.970149254e-05
2.567073914e-20
5.970149254e-05
-8.579331958e-21
5.970149254e-05
1.054519204e-20
5.970149254e-05
5.689298816e-21
5.970149254e-05
-4.992782428e-21
5.970149254e-05
3.854439713e-20
5.970149254e-05
-2.996521834e-21
5.970149254e-05
-2.563699352e-20
5.970149254e-05
2.918203818e-20
5.970149254e-05
3.706549652e-20
5.970149254e-05
-3.651723448e-20
5.970149254e-05
-5.921270035e-20
5.970149254e-05
3.761148565e-20
5.970149254e-05
5.605465405e-20
5.970149254e-05
-2.639619532e-21
5.970149254e-05
-1.717112626e-20
5.970149254e-05
-2.57663151e-20
5.970149254e-05
-3.496545367e-20
5.970149254e-05
-2.318439668e-21
5.970149254e-05
3.420598666e-20
5.970149254e-05
-1.131321945e-20
5.970149254e-05
-3.678480416e-20
5.970149254e-05
-4.784286704e-20
5.970149254e-05
1.854180872e-21
5.970149254e-05
2.406222407e-20
5.970149254e-05
-1.194823066e-20
5.970149254e-05
4.934197711e-21
5.970149254e-05
2.994732116e-20
5.970149254e-05
1.517409989e-20
5.970149254e-05
-2.458498884e-20
5.970149254e-05
4.11175288e-20
5.970149254e-05
-9.711381854e-21
5.970149254e-05
-6.731464791e-20
5.970149254e-05
-2.644657411e-21
5.970149254e-05
2.705583759e-20
5.970149254e-05
-3.001362614e-20
5.970149254e-05
-5.643928906e-20
5.970149254e-05
2.527730945e-20
5.970149254e-05
4.453538384e-20
5.970149254e-05
-2.876101438e-20
5.970149254e-05
-4.946271043e-20
5.970149254e-05
2.518053711e-20
5.970149254e-05
4.204632097e-20
5.970149254e-05
-3.255692189e-20
5.970149254e-05
-4.032665928e-20
5.970149254e-05
-1.552280372e-20
5.970149254e-05
4.290677356e-20
5.970149254e-05
5.219264556e-20
5.970149254e-05
2.269555119e-20
5.970149254e-05
-1.712046592e-20
5.970149254e-05
-4.806818293e-21
5.970149254e-05
2.48837164e-20
5.970149254e-05
2.284217231e-20
5.970149254e-05
1.522609969e-20
5.970149254e-05
2.830474753e-20
5.970149254e-05
1.459025212e-20
5.970149254e-05
-5.645580716e-20
5.970149254e-05
-3.5749724e-20
5.970149254e-05
3.8641262e-20
5.970149254e-05
8.290305226e-21
5.970149254e-05
-1.960826359e-20
5.970149254e-05
-1.239281067e-20
5.970149254e-05
-5.724366519e-20
5.970149254e-05
-9.56255905e-21
5.970149254e-05
-9.072385022e-21
5.970149254e-05
-3.596643898e-21
5.970149254e-05
3.200316846e-20
5.970149254e-05
1.992734981e-21
5.970149254e-05
-1.998298986e-20
5.970149254e-05
-7.983075726e-20
5.970149254e-05
1.480780152e-20
5.970149254e-05
7.251876531e-20
5.970149254e-05
-2.471475728e-21
5.970149254e-05
-6.371180804e-20
5.970149254e-05
-7.805459591e-20
5.970149254e-05
2.975348791e-20
5.970149254e-05
8.474803803e-20
5.970149254e-05
6.650130788e-20
5.970149254e-05
-5.774601825e-20
5.970149254e-05
-1.070947329e-20
5.970149254e-05
9.377807277e-20
5.970149254e-05
2.154410678e-20
5.970149254e-05
1.522507905e-20
5.970149254e-05
5.682264462e-20
5.970149254e-05
8.326588868e-20
5.970149254e-05
4.693340855e-20
5.970149254e-05
-1.228548399e-19
5.970149254e-05
-7.610879222e-20
5.970149254e-05
4.876343787e-20
5.970149254e-05
-4.675133265e-20
5.970149254e-05
-2.377074705e-20
5.970149254e-05
4.295580728e-20
5.970149254e-05
-1.559109703e-21
5.970149254e-05
2.057210455e-21
5.970149254e-05
-2.64032875e-20
5.970149254e-05
2.854308972e-21
5.970149254e-05
1.072575132e-21
5.970149254e-05
-1.602810872e-21
5.970149254e-05
-3.374137323e-21
5.970149254e-05
-1.094696378e-20
5.970149254e-05
6.347468975e-21
5.970149254e-05
2.722834548e-20
5.970149254e-05
7.411470669e-20
5.970149254e-05
-1.184219752e-20
5.970149254e-05
-7.215924421e-21
5.970149254e-05
5.253228791e-20
5.970149254e-05
-1.088861809e-19
5.970149254e-05
-7.730816454e-20
5.970149254e-05
1.348626429e-20
5.970149254e-05
-3.290635799e-20
5.970149254e-05
-5.537314554e-21
5.970149254e-05
-1.236290361e-19
5.970149254e-05
-3.094197383e-20
5.970149254e-05
1.287775722e-19
5.970149254e-05
-3.019496328e-20
5.970149254e-05
1.139239991e-20
5.970149254e-05
1.111471063e-19
5.970149254e-05
4.516688194e-20
5.970149254e-05
4.152318662e-20
5.970149254e-05
-8.941388323e-20
5.970149254e-05
-3.546292379e-20
5.970149254e-05
1.180219329e-19
5.970149254e-05
7.128394063e-21
5.970149254e-05
-1.078595701e-19
5.970149254e-05
-5.026360113e-20
5.970149254e-05
4.511509614e-20
5.970149254e-05
8.131312781e-20
5.970149254e-05
3.192704941e-20
5.970149254e-05
-5.86976518e-20
5.970149254e-05
-5.583544216e-20
5.970149254e-05
-4.927497403e-20
5.970149254e-05
-1.824348559e-21
5.970149254e-05
5.657635687e-20
5.970149254e-05
2.149972873e-20
1.745419685e-20
5.223880597e-05
-1.419744423e-21
5.223880597e-05
-1.324044513e-20
5.223880597e-05
-2.014867329e-22
5.223880597e-05
-1.155194241e-20
5.223880597e-05
-1.951085758e-21
5.223880597e-05
2.127227831e-21
5.223880597e-05
1.117406768e-20
5.223880597e-05
1.221813553e-20
5.223880597e-05
-1.146318847e-20
5.223880597e-05
2.819110101e-21
5.223880597e-05
2.356220435e-20
5.223880597e-05
1.221845086e-20
5.223880597e-05
6.695708808e-21
5.223880597e-05
3.851287245e-20
5.223880597e-05
2.429811248e-20
5.223880597e-05
-2.215078097e-20
5.223880597e-05
-2.688794339e-21
5.223880597e-05
-1.060547605e-20
5.223880597e-05
-4.142173422e-20
5.223880597e-05
-1.74282913e-20
5.223880597e-05
-2.442587571e-21
5.223880597e-05
-1.604848846e-21
5.223880597e-05
1.294231755e-20
5.223880597e-05
3.169082541e-20
5.223880597e-05
4.344861345e-22
5.223880597e-05
-2.896078909e-20
5.223880597e-05
-3.317909687e-20
5.223880597e-05
-9.11717825e-21
5.223880597e-05
-1.220502259e-20
5.223880597e-05
-2.678855105e-20
5.223880597e-05
-7.959223988e-21
5.223880597e-05
-4.227283128e-21
5.223880597e-05
-4.694035657e-21
5.223880597e-05
8.692326704e-21
5.223880597e-05
3.356340956e-20
5.223880597e-05
1.414024777e-21
5.223880597e-05
-1.916657361e-21
5.223880597e-05
-1.477968176e-20
5.223880597e-05
-1.632372342e-20
5.223880597e-05
5.990767304e-21
5.223880597e-05
-1.718744542e-20
5.223880597e-05
1.400924154e-20
5.223880597e-05
9.388897429e-21
5.223880597e-05
4.382829052e-21
5.223880597e-05
-1.702553312e-20
5.223880597e-05
-9.33456898e-21
5.223880597e-05
-1.035032639e-20
5.223880597e-05
-5.058274868e-21
5.223880597e-05
7.401353129e-21
5.223880597e-05
-2.556908787e-21
5.223880597e-05
-3.781657026e-21
5.223880597e-05
7.453054767e-21
5.223880597e-05
2.507603885e-21
5.223880597e-05
-9.316703902e-21
5.223880597e-05
-9.286148969e-21
5.223880597e-05
4.060729457e-20
5.223880597e-05
2.816786262e-20
5.223880597e-05
-1.036192906e-20
5.223880597e-05
-2.781070519e-21
5.223880597e-05
-5.518855497e-23
5.223880597e-05
1.132349124e-20
5.223880597e-05
3.008142485e-21
5.223880597e-05
5.76300477e-21
5.223880597e-05
5.811782678e-23
5.223880597e-05
-9.687765083e-22
5.223880597e-05
1.96110915e-20
5.223880597e-05
-2.776060434e-21
5.223880597e-05
2.736340016e-20
5.223880597e-05
1.554551102e-20
5.223880597e-05
-1.408416433e-20
5.223880597e-05
4.532398399e-20
5.223880597e-05
-1.790569918e-20
5.223880597e-05
-4.237761264e-20
5.223880597e-05
3.326725746e-20
5.223880597e-05
5.09965988e-20
5.223880597e-05
-1.989341346e-20
5.223880597e-05
-7.114547362e-20
5.223880597e-05
3.130770904e-20
5.223880597e-05
5.388662175e-20
5.223880597e-05
-4.925273008e-21
5.223880597e-05
-1.80056451e-20
5.223880597e-05
-2.620044347e-20
5.223880597e-05
-3.537246981e-20
5.223880597e-05
1.672896861e-21
5.223880597e-05
3.971337284e-20
5.223880597e-05
-1.829791782e-20
5.223880597e-05
-3.106035282e-20
5.223880597e-05
-3.398231177e-20
5.223880597e-05
1.312024142e-20
5.223880597e-05
9.629464495e-21
5.223880597e-05
-2.065738141e-20
5.223880597e-05
2.428413803e-20
5.223880597e-05
5.401259252e-20
5.223880597e-05
4.055804036e-21
5.223880597e-05
-4.502468758e-20
5.223880597e-05
4.051563579e-20
5.223880597e-05
-1.821973726e-20
5.223880597e-05
-6.78617776e-20
5.223880597e-05
2.173445829e-20
5.223880597e-05
3.789632085e-20
5.223880597e-05
-3.635768506e-20
5.223880597e-05
-5.93400145e-20
5.223880597e-05
3.340980434e-20
5.223880597e-05
5.688106087e-20
5.223880597e-05
-3.158767034e-20
5.223880597e-05
-6.482499245e-20
5.223880597e-05
2.514370119e-20
5.223880597e-05
4.512503001e-20
5.223880597e-05
-3.890113654e-20
5.223880597e-05
-2.833808405e-20
5.223880597e-05
-2.595681081e-20
5.223880597e-05
4.931772536e-20
5.223880597e-05
4.697390392e-20
5.223880597e-05
-5.184267628e-22
5.223880597e-05
-7.901701788e-21
5.223880597e-05
3.713685737e-21
5.223880597e-05
1.020029585e-20
5.223880597e-05
-4.934883413e-21
5.223880597e-05
1.023912762e-20
5.223880597e-05
4.206125133e-20
5.223880597e-05
2.494722805e-20
5.223880597e-05
-4.880965647e-20
5.223880597e-05
-4.845893809e-20
5.223880597e-05
3.515768067e-20
5.223880597e-05
1.580222367e-20
5.223880597e-05
-3.490798502e-20
5.223880597e-05
1.724205308e-21
5.223880597e-05
-3.27502119e-20
5.223880597e-05
-6.434171891e-21
5.223880597e-05
-1.422212972e-20
5.223880597e-05
-1.037197516e-20
5.223880597e-05
3.469671335e-20
5.223880597e-05
-3.222083025e-21
5.223880597e-05
-8.211945544e-21
5.223880597e-05
-9.383693506e-20
5.223880597e-05
2.428157403e-20
5.223880597e-05
1.069998214e-19
5.223880597e-05
1.060326131e-20
5.223880597e-05
-8.490917963e-20
5.223880597e-05
-9.930432432e-20
5.223880597e-05
3.793835418e-20
5.223880597e-05
8.607289995e-20
5.223880597e-05
4.299360894e-20
5.223880597e-05
-7.678172683e-20
5.223880597e-05
-6.689552735e-21
5.223880597e-05
1.167462479e-19
5.223880597e-05
-5.131833812e-21
5.223880597e-05
-2.414167931e-20
5.223880597e-05
5.102997373e-20
5.223880597e-05
1.002680875e-19
5.223880597e-05
3.86340068e-20
5.223880597e-05
-1.483313566e-19
5.223880597e-05
-5.270536128e-20
5.223880597e-05
7.002060138e-20
5.223880597e-05
-5.870483544e-20
5.223880597e-05
-2.540327587e-20
5.223880597e-05
5.872944817e-20
5.223880597e-05
1.482822457e-20
5.223880597e-05
1.366137505e-20
5.223880597e-05
-4.928499851e-20
5.223880597e-05
2.769671379e-20
5.223880597e-05
9.657961383e-21
5.223880597e-05
8.333721477e-22
5.223880597e-05
-4.585824141e-21
5.223880597e-05
-2.455782911e-20
5.223880597e-05
-1.345666562e-20
5.223880597e-05
2.622634281e-20
5.223880597e-05
7.416789552e-20
5.223880597e-05
-3.153853976e-20
5.223880597e-05
5.455073283e-21
5.223880597e-05
7.315049196e-20
5.223880597e-05
-1.032244129e-19
5.223880597e-05
-7.028759162e-20
5.223880597e-05
2.341873628e-20
5.223880597e-05
-2.577883618e-20
5.223880597e-05
1.89935982e-21
5.223880597e-05
-1.353948083e-19
5.223880597e-05
-1.71244851e-20
5.223880597e-05
1.490025324e-19
5.223880597e-05
-6.045316419e-20
5.223880597e-05
4.874277142e-21
5.223880597e-05
1.203060391e-19
5.223880597e-05
4.099939352e-20
5.223880597e-05
2.648169164e-20
5.223880597e-05
-1.060393893e-19
5.223880597e-05
-2.272724365e-20
5.223880597e-05
1.218673825e-19
5.223880597e-05
8.795693656e-23
5.223880597e-05
-1.037588976e-19
5.223880597e-05
-5.257839126e-20
5.223880597e-05
5.465888806e-20
5.223880597e-05
6.942182772e-20
5.223880597e-05
2.09567897e-20
5.223880597e-05
-5.556588737e-20
5.223880597e-05
-3.216361116e-20
5.223880597e-05
-1.221823371e-20
5.223880597e-05
-2.658853494e-20
5.223880597e-05
3.515241892e-20
5.223880597e-05
2.785282124e-20
2.209077785e-20
4.328358209e-05
-1.264086102e-20
4.328358209e-05
-5.172146895e-21
4.328358209e-05
2.313975299e-21
4.328358209e-05
-3.793349315e-21
4.328358209e-05
-1.475096481e-20
4.328358209e-05
-2.367390851e-20
4.328358209e-05
1.071441978e-20
4.328358209e-05
1.340224839e-20
4.328358209e-05
-1.820522235e-20
4.328358209e-05
8.082578493e-21
4.328358209e-05
1.394375217e-20
4.328358209e-05
1.428698896e-20
4.328358209e-05
2.254146957e-20
4.328358209e-05
2.934919316e-20
4.328358209e-05
6.364110212e-21
4.328358209e-05
-1.465181542e-20
4.328358209e-05
9.884419709e-21
4.328358209e-05
-1.308513054e-20
4.328358209e-05
-4.0942809e-20
4.328358209e-05
-1.443466026e-20
4.328358209e-05
1.422915227e-20
4.328358209e-05
6.326780149e-21
4.328358209e-05
1.311195916e-20
4.328358209e-05
9.03384931e-21
4.328358209e-05
-1.416377797e-20
4.328358209e-05
-1.549312864e-20
4.328358209e-05
-1.316715494e-20
4.328358209e-05
-1.052921266e-21
4.328358209e-05
-1.670869397e-20
4.328358209e-05
-3.33146318e-20
4.328358209e-05
-1.085945416e-20
4.328358209e-05
8.112902114e-21
4.328358209e-05
2.995117241e-21
4.328358209e-05
1.391073955e-20
4.328358209e-05
2.445534006e-20
4.328358209e-05
-1.181861246e-20
4.328358209e-05
-8.64448929e-22
4.328358209e-05
-1.636218596e-20
4.328358209e-05
-8.785746346e-21
4.328358209e-05
2.172791193e-20
4.328358209e-05
-3.305137225e-20
4.328358209e-05
7.371674313e-21
4.328358209e-05
3.18959708e-20
4.328358209e-05
-2.098743849e-21
4.328358209e-05
-1.816978586e-20
4.328358209e-05
-7.04077203e-21
4.328358209e-05
-4.604578465e-22
4.328358209e-05
-3.7112257e-21
4.328358209e-05
6.537129412e-21
4.328358209e-05
-2.232142045e-20
4.328358209e-05
-1.367319117e-20
4.328358209e-05
9.578871781e-21
4.328358209e-05
4.19347736e-21
4.328358209e-05
-1.466371775e-22
4.328358209e-05
1.03791291e-21
4.328358209e-05
2.659423697e-20
4.328358209e-05
1.431356409e-20
4.328358209e-05
-1.227688338e-20
4.328358209e-05
-2.297934556e-21
4.328358209e-05
6.940962013e-22
4.328358209e-05
6.020094726e-21
4.328358209e-05
1.328622831e-20
4.328358209e-05
6.230079375e-21
4.328358209e-05
-7.018867699e-21
4.328358209e-05
6.568396217e-21
4.328358209e-05
3.066374522e-21
4.328358209e-05
-8.664222688e-22
4.328358209e-05
3.081217154e-20
4.328358209e-05
1.587750591e-20
4.328358209e-05
-2.227050453e-20
4.328358209e-05
2.594472445e-20
4.328358209e-05
-2.560311343e-20
4.328358209e-05
-3.44066065e-20
4.328358209e-05
4.615402348e-20
4.328358209e-05
5.078840569e-20
4.328358209e-05
-3.672765961e-20
4.328358209e-05
-6.049647758e-20
4.328358209e-05
4.419355421e-20
4.328358209e-05
4.663510845e-20
4.328358209e-05
-1.629711858e-20
4.328358209e-05
-7.261325697e-21
4.328358209e-05
-2.207492764e-20
4.328358209e-05
-2.25096932e-20
4.328358209e-05
-4.397431712e-21
4.328358209e-05
2.255249597e-20
4.328358209e-05
2.014872141e-21
4.328358209e-05
-1.374788911e-20
4.328358209e-05
-2.166060324e-20
4.328358209e-05
2.040496457e-20
4.328358209e-05
1.04073319e-20
4.328358209e-05
-1.890933601e-20
4.328358209e-05
5.488707904e-21
4.328358209e-05
3.309881456e-20
4.328358209e-05
4.092153625e-21
4.328358209e-05
-3.913736106e-20
4.328358209e-05
1.214699337e-20
4.328358209e-05
-1.798790622e-20
4.328358209e-05
-3.891645563e-20
4.328358209e-05
2.363136396e-20
4.328358209e-05
3.708342322e-20
4.328358209e-05
-3.232562829e-20
4.328358209e-05
-5.413615343e-20
4.328358209e-05
3.703497376e-20
4.328358209e-05
6.639977381e-20
4.328358209e-05
-1.815626852e-20
4.328358209e-05
-5.697388691e-20
4.328358209e-05
2.405697683e-20
4.328358209e-05
3.51489438e-20
4.328358209e-05
-4.357888276e-20
4.328358209e-05
-3.979083664e-20
4.328358209e-05
-1.392646883e-20
4.328358209e-05
4.904106702e-20
4.328358209e-05
3.046472768e-20
4.328358209e-05
-6.358312477e-21
4.328358209e-05
-1.778415149e-20
4.328358209e-05
1.230412677e-21
4.328358209e-05
2.308018987e-20
4.328358209e-05
-5.570520124e-21
4.328358209e-05
-1.583076183e-20
4.328358209e-05
2.596908213e-20
4.328358209e-05
3.941442372e-20
4.328358209e-05
-3.223001475e-20
4.328358209e-05
-3.699121273e-20
4.328358209e-05
2.449137443e-20
4.328358209e-05
1.276476966e-20
4.328358209e-05
-2.183718943e-20
4.328358209e-05
-1.191992735e-20
4.328358209e-05
-1.392230443e-20
4.328358209e-05
1.780525668e-20
4.328358209e-05
-1.212340664e-20
4.328358209e-05
-3.704515121e-20
4.328358209e-05
2.467298373e-20
4.328358209e-05
1.078633725e-20
4.328358209e-05
5.200825211e-22
4.328358209e-05
-9.298259121e-20
4.328358209e-05
1.72517843e-20
4.328358209e-05
9.459930857e-20
4.328358209e-05
3.174294801e-20
4.328358209e-05
-6.490858342e-20
4.328358209e-05
-9.72992741e-20
4.328358209e-05
4.191852643e-20
4.328358209e-05
7.670263223e-20
4.328358209e-05
2.235339653e-20
4.328358209e-05
-8.300167575e-20
4.328358209e-05
-2.157166289e-21
4.328358209e-05
1.005714685e-19
4.328358209e-05
-2.453990784e-20
4.328358209e-05
-2.208324155e-20
4.328358209e-05
5.455989837e-20
4.328358209e-05
6.806689549e-20
4.328358209e-05
2.029932194e-20
4.328358209e-05
-1.257889908e-19
4.328358209e-05
-3.235950467e-20
4.328358209e-05
8.087914785e-20
4.328358209e-05
-4.969646108e-20
4.328358209e-05
-2.032699096e-20
4.328358209e-05
5.376581697e-20
4.328358209e-05
1.659366395e-20
4.328358209e-05
1.487594625e-20
4.328358209e-05
-4.562826269e-20
4.328358209e-05
1.897681682e-20
4.328358209e-05
9.635664702e-21
4.328358209e-05
6.745977012e-21
4.328358209e-05
-1.22912005e-20
4.328358209e-05
-3.07220926e-20
4.328358209e-05
5.978605684e-21
4.328358209e-05
1.608298673e-20
4.328358209e-05
6.159289639e-20
4.328358209e-05
-1.977607085e-20
4.328358209e-05
-1.446823345e-20
4.328358209e-05
5.058566116e-20
4.328358209e-05
-8.560208448e-20
4.328358209e-05
-4.111417492e-20
4.328358209e-05
3.132218261e-20
4.328358209e-05
-9.977157385e-21
4.328358209e-05
6.28224115e-21
4.328358209e-05
-1.297769382e-19
4.328358209e-05
-3.408816013e-20
4.328358209e-05
1.35214537e-19
4.328358209e-05
-4.339695374e-20
4.328358209e-05
-2.909638759e-21
4.328358209e-05
1.033791755e-19
4.328358209e-05
3.333658016e-20
4.328358209e-05
1.183982641e-20
4.328358209e-05
-1.017372014e-19
4.328358209e-05
-5.248541427e-21
4.328358209e-05
1.238762516e-19
4.328358209e-05
1.148253605e-20
4.328358209e-05
-9.346085326e-20
4.328358209e-05
-6.427022475e-20
4.328358209e-05
4.819747539e-20
4.328358209e-05
7.658715044e-20
4.328358209e-05
1.127638825e-20
4.328358209e-05
-5.364046519e-20
4.328358209e-05
-2.219351391e-20
4.328358209e-05
-2.217675408e-20
4.328358209e-05
-1.597347219e-20
4.328358209e-05
3.415661608e-20
4.328358209e-05
2.826030459e-20
2.057039123e-20
3.28358209e-05
6.665159519e-21
3.28358209e-05
-1.015124656e-20
3.28358209e-05
6.716641207e-21
3.28358209e-05
4.121783145e-21
3.28358209e-05
-1.574444222e-20
3.28358209e-05
-2.465265743e-20
3.28358209e-05
1.416593446e-20
3.28358209e-05
3.55582274e-20
3.28358209e-05
-1.732059035e-20
3.28358209e-05
-8.334935589e-21
3.28358209e-05
1.354912836e-20
3.28358209e-05
-8.836824644e-21
3.28358209e-05
2.85797339e-21
3.28358209e-05
2.988794854e-20
3.28358209e-05
7.405332978e-21
3.28358209e-05
-7.848491521e-21
3.28358209e-05
1.920807238e-20
3.28358209e-05
-2.425402998e-20
3.28358209e-05
-3.558768541e-20
3.28358209e-05
-4.975561857e-22
3.28358209e-05
4.435115274e-21
3.28358209e-05
6.522378541e-21
3.28358209e-05
2.147997102e-20
3.28358209e-05
9.427778357e-21
3.28358209e-05
-2.277731577e-20
3.28358209e-05
-1.980949224e-20
3.28358209e-05
-1.808481134e-20
3.28358209e-05
6.122533113e-21
3.28358209e-05
-1.286230906e-20
3.28358209e-05
-3.675494452e-20
3.28358209e-05
-6.562142375e-21
3.28358209e-05
1.157602464e-20
3.28358209e-05
1.898840643e-20
3.28358209e-05
1.784173726e-20
3.28358209e-05
1.184875298e-20
3.28358209e-05
-2.301358972e-20
3.28358209e-05
-1.096581674e-20
3.28358209e-05
-6.164780685e-21
3.28358209e-05
1.720300191e-20
3.28358209e-05
3.083626578e-20
3.28358209e-05
-4.453715811e-20
3.28358209e-05
-7.041841586e-22
3.28358209e-05
1.842240529e-20
3.28358209e-05
-6.720276616e-21
3.28358209e-05
-4.852023269e-21
3.28358209e-05
8.619348807e-21
3.28358209e-05
6.353582423e-21
3.28358209e-05
-9.749894341e-21
3.28358209e-05
-4.573987788e-21
3.28358209e-05
-1.770137556e-20
3.28358209e-05
-2.597979373e-21
3.28358209e-05
1.863237211e-20
3.28358209e-05
-3.4290502e-21
3.28358209e-05
-3.357518913e-21
3.28358209e-05
-4.780362322e-23
3.28358209e-05
3.365427233e-20
3.28358209e-05
1.159003326e-21
3.28358209e-05
-1.901904352e-20
3.28358209e-05
-3.826580733e-22
3.28358209e-05
-1.128687356e-21
3.28358209e-05
1.551071943e-21
3.28358209e-05
1.277332769e-20
3.28358209e-05
6.812204183e-21
3.28358209e-05
-1.391440458e-20
3.28358209e-05
7.571633836e-22
3.28358209e-05
1.234932016e-20
3.28358209e-05
2.435046332e-21
3.28358209e-05
2.62166996e-20
3.28358209e-05
2.581462264e-21
3.28358209e-05
-2.705558596e-20
3.28358209e-05
2.633036916e-20
3.28358209e-05
-2.268885942e-20
3.28358209e-05
-2.098551841e-20
3.28358209e-05
3.392851966e-20
3.28358209e-05
2.503354279e-20
3.28358209e-05
-2.306812473e-20
3.28358209e-05
-3.845294699e-20
3.28358209e-05
2.524920691e-20
3.28358209e-05
2.659565324e-20
3.28358209e-05
-4.221653704e-22
3.28358209e-05
8.349550209e-21
3.28358209e-05
-1.326722142e-20
3.28358209e-05
-3.705466363e-20
3.28358209e-05
-6.534514244e-21
3.28358209e-05
2.975694713e-20
3.28358209e-05
1.833130733e-21
3.28358209e-05
-1.2385201e-20
3.28358209e-05
-1.058027844e-20
3.28358209e-05
1.983974406e-20
3.28358209e-05
1.406977627e-20
3.28358209e-05
-1.743595422e-20
3.28358209e-05
-1.057568057e-20
3.28358209e-05
2.174067676e-20
3.28358209e-05
6.442958878e-21
3.28358209e-05
-2.868177911e-20
3.28358209e-05
1.402214449e-20
3.28358209e-05
-5.620971085e-21
3.28358209e-05
-3.206791052e-20
3.28358209e-05
1.716813547e-20
3.28358209e-05
2.082082076e-20
3.28358209e-05
-1.769128529e-20
3.28358209e-05
-3.668580269e-20
3.28358209e-05
2.130982166e-20
3.28358209e-05
4.044402741e-20
3.28358209e-05
-1.096951446e-20
3.28358209e-05
-3.047922337e-20
3.28358209e-05
1.272625437e-20
3.28358209e-05
1.681449484e-20
3.28358209e-05
-2.380081624e-20
3.28358209e-05
-2.143624252e-20
3.28358209e-05
-2.23264933e-20
3.28358209e-05
5.003281694e-20
3.28358209e-05
2.663239929e-20
3.28358209e-05
-2.07223338e-20
3.28358209e-05
-1.806249993e-20
3.28358209e-05
-1.42010579e-20
3.28358209e-05
1.918702737e-20
3.28358209e-05
4.018652333e-21
3.28358209e-05
-1.3713036e-20
3.28358209e-05
2.948154344e-21
3.28358209e-05
2.37258285e-20
3.28358209e-05
-1.558980102e-20
3.28358209e-05
-3.090752889e-20
3.28358209e-05
3.27544932e-20
3.28358209e-05
1.512657106e-20
3.28358209e-05
-1.194096828e-20
3.28358209e-05
-7.999806453e-21
3.28358209e-05
-1.336354085e-20
3.28358209e-05
2.039028477e-20
3.28358209e-05
-2.205593267e-20
3.28358209e-05
-1.866140696e-20
3.28358209e-05
1.950147502e-20
3.28358209e-05
-2.190688349e-21
3.28358209e-05
6.672884712e-22
3.28358209e-05
-5.782113668e-20
3.28358209e-05
1.42672127e-20
3.28358209e-05
9.771833903e-20
3.28358209e-05
1.588121806e-20
3.28358209e-05
-7.490312356e-20
3.28358209e-05
-7.157950124e-20
3.28358209e-05
2.238543842e-20
3.28358209e-05
5.965896391e-20
3.28358209e-05
1.665544238e-20
3.28358209e-05
-7.841104996e-20
3.28358209e-05
-1.223326434e-20
3.28358209e-05
9.486694351e-20
3.28358209e-05
-1.652441786e-20
3.28358209e-05
-3.974705361e-20
3.28358209e-05
4.357461095e-20
3.28358209e-05
7.073795228e-20
3.28358209e-05
9.912898298e-21
3.28358209e-05
-1.070037833e-19
3.28358209e-05
-3.248134236e-20
3.28358209e-05
6.976714146e-20
3.28358209e-05
-4.020032042e-20
3.28358209e-05
-1.789396424e-20
3.28358209e-05
5.610784523e-20
3.28358209e-05
1.490050167e-20
3.28358209e-05
9.499779595e-21
3.28358209e-05
-4.075754524e-20
3.28358209e-05
1.718203229e-20
3.28358209e-05
2.650486438e-20
3.28358209e-05
1.691189742e-21
3.28358209e-05
-1.617617644e-20
3.28358209e-05
-2.284546649e-20
3.28358209e-05
4.587970309e-21
3.28358209e-05
1.442357906e-20
3.28358209e-05
4.667620587e-20
3.28358209e-05
-2.272406497e-20
3.28358209e-05
-2.01247156e-20
3.28358209e-05
4.682277842e-20
3.28358209e-05
-5.965384373e-20
3.28358209e-05
-3.37155073e-20
3.28358209e-05
4.728133953e-20
3.28358209e-05
-2.01755447e-21
3.28358209e-05
-3.33825007e-21
3.28358209e-05
-1.008797347e-19
3.28358209e-05
-3.637554927e-21
3.28358209e-05
1.110030208e-19
3.28358209e-05
-5.314755731e-20
3.28358209e-05
-1.130703961e-20
3.28358209e-05
8.988853039e-20
3.28358209e-05
1.082866453e-20
3.28358209e-05
-7.043911771e-21
3.28358209e-05
-9.052057298e-20
3.28358209e-05
2.277094975e-21
3.28358209e-05
1.161580962e-19
3.28358209e-05
-1.610440683e-21
3.28358209e-05
-8.290270193e-20
3.28358209e-05
-2.619944258e-20
3.28358209e-05
3.453734014e-20
3.28358209e-05
3.661854152e-20
3.28358209e-05
2.108827352e-20
3.28358209e-05
-3.402906126e-20
3.28358209e-05
-1.957584395e-20
3.28358209e-05
-2.608578385e-20
3.28358209e-05
-1.663600624e-20
3.28358209e-05
2.683574643e-20
3.28358209e-05
2.132497174e-20
2.947661104e-20
2.089552239e-05
1.329504694e-20
2.089552239e-05
3.068485343e-21
2.089552239e-05
-6.484790635e-21
2.089552239e-05
-1.505646439e-20
2.089552239e-05
-1.876732825e-20
2.089552239e-05
-2.345818603e-20
2.089552239e-05
1.013367363e-20
2.089552239e-05
2.486859215e-20
2.089552239e-05
-3.12841663e-21
2.089552239e-05
-3.534121101e-22
2.089552239e-05
1.033648483e-20
2.089552239e-05
-5.19705964e-21
2.089552239e-05
3.995888229e-21
2.089552239e-05
2.186968571e-20
2.089552239e-05
-1.068835169e-20
2.089552239e-05
-1.061014512e-20
2.089552239e-05
3.898564046e-21
2.089552239e-05
-1.01607743e-20
2.089552239e-05
-1.320561034e-20
2.089552239e-05
4.077793628e-21
2.089552239e-05
1.777594744e-20
2.089552239e-05
3.930572623e-21
2.089552239e-05
3.000846913e-21
2.089552239e-05
1.310360532e-20
2.089552239e-05
-5.860496987e-21
2.089552239e-05
-2.086506673e-20
2.089552239e-05
-2.181532676e-20
2.089552239e-05
1.944282919e-21
2.089552239e-05
7.412773897e-22
2.089552239e-05
-3.027414268e-20
2.089552239e-05
-1.172944119e-20
2.089552239e-05
2.091945553e-20
2.089552239e-05
1.271003603e-20
2.089552239e-05
1.135498049e-20
2.089552239e-05
1.064631609e-20
2.089552239e-05
-3.111990183e-20
2.089552239e-05
-5.992409974e-21
2.089552239e-05
1.436049268e-20
2.089552239e-05
2.924422165e-21
2.089552239e-05
1.663631392e-20
2.089552239e-05
-1.760706705e-20
2.089552239e-05
-7.658324674e-21
2.089552239e-05
4.450236239e-21
2.089552239e-05
2.412307411e-21
2.089552239e-05
-9.479170596e-21
2.089552239e-05
3.483396859e-21
2.089552239e-05
1.27887218e-20
2.089552239e-05
-2.649715967e-21
2.089552239e-05
-4.455906421e-21
2.089552239e-05
-1.823665703e-20
2.089552239e-05
4.372787543e-21
2.089552239e-05
1.311302677e-20
2.089552239e-05
-2.753024574e-21
2.089552239e-05
-4.797014802e-22
2.089552239e-05
4.872960518e-21
2.089552239e-05
8.389628486e-21
2.089552239e-05
1.133500264e-21
2.089552239e-05
-4.169052002e-21
2.089552239e-05
3.429634697e-22
2.089552239e-05
-9.373902208e-22
2.089552239e-05
-2.161253917e-21
2.089552239e-05
1.351622934e-21
2.089552239e-05
1.775710133e-21
2.089552239e-05
-1.32208459e-22
2.089552239e-05
1.416120666e-21
2.089552239e-05
5.50336376e-21
2.089552239e-05
9.882033445e-21
2.089552239e-05
6.493545365e-21
2.089552239e-05
-9.60286041e-21
2.089552239e-05
-1.337066279e-20
2.089552239e-05
6.455168075e-21
2.089552239e-05
-2.096095824e-20
2.089552239e-05
2.813965537e-21
2.089552239e-05
2.882232906e-20
2.089552239e-05
2.851402457e-21
2.089552239e-05
-2.816392806e-20
2.089552239e-05
-9.026640483e-21
2.089552239e-05
4.671807429e-20
2.089552239e-05
5.658783495e-21
2.089552239e-05
-9.214520885e-22
2.089552239e-05
1.051801554e-20
2.089552239e-05
-1.680720042e-20
2.089552239e-05
-2.196557502e-20
2.089552239e-05
5.814992176e-21
2.089552239e-05
1.189834234e-20
2.089552239e-05
-4.673378691e-21
2.089552239e-05
-6.07254063e-21
2.089552239e-05
-1.128637015e-20
2.089552239e-05
1.993328099e-20
2.089552239e-05
8.781594997e-21
2.089552239e-05
-2.100690317e-20
2.089552239e-05
-2.344297555e-20
2.089552239e-05
1.630572123e-20
2.089552239e-05
2.948361121e-20
2.089552239e-05
-3.03137562e-21
2.089552239e-05
3.437119937e-21
2.089552239e-05
-5.92560051e-21
2.089552239e-05
-1.483128042e-20
2.089552239e-05
-8.885097344e-21
2.089552239e-05
2.160760757e-20
2.089552239e-05
8.258611186e-21
2.089552239e-05
-2.942715305e-20
2.089552239e-05
-4.549281574e-21
2.089552239e-05
1.335601389e-20
2.089552239e-05
8.574449218e-21
2.089552239e-05
1.594699354e-21
2.089552239e-05
-4.846418776e-21
2.089552239e-05
-4.943160572e-21
2.089552239e-05
-1.604177128e-23
2.089552239e-05
-8.132928569e-22
2.089552239e-05
-1.984048011e-20
2.089552239e-05
1.395918919e-20
2.089552239e-05
9.595202978e-21
2.089552239e-05
2.251662965e-21
2.089552239e-05
2.683279341e-21
2.089552239e-05
-1.303062656e-20
2.089552239e-05
-3.017798014e-21
2.089552239e-05
8.148140893e-21
2.089552239e-05
6.063039107e-21
2.089552239e-05
-6.217004883e-21
2.089552239e-05
-3.763323431e-21
2.089552239e-05
-1.194513431e-20
2.089552239e-05
-1.520161905e-20
2.089552239e-05
1.264956894e-20
2.089552239e-05
1.182263198e-20
2.089552239e-05
7.9757136e-21
2.089552239e-05
9.506074681e-21
2.089552239e-05
-1.108488482e-20
2.089552239e-05
-3.124318018e-22
2.089552239e-05
-1.520125976e-20
2.089552239e-05
-4.555165306e-21
2.089552239e-05
1.167810184e-20
2.089552239e-05
-1.046163707e-20
2.089552239e-05
1.238826608e-20
2.089552239e-05
-3.273426726e-20
2.089552239e-05
1.942633154e-21
2.089552239e-05
5.845124522e-20
2.089552239e-05
1.802763095e-20
2.089552239e-05
-3.201345188e-20
2.089552239e-05
-5.322707259e-20
2.089552239e-05
7.633600905e-21
2.089552239e-05
2.609805248e-20
2.089552239e-05
1.610136073e-20
2.089552239e-05
-4.278650708e-20
2.089552239e-05
-1.06140163e-20
2.089552239e-05
6.30479801e-20
2.089552239e-05
-1.30673225e-20
2.089552239e-05
-3.621998612e-20
2.089552239e-05
2.931236751e-20
2.089552239e-05
4.878956643e-20
2.089552239e-05
1.071982562e-20
2.089552239e-05
-5.241527352e-20
2.089552239e-05
-2.779368484e-20
2.089552239e-05
2.531164272e-20
2.089552239e-05
-2.014828647e-20
2.089552239e-05
3.29767782e-21
2.089552239e-05
2.139224801e-20
2.089552239e-05
-7.226268564e-21
2.089552239e-05
1.534024868e-20
2.089552239e-05
-1.547285001e-20
2.089552239e-05
3.549470426e-21
2.089552239e-05
7.727039691e-22
2.089552239e-05
9.654659095e-21
2.089552239e-05
-5.235714378e-22
2.089552239e-05
-1.231747519e-20
2.089552239e-05
-1.117077294e-20
2.089552239e-05
8.990617884e-21
2.089552239e-05
5.014023175e-20
2.089552239e-05
-1.757251283e-20
2.089552239e-05
-1.642879272e-20
2.089552239e-05
2.568037824e-20
2.089552239e-05
-4.316037461e-20
2.089552239e-05
-1.926030525e-20
2.089552239e-05
4.818852451e-20
2.089552239e-05
-8.013671717e-21
2.089552239e-05
-5.148174891e-21
2.089552239e-05
-5.216539974e-20
2.089552239e-05
-5.993645359e-21
2.089552239e-05
7.433649981e-20
2.089552239e-05
-2.483135407e-20
2.089552239e-05
-1.142556404e-20
2.089552239e-05
4.213807919e-20
2.089552239e-05
-6.185380615e-21
2.089552239e-05
-5.844971031e-21
2.089552239e-05
-4.188439364e-20
2.089552239e-05
-5.661894513e-21
2.089552239e-05
4.85391604e-20
2.089552239e-05
-9.306300575e-21
2.089552239e-05
-2.870775783e-20
2.089552239e-05
-5.695511564e-22
2.089552239e-05
1.280434086e-20
2.089552239e-05
5.393061565e-21
2.089552239e-05
2.217163756e-20
2.089552239e-05
-6.293598418e-21
2.089552239e-05
-1.193129066e-20
2.089552239e-05
-3.544049194e-20
2.089552239e-05
-2.41785182e-20
2.089552239e-05
3.775915675e-20
2.089552239e-05
2.576153458e-20
1.408470211e-20
7.462686567e-06
7.462686567e-06
7.462686567e-06
7.462686567e-06
7.462686567e-06
7.462686567e-06
7.462686567e-06
7.462686567e-06
7.462686567e-06
7.462686567e-06
7.462686567e-06
7.462686567e-06
7.462686567e-06
7.462686567e-06
7.462686567e-06
7.462686567e-06
7.462686567e-06
7.462686567e-06
7.462686567e-06
7.462686567e-06
7.462686567e-06
7.462686567e-06
7.462686567e-06
7.462686567e-06
7.462686567e-06
7.462686567e-06
7.462686567e-06
7.462686567e-06
7.462686567e-06
7.462686567e-06
7.462686567e-06
7.462686567e-06
7.462686567e-06
7.462686567e-06
7.462686567e-06
7.462686567e-06
7.462686567e-06
7.462686567e-06
7.462686567e-06
7.462686567e-06
7.462686567e-06
7.462686567e-06
7.462686567e-06
7.462686567e-06
7.462686567e-06
7.462686567e-06
7.462686567e-06
7.462686567e-06
7.462686567e-06
7.462686567e-06
7.462686567e-06
7.462686567e-06
7.462686567e-06
7.462686567e-06
7.462686567e-06
7.462686567e-06
7.462686567e-06
7.462686567e-06
7.462686567e-06
7.462686567e-06
7.462686567e-06
7.462686567e-06
7.462686567e-06
7.462686567e-06
7.462686567e-06
7.462686567e-06
7.462686567e-06
7.462686567e-06
7.462686567e-06
7.462686567e-06
7.462686567e-06
7.462686567e-06
7.462686567e-06
7.462686567e-06
7.462686567e-06
7.462686567e-06
7.462686567e-06
7.462686567e-06
7.462686567e-06
7.462686567e-06
7.462686567e-06
7.462686567e-06
7.462686567e-06
7.462686567e-06
7.462686567e-06
7.462686567e-06
7.462686567e-06
7.462686567e-06
7.462686567e-06
7.462686567e-06
7.462686567e-06
7.462686567e-06
7.462686567e-06
7.462686567e-06
7.462686567e-06
7.462686567e-06
7.462686567e-06
7.462686567e-06
7.462686567e-06
7.462686567e-06
7.462686567e-06
7.462686567e-06
7.462686567e-06
7.462686567e-06
7.462686567e-06
7.462686567e-06
7.462686567e-06
7.462686567e-06
7.462686567e-06
7.462686567e-06
7.462686567e-06
7.462686567e-06
7.462686567e-06
7.462686567e-06
7.462686567e-06
7.462686567e-06
7.462686567e-06
7.462686567e-06
7.462686567e-06
7.462686567e-06
7.462686567e-06
7.462686567e-06
7.462686567e-06
7.462686567e-06
7.462686567e-06
7.462686567e-06
7.462686567e-06
7.462686567e-06
7.462686567e-06
7.462686567e-06
7.462686567e-06
7.462686567e-06
7.462686567e-06
7.462686567e-06
7.462686567e-06
7.462686567e-06
7.462686567e-06
7.462686567e-06
7.462686567e-06
7.462686567e-06
7.462686567e-06
7.462686567e-06
7.462686567e-06
7.462686567e-06
7.462686567e-06
7.462686567e-06
7.462686567e-06
7.462686567e-06
7.462686567e-06
7.462686567e-06
7.462686567e-06
7.462686567e-06
7.462686567e-06
7.462686567e-06
7.462686567e-06
7.462686567e-06
7.462686567e-06
7.462686567e-06
7.462686567e-06
7.462686567e-06
7.462686567e-06
7.462686567e-06
7.462686567e-06
7.462686567e-06
7.462686567e-06
7.462686567e-06
7.462686567e-06
7.462686567e-06
7.462686567e-06
7.462686567e-06
7.462686567e-06
7.462686567e-06
7.462686567e-06
7.462686567e-06
7.462686567e-06
7.462686567e-06
7.462686567e-06
7.462686567e-06
7.462686567e-06
7.462686567e-06
7.462686567e-06
7.462686567e-06
7.462686567e-06
7.462686567e-06
7.462686567e-06
7.462686567e-06
7.462686567e-06
7.462686567e-06
7.462686567e-06
7.462686567e-06
7.462686567e-06
7.462686567e-06
7.462686567e-06
7.462686567e-06
7.462686567e-06
7.462686567e-06
7.462686567e-06
7.462686567e-06
7.462686567e-06
)
;

boundaryField
{
    inlet
    {
        type            cyclic;
        value           nonuniform List<scalar> 
20
(
-5.970149254e-05
-6.567164179e-05
-7.014925373e-05
-7.313432836e-05
-7.462686567e-05
-7.462686567e-05
-7.313432836e-05
-7.014925373e-05
-6.567164179e-05
-5.970149254e-05
-5.223880597e-05
-4.328358209e-05
-3.28358209e-05
-2.089552239e-05
-7.462686567e-06
-5.223880597e-05
-4.328358209e-05
-3.28358209e-05
-2.089552239e-05
-7.462686567e-06
)
;
    }
    outlet
    {
        type            cyclic;
        value           nonuniform List<scalar> 
20
(
5.970149254e-05
6.567164179e-05
7.014925373e-05
7.313432836e-05
7.462686567e-05
7.462686567e-05
7.313432836e-05
7.014925373e-05
6.567164179e-05
5.970149254e-05
5.223880597e-05
4.328358209e-05
3.28358209e-05
2.089552239e-05
7.462686567e-06
5.223880597e-05
4.328358209e-05
3.28358209e-05
2.089552239e-05
7.462686567e-06
)
;
    }
    topWall
    {
        type            calculated;
        value           uniform 0;
    }
    bottomWall
    {
        type            calculated;
        value           uniform 0;
    }
    frontAndBack
    {
        type            empty;
        value           nonuniform List<scalar> 0();
    }
}


// ************************************************************************* //
