/*--------------------------------*- C++ -*----------------------------------*\
  =========                 |
  \\      /  F ield         | OpenFOAM: The Open Source CFD Toolbox
   \\    /   O peration     | Website:  https://openfoam.org
    \\  /    A nd           | Version:  10
     \\/     M anipulation  |
\*---------------------------------------------------------------------------*/
FoamFile
{
    format      ascii;
    class       volVectorField;
    location    "5000";
    object      U;
}
// * * * * * * * * * * * * * * * * * * * * * * * * * * * * * * * * * * * * * //

dimensions      [0 1 -1 0 0 0 0];

internalField   nonuniform List<vector> 
4000
(
(0.1492537313 3.461432709e-16 0)
(0.1492537313 3.537955143e-17 0)
(0.1492537313 -3.625698039e-18 0)
(0.1492537313 -1.402479974e-17 0)
(0.1492537313 -3.165925238e-17 0)
(0.1492537313 -2.022585798e-17 0)
(0.1492537313 -5.210944775e-19 0)
(0.1492537313 3.017983716e-18 0)
(0.1492537313 -2.447770738e-17 0)
(0.1492537313 1.263796248e-17 0)
(0.1492537313 1.3501601e-17 0)
(0.1492537313 -2.098026793e-17 0)
(0.1492537313 -2.986271213e-18 0)
(0.1492537313 1.203695384e-17 0)
(0.1492537313 1.27076799e-17 0)
(0.1492537313 -2.635274499e-17 0)
(0.1492537313 -1.359483233e-17 0)
(0.1492537313 4.407504799e-18 0)
(0.1492537313 -2.782927635e-18 0)
(0.1492537313 2.547003564e-17 0)
(0.1492537313 8.046515299e-18 0)
(0.1492537313 -5.347817293e-17 0)
(0.1492537313 -9.959772374e-18 0)
(0.1492537313 4.125799166e-17 0)
(0.1492537313 1.335604843e-17 0)
(0.1492537313 1.401341126e-17 0)
(0.1492537313 -7.740642733e-18 0)
(0.1492537313 1.560478217e-17 0)
(0.1492537313 1.853362183e-17 0)
(0.1492537313 -4.305225919e-17 0)
(0.1492537313 5.675123262e-18 0)
(0.1492537313 -1.901712017e-17 0)
(0.1492537313 1.564072067e-17 0)
(0.1492537313 -8.962229108e-18 0)
(0.1492537313 -4.378019451e-17 0)
(0.1492537313 7.907534957e-17 0)
(0.1492537313 -3.614930803e-17 0)
(0.1492537313 -3.465622006e-17 0)
(0.1492537313 1.044613636e-17 0)
(0.1492537313 3.79639408e-18 0)
(0.1492537313 7.294578447e-17 0)
(0.1492537313 -5.454315665e-17 0)
(0.1492537313 1.284984764e-17 0)
(0.1492537313 -5.187553986e-17 0)
(0.1492537313 3.781406456e-19 0)
(0.1492537313 3.158579814e-17 0)
(0.1492537313 -1.250249521e-17 0)
(0.1492537313 5.0079305e-17 0)
(0.1492537313 -4.807637561e-17 0)
(0.1492537313 -1.63208324e-17 0)
(0.1492537313 4.011268713e-17 0)
(0.1492537313 -1.768510439e-17 0)
(0.1492537313 3.986186736e-17 0)
(0.1492537313 -2.297908312e-17 0)
(0.1492537313 -6.461590607e-17 0)
(0.1492537313 3.448837418e-17 0)
(0.1492537313 5.24057105e-17 0)
(0.1492537313 -4.156124742e-17 0)
(0.1492537313 -3.259825683e-18 0)
(0.1492537313 1.557731938e-17 0)
(0.1492537313 -1.640479692e-17 0)
(0.1492537313 -4.066938942e-18 0)
(0.1492537313 1.627270354e-17 0)
(0.1492537313 -7.224828899e-18 0)
(0.1492537313 -5.622717646e-17 0)
(0.1492537313 3.802147489e-17 0)
(0.1492537313 4.620738601e-17 0)
(0.1492537313 -3.281883069e-17 0)
(0.1492537313 -3.589421625e-17 0)
(0.1492537313 9.09468465e-17 0)
(0.1492537313 -6.4835953e-17 0)
(0.1492537313 -3.353914543e-17 0)
(0.1492537313 1.51528511e-16 0)
(0.1492537313 -1.087826751e-16 0)
(0.1492537313 -1.126935e-16 0)
(0.1492537313 1.037234535e-16 0)
(0.1492537313 6.723311117e-17 0)
(0.1492537313 -4.49115351e-18 0)
(0.1492537313 -1.714663082e-16 0)
(0.1492537313 4.53755254e-17 0)
(0.1492537313 1.188191447e-16 0)
(0.1492537313 -3.151600945e-17 0)
(0.1492537313 -5.952767794e-18 0)
(0.1492537313 -7.420450283e-17 0)
(0.1492537313 1.061449092e-17 0)
(0.1492537313 4.25763986e-17 0)
(0.1492537313 4.975912068e-17 0)
(0.1492537313 6.401252807e-18 0)
(0.1492537313 -1.652556784e-16 0)
(0.1492537313 5.739777947e-17 0)
(0.1492537313 1.039753047e-16 0)
(0.1492537313 -2.298338566e-17 0)
(0.1492537313 -1.048412889e-16 0)
(0.1492537313 6.15983763e-17 0)
(0.1492537313 5.915722249e-17 0)
(0.1492537313 -1.099647909e-16 0)
(0.1492537313 1.133238054e-16 0)
(0.1492537313 1.517381688e-17 0)
(0.1492537313 -1.0869531e-16 0)
(0.1492537313 -2.112838139e-17 0)
(0.1492537313 5.930432818e-17 0)
(0.1492537313 1.12330569e-16 0)
(0.1492537313 -9.261395512e-17 0)
(0.1492537313 -9.589732601e-17 0)
(0.1492537313 9.254457393e-17 0)
(0.1492537313 1.116444283e-16 0)
(0.1492537313 5.371749897e-18 0)
(0.1492537313 -2.220697978e-16 0)
(0.1492537313 9.244849134e-18 0)
(0.1492537313 2.297758384e-16 0)
(0.1492537313 -8.626236692e-17 0)
(0.1492537313 -1.191840415e-16 0)
(0.1492537313 9.815551708e-17 0)
(0.1492537313 3.575584405e-18 0)
(0.1492537313 1.012632295e-16 0)
(0.1492537313 -9.751134099e-17 0)
(0.1492537313 -1.227799739e-16 0)
(0.1492537313 1.063031923e-16 0)
(0.1492537313 1.228032225e-16 0)
(0.1492537313 -1.506414125e-17 0)
(0.1492537313 -2.343263056e-16 0)
(0.1492537313 1.373846631e-17 0)
(0.1492537313 2.222059071e-16 0)
(0.1492537313 -9.097861747e-17 0)
(0.1492537313 -1.042827904e-16 0)
(0.1492537313 7.994809572e-17 0)
(0.1492537313 1.266958922e-16 0)
(0.1492537313 -1.069815874e-17 0)
(0.1492537313 -2.236439404e-16 0)
(0.1492537313 1.172913918e-16 0)
(0.1492537313 -9.776465061e-18 0)
(0.1492537313 -1.125540374e-16 0)
(0.1492537313 1.094627332e-16 0)
(0.1492537313 -1.135026114e-16 0)
(0.1492537313 1.981076209e-16 0)
(0.1492537313 -1.440638673e-18 0)
(0.1492537313 -2.081915916e-16 0)
(0.1492537313 7.608765677e-17 0)
(0.1492537313 2.528398474e-17 0)
(0.1492537313 1.163010085e-16 0)
(0.1492537313 -2.722077243e-17 0)
(0.1492537313 -2.027271099e-16 0)
(0.1492537313 9.474568741e-18 0)
(0.1492537313 1.057194238e-16 0)
(0.1492537313 -7.820043991e-19 0)
(0.1492537313 -3.724788857e-17 0)
(0.1492537313 2.32122013e-16 0)
(0.1492537313 -6.943955151e-17 0)
(0.1492537313 -2.952826001e-16 0)
(0.1492537313 9.8526235e-17 0)
(0.1492537313 8.085480507e-17 0)
(0.1492537313 1.196538862e-16 0)
(0.1492537313 -1.01031892e-16 0)
(0.1492537313 -2.281465239e-16 0)
(0.1492537313 3.274108801e-16 0)
(0.1492537313 1.067377543e-16 0)
(0.1492537313 -2.139553449e-16 0)
(0.1492537313 -9.681308928e-17 0)
(0.1492537313 -1.055425961e-16 0)
(0.1492537313 2.098108146e-16 0)
(0.1492537313 8.422433329e-17 0)
(0.1492537313 -4.211147292e-18 0)
(0.1492537313 -9.623273104e-17 0)
(0.1492537313 -9.1362114e-17 0)
(0.1492537313 1.778295784e-16 0)
(0.1492537313 -1.044252781e-16 0)
(0.1492537313 2.553337296e-17 0)
(0.1492537313 -1.074674082e-16 0)
(0.1492537313 -6.352416622e-18 0)
(0.1492537313 2.891312035e-16 0)
(0.1492537313 -2.017061459e-16 0)
(0.1492537313 7.692860498e-18 0)
(0.1492537313 2.882806777e-17 0)
(0.1492537313 -2.222213527e-16 0)
(0.1492537313 3.45131694e-16 0)
(0.1492537313 -2.216746087e-17 0)
(0.1492537313 -1.392404227e-16 0)
(0.1492537313 4.734868557e-17 0)
(0.1492537313 -2.387505241e-16 0)
(0.1492537313 3.277830918e-16 0)
(0.1492537313 3.957180767e-17 0)
(0.1492537313 -1.429006917e-16 0)
(0.1492537313 8.101047332e-18 0)
(0.1492537313 -2.579858326e-17 0)
(0.1492537313 9.512706599e-17 0)
(0.1492537313 -1.591773824e-16 0)
(0.1492537313 -1.406031612e-16 0)
(0.1492537313 3.126333722e-16 0)
(0.1492537313 1.155818361e-16 0)
(0.1492537313 -2.470164855e-16 0)
(0.1492537313 -1.038004111e-16 0)
(0.1492537313 1.117117461e-16 0)
(0.1492537313 -1.569374875e-17 0)
(0.1492537313 -8.865666032e-17 0)
(0.1492537313 2.080066558e-16 0)
(0.1492537313 -2.291779076e-16 0)
(0.1492537313 1.131085425e-16 0)
(0.1492537313 2.317533026e-16 0)
(0.1492537313 -3.539920566e-16 0)
(0.1492537313 1.490538245e-17 0)
(0.4179104478 -7.041540181e-16 0)
(0.4179104478 1.108159058e-16 0)
(0.4179104478 9.569851623e-17 0)
(0.4179104478 3.233198315e-17 0)
(0.4179104478 -2.176127937e-17 0)
(0.4179104478 -6.385857616e-17 0)
(0.4179104478 3.457181681e-18 0)
(0.4179104478 1.864034512e-17 0)
(0.4179104478 -2.768532858e-17 0)
(0.4179104478 6.282887591e-17 0)
(0.4179104478 3.505607997e-18 0)
(0.4179104478 4.729796035e-18 0)
(0.4179104478 -6.041160046e-18 0)
(0.4179104478 -4.695885958e-17 0)
(0.4179104478 2.525619597e-17 0)
(0.4179104478 -9.339699699e-17 0)
(0.4179104478 -3.679314399e-17 0)
(0.4179104478 4.921673115e-17 0)
(0.4179104478 -2.213353239e-17 0)
(0.4179104478 -1.016859947e-20 0)
(0.4179104478 1.018929649e-17 0)
(0.4179104478 -7.87157533e-17 0)
(0.4179104478 -8.109902753e-17 0)
(0.4179104478 8.841880856e-17 0)
(0.4179104478 1.239764039e-16 0)
(0.4179104478 3.116172079e-17 0)
(0.4179104478 -2.447623892e-17 0)
(0.4179104478 4.699364655e-17 0)
(0.4179104478 1.19549946e-17 0)
(0.4179104478 -1.075326514e-16 0)
(0.4179104478 1.181750704e-17 0)
(0.4179104478 -5.988223256e-18 0)
(0.4179104478 -4.49380115e-17 0)
(0.4179104478 4.198691029e-18 0)
(0.4179104478 -1.208365538e-16 0)
(0.4179104478 6.374338338e-17 0)
(0.4179104478 -3.368753323e-17 0)
(0.4179104478 -1.550870082e-17 0)
(0.4179104478 3.143250413e-17 0)
(0.4179104478 2.893472347e-17 0)
(0.4179104478 5.93472982e-17 0)
(0.4179104478 -6.629852688e-18 0)
(0.4179104478 6.840613299e-17 0)
(0.4179104478 -1.464660021e-16 0)
(0.4179104478 3.713222176e-17 0)
(0.4179104478 -2.139171173e-17 0)
(0.4179104478 -8.714041891e-17 0)
(0.4179104478 6.946433397e-17 0)
(0.4179104478 -6.622716089e-17 0)
(0.4179104478 1.226419567e-16 0)
(0.4179104478 7.42323651e-17 0)
(0.4179104478 -7.614314924e-17 0)
(0.4179104478 -3.70468942e-17 0)
(0.4179104478 6.412829116e-17 0)
(0.4179104478 -6.587726106e-17 0)
(0.4179104478 -3.564760862e-17 0)
(0.4179104478 1.258472275e-16 0)
(0.4179104478 -6.362692155e-17 0)
(0.4179104478 3.092370305e-17 0)
(0.4179104478 7.444917015e-17 0)
(0.4179104478 -1.0894782e-16 0)
(0.4179104478 1.208725863e-17 0)
(0.4179104478 2.726431668e-17 0)
(0.4179104478 -8.593578845e-17 0)
(0.4179104478 -2.927780602e-17 0)
(0.4179104478 1.319956651e-16 0)
(0.4179104478 -6.163509329e-17 0)
(0.4179104478 -1.042004472e-17 0)
(0.4179104478 2.190384622e-16 0)
(0.4179104478 -4.424060119e-17 0)
(0.4179104478 -2.516343991e-16 0)
(0.4179104478 4.483639008e-17 0)
(0.4179104478 2.194678476e-16 0)
(0.4179104478 -1.471769211e-16 0)
(0.4179104478 -1.538960132e-16 0)
(0.4179104478 1.288048447e-16 0)
(0.4179104478 1.550163422e-16 0)
(0.4179104478 -4.794876825e-18 0)
(0.4179104478 -3.228408949e-16 0)
(0.4179104478 7.157608018e-17 0)
(0.4179104478 1.439905053e-16 0)
(0.4179104478 -1.19472317e-16 0)
(0.4179104478 -1.978018529e-17 0)
(0.4179104478 1.049021809e-16 0)
(0.4179104478 1.718389843e-16 0)
(0.4179104478 7.406006936e-17 0)
(0.4179104478 -1.350693761e-16 0)
(0.4179104478 -2.211050137e-16 0)
(0.4179104478 -8.548042783e-17 0)
(0.4179104478 1.567222737e-16 0)
(0.4179104478 2.668786493e-16 0)
(0.4179104478 -2.564578214e-16 0)
(0.4179104478 -2.467532353e-16 0)
(0.4179104478 2.864572987e-16 0)
(0.4179104478 6.469850277e-17 0)
(0.4179104478 -2.058456867e-16 0)
(0.4179104478 1.323789349e-16 0)
(0.4179104478 1.932463747e-16 0)
(0.4179104478 -2.450723931e-16 0)
(0.4179104478 -1.978272616e-16 0)
(0.4179104478 3.043919287e-16 0)
(0.4179104478 1.326661256e-16 0)
(0.4179104478 -1.111032284e-16 0)
(0.4179104478 -1.375987084e-16 0)
(0.4179104478 6.005204856e-17 0)
(0.4179104478 1.686414697e-16 0)
(0.4179104478 -1.409829236e-16 0)
(0.4179104478 -1.251066065e-16 0)
(0.4179104478 3.785390041e-17 0)
(0.4179104478 2.330112104e-16 0)
(0.4179104478 -2.27101817e-16 0)
(0.4179104478 -2.168669407e-16 0)
(0.4179104478 2.211404704e-16 0)
(0.4179104478 1.710251933e-16 0)
(0.4179104478 6.487872349e-17 0)
(0.4179104478 -1.499131955e-16 0)
(0.4179104478 -2.148025952e-16 0)
(0.4179104478 2.592437605e-16 0)
(0.4179104478 2.367162209e-16 0)
(0.4179104478 -1.970097979e-16 0)
(0.4179104478 -1.413832323e-16 0)
(0.4179104478 5.176623809e-18 0)
(0.4179104478 1.052866183e-16 0)
(0.4179104478 -1.150605014e-17 0)
(0.4179104478 1.332422184e-16 0)
(0.4179104478 5.00379177e-17 0)
(0.4179104478 -8.541748894e-17 0)
(0.4179104478 -1.334211162e-16 0)
(0.4179104478 -2.349360125e-16 0)
(0.4179104478 2.341045991e-16 0)
(0.4179104478 7.012786743e-17 0)
(0.4179104478 -1.28822182e-16 0)
(0.4179104478 2.040444848e-16 0)
(0.4179104478 -2.058682658e-16 0)
(0.4179104478 -1.365155424e-16 0)
(0.4179104478 1.168884036e-16 0)
(0.4179104478 2.2405795e-18 0)
(0.4179104478 -5.332852339e-17 0)
(0.4179104478 1.91779426e-16 0)
(0.4179104478 3.761111969e-17 0)
(0.4179104478 -2.902763855e-16 0)
(0.4179104478 -1.422164312e-16 0)
(0.4179104478 4.251159853e-17 0)
(0.4179104478 1.96811996e-16 0)
(0.4179104478 3.923709399e-17 0)
(0.4179104478 7.37809371e-18 0)
(0.4179104478 1.922126861e-16 0)
(0.4179104478 -7.283676108e-17 0)
(0.4179104478 -2.437127537e-16 0)
(0.4179104478 2.053518404e-18 0)
(0.4179104478 3.059489594e-17 0)
(0.4179104478 2.747375206e-16 0)
(0.4179104478 -6.993880126e-17 0)
(0.4179104478 -3.56104676e-16 0)
(0.4179104478 4.523063775e-16 0)
(0.4179104478 1.622700658e-16 0)
(0.4179104478 -3.355016534e-16 0)
(0.4179104478 -1.706397561e-16 0)
(0.4179104478 -1.24939861e-16 0)
(0.4179104478 3.294494914e-16 0)
(0.4179104478 2.452892779e-16 0)
(0.4179104478 -2.458979046e-16 0)
(0.4179104478 -6.752545494e-17 0)
(0.4179104478 1.300648087e-16 0)
(0.4179104478 -1.929124859e-17 0)
(0.4179104478 -1.991854672e-16 0)
(0.4179104478 -4.765030538e-17 0)
(0.4179104478 -1.035527029e-17 0)
(0.4179104478 1.763813141e-16 0)
(0.4179104478 2.672110917e-16 0)
(0.4179104478 -1.38424176e-16 0)
(0.4179104478 -4.926144991e-17 0)
(0.4179104478 2.794015235e-16 0)
(0.4179104478 -5.716299888e-16 0)
(0.4179104478 7.471384037e-17 0)
(0.4179104478 8.953382308e-17 0)
(0.4179104478 -2.701222244e-17 0)
(0.4179104478 2.861137148e-16 0)
(0.4179104478 -4.647015497e-16 0)
(0.4179104478 3.914127148e-16 0)
(0.4179104478 1.084459371e-16 0)
(0.4179104478 -3.362447109e-16 0)
(0.4179104478 2.795811962e-16 0)
(0.4179104478 -5.090321578e-16 0)
(0.4179104478 2.362123879e-17 0)
(0.4179104478 6.217955258e-16 0)
(0.4179104478 -4.603740066e-16 0)
(0.4179104478 1.649517742e-16 0)
(0.4179104478 3.309976947e-16 0)
(0.4179104478 -3.440187113e-16 0)
(0.4179104478 -3.34585318e-16 0)
(0.4179104478 1.472801439e-16 0)
(0.4179104478 -5.211208e-17 0)
(0.4179104478 -7.826536976e-17 0)
(0.4179104478 2.331034183e-16 0)
(0.4179104478 1.340019536e-16 0)
(0.4179104478 4.346350276e-17 0)
(0.4179104478 -2.111591195e-16 0)
(0.4179104478 -3.655401371e-16 0)
(0.4179104478 -3.918726976e-17 0)
(0.6567164179 5.206132319e-16 0)
(0.6567164179 1.98712031e-16 0)
(0.6567164179 1.589237476e-16 0)
(0.6567164179 8.3466288e-17 0)
(0.6567164179 -1.138688836e-17 0)
(0.6567164179 -5.087083021e-17 0)
(0.6567164179 -5.192483651e-18 0)
(0.6567164179 8.820210012e-18 0)
(0.6567164179 -1.804508595e-17 0)
(0.6567164179 1.156643121e-16 0)
(0.6567164179 6.010459718e-17 0)
(0.6567164179 4.435051385e-18 0)
(0.6567164179 1.334893437e-17 0)
(0.6567164179 -6.985469837e-17 0)
(0.6567164179 -5.444582675e-17 0)
(0.6567164179 -1.319196402e-16 0)
(0.6567164179 -4.431346856e-17 0)
(0.6567164179 -8.347079458e-18 0)
(0.6567164179 -2.537548132e-17 0)
(0.6567164179 -5.039234352e-17 0)
(0.6567164179 -6.560721818e-19 0)
(0.6567164179 -8.421082674e-17 0)
(0.6567164179 -1.106280984e-16 0)
(0.6567164179 1.688533943e-16 0)
(0.6567164179 1.47145033e-16 0)
(0.6567164179 3.330953044e-17 0)
(0.6567164179 9.618228649e-17 0)
(0.6567164179 6.473864357e-17 0)
(0.6567164179 -4.100583787e-17 0)
(0.6567164179 -1.497607389e-16 0)
(0.6567164179 -2.59686445e-17 0)
(0.6567164179 4.546066113e-17 0)
(0.6567164179 -1.559411802e-16 0)
(0.6567164179 -5.568234943e-17 0)
(0.6567164179 -1.842071281e-16 0)
(0.6567164179 -1.104993976e-19 0)
(0.6567164179 3.111001794e-17 0)
(0.6567164179 4.50252455e-17 0)
(0.6567164179 5.243938223e-17 0)
(0.6567164179 4.965761902e-17 0)
(0.6567164179 3.257369391e-18 0)
(0.6567164179 -1.960490825e-17 0)
(0.6567164179 1.438841496e-16 0)
(0.6567164179 -1.411778849e-16 0)
(0.6567164179 -8.293907583e-17 0)
(0.6567164179 3.410399845e-17 0)
(0.6567164179 -1.554414902e-16 0)
(0.6567164179 -1.794982101e-17 0)
(0.6567164179 7.537810107e-17 0)
(0.6567164179 2.896464872e-17 0)
(0.6567164179 1.076510512e-16 0)
(0.6567164179 -9.498916965e-17 0)
(0.6567164179 -9.070899147e-17 0)
(0.6567164179 1.419594092e-16 0)
(0.6567164179 1.138656147e-17 0)
(0.6567164179 -4.412432705e-17 0)
(0.6567164179 -2.566534005e-17 0)
(0.6567164179 -6.383965083e-17 0)
(0.6567164179 2.267950377e-16 0)
(0.6567164179 2.056692864e-17 0)
(0.6567164179 -2.083215768e-16 0)
(0.6567164179 8.507465105e-17 0)
(0.6567164179 7.409777683e-17 0)
(0.6567164179 -1.164882625e-16 0)
(0.6567164179 2.166268842e-17 0)
(0.6567164179 5.607768359e-17 0)
(0.6567164179 -5.834298264e-17 0)
(0.6567164179 1.22836489e-16 0)
(0.6567164179 2.795459357e-16 0)
(0.6567164179 -2.171729252e-16 0)
(0.6567164179 -4.168184205e-16 0)
(0.6567164179 2.374276402e-16 0)
(0.6567164179 1.445759151e-16 0)
(0.6567164179 -1.166393159e-16 0)
(0.6567164179 -1.721075199e-16 0)
(0.6567164179 1.619201395e-16 0)
(0.6567164179 2.633660116e-16 0)
(0.6567164179 -1.903669796e-16 0)
(0.6567164179 -3.333854021e-16 0)
(0.6567164179 5.718704659e-17 0)
(0.6567164179 2.148282563e-16 0)
(0.6567164179 -2.375679524e-16 0)
(0.6567164179 -9.689526745e-17 0)
(0.6567164179 4.732285911e-16 0)
(0.6567164179 1.920604683e-16 0)
(0.6567164179 7.960147045e-18 0)
(0.6567164179 -4.64224835e-17 0)
(0.6567164179 -3.926153432e-16 0)
(0.6567164179 -1.575562742e-16 0)
(0.6567164179 3.086566281e-16 0)
(0.6567164179 9.672155801e-17 0)
(0.6567164179 -2.648603561e-16 0)
(0.6567164179 -7.951872433e-17 0)
(0.6567164179 1.312496716e-16 0)
(0.6567164179 4.871501257e-17 0)
(0.6567164179 -1.932301222e-16 0)
(0.6567164179 2.004835064e-16 0)
(0.6567164179 1.696116466e-16 0)
(0.6567164179 -1.782964141e-16 0)
(0.6567164179 -2.355323243e-16 0)
(0.6567164179 1.021015928e-16 0)
(0.6567164179 3.494371675e-16 0)
(0.6567164179 1.129755027e-16 0)
(0.6567164179 -1.04699212e-16 0)
(0.6567164179 -3.088453252e-16 0)
(0.6567164179 2.480462176e-16 0)
(0.6567164179 7.314999521e-18 0)
(0.6567164179 -3.041458159e-16 0)
(0.6567164179 8.794429119e-17 0)
(0.6567164179 2.991829163e-16 0)
(0.6567164179 -5.501241372e-17 0)
(0.6567164179 -3.259224608e-16 0)
(0.6567164179 1.330381661e-16 0)
(0.6567164179 1.390089235e-16 0)
(0.6567164179 -5.523555437e-18 0)
(0.6567164179 8.157974536e-17 0)
(0.6567164179 -2.98078537e-16 0)
(0.6567164179 2.649189216e-16 0)
(0.6567164179 5.367946612e-16 0)
(0.6567164179 -2.49137049e-16 0)
(0.6567164179 -4.246098848e-16 0)
(0.6567164179 -4.994794255e-17 0)
(0.6567164179 3.285046106e-16 0)
(0.6567164179 2.835840715e-16 0)
(0.6567164179 1.806546056e-17 0)
(0.6567164179 -3.000037213e-16 0)
(0.6567164179 6.376701675e-17 0)
(0.6567164179 -2.947596041e-16 0)
(0.6567164179 -3.155155322e-16 0)
(0.6567164179 3.787200919e-16 0)
(0.6567164179 2.211241222e-16 0)
(0.6567164179 -4.279590077e-18 0)
(0.6567164179 -2.56894968e-16 0)
(0.6567164179 -2.514483126e-16 0)
(0.6567164179 3.668137724e-17 0)
(0.6567164179 9.19789919e-17 0)
(0.6567164179 -8.994882494e-17 0)
(0.6567164179 -2.579079623e-17 0)
(0.6567164179 2.755183321e-16 0)
(0.6567164179 -1.557976182e-16 0)
(0.6567164179 -5.575437606e-16 0)
(0.6567164179 -6.457288767e-18 0)
(0.6567164179 1.856117742e-16 0)
(0.6567164179 2.191483268e-16 0)
(0.6567164179 2.419937027e-16 0)
(0.6567164179 -2.043775639e-16 0)
(0.6567164179 1.508355038e-16 0)
(0.6567164179 2.934126346e-16 0)
(0.6567164179 -1.834744032e-16 0)
(0.6567164179 -3.110294582e-16 0)
(0.6567164179 -2.355016088e-16 0)
(0.6567164179 5.224529166e-16 0)
(0.6567164179 2.970825043e-16 0)
(0.6567164179 -3.243873061e-16 0)
(0.6567164179 1.397087603e-16 0)
(0.6567164179 1.048662247e-16 0)
(0.6567164179 -3.541770011e-16 0)
(0.6567164179 -1.880654559e-16 0)
(0.6567164179 4.256840386e-17 0)
(0.6567164179 3.769060269e-16 0)
(0.6567164179 1.054490911e-16 0)
(0.6567164179 -8.799493793e-17 0)
(0.6567164179 1.954665793e-16 0)
(0.6567164179 1.163849766e-16 0)
(0.6567164179 -6.587236487e-16 0)
(0.6567164179 -2.416210192e-16 0)
(0.6567164179 1.78494465e-16 0)
(0.6567164179 7.046472052e-17 0)
(0.6567164179 4.608404505e-16 0)
(0.6567164179 5.319253869e-17 0)
(0.6567164179 -2.207031738e-16 0)
(0.6567164179 4.808175547e-17 0)
(0.6567164179 3.778093689e-16 0)
(0.6567164179 -2.832636628e-16 0)
(0.6567164179 -2.540582205e-16 0)
(0.6567164179 -3.454308784e-16 0)
(0.6567164179 2.88899718e-18 0)
(0.6567164179 5.570640251e-16 0)
(0.6567164179 -3.010703699e-16 0)
(0.6567164179 9.892815318e-17 0)
(0.6567164179 3.81945505e-16 0)
(0.6567164179 -4.405835749e-16 0)
(0.6567164179 -7.863713392e-18 0)
(0.6567164179 -1.252724579e-17 0)
(0.6567164179 -1.129511905e-16 0)
(0.6567164179 5.751788737e-16 0)
(0.6567164179 -3.349685456e-16 0)
(0.6567164179 -1.710999913e-16 0)
(0.6567164179 2.728035141e-16 0)
(0.6567164179 -4.920539872e-16 0)
(0.6567164179 -2.446431504e-16 0)
(0.6567164179 5.129400846e-17 0)
(0.6567164179 -1.570966314e-16 0)
(0.6567164179 1.62050191e-16 0)
(0.6567164179 3.835013049e-16 0)
(0.6567164179 -1.741084052e-16 0)
(0.6567164179 -1.634925708e-16 0)
(0.6567164179 1.267904674e-17 0)
(0.6567164179 -7.732033827e-16 0)
(0.6567164179 -1.350763451e-16 0)
(0.8656716418 5.041091706e-16 0)
(0.8656716418 3.288853065e-16 0)
(0.8656716418 2.53034666e-16 0)
(0.8656716418 1.275974051e-16 0)
(0.8656716418 5.331566643e-17 0)
(0.8656716418 1.71419669e-17 0)
(0.8656716418 1.76056492e-17 0)
(0.8656716418 -1.095214213e-17 0)
(0.8656716418 2.280337229e-17 0)
(0.8656716418 1.620570802e-16 0)
(0.8656716418 5.850144111e-17 0)
(0.8656716418 1.531029394e-17 0)
(0.8656716418 1.26473734e-16 0)
(0.8656716418 -7.842659241e-17 0)
(0.8656716418 -1.393018047e-16 0)
(0.8656716418 -1.295007172e-16 0)
(0.8656716418 -9.666401883e-17 0)
(0.8656716418 -7.246732128e-17 0)
(0.8656716418 -5.057690499e-17 0)
(0.8656716418 -1.134039064e-16 0)
(0.8656716418 -3.441108563e-17 0)
(0.8656716418 -1.339035859e-16 0)
(0.8656716418 -1.201565887e-16 0)
(0.8656716418 1.713194055e-16 0)
(0.8656716418 2.072692805e-16 0)
(0.8656716418 1.284674235e-16 0)
(0.8656716418 1.79093582e-16 0)
(0.8656716418 4.086575778e-17 0)
(0.8656716418 -1.204764853e-16 0)
(0.8656716418 -1.787695333e-16 0)
(0.8656716418 -8.426706642e-18 0)
(0.8656716418 -3.394486425e-18 0)
(0.8656716418 -2.51885105e-16 0)
(0.8656716418 -1.778881339e-16 0)
(0.8656716418 -2.040701781e-16 0)
(0.8656716418 -9.355785331e-18 0)
(0.8656716418 1.109286619e-16 0)
(0.8656716418 1.290316144e-16 0)
(0.8656716418 -4.052663842e-18 0)
(0.8656716418 5.351224369e-17 0)
(0.8656716418 5.563881195e-17 0)
(0.8656716418 -2.905018917e-17 0)
(0.8656716418 5.573674079e-17 0)
(0.8656716418 -1.806830033e-16 0)
(0.8656716418 -1.013262507e-16 0)
(0.8656716418 -3.151682446e-17 0)
(0.8656716418 -1.376048224e-16 0)
(0.8656716418 7.959968964e-18 0)
(0.8656716418 1.077560758e-16 0)
(0.8656716418 5.851032333e-17 0)
(0.8656716418 6.290700558e-17 0)
(0.8656716418 -1.239709168e-16 0)
(0.8656716418 6.471420224e-17 0)
(0.8656716418 1.656842396e-16 0)
(0.8656716418 -6.768446811e-17 0)
(0.8656716418 -1.1623119e-16 0)
(0.8656716418 1.28144427e-16 0)
(0.8656716418 6.369288258e-17 0)
(0.8656716418 9.422332764e-17 0)
(0.8656716418 1.837993383e-17 0)
(0.8656716418 -1.739472848e-16 0)
(0.8656716418 1.034354009e-16 0)
(0.8656716418 1.459320642e-16 0)
(0.8656716418 -7.772598516e-17 0)
(0.8656716418 1.084273504e-17 0)
(0.8656716418 5.518896351e-17 0)
(0.8656716418 -5.510355129e-17 0)
(0.8656716418 1.37946367e-16 0)
(0.8656716418 1.598804572e-16 0)
(0.8656716418 -3.136816728e-16 0)
(0.8656716418 -4.254662416e-16 0)
(0.8656716418 2.821076414e-16 0)
(0.8656716418 1.476697981e-16 0)
(0.8656716418 -7.535872598e-17 0)
(0.8656716418 -1.348383183e-16 0)
(0.8656716418 2.608322415e-17 0)
(0.8656716418 3.882032161e-16 0)
(0.8656716418 -1.177413644e-16 0)
(0.8656716418 -5.741244055e-16 0)
(0.8656716418 2.613758444e-17 0)
(0.8656716418 2.764332983e-16 0)
(0.8656716418 -2.386592266e-16 0)
(0.8656716418 2.013180766e-17 0)
(0.8656716418 5.532102398e-16 0)
(0.8656716418 2.425160809e-16 0)
(0.8656716418 1.402096059e-17 0)
(0.8656716418 -2.019097904e-18 0)
(0.8656716418 -4.037724995e-16 0)
(0.8656716418 -4.039848189e-16 0)
(0.8656716418 3.954881658e-16 0)
(0.8656716418 -2.355265717e-17 0)
(0.8656716418 -3.414932069e-16 0)
(0.8656716418 -8.666473283e-17 0)
(0.8656716418 2.628148684e-16 0)
(0.8656716418 7.76190889e-17 0)
(0.8656716418 -3.63558816e-16 0)
(0.8656716418 2.753681788e-16 0)
(0.8656716418 3.0949622e-16 0)
(0.8656716418 -2.710484992e-16 0)
(0.8656716418 -3.943702822e-16 0)
(0.8656716418 3.536337708e-16 0)
(0.8656716418 5.347720978e-16 0)
(0.8656716418 -1.998841445e-17 0)
(0.8656716418 -2.039079012e-16 0)
(0.8656716418 -2.670768849e-16 0)
(0.8656716418 3.030589543e-16 0)
(0.8656716418 1.501306908e-16 0)
(0.8656716418 -3.915161244e-16 0)
(0.8656716418 -4.819342544e-17 0)
(0.8656716418 2.392539976e-16 0)
(0.8656716418 -4.068884542e-17 0)
(0.8656716418 -1.964476143e-16 0)
(0.8656716418 -2.58017175e-17 0)
(0.8656716418 2.562819343e-16 0)
(0.8656716418 2.069128593e-16 0)
(0.8656716418 -2.990250056e-16 0)
(0.8656716418 -9.587945563e-17 0)
(0.8656716418 5.966491259e-16 0)
(0.8656716418 3.425331161e-16 0)
(0.8656716418 -3.193638171e-16 0)
(0.8656716418 -4.393714602e-16 0)
(0.8656716418 4.352487875e-17 0)
(0.8656716418 4.644788072e-16 0)
(0.8656716418 2.962115326e-16 0)
(0.8656716418 -1.062926883e-16 0)
(0.8656716418 -2.426489039e-16 0)
(0.8656716418 2.762740047e-17 0)
(0.8656716418 -7.142428716e-16 0)
(0.8656716418 -2.433386025e-16 0)
(0.8656716418 6.631955933e-16 0)
(0.8656716418 2.356358908e-16 0)
(0.8656716418 -3.268218787e-17 0)
(0.8656716418 -3.346849478e-16 0)
(0.8656716418 -3.636322214e-16 0)
(0.8656716418 5.364113775e-17 0)
(0.8656716418 -2.398179354e-17 0)
(0.8656716418 2.053572415e-17 0)
(0.8656716418 -1.828298242e-16 0)
(0.8656716418 9.502039908e-17 0)
(0.8656716418 4.489680117e-17 0)
(0.8656716418 -7.241916861e-16 0)
(0.8656716418 -1.345271988e-17 0)
(0.8656716418 2.07439036e-16 0)
(0.8656716418 4.135069896e-16 0)
(0.8656716418 5.005946857e-16 0)
(0.8656716418 -3.595357282e-16 0)
(0.8656716418 1.838169041e-16 0)
(0.8656716418 3.605455784e-16 0)
(0.8656716418 -1.576661357e-17 0)
(0.8656716418 -5.405503813e-16 0)
(0.8656716418 -2.981180031e-16 0)
(0.8656716418 7.36235089e-16 0)
(0.8656716418 4.512891484e-18 0)
(0.8656716418 -4.042601099e-16 0)
(0.8656716418 6.096614002e-16 0)
(0.8656716418 1.016013254e-16 0)
(0.8656716418 -5.21267075e-16 0)
(0.8656716418 -3.465852545e-16 0)
(0.8656716418 -9.970842994e-17 0)
(0.8656716418 5.783242493e-16 0)
(0.8656716418 1.018937216e-16 0)
(0.8656716418 1.594801394e-17 0)
(0.8656716418 3.136523106e-16 0)
(0.8656716418 -1.960574121e-17 0)
(0.8656716418 -6.380664565e-16 0)
(0.8656716418 -3.564577654e-16 0)
(0.8656716418 4.365200148e-16 0)
(0.8656716418 3.203740408e-16 0)
(0.8656716418 1.95341833e-16 0)
(0.8656716418 -4.141204707e-17 0)
(0.8656716418 8.192249471e-17 0)
(0.8656716418 1.208177223e-16 0)
(0.8656716418 -1.354575366e-16 0)
(0.8656716418 -3.28164631e-16 0)
(0.8656716418 2.024737326e-16 0)
(0.8656716418 -7.195545255e-16 0)
(0.8656716418 -1.232671084e-16 0)
(0.8656716418 8.196746945e-16 0)
(0.8656716418 -3.623425799e-16 0)
(0.8656716418 3.191336682e-16 0)
(0.8656716418 3.920879466e-16 0)
(0.8656716418 -5.227291009e-16 0)
(0.8656716418 -4.418800423e-16 0)
(0.8656716418 -9.08460491e-17 0)
(0.8656716418 3.20830214e-16 0)
(0.8656716418 5.028203668e-16 0)
(0.8656716418 -4.621547359e-16 0)
(0.8656716418 2.368139886e-16 0)
(0.8656716418 3.353886451e-16 0)
(0.8656716418 -1.004278229e-15 0)
(0.8656716418 -5.572105574e-16 0)
(0.8656716418 1.590048515e-16 0)
(0.8656716418 -8.71152602e-17 0)
(0.8656716418 3.716435288e-16 0)
(0.8656716418 2.340486171e-16 0)
(0.8656716418 -4.251924676e-16 0)
(0.8656716418 1.916506667e-16 0)
(0.8656716418 -1.08507588e-16 0)
(0.8656716418 -9.367440368e-16 0)
(0.8656716418 -5.965477464e-17 0)
(1.044776119 6.133959444e-16 0)
(1.044776119 5.034405781e-16 0)
(1.044776119 3.606139071e-16 0)
(1.044776119 1.69170796e-16 0)
(1.044776119 9.899271664e-17 0)
(1.044776119 9.485960702e-17 0)
(1.044776119 1.218334692e-16 0)
(1.044776119 3.914362568e-17 0)
(1.044776119 4.08293633e-17 0)
(1.044776119 2.021422424e-16 0)
(1.044776119 8.271773328e-17 0)
(1.044776119 1.918998255e-17 0)
(1.044776119 1.468597951e-16 0)
(1.044776119 -7.205208653e-17 0)
(1.044776119 -1.552527319e-16 0)
(1.044776119 -1.748203918e-16 0)
(1.044776119 -1.904544612e-16 0)
(1.044776119 -1.160049786e-16 0)
(1.044776119 -1.001372411e-16 0)
(1.044776119 -7.130905235e-17 0)
(1.044776119 -1.047841648e-16 0)
(1.044776119 -2.370868343e-16 0)
(1.044776119 -9.514533198e-17 0)
(1.044776119 1.658276276e-16 0)
(1.044776119 1.958067469e-16 0)
(1.044776119 1.700474461e-16 0)
(1.044776119 2.861782615e-16 0)
(1.044776119 7.481970085e-17 0)
(1.044776119 -2.534895175e-16 0)
(1.044776119 -2.334076154e-16 0)
(1.044776119 2.449849397e-17 0)
(1.044776119 -5.029877605e-17 0)
(1.044776119 -3.792583999e-16 0)
(1.044776119 -2.22818553e-16 0)
(1.044776119 -1.843485445e-16 0)
(1.044776119 -8.308060952e-17 0)
(1.044776119 1.91573217e-16 0)
(1.044776119 2.458486386e-16 0)
(1.044776119 3.474085419e-18 0)
(1.044776119 1.761890812e-17 0)
(1.044776119 4.544077368e-17 0)
(1.044776119 -1.288439793e-16 0)
(1.044776119 -2.355564394e-17 0)
(1.044776119 -2.194867631e-16 0)
(1.044776119 -1.40962286e-16 0)
(1.044776119 3.962735679e-17 0)
(1.044776119 -1.045939867e-16 0)
(1.044776119 -1.207327223e-16 0)
(1.044776119 7.826578395e-17 0)
(1.044776119 9.472757598e-17 0)
(1.044776119 3.022965221e-18 0)
(1.044776119 -1.392908914e-16 0)
(1.044776119 2.221507566e-16 0)
(1.044776119 2.286640447e-16 0)
(1.044776119 -5.325939632e-17 0)
(1.044776119 -4.028434327e-17 0)
(1.044776119 1.615117745e-16 0)
(1.044776119 1.220963185e-16 0)
(1.044776119 7.051083538e-17 0)
(1.044776119 1.242545167e-17 0)
(1.044776119 -1.532954905e-16 0)
(1.044776119 1.777871374e-16 0)
(1.044776119 2.673842353e-16 0)
(1.044776119 -5.330152184e-17 0)
(1.044776119 -4.430582142e-17 0)
(1.044776119 6.424418634e-17 0)
(1.044776119 -2.175372524e-17 0)
(1.044776119 1.521875644e-16 0)
(1.044776119 5.797898611e-17 0)
(1.044776119 -4.097182482e-16 0)
(1.044776119 -4.588585139e-16 0)
(1.044776119 2.590616091e-16 0)
(1.044776119 1.965578836e-16 0)
(1.044776119 -5.720524732e-17 0)
(1.044776119 -1.420035653e-16 0)
(1.044776119 4.626248572e-17 0)
(1.044776119 4.548553596e-16 0)
(1.044776119 -1.659124747e-16 0)
(1.044776119 -5.533405799e-16 0)
(1.044776119 6.071358724e-17 0)
(1.044776119 2.718478529e-16 0)
(1.044776119 -2.464756138e-16 0)
(1.044776119 8.974620508e-17 0)
(1.044776119 5.627394721e-16 0)
(1.044776119 1.823044805e-16 0)
(1.044776119 -1.034934125e-17 0)
(1.044776119 1.039085389e-17 0)
(1.044776119 -3.826759381e-16 0)
(1.044776119 -3.742469033e-16 0)
(1.044776119 3.538069823e-16 0)
(1.044776119 -1.685689903e-16 0)
(1.044776119 -3.764890479e-16 0)
(1.044776119 -1.001756582e-16 0)
(1.044776119 2.631022828e-16 0)
(1.044776119 4.505124598e-17 0)
(1.044776119 -3.29043527e-16 0)
(1.044776119 3.305403725e-16 0)
(1.044776119 2.856123154e-16 0)
(1.044776119 -2.247516544e-16 0)
(1.044776119 -4.057966279e-16 0)
(1.044776119 4.335493631e-16 0)
(1.044776119 6.312012067e-16 0)
(1.044776119 4.403374811e-17 0)
(1.044776119 -2.210086321e-16 0)
(1.044776119 -2.870992072e-16 0)
(1.044776119 2.643771772e-16 0)
(1.044776119 1.488620383e-16 0)
(1.044776119 -4.187947819e-16 0)
(1.044776119 -7.896828391e-17 0)
(1.044776119 2.479897974e-16 0)
(1.044776119 -6.069903425e-18 0)
(1.044776119 -2.344492702e-16 0)
(1.044776119 -5.551992445e-17 0)
(1.044776119 3.028929089e-16 0)
(1.044776119 3.086662344e-16 0)
(1.044776119 -2.966268005e-16 0)
(1.044776119 -4.885890913e-17 0)
(1.044776119 7.119484234e-16 0)
(1.044776119 3.371595421e-16 0)
(1.044776119 -3.889959911e-16 0)
(1.044776119 -4.63687705e-16 0)
(1.044776119 5.086185826e-17 0)
(1.044776119 5.052624637e-16 0)
(1.044776119 2.742725269e-16 0)
(1.044776119 -1.667849907e-16 0)
(1.044776119 -2.749930818e-16 0)
(1.044776119 4.671669626e-17 0)
(1.044776119 -8.749295502e-16 0)
(1.044776119 -2.904525651e-16 0)
(1.044776119 7.478202732e-16 0)
(1.044776119 4.302536239e-16 0)
(1.044776119 -5.200279445e-18 0)
(1.044776119 -4.74682016e-16 0)
(1.044776119 -4.838873198e-16 0)
(1.044776119 6.975263539e-17 0)
(1.044776119 -2.50192643e-17 0)
(1.044776119 -1.0720154e-17 0)
(1.044776119 -2.44085556e-16 0)
(1.044776119 -2.331106359e-17 0)
(1.044776119 -2.036544419e-17 0)
(1.044776119 -6.703061293e-16 0)
(1.044776119 -2.557848631e-17 0)
(1.044776119 2.328859429e-16 0)
(1.044776119 5.733453259e-16 0)
(1.044776119 7.3848863e-16 0)
(1.044776119 -1.996990993e-16 0)
(1.044776119 2.571876607e-16 0)
(1.044776119 3.131501644e-16 0)
(1.044776119 -4.397733345e-17 0)
(1.044776119 -6.401750496e-16 0)
(1.044776119 -3.988825833e-16 0)
(1.044776119 6.963341091e-16 0)
(1.044776119 -2.479292045e-18 0)
(1.044776119 -4.039084057e-16 0)
(1.044776119 6.588708211e-16 0)
(1.044776119 1.982293766e-16 0)
(1.044776119 -5.185980928e-16 0)
(1.044776119 -4.840921738e-16 0)
(1.044776119 -9.955059459e-17 0)
(1.044776119 5.951073845e-16 0)
(1.044776119 1.23842583e-16 0)
(1.044776119 8.4852423e-17 0)
(1.044776119 4.49248427e-16 0)
(1.044776119 -2.052455148e-17 0)
(1.044776119 -7.451457835e-16 0)
(1.044776119 -4.115269018e-16 0)
(1.044776119 5.453369194e-16 0)
(1.044776119 4.320813787e-16 0)
(1.044776119 2.006588598e-16 0)
(1.044776119 -5.124219525e-17 0)
(1.044776119 1.211238655e-16 0)
(1.044776119 1.347500721e-16 0)
(1.044776119 -3.092621986e-16 0)
(1.044776119 -3.481870991e-16 0)
(1.044776119 2.03483136e-16 0)
(1.044776119 -8.005152283e-16 0)
(1.044776119 -1.39447399e-16 0)
(1.044776119 7.740190861e-16 0)
(1.044776119 -3.179576742e-16 0)
(1.044776119 3.518271528e-16 0)
(1.044776119 4.421579616e-16 0)
(1.044776119 -5.209814608e-16 0)
(1.044776119 -5.994094774e-16 0)
(1.044776119 -5.889910547e-17 0)
(1.044776119 4.887868996e-16 0)
(1.044776119 5.552363486e-16 0)
(1.044776119 -4.752594407e-16 0)
(1.044776119 1.129210978e-16 0)
(1.044776119 2.921615801e-16 0)
(1.044776119 -1.046250402e-15 0)
(1.044776119 -6.93929501e-16 0)
(1.044776119 1.430700039e-16 0)
(1.044776119 -1.815776451e-17 0)
(1.044776119 3.720958702e-16 0)
(1.044776119 1.925852789e-16 0)
(1.044776119 -4.798351323e-16 0)
(1.044776119 1.695551967e-16 0)
(1.044776119 -2.01665088e-16 0)
(1.044776119 -1.027037857e-15 0)
(1.044776119 -3.559791329e-17 0)
(1.194029851 6.592283767e-16 0)
(1.194029851 5.617018661e-16 0)
(1.194029851 4.307731806e-16 0)
(1.194029851 2.008327494e-16 0)
(1.194029851 1.50264899e-16 0)
(1.194029851 2.274992426e-16 0)
(1.194029851 2.244389426e-16 0)
(1.194029851 1.280332464e-16 0)
(1.194029851 4.452266381e-17 0)
(1.194029851 2.185999156e-16 0)
(1.194029851 1.826708337e-16 0)
(1.194029851 6.292892601e-17 0)
(1.194029851 1.607832366e-16 0)
(1.194029851 -1.020187469e-16 0)
(1.194029851 -3.055736993e-16 0)
(1.194029851 -2.12294396e-16 0)
(1.194029851 -2.509416752e-16 0)
(1.194029851 -2.583510566e-16 0)
(1.194029851 -1.129454496e-16 0)
(1.194029851 -1.67280825e-17 0)
(1.194029851 -1.558076279e-16 0)
(1.194029851 -2.833824077e-16 0)
(1.194029851 -3.688886104e-17 0)
(1.194029851 1.315652948e-16 0)
(1.194029851 2.108462079e-16 0)
(1.194029851 2.496451176e-16 0)
(1.194029851 3.110546834e-16 0)
(1.194029851 5.420238863e-17 0)
(1.194029851 -3.229798146e-16 0)
(1.194029851 -1.582451114e-16 0)
(1.194029851 -5.433767692e-19 0)
(1.194029851 -2.103058221e-16 0)
(1.194029851 -4.522881862e-16 0)
(1.194029851 -1.834189808e-16 0)
(1.194029851 -1.948704792e-16 0)
(1.194029851 -1.662803675e-16 0)
(1.194029851 2.571968176e-16 0)
(1.194029851 3.217034463e-16 0)
(1.194029851 7.209852739e-17 0)
(1.194029851 -8.118108118e-17 0)
(1.194029851 -3.633979793e-17 0)
(1.194029851 -2.480891379e-16 0)
(1.194029851 -1.31102358e-16 0)
(1.194029851 -1.582545701e-16 0)
(1.194029851 -1.967609453e-16 0)
(1.194029851 -4.163663972e-17 0)
(1.194029851 -2.91248161e-17 0)
(1.194029851 -1.67071075e-16 0)
(1.194029851 3.392780131e-17 0)
(1.194029851 1.237983632e-16 0)
(1.194029851 -1.3682685e-16 0)
(1.194029851 -8.962232714e-17 0)
(1.194029851 3.166584971e-16 0)
(1.194029851 2.805854418e-16 0)
(1.194029851 2.373692831e-17 0)
(1.194029851 -5.175688107e-17 0)
(1.194029851 2.227707771e-16 0)
(1.194029851 2.619060527e-16 0)
(1.194029851 9.848399379e-17 0)
(1.194029851 1.635632296e-17 0)
(1.194029851 -9.179126048e-17 0)
(1.194029851 8.494746722e-17 0)
(1.194029851 3.262894842e-16 0)
(1.194029851 6.35886664e-17 0)
(1.194029851 -4.068418922e-17 0)
(1.194029851 1.274081198e-16 0)
(1.194029851 6.682680064e-18 0)
(1.194029851 6.229903379e-17 0)
(1.194029851 -4.140823647e-17 0)
(1.194029851 -3.286531551e-16 0)
(1.194029851 -4.807878596e-16 0)
(1.194029851 1.120407134e-16 0)
(1.194029851 2.79282822e-16 0)
(1.194029851 -1.173924795e-17 0)
(1.194029851 -1.335749467e-16 0)
(1.194029851 9.110296871e-17 0)
(1.194029851 3.740833698e-16 0)
(1.194029851 -2.216838486e-16 0)
(1.194029851 -4.009114465e-16 0)
(1.194029851 2.638679017e-16 0)
(1.194029851 2.882764664e-16 0)
(1.194029851 -2.331031709e-16 0)
(1.194029851 1.245942774e-16 0)
(1.194029851 3.567019954e-16 0)
(1.194029851 1.09051643e-17 0)
(1.194029851 6.383269375e-17 0)
(1.194029851 -2.588264292e-17 0)
(1.194029851 -4.135485867e-16 0)
(1.194029851 -1.158062235e-16 0)
(1.194029851 2.241629425e-16 0)
(1.194029851 -3.480246385e-16 0)
(1.194029851 -3.703462327e-16 0)
(1.194029851 -1.565246757e-16 0)
(1.194029851 1.329200239e-16 0)
(1.194029851 6.808274627e-17 0)
(1.194029851 -1.869256399e-16 0)
(1.194029851 2.16074375e-16 0)
(1.194029851 3.379010804e-16 0)
(1.194029851 -8.660111197e-17 0)
(1.194029851 -3.613505361e-16 0)
(1.194029851 4.023427445e-16 0)
(1.194029851 6.674071596e-16 0)
(1.194029851 1.490140767e-16 0)
(1.194029851 -2.584246324e-16 0)
(1.194029851 -1.85146528e-16 0)
(1.194029851 1.796073383e-16 0)
(1.194029851 4.295691789e-17 0)
(1.194029851 -4.472836282e-16 0)
(1.194029851 -4.163032968e-17 0)
(1.194029851 3.257000062e-16 0)
(1.194029851 -7.804974175e-17 0)
(1.194029851 -2.499555328e-16 0)
(1.194029851 -7.758471665e-17 0)
(1.194029851 4.313908368e-16 0)
(1.194029851 4.539856459e-16 0)
(1.194029851 -2.17001143e-16 0)
(1.194029851 -3.561250105e-17 0)
(1.194029851 7.03342399e-16 0)
(1.194029851 1.935977273e-16 0)
(1.194029851 -2.991894215e-16 0)
(1.194029851 -2.21499642e-16 0)
(1.194029851 -5.525351123e-17 0)
(1.194029851 4.80063793e-16 0)
(1.194029851 1.750092715e-16 0)
(1.194029851 -4.094008664e-16 0)
(1.194029851 -3.43190173e-16 0)
(1.194029851 5.569024918e-17 0)
(1.194029851 -7.785935266e-16 0)
(1.194029851 -2.721335604e-16 0)
(1.194029851 7.507642258e-16 0)
(1.194029851 6.261379473e-16 0)
(1.194029851 1.043750423e-16 0)
(1.194029851 -6.28131314e-16 0)
(1.194029851 -5.650592974e-16 0)
(1.194029851 9.527959734e-17 0)
(1.194029851 -1.359900953e-16 0)
(1.194029851 -2.043656245e-16 0)
(1.194029851 -1.232107886e-16 0)
(1.194029851 -1.046356147e-16 0)
(1.194029851 -1.536222239e-16 0)
(1.194029851 -3.675395736e-16 0)
(1.194029851 -1.862202588e-16 0)
(1.194029851 2.131470391e-16 0)
(1.194029851 8.113592916e-16 0)
(1.194029851 7.585032699e-16 0)
(1.194029851 8.252511613e-17 0)
(1.194029851 4.583358239e-16 0)
(1.194029851 3.555281061e-16 0)
(1.194029851 -3.618773354e-16 0)
(1.194029851 -6.639559373e-16 0)
(1.194029851 -3.88952097e-16 0)
(1.194029851 4.040733562e-16 0)
(1.194029851 1.138606732e-16 0)
(1.194029851 -3.520120973e-16 0)
(1.194029851 4.979275038e-16 0)
(1.194029851 4.732409541e-16 0)
(1.194029851 -4.724231204e-16 0)
(1.194029851 -4.889673774e-16 0)
(1.194029851 -7.602043013e-17 0)
(1.194029851 5.155540947e-16 0)
(1.194029851 2.011260258e-16 0)
(1.194029851 9.59728502e-17 0)
(1.194029851 4.113590964e-16 0)
(1.194029851 -1.023028269e-16 0)
(1.194029851 -7.175105894e-16 0)
(1.194029851 -3.005203018e-16 0)
(1.194029851 5.315017114e-16 0)
(1.194029851 3.570757285e-16 0)
(1.194029851 2.06252955e-16 0)
(1.194029851 3.797819693e-17 0)
(1.194029851 1.381186429e-16 0)
(1.194029851 1.06606644e-16 0)
(1.194029851 -4.58986358e-16 0)
(1.194029851 -4.031678097e-16 0)
(1.194029851 9.884298798e-17 0)
(1.194029851 -5.094662713e-16 0)
(1.194029851 -1.598812898e-16 0)
(1.194029851 4.772691489e-16 0)
(1.194029851 -6.86781565e-17 0)
(1.194029851 2.956736858e-16 0)
(1.194029851 2.432271366e-16 0)
(1.194029851 -4.738213712e-16 0)
(1.194029851 -5.226482391e-16 0)
(1.194029851 -7.420959566e-18 0)
(1.194029851 6.13675931e-16 0)
(1.194029851 5.553690743e-16 0)
(1.194029851 -5.868094267e-16 0)
(1.194029851 9.018361058e-17 0)
(1.194029851 2.657772926e-16 0)
(1.194029851 -9.827302895e-16 0)
(1.194029851 -7.613515453e-16 0)
(1.194029851 4.138179576e-17 0)
(1.194029851 1.210585116e-16 0)
(1.194029851 2.032559234e-16 0)
(1.194029851 -1.560791143e-16 0)
(1.194029851 -2.742859487e-16 0)
(1.194029851 2.866305017e-16 0)
(1.194029851 -2.473033701e-16 0)
(1.194029851 -9.279356612e-16 0)
(1.194029851 -1.440371402e-16 0)
(1.313432836 5.222389648e-16 0)
(1.313432836 5.091548024e-16 0)
(1.313432836 3.677736511e-16 0)
(1.313432836 2.726879251e-16 0)
(1.313432836 2.175417548e-16 0)
(1.313432836 3.128878331e-16 0)
(1.313432836 2.215567334e-16 0)
(1.313432836 1.602555134e-16 0)
(1.313432836 2.866732719e-16 0)
(1.313432836 3.066445992e-16 0)
(1.313432836 1.864924554e-16 0)
(1.313432836 1.404124994e-16 0)
(1.313432836 1.477812066e-16 0)
(1.313432836 -1.296649976e-16 0)
(1.313432836 -4.515720887e-16 0)
(1.313432836 -3.431738691e-16 0)
(1.313432836 -3.778355012e-16 0)
(1.313432836 -2.63854295e-16 0)
(1.313432836 -1.051544314e-16 0)
(1.313432836 -7.642905776e-17 0)
(1.313432836 -1.582849296e-16 0)
(1.313432836 -1.602619646e-16 0)
(1.313432836 9.505486049e-17 0)
(1.313432836 6.824937594e-17 0)
(1.313432836 7.770475338e-17 0)
(1.313432836 2.752297784e-16 0)
(1.313432836 2.557879156e-16 0)
(1.313432836 -5.562935652e-17 0)
(1.313432836 -3.015511494e-16 0)
(1.313432836 -9.926375874e-17 0)
(1.313432836 -7.10870986e-17 0)
(1.313432836 -3.24526968e-16 0)
(1.313432836 -4.015989399e-16 0)
(1.313432836 -1.4999195e-16 0)
(1.313432836 -2.64493256e-16 0)
(1.313432836 -1.533369119e-16 0)
(1.313432836 2.830354876e-16 0)
(1.313432836 3.415864999e-16 0)
(1.313432836 9.329384704e-17 0)
(1.313432836 -2.39436779e-16 0)
(1.313432836 -1.649413652e-16 0)
(1.313432836 -3.610709161e-16 0)
(1.313432836 -1.383964569e-16 0)
(1.313432836 -1.550679324e-16 0)
(1.313432836 -1.219820594e-16 0)
(1.313432836 -6.643726367e-17 0)
(1.313432836 -4.807526291e-17 0)
(1.313432836 -1.293470694e-16 0)
(1.313432836 2.265414368e-17 0)
(1.313432836 6.072900611e-17 0)
(1.313432836 -1.087140763e-16 0)
(1.313432836 -7.259543656e-17 0)
(1.313432836 2.225834227e-16 0)
(1.313432836 3.289767223e-16 0)
(1.313432836 1.912493689e-16 0)
(1.313432836 1.396013959e-18 0)
(1.313432836 1.869658359e-16 0)
(1.313432836 3.29593822e-16 0)
(1.313432836 2.173376613e-16 0)
(1.313432836 -9.317825104e-17 0)
(1.313432836 -9.056533292e-17 0)
(1.313432836 1.318490466e-16 0)
(1.313432836 2.428401191e-16 0)
(1.313432836 1.110656315e-16 0)
(1.313432836 1.186155043e-16 0)
(1.313432836 1.900503469e-16 0)
(1.313432836 -3.934683207e-17 0)
(1.313432836 -1.159019406e-17 0)
(1.313432836 -1.292437321e-16 0)
(1.313432836 -4.486230694e-16 0)
(1.313432836 -3.55185299e-16 0)
(1.313432836 1.341314757e-16 0)
(1.313432836 2.648248004e-16 0)
(1.313432836 -3.407931921e-17 0)
(1.313432836 -1.099248688e-16 0)
(1.313432836 1.128961444e-16 0)
(1.313432836 4.081309771e-16 0)
(1.313432836 -1.948313469e-16 0)
(1.313432836 -3.861467442e-16 0)
(1.313432836 3.755497867e-16 0)
(1.313432836 2.792435566e-16 0)
(1.313432836 -1.054469753e-16 0)
(1.313432836 1.475953272e-16 0)
(1.313432836 1.980166821e-16 0)
(1.313432836 -1.990940122e-16 0)
(1.313432836 3.052823762e-17 0)
(1.313432836 2.451011311e-17 0)
(1.313432836 -3.514945871e-16 0)
(1.313432836 -1.833467084e-16 0)
(1.313432836 1.6735976e-16 0)
(1.313432836 -2.194105187e-16 0)
(1.313432836 -3.729102246e-16 0)
(1.313432836 -1.72288748e-16 0)
(1.313432836 -1.036189707e-16 0)
(1.313432836 -2.375510664e-17 0)
(1.313432836 -3.131371653e-16 0)
(1.313432836 2.40868069e-16 0)
(1.313432836 5.355252883e-16 0)
(1.313432836 -4.333911609e-17 0)
(1.313432836 -3.498673765e-16 0)
(1.313432836 3.908319429e-16 0)
(1.313432836 7.080583894e-16 0)
(1.313432836 1.834437144e-16 0)
(1.313432836 -2.140543165e-16 0)
(1.313432836 -2.501085997e-16 0)
(1.313432836 1.001247081e-16 0)
(1.313432836 -9.162656824e-17 0)
(1.313432836 -5.006915829e-16 0)
(1.313432836 6.115231871e-17 0)
(1.313432836 3.058081846e-16 0)
(1.313432836 1.36708358e-16 0)
(1.313432836 -1.945656179e-16 0)
(1.313432836 -4.87360199e-17 0)
(1.313432836 3.959670722e-16 0)
(1.313432836 3.387622105e-16 0)
(1.313432836 -1.254380454e-17 0)
(1.313432836 1.204833048e-16 0)
(1.313432836 5.198412216e-16 0)
(1.313432836 2.799044637e-16 0)
(1.313432836 -1.439385705e-16 0)
(1.313432836 -1.869923288e-16 0)
(1.313432836 6.977797348e-18 0)
(1.313432836 2.915659803e-16 0)
(1.313432836 -1.942744333e-17 0)
(1.313432836 -4.461260684e-16 0)
(1.313432836 -4.027877009e-16 0)
(1.313432836 -2.070372645e-16 0)
(1.313432836 -5.904615612e-16 0)
(1.313432836 -7.115756812e-17 0)
(1.313432836 7.011920575e-16 0)
(1.313432836 5.641442523e-16 0)
(1.313432836 6.41106214e-17 0)
(1.313432836 -4.954760428e-16 0)
(1.313432836 -5.244891949e-16 0)
(1.313432836 4.932657855e-17 0)
(1.313432836 -1.214716381e-16 0)
(1.313432836 -3.218229419e-16 0)
(1.313432836 -3.020588331e-16 0)
(1.313432836 -6.56636805e-17 0)
(1.313432836 2.178488898e-17 0)
(1.313432836 -3.545148436e-16 0)
(1.313432836 -2.111753146e-16 0)
(1.313432836 1.890346615e-16 0)
(1.313432836 9.038932159e-16 0)
(1.313432836 9.261424903e-16 0)
(1.313432836 1.353683713e-16 0)
(1.313432836 4.517566534e-16 0)
(1.313432836 3.625304943e-16 0)
(1.313432836 -3.281204206e-16 0)
(1.313432836 -6.884014487e-16 0)
(1.313432836 -4.458869145e-16 0)
(1.313432836 3.989738993e-16 0)
(1.313432836 -1.385215331e-17 0)
(1.313432836 -4.118448789e-16 0)
(1.313432836 5.656344478e-16 0)
(1.313432836 4.218042093e-16 0)
(1.313432836 -3.350888909e-16 0)
(1.313432836 -2.983664649e-16 0)
(1.313432836 -1.0820988e-16 0)
(1.313432836 4.88321743e-16 0)
(1.313432836 2.077372237e-16 0)
(1.313432836 1.387861147e-17 0)
(1.313432836 1.57919672e-16 0)
(1.313432836 -8.524743687e-17 0)
(1.313432836 -5.61358878e-16 0)
(1.313432836 -2.227319157e-16 0)
(1.313432836 5.852923018e-16 0)
(1.313432836 3.84824518e-16 0)
(1.313432836 3.149731025e-16 0)
(1.313432836 -7.786344604e-17 0)
(1.313432836 -1.613712575e-16 0)
(1.313432836 1.724040444e-16 0)
(1.313432836 -4.207865178e-16 0)
(1.313432836 -4.562721336e-16 0)
(1.313432836 3.701819471e-17 0)
(1.313432836 -4.939335792e-16 0)
(1.313432836 -4.78748883e-17 0)
(1.313432836 2.871834545e-16 0)
(1.313432836 -2.211606345e-16 0)
(1.313432836 4.058471566e-16 0)
(1.313432836 3.571864022e-16 0)
(1.313432836 -2.899464171e-16 0)
(1.313432836 -4.461777175e-16 0)
(1.313432836 -5.744750576e-17 0)
(1.313432836 7.576444982e-16 0)
(1.313432836 3.808536322e-16 0)
(1.313432836 -7.091339648e-16 0)
(1.313432836 -6.179555173e-17 0)
(1.313432836 2.996840206e-16 0)
(1.313432836 -8.371574941e-16 0)
(1.313432836 -8.497264449e-16 0)
(1.313432836 -1.776147134e-16 0)
(1.313432836 6.001862366e-17 0)
(1.313432836 2.992522326e-16 0)
(1.313432836 -4.41099317e-18 0)
(1.313432836 -2.377219928e-16 0)
(1.313432836 1.159648887e-16 0)
(1.313432836 -2.675009371e-16 0)
(1.313432836 -6.600856815e-16 0)
(1.313432836 -7.934314276e-17 0)
(1.402985075 5.470596594e-16 0)
(1.402985075 4.490478867e-16 0)
(1.402985075 3.329419049e-16 0)
(1.402985075 3.885293697e-16 0)
(1.402985075 2.651880805e-16 0)
(1.402985075 3.425422063e-16 0)
(1.402985075 2.823176545e-16 0)
(1.402985075 2.70999311e-16 0)
(1.402985075 4.299860096e-16 0)
(1.402985075 3.63481327e-16 0)
(1.402985075 1.617722398e-16 0)
(1.402985075 1.428789964e-16 0)
(1.402985075 9.102543587e-17 0)
(1.402985075 -1.849157981e-16 0)
(1.402985075 -4.615565132e-16 0)
(1.402985075 -4.480095728e-16 0)
(1.402985075 -4.210706494e-16 0)
(1.402985075 -2.046800405e-16 0)
(1.402985075 -7.05663948e-17 0)
(1.402985075 -1.598166041e-16 0)
(1.402985075 -1.250599516e-16 0)
(1.402985075 -8.400605938e-18 0)
(1.402985075 6.554137457e-17 0)
(1.402985075 5.500500249e-17 0)
(1.402985075 5.351914485e-17 0)
(1.402985075 1.910364015e-16 0)
(1.402985075 5.472917626e-17 0)
(1.402985075 -1.459217507e-16 0)
(1.402985075 -2.921949745e-16 0)
(1.402985075 -1.187236861e-16 0)
(1.402985075 -1.27992513e-16 0)
(1.402985075 -4.052099343e-16 0)
(1.402985075 -3.36259052e-16 0)
(1.402985075 -2.147517919e-16 0)
(1.402985075 -2.85448136e-16 0)
(1.402985075 -1.102015037e-17 0)
(1.402985075 2.36997931e-16 0)
(1.402985075 3.214454668e-16 0)
(1.402985075 9.808017363e-17 0)
(1.402985075 -2.381840647e-16 0)
(1.402985075 -3.166580196e-16 0)
(1.402985075 -3.740202828e-16 0)
(1.402985075 -1.926842202e-16 0)
(1.402985075 -1.539227474e-16 0)
(1.402985075 -4.089698612e-17 0)
(1.402985075 -2.388407784e-16 0)
(1.402985075 -6.541595101e-17 0)
(1.402985075 1.802465212e-16 0)
(1.402985075 -1.575694079e-17 0)
(1.402985075 -2.272753965e-17 0)
(1.402985075 2.698292152e-17 0)
(1.402985075 -2.670787776e-17 0)
(1.402985075 1.694000808e-16 0)
(1.402985075 3.536895102e-16 0)
(1.402985075 2.19687122e-16 0)
(1.402985075 1.281018359e-16 0)
(1.402985075 2.532532804e-16 0)
(1.402985075 2.586839592e-16 0)
(1.402985075 3.126402779e-16 0)
(1.402985075 3.674208505e-17 0)
(1.402985075 -1.334460455e-16 0)
(1.402985075 4.174878171e-17 0)
(1.402985075 1.033480067e-16 0)
(1.402985075 1.384216617e-16 0)
(1.402985075 2.16740929e-16 0)
(1.402985075 2.12460347e-16 0)
(1.402985075 -6.23676573e-18 0)
(1.402985075 1.678296399e-17 0)
(1.402985075 -2.804600887e-16 0)
(1.402985075 -4.697046928e-16 0)
(1.402985075 -1.784993234e-16 0)
(1.402985075 4.444657765e-17 0)
(1.402985075 1.685777966e-16 0)
(1.402985075 7.532131403e-17 0)
(1.402985075 -5.341207316e-17 0)
(1.402985075 8.497666525e-17 0)
(1.402985075 3.984419823e-16 0)
(1.402985075 -9.4894495e-17 0)
(1.402985075 -1.819653681e-16 0)
(1.402985075 3.30222413e-16 0)
(1.402985075 1.654148147e-16 0)
(1.402985075 -4.247580619e-17 0)
(1.402985075 5.851709421e-17 0)
(1.402985075 1.040978656e-16 0)
(1.402985075 -6.677611947e-17 0)
(1.402985075 -1.611289719e-16 0)
(1.402985075 -1.924420898e-16 0)
(1.402985075 -1.400288284e-16 0)
(1.402985075 -1.255127095e-16 0)
(1.402985075 9.449421545e-17 0)
(1.402985075 -1.543224574e-16 0)
(1.402985075 -3.275230612e-16 0)
(1.402985075 -1.692999705e-16 0)
(1.402985075 -2.626749139e-16 0)
(1.402985075 -1.061776638e-16 0)
(1.402985075 -3.457153839e-16 0)
(1.402985075 5.950477239e-17 0)
(1.402985075 4.041204622e-16 0)
(1.402985075 9.65029571e-17 0)
(1.402985075 -1.231828732e-16 0)
(1.402985075 2.710499188e-16 0)
(1.402985075 6.227723709e-16 0)
(1.402985075 2.566417391e-16 0)
(1.402985075 -2.587813679e-16 0)
(1.402985075 -2.81286649e-16 0)
(1.402985075 -3.724300444e-17 0)
(1.402985075 -1.162203176e-16 0)
(1.402985075 -2.592616722e-16 0)
(1.402985075 -5.81923774e-17 0)
(1.402985075 1.790314508e-16 0)
(1.402985075 1.756339148e-16 0)
(1.402985075 -1.543907187e-17 0)
(1.402985075 8.551312642e-17 0)
(1.402985075 3.081170193e-16 0)
(1.402985075 3.681502002e-16 0)
(1.402985075 1.343813084e-16 0)
(1.402985075 2.411149897e-17 0)
(1.402985075 3.404148037e-16 0)
(1.402985075 3.242095579e-16 0)
(1.402985075 1.021538592e-17 0)
(1.402985075 -1.254475513e-17 0)
(1.402985075 4.54191935e-17 0)
(1.402985075 9.200549749e-17 0)
(1.402985075 -1.7169484e-16 0)
(1.402985075 -5.09266027e-16 0)
(1.402985075 -5.864197463e-16 0)
(1.402985075 -2.843221051e-16 0)
(1.402985075 -5.008976585e-16 0)
(1.402985075 7.048579357e-17 0)
(1.402985075 6.571239458e-16 0)
(1.402985075 4.898725901e-16 0)
(1.402985075 1.691003944e-16 0)
(1.402985075 -5.036598572e-16 0)
(1.402985075 -4.591574574e-16 0)
(1.402985075 -1.839228548e-17 0)
(1.402985075 -1.748970107e-16 0)
(1.402985075 -2.412025889e-16 0)
(1.402985075 -2.181313526e-16 0)
(1.402985075 -5.833664278e-17 0)
(1.402985075 1.097389784e-16 0)
(1.402985075 -2.93225208e-16 0)
(1.402985075 -3.523596732e-17 0)
(1.402985075 2.18459461e-16 0)
(1.402985075 7.379295104e-16 0)
(1.402985075 7.985269459e-16 0)
(1.402985075 2.825074144e-16 0)
(1.402985075 5.461696612e-16 0)
(1.402985075 3.570960568e-16 0)
(1.402985075 -2.096877198e-16 0)
(1.402985075 -5.778145979e-16 0)
(1.402985075 -3.71876103e-16 0)
(1.402985075 2.848176712e-17 0)
(1.402985075 -1.837584521e-16 0)
(1.402985075 -1.963185816e-16 0)
(1.402985075 4.64907917e-16 0)
(1.402985075 2.786591954e-16 0)
(1.402985075 -2.289251712e-16 0)
(1.402985075 -1.16602591e-16 0)
(1.402985075 -3.721014833e-18 0)
(1.402985075 3.602785726e-16 0)
(1.402985075 8.621838033e-17 0)
(1.402985075 4.133064902e-18 0)
(1.402985075 6.583535126e-17 0)
(1.402985075 -6.431893973e-17 0)
(1.402985075 -4.042369764e-16 0)
(1.402985075 -1.275271741e-16 0)
(1.402985075 4.848954436e-16 0)
(1.402985075 4.135059288e-16 0)
(1.402985075 2.745273258e-16 0)
(1.402985075 -2.351131778e-16 0)
(1.402985075 -1.127610732e-16 0)
(1.402985075 1.457450043e-17 0)
(1.402985075 -3.32949903e-16 0)
(1.402985075 -3.398855388e-16 0)
(1.402985075 -1.4033568e-16 0)
(1.402985075 -3.239116336e-16 0)
(1.402985075 -2.674267848e-16 0)
(1.402985075 1.068071939e-16 0)
(1.402985075 -2.970798743e-17 0)
(1.402985075 3.567768115e-16 0)
(1.402985075 3.959055336e-16 0)
(1.402985075 -1.72528047e-16 0)
(1.402985075 -2.424299258e-16 0)
(1.402985075 3.921273081e-17 0)
(1.402985075 6.923808337e-16 0)
(1.402985075 1.321827604e-16 0)
(1.402985075 -6.888561417e-16 0)
(1.402985075 -4.365366824e-17 0)
(1.402985075 1.422672488e-16 0)
(1.402985075 -6.829149355e-16 0)
(1.402985075 -7.954063064e-16 0)
(1.402985075 -2.867935298e-16 0)
(1.402985075 1.112038639e-16 0)
(1.402985075 3.037852381e-16 0)
(1.402985075 2.032660722e-17 0)
(1.402985075 -2.091681094e-16 0)
(1.402985075 -3.407529728e-17 0)
(1.402985075 -1.412808511e-16 0)
(1.402985075 -5.645372827e-16 0)
(1.402985075 -1.165431658e-16 0)
(1.462686567 3.814187099e-16 0)
(1.462686567 3.03029204e-16 0)
(1.462686567 2.985509201e-16 0)
(1.462686567 4.283602015e-16 0)
(1.462686567 4.003231181e-16 0)
(1.462686567 4.375593796e-16 0)
(1.462686567 3.535973738e-16 0)
(1.462686567 3.729249817e-16 0)
(1.462686567 4.020276821e-16 0)
(1.462686567 3.339075579e-16 0)
(1.462686567 1.388763226e-16 0)
(1.462686567 1.39939777e-16 0)
(1.462686567 1.857175097e-17 0)
(1.462686567 -1.993699478e-16 0)
(1.462686567 -4.163261316e-16 0)
(1.462686567 -4.927477835e-16 0)
(1.462686567 -4.767864892e-16 0)
(1.462686567 -1.930771295e-16 0)
(1.462686567 -2.720700558e-17 0)
(1.462686567 -1.90682053e-16 0)
(1.462686567 -2.963352873e-17 0)
(1.462686567 5.448677142e-17 0)
(1.462686567 7.161505836e-17 0)
(1.462686567 -8.175282362e-17 0)
(1.462686567 6.767045654e-17 0)
(1.462686567 4.992803897e-17 0)
(1.462686567 -1.148737882e-16 0)
(1.462686567 -2.100760208e-16 0)
(1.462686567 -1.771587734e-16 0)
(1.462686567 -1.470124201e-16 0)
(1.462686567 -2.08474942e-16 0)
(1.462686567 -4.376225472e-16 0)
(1.462686567 -3.567251594e-16 0)
(1.462686567 -3.533888566e-16 0)
(1.462686567 -2.276706675e-16 0)
(1.462686567 1.187244001e-16 0)
(1.462686567 1.533297651e-16 0)
(1.462686567 2.866496774e-16 0)
(1.462686567 8.703855729e-17 0)
(1.462686567 -1.397489926e-16 0)
(1.462686567 -3.497070877e-16 0)
(1.462686567 -3.390330635e-16 0)
(1.462686567 -3.300390709e-16 0)
(1.462686567 -1.960900521e-16 0)
(1.462686567 -4.933563029e-17 0)
(1.462686567 -1.968332142e-16 0)
(1.462686567 -3.506783426e-17 0)
(1.462686567 3.368622538e-16 0)
(1.462686567 5.941576644e-17 0)
(1.462686567 -1.065385167e-16 0)
(1.462686567 8.101040306e-19 0)
(1.462686567 3.93452311e-17 0)
(1.462686567 2.020364902e-16 0)
(1.462686567 4.322940969e-16 0)
(1.462686567 2.485978455e-16 0)
(1.462686567 3.079419992e-16 0)
(1.462686567 3.884078561e-16 0)
(1.462686567 2.155742969e-16 0)
(1.462686567 2.576901909e-16 0)
(1.462686567 1.798538527e-16 0)
(1.462686567 -2.613649849e-18 0)
(1.462686567 -3.651041843e-17 0)
(1.462686567 -6.474999679e-17 0)
(1.462686567 6.952483198e-17 0)
(1.462686567 2.362556899e-16 0)
(1.462686567 2.547688227e-16 0)
(1.462686567 -2.362103737e-17 0)
(1.462686567 -2.962003891e-17 0)
(1.462686567 -1.946509242e-16 0)
(1.462686567 -3.008150073e-16 0)
(1.462686567 -7.675100663e-17 0)
(1.462686567 8.343924577e-17 0)
(1.462686567 4.481344389e-17 0)
(1.462686567 1.408339303e-16 0)
(1.462686567 6.328399935e-17 0)
(1.462686567 3.215200136e-17 0)
(1.462686567 2.966965983e-16 0)
(1.462686567 1.193382779e-16 0)
(1.462686567 -4.516754933e-17 0)
(1.462686567 1.588020448e-16 0)
(1.462686567 7.308787497e-17 0)
(1.462686567 2.395040956e-17 0)
(1.462686567 -2.641432881e-17 0)
(1.462686567 1.129258017e-16 0)
(1.462686567 -3.585799209e-17 0)
(1.462686567 -4.145345431e-16 0)
(1.462686567 -3.808010245e-16 0)
(1.462686567 -3.798543351e-17 0)
(1.462686567 -1.005570569e-16 0)
(1.462686567 -9.940130483e-18 0)
(1.462686567 -5.291902287e-17 0)
(1.462686567 -1.635476955e-16 0)
(1.462686567 -2.364625212e-16 0)
(1.462686567 -1.836871571e-16 0)
(1.462686567 -1.175140645e-16 0)
(1.462686567 -3.826084395e-16 0)
(1.462686567 -8.269254488e-17 0)
(1.462686567 2.847592868e-16 0)
(1.462686567 1.072854564e-16 0)
(1.462686567 -1.440429769e-16 0)
(1.462686567 1.660060398e-16 0)
(1.462686567 5.475650904e-16 0)
(1.462686567 3.17963345e-16 0)
(1.462686567 -3.079407361e-16 0)
(1.462686567 -3.289449624e-16 0)
(1.462686567 -1.631439782e-16 0)
(1.462686567 -1.276189551e-16 0)
(1.462686567 -5.832046829e-17 0)
(1.462686567 -4.974254859e-17 0)
(1.462686567 1.375459929e-16 0)
(1.462686567 3.387723471e-17 0)
(1.462686567 1.648958461e-16 0)
(1.462686567 1.262498195e-16 0)
(1.462686567 2.106989213e-16 0)
(1.462686567 4.103223816e-16 0)
(1.462686567 3.474833786e-16 0)
(1.462686567 4.01721872e-17 0)
(1.462686567 1.494918267e-16 0)
(1.462686567 3.101036809e-16 0)
(1.462686567 1.276433838e-16 0)
(1.462686567 5.748182903e-17 0)
(1.462686567 7.260798061e-17 0)
(1.462686567 -1.158735487e-16 0)
(1.462686567 -3.159818797e-16 0)
(1.462686567 -5.252376553e-16 0)
(1.462686567 -6.27808052e-16 0)
(1.462686567 -2.077955354e-16 0)
(1.462686567 -2.53601356e-16 0)
(1.462686567 8.696406315e-17 0)
(1.462686567 5.0863161e-16 0)
(1.462686567 4.252439879e-16 0)
(1.462686567 1.686205653e-16 0)
(1.462686567 -4.257487758e-16 0)
(1.462686567 -4.244978318e-16 0)
(1.462686567 -1.245848293e-16 0)
(1.462686567 -2.25981689e-16 0)
(1.462686567 -2.214980784e-16 0)
(1.462686567 -1.393266609e-16 0)
(1.462686567 6.553036554e-17 0)
(1.462686567 1.959140491e-16 0)
(1.462686567 -2.235017825e-16 0)
(1.462686567 1.450962142e-16 0)
(1.462686567 3.861529728e-16 0)
(1.462686567 5.780805593e-16 0)
(1.462686567 6.310321572e-16 0)
(1.462686567 4.455596759e-16 0)
(1.462686567 6.17938362e-16 0)
(1.462686567 2.853969055e-16 0)
(1.462686567 -1.3820553e-16 0)
(1.462686567 -4.646477123e-16 0)
(1.462686567 -2.295786953e-16 0)
(1.462686567 -2.22660795e-16 0)
(1.462686567 -4.415606881e-16 0)
(1.462686567 -6.004874382e-17 0)
(1.462686567 2.681392873e-16 0)
(1.462686567 2.565546754e-16 0)
(1.462686567 -5.850035645e-17 0)
(1.462686567 -8.055577162e-17 0)
(1.462686567 -3.589646079e-17 0)
(1.462686567 1.60289805e-16 0)
(1.462686567 8.448215865e-17 0)
(1.462686567 7.692570506e-17 0)
(1.462686567 -9.796673424e-18 0)
(1.462686567 -6.77953017e-17 0)
(1.462686567 -2.363917972e-16 0)
(1.462686567 6.914152468e-17 0)
(1.462686567 4.035156857e-16 0)
(1.462686567 3.882558193e-16 0)
(1.462686567 2.739722116e-16 0)
(1.462686567 -2.99050206e-16 0)
(1.462686567 -1.175399854e-16 0)
(1.462686567 -3.656121425e-17 0)
(1.462686567 -3.166332571e-16 0)
(1.462686567 -3.038869293e-16 0)
(1.462686567 -1.629106887e-16 0)
(1.462686567 -2.600431283e-16 0)
(1.462686567 -5.284131152e-16 0)
(1.462686567 -9.517275781e-18 0)
(1.462686567 4.1336864e-17 0)
(1.462686567 3.203505497e-16 0)
(1.462686567 4.808141937e-16 0)
(1.462686567 -3.714455964e-17 0)
(1.462686567 5.692975454e-17 0)
(1.462686567 1.366525588e-16 0)
(1.462686567 5.169848556e-16 0)
(1.462686567 3.789020168e-17 0)
(1.462686567 -5.192424294e-16 0)
(1.462686567 -6.52199066e-17 0)
(1.462686567 -2.167348453e-17 0)
(1.462686567 -6.154558603e-16 0)
(1.462686567 -7.040400833e-16 0)
(1.462686567 -2.745078311e-16 0)
(1.462686567 5.775995942e-17 0)
(1.462686567 2.829942176e-16 0)
(1.462686567 6.577910687e-17 0)
(1.462686567 -1.821118699e-16 0)
(1.462686567 -2.23663476e-16 0)
(1.462686567 -9.091733669e-17 0)
(1.462686567 -4.271230834e-16 0)
(1.462686567 -1.41848913e-16 0)
(1.492537313 1.953346505e-16 0)
(1.492537313 2.264302276e-16 0)
(1.492537313 3.537966684e-16 0)
(1.492537313 4.289721614e-16 0)
(1.492537313 3.348915298e-16 0)
(1.492537313 4.366608544e-16 0)
(1.492537313 3.834099001e-16 0)
(1.492537313 3.248175325e-16 0)
(1.492537313 3.359757352e-16 0)
(1.492537313 3.398563989e-16 0)
(1.492537313 1.07207564e-16 0)
(1.492537313 2.151497356e-16 0)
(1.492537313 5.467150579e-17 0)
(1.492537313 -2.035657691e-16 0)
(1.492537313 -3.208871709e-16 0)
(1.492537313 -4.228445568e-16 0)
(1.492537313 -4.740357317e-16 0)
(1.492537313 -2.075738378e-16 0)
(1.492537313 -3.346528658e-17 0)
(1.492537313 -2.196986308e-17 0)
(1.492537313 2.164030001e-17 0)
(1.492537313 2.311479755e-17 0)
(1.492537313 -3.938926064e-17 0)
(1.492537313 -1.723053702e-16 0)
(1.492537313 5.706719081e-17 0)
(1.492537313 -8.973440782e-17 0)
(1.492537313 -3.075767386e-16 0)
(1.492537313 -1.886246564e-16 0)
(1.492537313 1.679163096e-17 0)
(1.492537313 -1.098670111e-16 0)
(1.492537313 -3.589950704e-16 0)
(1.492537313 -4.579279021e-16 0)
(1.492537313 -4.081350208e-16 0)
(1.492537313 -3.481347166e-16 0)
(1.492537313 -8.657164872e-17 0)
(1.492537313 1.549812527e-17 0)
(1.492537313 1.048221727e-16 0)
(1.492537313 9.614033972e-17 0)
(1.492537313 5.312084457e-17 0)
(1.492537313 -8.006520697e-17 0)
(1.492537313 -3.785484004e-16 0)
(1.492537313 -2.047697396e-16 0)
(1.492537313 -3.741696583e-16 0)
(1.492537313 -3.437882447e-16 0)
(1.492537313 -6.472354719e-17 0)
(1.492537313 -1.309837292e-16 0)
(1.492537313 -1.481662483e-17 0)
(1.492537313 2.89595731e-16 0)
(1.492537313 1.595792619e-16 0)
(1.492537313 -1.137548159e-16 0)
(1.492537313 -7.283152625e-18 0)
(1.492537313 1.507224727e-16 0)
(1.492537313 2.951185466e-16 0)
(1.492537313 3.67410754e-16 0)
(1.492537313 2.7258075e-16 0)
(1.492537313 4.731645397e-16 0)
(1.492537313 4.950072649e-16 0)
(1.492537313 2.101027112e-16 0)
(1.492537313 1.539182194e-16 0)
(1.492537313 2.47383436e-16 0)
(1.492537313 1.933597848e-16 0)
(1.492537313 -3.084542868e-17 0)
(1.492537313 -1.726959448e-16 0)
(1.492537313 -2.367117376e-17 0)
(1.492537313 1.99596194e-16 0)
(1.492537313 1.871658672e-16 0)
(1.492537313 2.986039952e-17 0)
(1.492537313 -4.219378914e-17 0)
(1.492537313 -1.419157907e-16 0)
(1.492537313 -2.205646491e-16 0)
(1.492537313 4.341639309e-18 0)
(1.492537313 1.865368778e-16 0)
(1.492537313 5.983388937e-17 0)
(1.492537313 1.273259288e-16 0)
(1.492537313 1.512032312e-16 0)
(1.492537313 3.841733734e-17 0)
(1.492537313 1.550583986e-16 0)
(1.492537313 1.700901852e-16 0)
(1.492537313 6.762608527e-17 0)
(1.492537313 1.180593433e-16 0)
(1.492537313 -5.536815414e-17 0)
(1.492537313 -9.61138384e-18 0)
(1.492537313 -4.758505393e-17 0)
(1.492537313 9.95583605e-17 0)
(1.492537313 -1.635282769e-16 0)
(1.492537313 -5.202846127e-16 0)
(1.492537313 -5.188778152e-16 0)
(1.492537313 -1.185953358e-16 0)
(1.492537313 -5.211092831e-17 0)
(1.492537313 -1.640121864e-17 0)
(1.492537313 4.783843979e-17 0)
(1.492537313 -4.179354545e-17 0)
(1.492537313 -2.041640841e-16 0)
(1.492537313 -6.3092352e-18 0)
(1.492537313 -1.628152358e-16 0)
(1.492537313 -3.726118935e-16 0)
(1.492537313 -9.428151957e-17 0)
(1.492537313 5.245621381e-17 0)
(1.492537313 -8.380278251e-17 0)
(1.492537313 -1.899538616e-16 0)
(1.492537313 1.397833987e-16 0)
(1.492537313 3.732173358e-16 0)
(1.492537313 2.786487324e-16 0)
(1.492537313 -1.81311033e-16 0)
(1.492537313 -3.278372739e-16 0)
(1.492537313 -3.028077754e-16 0)
(1.492537313 -9.624947533e-17 0)
(1.492537313 6.941893774e-17 0)
(1.492537313 -3.628839429e-17 0)
(1.492537313 -1.427471144e-18 0)
(1.492537313 5.895352241e-17 0)
(1.492537313 3.170628974e-16 0)
(1.492537313 1.890236842e-16 0)
(1.492537313 1.637527779e-16 0)
(1.492537313 3.72867558e-16 0)
(1.492537313 4.93466278e-16 0)
(1.492537313 1.895649085e-16 0)
(1.492537313 -9.166495622e-19 0)
(1.492537313 2.058770554e-16 0)
(1.492537313 1.368730562e-16 0)
(1.492537313 1.0371107e-16 0)
(1.492537313 1.131827462e-16 0)
(1.492537313 -1.739268436e-16 0)
(1.492537313 -3.394055426e-16 0)
(1.492537313 -5.270668532e-16 0)
(1.492537313 -5.281151913e-16 0)
(1.492537313 -1.703945861e-16 0)
(1.492537313 -6.16465355e-17 0)
(1.492537313 3.486629559e-17 0)
(1.492537313 3.447686495e-16 0)
(1.492537313 3.876527531e-16 0)
(1.492537313 1.293787118e-16 0)
(1.492537313 -3.541832402e-16 0)
(1.492537313 -3.998249034e-16 0)
(1.492537313 -2.16504799e-16 0)
(1.492537313 -2.986883277e-16 0)
(1.492537313 -2.721660948e-16 0)
(1.492537313 -1.661359269e-16 0)
(1.492537313 1.854203055e-16 0)
(1.492537313 2.353998536e-16 0)
(1.492537313 -1.166004872e-16 0)
(1.492537313 2.306581315e-16 0)
(1.492537313 5.793888264e-16 0)
(1.492537313 5.772016219e-16 0)
(1.492537313 5.186273133e-16 0)
(1.492537313 4.404661288e-16 0)
(1.492537313 5.217196553e-16 0)
(1.492537313 3.63422048e-16 0)
(1.492537313 -1.047417707e-17 0)
(1.492537313 -3.294290994e-16 0)
(1.492537313 -1.990198449e-16 0)
(1.492537313 -4.226564068e-16 0)
(1.492537313 -5.798718586e-16 0)
(1.492537313 -1.017259274e-16 0)
(1.492537313 1.20191379e-16 0)
(1.492537313 2.428957939e-16 0)
(1.492537313 1.336761848e-16 0)
(1.492537313 5.850494019e-19 0)
(1.492537313 -1.604381343e-16 0)
(1.492537313 -4.554474992e-17 0)
(1.492537313 1.014779812e-16 0)
(1.492537313 1.274356592e-16 0)
(1.492537313 -7.907258869e-17 0)
(1.492537313 1.170985379e-17 0)
(1.492537313 -3.474595865e-17 0)
(1.492537313 1.409632229e-16 0)
(1.492537313 3.945107472e-16 0)
(1.492537313 4.825444952e-16 0)
(1.492537313 3.391389827e-16 0)
(1.492537313 -3.506186636e-16 0)
(1.492537313 -2.909187016e-16 0)
(1.492537313 -1.687586657e-16 0)
(1.492537313 -3.359814357e-16 0)
(1.492537313 -3.168546378e-16 0)
(1.492537313 -1.62902093e-16 0)
(1.492537313 -2.442676886e-16 0)
(1.492537313 -6.302092779e-16 0)
(1.492537313 -1.116563922e-16 0)
(1.492537313 1.307711705e-16 0)
(1.492537313 2.41964452e-16 0)
(1.492537313 4.072298162e-16 0)
(1.492537313 2.353208862e-16 0)
(1.492537313 3.257284369e-16 0)
(1.492537313 3.082873833e-16 0)
(1.492537313 2.587988045e-16 0)
(1.492537313 -7.457254002e-18 0)
(1.492537313 -2.78367067e-16 0)
(1.492537313 -1.407716908e-16 0)
(1.492537313 -1.959584252e-16 0)
(1.492537313 -5.812385663e-16 0)
(1.492537313 -5.269745017e-16 0)
(1.492537313 -1.405519847e-16 0)
(1.492537313 3.59784275e-18 0)
(1.492537313 1.635148477e-16 0)
(1.492537313 1.941356905e-16 0)
(1.492537313 -2.425181949e-16 0)
(1.492537313 -3.35296465e-16 0)
(1.492537313 -1.387113603e-16 0)
(1.492537313 -2.773587364e-16 0)
(1.492537313 -5.505921033e-17 0)
(1.492537313 7.388198565e-17 0)
(1.492537313 2.431858256e-16 0)
(1.492537313 3.292676453e-16 0)
(1.492537313 3.314444639e-16 0)
(1.492537313 3.207321399e-16 0)
(1.492537313 3.802533711e-16 0)
(1.492537313 3.082463869e-16 0)
(1.492537313 2.5023328e-16 0)
(1.492537313 2.18956845e-16 0)
(1.492537313 2.717338158e-16 0)
(1.492537313 1.989053646e-16 0)
(1.492537313 2.212021285e-16 0)
(1.492537313 8.143388441e-17 0)
(1.492537313 -1.503729707e-16 0)
(1.492537313 -2.226663781e-16 0)
(1.492537313 -3.000451661e-16 0)
(1.492537313 -2.981995728e-16 0)
(1.492537313 -2.36190798e-16 0)
(1.492537313 -9.762081466e-17 0)
(1.492537313 1.488737227e-17 0)
(1.492537313 2.4645461e-17 0)
(1.492537313 -3.364188185e-17 0)
(1.492537313 -1.261495199e-16 0)
(1.492537313 -4.425698743e-17 0)
(1.492537313 4.048278283e-17 0)
(1.492537313 -2.017223864e-16 0)
(1.492537313 -3.243290206e-16 0)
(1.492537313 -1.20875749e-16 0)
(1.492537313 7.404385772e-17 0)
(1.492537313 -1.140393662e-16 0)
(1.492537313 -3.572961743e-16 0)
(1.492537313 -4.650663655e-16 0)
(1.492537313 -5.519181121e-16 0)
(1.492537313 -2.628814e-16 0)
(1.492537313 -8.125018078e-17 0)
(1.492537313 -8.543568921e-17 0)
(1.492537313 1.295462588e-16 0)
(1.492537313 3.202716892e-18 0)
(1.492537313 -2.084873996e-17 0)
(1.492537313 -1.707347134e-16 0)
(1.492537313 -2.514413078e-16 0)
(1.492537313 -1.249476169e-16 0)
(1.492537313 -3.634554862e-16 0)
(1.492537313 -4.154422502e-16 0)
(1.492537313 -2.253313622e-16 0)
(1.492537313 -1.638323063e-16 0)
(1.492537313 4.838621186e-17 0)
(1.492537313 2.902696864e-16 0)
(1.492537313 2.267065003e-16 0)
(1.492537313 -2.792385366e-17 0)
(1.492537313 3.889891252e-17 0)
(1.492537313 2.321651629e-16 0)
(1.492537313 2.792992343e-16 0)
(1.492537313 2.703028695e-16 0)
(1.492537313 3.77554917e-16 0)
(1.492537313 5.8420154e-16 0)
(1.492537313 5.169864348e-16 0)
(1.492537313 1.861256277e-16 0)
(1.492537313 2.884908034e-17 0)
(1.492537313 1.844062251e-16 0)
(1.492537313 1.155351668e-16 0)
(1.492537313 3.851647544e-17 0)
(1.492537313 1.511154376e-17 0)
(1.492537313 4.713617274e-17 0)
(1.492537313 1.261895427e-16 0)
(1.492537313 8.327309916e-17 0)
(1.492537313 7.011913369e-17 0)
(1.492537313 -3.084865739e-17 0)
(1.492537313 -2.348965588e-16 0)
(1.492537313 -1.267077657e-16 0)
(1.492537313 2.209899373e-16 0)
(1.492537313 2.81892536e-16 0)
(1.492537313 -2.516100767e-18 0)
(1.492537313 8.643633235e-17 0)
(1.492537313 2.627590952e-16 0)
(1.492537313 3.592455179e-17 0)
(1.492537313 -5.1235198e-17 0)
(1.492537313 2.500514605e-16 0)
(1.492537313 2.730971401e-16 0)
(1.492537313 -3.24051271e-17 0)
(1.492537313 -2.365265083e-16 0)
(1.492537313 -8.904811427e-17 0)
(1.492537313 -7.734025746e-17 0)
(1.492537313 -3.110447834e-17 0)
(1.492537313 -9.757580074e-17 0)
(1.492537313 -5.763895771e-16 0)
(1.492537313 -4.73284332e-16 0)
(1.492537313 -2.16524779e-16 0)
(1.492537313 -7.309186566e-17 0)
(1.492537313 -9.095225799e-18 0)
(1.492537313 1.287921909e-16 0)
(1.492537313 -3.066022434e-17 0)
(1.492537313 -1.280400322e-16 0)
(1.492537313 3.914933854e-17 0)
(1.492537313 -1.525911952e-16 0)
(1.492537313 -2.143348179e-16 0)
(1.492537313 -1.579824243e-16 0)
(1.492537313 -1.414206039e-16 0)
(1.492537313 -1.830837924e-16 0)
(1.492537313 -1.399653592e-16 0)
(1.492537313 5.427162851e-17 0)
(1.492537313 9.198115678e-17 0)
(1.492537313 1.34817132e-16 0)
(1.492537313 1.276586931e-17 0)
(1.492537313 -2.41963371e-16 0)
(1.492537313 -3.177828771e-16 0)
(1.492537313 -1.318806312e-18 0)
(1.492537313 9.609583218e-17 0)
(1.492537313 -8.905926772e-17 0)
(1.492537313 -1.266601223e-16 0)
(1.492537313 1.459638051e-16 0)
(1.492537313 4.247555036e-16 0)
(1.492537313 2.768084311e-16 0)
(1.492537313 1.253571383e-16 0)
(1.492537313 3.410047052e-16 0)
(1.492537313 4.911916308e-16 0)
(1.492537313 2.363342809e-16 0)
(1.492537313 -1.664108831e-17 0)
(1.492537313 1.67838099e-16 0)
(1.492537313 1.895214944e-16 0)
(1.492537313 7.986548606e-17 0)
(1.492537313 7.768019812e-17 0)
(1.492537313 -9.604944483e-17 0)
(1.492537313 -2.713590921e-16 0)
(1.492537313 -4.883255232e-16 0)
(1.492537313 -4.175787111e-16 0)
(1.492537313 -2.178736863e-16 0)
(1.492537313 -1.017683328e-16 0)
(1.492537313 4.537672391e-17 0)
(1.492537313 1.750383252e-16 0)
(1.492537313 2.161258202e-16 0)
(1.492537313 1.355256742e-16 0)
(1.492537313 -1.974330565e-16 0)
(1.492537313 -3.714005218e-16 0)
(1.492537313 -3.978562435e-16 0)
(1.492537313 -3.726819927e-16 0)
(1.492537313 -2.321037017e-16 0)
(1.492537313 -6.236632977e-17 0)
(1.492537313 1.692793168e-16 0)
(1.492537313 1.410374839e-16 0)
(1.492537313 -2.341111221e-17 0)
(1.492537313 4.971101925e-16 0)
(1.492537313 6.4661564e-16 0)
(1.492537313 4.835096932e-16 0)
(1.492537313 3.444900667e-16 0)
(1.492537313 4.390830596e-16 0)
(1.492537313 4.404184983e-16 0)
(1.492537313 4.007839436e-16 0)
(1.492537313 2.012047859e-16 0)
(1.492537313 -1.040836131e-16 0)
(1.492537313 -1.163185287e-16 0)
(1.492537313 -6.370760155e-16 0)
(1.492537313 -7.184564676e-16 0)
(1.492537313 -7.107712562e-17 0)
(1.492537313 4.365528328e-17 0)
(1.492537313 7.879348986e-17 0)
(1.492537313 2.443597113e-16 0)
(1.492537313 1.796683267e-16 0)
(1.492537313 -2.401093388e-16 0)
(1.492537313 -2.910567607e-16 0)
(1.492537313 1.007107354e-16 0)
(1.492537313 1.701950752e-16 0)
(1.492537313 -3.2237558e-17 0)
(1.492537313 3.765810685e-17 0)
(1.492537313 1.085161685e-16 0)
(1.492537313 2.350868182e-16 0)
(1.492537313 3.868562052e-16 0)
(1.492537313 5.38369466e-16 0)
(1.492537313 3.185474413e-16 0)
(1.492537313 -3.270089561e-16 0)
(1.492537313 -2.894407816e-16 0)
(1.492537313 -4.553669493e-16 0)
(1.492537313 -4.96448833e-16 0)
(1.492537313 -3.633472414e-16 0)
(1.492537313 -2.502955306e-16 0)
(1.492537313 -2.851951771e-16 0)
(1.492537313 -5.834719963e-16 0)
(1.492537313 -1.918439335e-16 0)
(1.492537313 3.232283646e-16 0)
(1.492537313 1.692443777e-16 0)
(1.492537313 2.855158696e-16 0)
(1.492537313 4.991442378e-16 0)
(1.492537313 5.387644222e-16 0)
(1.492537313 4.277734213e-16 0)
(1.492537313 -3.21819231e-17 0)
(1.492537313 -4.860310465e-18 0)
(1.492537313 1.577336151e-17 0)
(1.492537313 -1.056954695e-16 0)
(1.492537313 -3.641285847e-16 0)
(1.492537313 -5.959268348e-16 0)
(1.492537313 -2.935221174e-16 0)
(1.492537313 -8.056998649e-17 0)
(1.492537313 -6.476448849e-18 0)
(1.492537313 -1.081852994e-17 0)
(1.492537313 1.918167153e-16 0)
(1.492537313 -2.251095998e-16 0)
(1.492537313 -4.090176998e-16 0)
(1.492537313 -2.504735141e-16 0)
(1.492537313 2.385321916e-17 0)
(1.492537313 7.591300085e-17 0)
(1.462686567 3.308934087e-17 0)
(1.462686567 2.078814376e-16 0)
(1.462686567 2.172414587e-16 0)
(1.462686567 1.745827107e-16 0)
(1.462686567 2.846526495e-16 0)
(1.462686567 2.731977969e-16 0)
(1.462686567 2.871404057e-16 0)
(1.462686567 1.959072259e-16 0)
(1.462686567 1.498801343e-16 0)
(1.462686567 1.961672983e-16 0)
(1.462686567 2.338807276e-16 0)
(1.462686567 1.081047874e-16 0)
(1.462686567 8.453751589e-17 0)
(1.462686567 1.254624586e-17 0)
(1.462686567 -5.340724362e-17 0)
(1.462686567 -2.187005219e-16 0)
(1.462686567 -2.55944967e-16 0)
(1.462686567 -2.016829733e-16 0)
(1.462686567 -1.727153658e-16 0)
(1.462686567 -9.76055481e-17 0)
(1.462686567 -8.756556313e-18 0)
(1.462686567 -4.122598452e-17 0)
(1.462686567 -7.533415745e-17 0)
(1.462686567 1.731403645e-17 0)
(1.462686567 -1.08027811e-17 0)
(1.462686567 -2.135261261e-16 0)
(1.462686567 -3.356652315e-16 0)
(1.462686567 -1.388145207e-16 0)
(1.462686567 1.192163658e-16 0)
(1.462686567 -9.515628256e-17 0)
(1.462686567 -2.930678973e-16 0)
(1.462686567 -5.063975136e-16 0)
(1.462686567 -4.056687374e-16 0)
(1.462686567 -1.516390446e-16 0)
(1.462686567 -2.144141181e-18 0)
(1.462686567 4.956064585e-17 0)
(1.462686567 8.696441427e-17 0)
(1.462686567 -3.588904326e-17 0)
(1.462686567 -1.3913927e-16 0)
(1.462686567 -2.862681512e-16 0)
(1.462686567 -8.537698944e-17 0)
(1.462686567 -8.545893804e-18 0)
(1.462686567 -3.737746927e-16 0)
(1.462686567 -5.64167925e-16 0)
(1.462686567 -3.455719977e-16 0)
(1.462686567 -1.084532665e-16 0)
(1.462686567 6.521763506e-17 0)
(1.462686567 3.541467139e-16 0)
(1.462686567 3.748800144e-16 0)
(1.462686567 2.896633328e-17 0)
(1.462686567 2.646524849e-17 0)
(1.462686567 1.622164758e-16 0)
(1.462686567 1.805018606e-16 0)
(1.462686567 1.770299849e-16 0)
(1.462686567 3.143730433e-16 0)
(1.462686567 6.718668415e-16 0)
(1.462686567 5.236620439e-16 0)
(1.462686567 1.07176578e-16 0)
(1.462686567 6.584557926e-17 0)
(1.462686567 1.333031949e-16 0)
(1.462686567 4.582865551e-17 0)
(1.462686567 3.355425318e-17 0)
(1.462686567 1.807431735e-17 0)
(1.462686567 1.293765845e-16 0)
(1.462686567 2.726683565e-16 0)
(1.462686567 5.139910436e-17 0)
(1.462686567 -3.233396859e-17 0)
(1.462686567 3.260378616e-17 0)
(1.462686567 -1.520544795e-16 0)
(1.462686567 -1.502678284e-16 0)
(1.462686567 3.213333684e-16 0)
(1.462686567 3.510602918e-16 0)
(1.462686567 -4.392451879e-17 0)
(1.462686567 1.007427743e-16 0)
(1.462686567 2.321485661e-16 0)
(1.462686567 -3.516712964e-17 0)
(1.462686567 -1.393299174e-16 0)
(1.462686567 2.202509319e-16 0)
(1.462686567 2.734902665e-16 0)
(1.462686567 -3.605542284e-17 0)
(1.462686567 -2.455602098e-16 0)
(1.462686567 -2.138966412e-16 0)
(1.462686567 -1.673924918e-16 0)
(1.462686567 -8.489653891e-17 0)
(1.462686567 1.206008707e-16 0)
(1.462686567 -4.671352063e-16 0)
(1.462686567 -5.069616595e-16 0)
(1.462686567 -3.309754614e-16 0)
(1.462686567 -1.220643971e-17 0)
(1.462686567 1.21018904e-16 0)
(1.462686567 1.194084536e-16 0)
(1.462686567 -1.454388049e-16 0)
(1.462686567 -7.488080613e-17 0)
(1.462686567 8.561628234e-17 0)
(1.462686567 -3.066846198e-17 0)
(1.462686567 -6.55333841e-17 0)
(1.462686567 -2.665438534e-16 0)
(1.462686567 -3.114164828e-16 0)
(1.462686567 -1.958150884e-16 0)
(1.462686567 9.109674572e-19 0)
(1.462686567 -1.357239523e-16 0)
(1.462686567 -1.975308021e-16 0)
(1.462686567 1.416885922e-16 0)
(1.462686567 1.035370928e-16 0)
(1.462686567 -2.689815378e-16 0)
(1.462686567 -3.353880576e-16 0)
(1.462686567 1.164767933e-16 0)
(1.462686567 2.004591333e-16 0)
(1.462686567 -2.263107067e-16 0)
(1.462686567 -2.50209649e-16 0)
(1.462686567 1.586153842e-16 0)
(1.462686567 5.906962432e-16 0)
(1.462686567 5.071884843e-16 0)
(1.462686567 3.306036117e-17 0)
(1.462686567 8.087493006e-17 0)
(1.462686567 4.564576602e-16 0)
(1.462686567 2.840011643e-16 0)
(1.462686567 -9.369454684e-18 0)
(1.462686567 1.470393463e-16 0)
(1.462686567 3.09711935e-16 0)
(1.462686567 1.285322541e-16 0)
(1.462686567 5.820202339e-18 0)
(1.462686567 -2.273791379e-16 0)
(1.462686567 -2.611833888e-16 0)
(1.462686567 -2.95266649e-16 0)
(1.462686567 -2.680486445e-16 0)
(1.462686567 -2.351378285e-16 0)
(1.462686567 -2.127274273e-16 0)
(1.462686567 1.371320617e-17 0)
(1.462686567 2.412407585e-17 0)
(1.462686567 1.151615263e-16 0)
(1.462686567 9.584949886e-17 0)
(1.462686567 -1.281315887e-16 0)
(1.462686567 -3.047112157e-16 0)
(1.462686567 -5.475059218e-16 0)
(1.462686567 -3.156452006e-16 0)
(1.462686567 -1.033094279e-16 0)
(1.462686567 -4.491789836e-17 0)
(1.462686567 3.579983405e-17 0)
(1.462686567 -5.457096043e-17 0)
(1.462686567 1.855142435e-17 0)
(1.462686567 8.01170921e-16 0)
(1.462686567 8.654920404e-16 0)
(1.462686567 2.51140066e-16 0)
(1.462686567 1.424063868e-16 0)
(1.462686567 5.25676336e-16 0)
(1.462686567 4.27271474e-16 0)
(1.462686567 2.4341324e-16 0)
(1.462686567 3.967725895e-16 0)
(1.462686567 1.889755489e-16 0)
(1.462686567 1.213194796e-18 0)
(1.462686567 -7.436658671e-16 0)
(1.462686567 -7.106902351e-16 0)
(1.462686567 5.479347045e-17 0)
(1.462686567 -7.440958255e-17 0)
(1.462686567 -9.741748045e-17 0)
(1.462686567 2.368459606e-16 0)
(1.462686567 1.683501301e-16 0)
(1.462686567 -1.786871391e-16 0)
(1.462686567 -4.799746151e-16 0)
(1.462686567 5.513154873e-17 0)
(1.462686567 1.544762292e-16 0)
(1.462686567 5.299078509e-17 0)
(1.462686567 1.455107951e-16 0)
(1.462686567 1.044523018e-16 0)
(1.462686567 1.942324579e-16 0)
(1.462686567 3.167321184e-16 0)
(1.462686567 5.483536437e-16 0)
(1.462686567 3.150042107e-16 0)
(1.462686567 -2.208684642e-16 0)
(1.462686567 -1.248214496e-16 0)
(1.462686567 -6.90183062e-16 0)
(1.462686567 -7.054069135e-16 0)
(1.462686567 -3.541008519e-16 0)
(1.462686567 -3.162130465e-16 0)
(1.462686567 -2.422886862e-16 0)
(1.462686567 -6.487913817e-16 0)
(1.462686567 -1.629658809e-16 0)
(1.462686567 5.247303486e-16 0)
(1.462686567 1.050368395e-17 0)
(1.462686567 2.286883017e-16 0)
(1.462686567 7.211334935e-16 0)
(1.462686567 6.169295209e-16 0)
(1.462686567 4.282634837e-16 0)
(1.462686567 -2.675072063e-16 0)
(1.462686567 6.936494337e-18 0)
(1.462686567 2.803044289e-16 0)
(1.462686567 -1.293041762e-16 0)
(1.462686567 -5.357386872e-16 0)
(1.462686567 -5.231298749e-16 0)
(1.462686567 -7.122548442e-17 0)
(1.462686567 -1.841629318e-17 0)
(1.462686567 1.465420469e-17 0)
(1.462686567 -7.358781267e-17 0)
(1.462686567 8.20196524e-17 0)
(1.462686567 -1.847492359e-16 0)
(1.462686567 -4.415520368e-16 0)
(1.462686567 -1.746652134e-16 0)
(1.462686567 1.587411721e-16 0)
(1.462686567 1.456452224e-16 0)
(1.402985075 8.582887456e-17 0)
(1.402985075 6.108267758e-17 0)
(1.402985075 9.447924307e-17 0)
(1.402985075 1.864418208e-17 0)
(1.402985075 1.764796554e-16 0)
(1.402985075 2.31383894e-16 0)
(1.402985075 3.442021762e-16 0)
(1.402985075 1.561767571e-16 0)
(1.402985075 1.057141404e-16 0)
(1.402985075 1.285195902e-16 0)
(1.402985075 2.186768296e-16 0)
(1.402985075 8.071062815e-17 0)
(1.402985075 4.462274809e-17 0)
(1.402985075 1.01155066e-16 0)
(1.402985075 1.168038002e-16 0)
(1.402985075 -4.883169541e-17 0)
(1.402985075 -2.301965724e-16 0)
(1.402985075 -1.480337204e-16 0)
(1.402985075 -3.092952523e-16 0)
(1.402985075 -2.19076983e-16 0)
(1.402985075 -6.937988459e-17 0)
(1.402985075 -5.425805264e-18 0)
(1.402985075 6.904316593e-17 0)
(1.402985075 2.023223729e-17 0)
(1.402985075 -3.673203914e-17 0)
(1.402985075 -1.683224082e-16 0)
(1.402985075 -3.425565415e-16 0)
(1.402985075 -1.758335468e-16 0)
(1.402985075 2.483963034e-17 0)
(1.402985075 3.947823932e-18 0)
(1.402985075 -2.086966721e-16 0)
(1.402985075 -4.488231477e-16 0)
(1.402985075 -3.00735731e-16 0)
(1.402985075 -3.838044131e-17 0)
(1.402985075 1.637363817e-16 0)
(1.402985075 4.286826846e-17 0)
(1.402985075 1.417971906e-16 0)
(1.402985075 -3.023157877e-17 0)
(1.402985075 -2.166342001e-16 0)
(1.402985075 -2.071867174e-16 0)
(1.402985075 -1.668719769e-16 0)
(1.402985075 7.349512514e-17 0)
(1.402985075 -2.287515119e-16 0)
(1.402985075 -6.55482568e-16 0)
(1.402985075 -3.699113909e-16 0)
(1.402985075 -5.972226799e-17 0)
(1.402985075 1.272645823e-16 0)
(1.402985075 3.120589991e-16 0)
(1.402985075 3.820783242e-16 0)
(1.402985075 8.470356196e-17 0)
(1.402985075 8.38785022e-17 0)
(1.402985075 2.55052548e-17 0)
(1.402985075 7.485722131e-17 0)
(1.402985075 7.811294085e-17 0)
(1.402985075 1.571686896e-16 0)
(1.402985075 6.069986853e-16 0)
(1.402985075 5.068380206e-16 0)
(1.402985075 8.173585163e-17 0)
(1.402985075 1.060355559e-16 0)
(1.402985075 1.812500602e-16 0)
(1.402985075 5.217434647e-17 0)
(1.402985075 -7.623849008e-17 0)
(1.402985075 2.415654522e-17 0)
(1.402985075 1.735429779e-16 0)
(1.402985075 2.606356663e-16 0)
(1.402985075 1.515582454e-16 0)
(1.402985075 -8.047832125e-17 0)
(1.402985075 2.754338816e-17 0)
(1.402985075 -8.378903569e-18 0)
(1.402985075 -1.608255998e-16 0)
(1.402985075 3.581771543e-16 0)
(1.402985075 1.380188416e-16 0)
(1.402985075 -2.01713559e-17 0)
(1.402985075 2.624242423e-16 0)
(1.402985075 2.633706355e-16 0)
(1.402985075 -1.131145335e-16 0)
(1.402985075 -3.00705529e-16 0)
(1.402985075 1.828868503e-16 0)
(1.402985075 3.06195325e-16 0)
(1.402985075 -3.505742263e-17 0)
(1.402985075 -2.240195685e-16 0)
(1.402985075 -2.388655903e-16 0)
(1.402985075 -2.500374679e-16 0)
(1.402985075 -1.224355391e-16 0)
(1.402985075 1.894946263e-16 0)
(1.402985075 -2.3747595e-16 0)
(1.402985075 -5.103897998e-16 0)
(1.402985075 -4.049321511e-16 0)
(1.402985075 9.073458141e-17 0)
(1.402985075 2.229297871e-16 0)
(1.402985075 -5.337513651e-17 0)
(1.402985075 -1.865756634e-16 0)
(1.402985075 7.717523593e-18 0)
(1.402985075 1.664037789e-16 0)
(1.402985075 -3.295965019e-17 0)
(1.402985075 1.073752909e-16 0)
(1.402985075 -3.31572845e-16 0)
(1.402985075 -4.463025979e-16 0)
(1.402985075 -1.401930444e-16 0)
(1.402985075 2.316212764e-16 0)
(1.402985075 -2.260109475e-16 0)
(1.402985075 -4.430826941e-16 0)
(1.402985075 1.451494888e-16 0)
(1.402985075 1.962202661e-16 0)
(1.402985075 -2.955732145e-16 0)
(1.402985075 -4.779026682e-16 0)
(1.402985075 1.871237012e-16 0)
(1.402985075 3.65734235e-16 0)
(1.402985075 -3.085547965e-16 0)
(1.402985075 -3.861325528e-16 0)
(1.402985075 7.620967768e-17 0)
(1.402985075 6.274422909e-16 0)
(1.402985075 6.156836468e-16 0)
(1.402985075 1.198105969e-16 0)
(1.402985075 6.063779135e-17 0)
(1.402985075 2.161943408e-16 0)
(1.402985075 2.645219672e-16 0)
(1.402985075 9.68040602e-17 0)
(1.402985075 1.181745639e-16 0)
(1.402985075 3.540522779e-16 0)
(1.402985075 1.932071294e-16 0)
(1.402985075 -2.165269339e-16 0)
(1.402985075 -4.028161672e-16 0)
(1.402985075 -8.357228985e-17 0)
(1.402985075 -6.465139714e-17 0)
(1.402985075 -1.737289693e-16 0)
(1.402985075 -2.436945237e-16 0)
(1.402985075 -4.551552171e-16 0)
(1.402985075 -1.01548927e-16 0)
(1.402985075 1.411086084e-17 0)
(1.402985075 6.182583714e-17 0)
(1.402985075 1.432715545e-16 0)
(1.402985075 -8.565255051e-17 0)
(1.402985075 -6.280591844e-17 0)
(1.402985075 -7.505785888e-16 0)
(1.402985075 -2.685654436e-16 0)
(1.402985075 1.600206101e-16 0)
(1.402985075 6.38599746e-17 0)
(1.402985075 -2.542966565e-16 0)
(1.402985075 -4.889483661e-16 0)
(1.402985075 2.172503471e-16 0)
(1.402985075 9.874119269e-16 0)
(1.402985075 9.806978842e-16 0)
(1.402985075 -1.07188696e-16 0)
(1.402985075 -1.312985447e-16 0)
(1.402985075 8.323355352e-16 0)
(1.402985075 4.317898117e-16 0)
(1.402985075 1.686831268e-16 0)
(1.402985075 4.930058658e-16 0)
(1.402985075 4.844619629e-16 0)
(1.402985075 2.048415976e-16 0)
(1.402985075 -9.678380467e-16 0)
(1.402985075 -7.129721729e-16 0)
(1.402985075 2.418585686e-16 0)
(1.402985075 -2.91303318e-16 0)
(1.402985075 -1.93619919e-16 0)
(1.402985075 2.152766261e-16 0)
(1.402985075 7.755881483e-17 0)
(1.402985075 -1.442361634e-16 0)
(1.402985075 -4.509157453e-16 0)
(1.402985075 4.945688294e-17 0)
(1.402985075 1.149752459e-16 0)
(1.402985075 1.084356574e-16 0)
(1.402985075 1.24438364e-16 0)
(1.402985075 -4.216373435e-18 0)
(1.402985075 2.364507897e-16 0)
(1.402985075 3.097188719e-16 0)
(1.402985075 6.159247816e-16 0)
(1.402985075 1.223135401e-16 0)
(1.402985075 -1.125288409e-16 0)
(1.402985075 2.848481332e-16 0)
(1.402985075 -9.143119539e-16 0)
(1.402985075 -8.211135231e-16 0)
(1.402985075 -2.134705482e-16 0)
(1.402985075 -3.666948025e-16 0)
(1.402985075 -1.627849236e-16 0)
(1.402985075 -1.047776568e-15 0)
(1.402985075 -2.101367417e-16 0)
(1.402985075 1.045349032e-15 0)
(1.402985075 -1.589895361e-16 0)
(1.402985075 4.658018813e-17 0)
(1.402985075 9.378687116e-16 0)
(1.402985075 6.508241994e-16 0)
(1.402985075 5.397559023e-16 0)
(1.402985075 -5.879036457e-16 0)
(1.402985075 -1.148324545e-16 0)
(1.402985075 6.547425729e-16 0)
(1.402985075 -3.321728195e-17 0)
(1.402985075 -7.48637609e-16 0)
(1.402985075 -5.540431771e-16 0)
(1.402985075 1.332409353e-16 0)
(1.402985075 2.562818004e-16 0)
(1.402985075 1.148770103e-16 0)
(1.402985075 -3.055494798e-16 0)
(1.402985075 -2.002144294e-16 0)
(1.402985075 -2.121690715e-16 0)
(1.402985075 -2.92116923e-16 0)
(1.402985075 1.109545625e-16 0)
(1.402985075 1.978390545e-16 0)
(1.402985075 7.876805554e-17 0)
(1.313432836 1.257815508e-18 0)
(1.313432836 -6.396150525e-17 0)
(1.313432836 3.202748433e-17 0)
(1.313432836 -1.234706316e-16 0)
(1.313432836 1.810826992e-16 0)
(1.313432836 2.539893099e-16 0)
(1.313432836 2.776848866e-16 0)
(1.313432836 1.613400022e-16 0)
(1.313432836 7.0256105e-17 0)
(1.313432836 5.633046215e-17 0)
(1.313432836 2.378861278e-16 0)
(1.313432836 2.209605048e-16 0)
(1.313432836 3.408525819e-18 0)
(1.313432836 9.456987147e-17 0)
(1.313432836 2.472891844e-16 0)
(1.313432836 -7.754434339e-17 0)
(1.313432836 -1.724589846e-16 0)
(1.313432836 -1.648639629e-16 0)
(1.313432836 -4.162269377e-16 0)
(1.313432836 -2.110742617e-16 0)
(1.313432836 8.783944367e-18 0)
(1.313432836 4.5488396e-17 0)
(1.313432836 1.644100876e-16 0)
(1.313432836 4.84417717e-17 0)
(1.313432836 -8.430023063e-17 0)
(1.313432836 -2.310047345e-16 0)
(1.313432836 -3.448712954e-16 0)
(1.313432836 -2.020730062e-16 0)
(1.313432836 1.997772157e-17 0)
(1.313432836 3.555337393e-17 0)
(1.313432836 -2.688939647e-16 0)
(1.313432836 -2.339716526e-16 0)
(1.313432836 -1.579764903e-16 0)
(1.313432836 -3.85941338e-17 0)
(1.313432836 2.630672907e-16 0)
(1.313432836 6.393095534e-17 0)
(1.313432836 1.702835859e-16 0)
(1.313432836 -9.86237922e-17 0)
(1.313432836 -1.758627118e-16 0)
(1.313432836 -5.109486901e-17 0)
(1.313432836 -2.371322814e-16 0)
(1.313432836 1.330421541e-16 0)
(1.313432836 -1.504679968e-16 0)
(1.313432836 -5.920685331e-16 0)
(1.313432836 -3.541922938e-16 0)
(1.313432836 -6.646463786e-17 0)
(1.313432836 1.032079208e-16 0)
(1.313432836 2.47269532e-16 0)
(1.313432836 3.366288634e-16 0)
(1.313432836 9.617945799e-17 0)
(1.313432836 1.103648441e-16 0)
(1.313432836 8.504652688e-18 0)
(1.313432836 2.797722051e-17 0)
(1.313432836 -9.351652646e-17 0)
(1.313432836 2.385638539e-17 0)
(1.313432836 4.835724609e-16 0)
(1.313432836 5.08933151e-16 0)
(1.313432836 8.426093025e-17 0)
(1.313432836 8.225346549e-19 0)
(1.313432836 2.193609611e-16 0)
(1.313432836 5.450539398e-17 0)
(1.313432836 -1.517162723e-16 0)
(1.313432836 1.312893367e-16 0)
(1.313432836 9.47232686e-17 0)
(1.313432836 1.317287619e-16 0)
(1.313432836 2.150340359e-16 0)
(1.313432836 -7.004921804e-17 0)
(1.313432836 -5.920800919e-18 0)
(1.313432836 2.682702354e-17 0)
(1.313432836 -1.342652085e-16 0)
(1.313432836 3.667345084e-16 0)
(1.313432836 8.165311962e-19 0)
(1.313432836 -7.263126917e-17 0)
(1.313432836 3.222107916e-16 0)
(1.313432836 3.948687641e-16 0)
(1.313432836 -2.651994739e-16 0)
(1.313432836 -5.395111927e-16 0)
(1.313432836 2.386079687e-16 0)
(1.313432836 4.623368134e-16 0)
(1.313432836 -3.562947516e-17 0)
(1.313432836 -2.505714847e-16 0)
(1.313432836 -2.325998957e-16 0)
(1.313432836 -1.926557043e-16 0)
(1.313432836 -8.835568409e-17 0)
(1.313432836 1.960189134e-16 0)
(1.313432836 -1.214887543e-16 0)
(1.313432836 -3.995296455e-16 0)
(1.313432836 -4.519847791e-16 0)
(1.313432836 6.004631689e-17 0)
(1.313432836 2.568583934e-16 0)
(1.313432836 -1.121443473e-16 0)
(1.313432836 -1.687022447e-16 0)
(1.313432836 1.366137885e-16 0)
(1.313432836 1.739402827e-16 0)
(1.313432836 -1.518964328e-16 0)
(1.313432836 2.812764733e-16 0)
(1.313432836 -1.85338619e-16 0)
(1.313432836 -6.10635705e-16 0)
(1.313432836 -1.213735018e-16 0)
(1.313432836 2.715690729e-16 0)
(1.313432836 -2.283246051e-16 0)
(1.313432836 -5.464082342e-16 0)
(1.313432836 1.537415617e-16 0)
(1.313432836 3.685590764e-16 0)
(1.313432836 -3.692698876e-16 0)
(1.313432836 -6.27656711e-16 0)
(1.313432836 2.27774224e-16 0)
(1.313432836 4.830037685e-16 0)
(1.313432836 -3.282290386e-16 0)
(1.313432836 -4.256511216e-16 0)
(1.313432836 -1.578620639e-18 0)
(1.313432836 5.41341748e-16 0)
(1.313432836 5.91824454e-16 0)
(1.313432836 2.425963894e-16 0)
(1.313432836 -5.283094125e-17 0)
(1.313432836 9.79421805e-17 0)
(1.313432836 3.528068125e-16 0)
(1.313432836 1.374338669e-16 0)
(1.313432836 1.856498075e-16 0)
(1.313432836 3.190797733e-16 0)
(1.313432836 8.078418785e-17 0)
(1.313432836 -4.483263647e-16 0)
(1.313432836 -4.400178656e-16 0)
(1.313432836 1.125584888e-16 0)
(1.313432836 5.349071372e-17 0)
(1.313432836 -1.263929507e-16 0)
(1.313432836 -1.988663039e-16 0)
(1.313432836 -5.826205227e-16 0)
(1.313432836 -1.505361568e-16 0)
(1.313432836 5.513937001e-17 0)
(1.313432836 4.075639748e-17 0)
(1.313432836 2.108385227e-16 0)
(1.313432836 -6.210245712e-17 0)
(1.313432836 -5.739110363e-17 0)
(1.313432836 -8.3737658e-16 0)
(1.313432836 -7.951323317e-17 0)
(1.313432836 3.698324028e-16 0)
(1.313432836 6.540908381e-17 0)
(1.313432836 -4.697792968e-16 0)
(1.313432836 -7.488029017e-16 0)
(1.313432836 2.896211956e-16 0)
(1.313432836 9.260880679e-16 0)
(1.313432836 8.615290069e-16 0)
(1.313432836 -3.198142147e-16 0)
(1.313432836 -1.12129236e-16 0)
(1.313432836 9.707961269e-16 0)
(1.313432836 3.238451592e-16 0)
(1.313432836 2.277388091e-16 0)
(1.313432836 5.504870463e-16 0)
(1.313432836 6.458376802e-16 0)
(1.313432836 3.39636949e-16 0)
(1.313432836 -1.06833419e-15 0)
(1.313432836 -7.257938512e-16 0)
(1.313432836 3.07306e-16 0)
(1.313432836 -4.035361991e-16 0)
(1.313432836 -2.694874976e-16 0)
(1.313432836 2.576944396e-16 0)
(1.313432836 5.495426357e-17 0)
(1.313432836 -8.823868074e-17 0)
(1.313432836 -4.256179535e-16 0)
(1.313432836 5.143352253e-17 0)
(1.313432836 8.380705575e-17 0)
(1.313432836 1.149636197e-16 0)
(1.313432836 1.232528411e-16 0)
(1.313432836 -1.014825984e-16 0)
(1.313432836 1.13055285e-16 0)
(1.313432836 3.127198104e-16 0)
(1.313432836 7.195980481e-16 0)
(1.313432836 -6.267620725e-17 0)
(1.313432836 -6.307808337e-17 0)
(1.313432836 4.689526529e-16 0)
(1.313432836 -1.007881084e-15 0)
(1.313432836 -7.777055051e-16 0)
(1.313432836 -7.657211677e-17 0)
(1.313432836 -4.573003812e-16 0)
(1.313432836 -1.70981918e-16 0)
(1.313432836 -1.220022333e-15 0)
(1.313432836 -2.165653698e-16 0)
(1.313432836 1.262498198e-15 0)
(1.313432836 -2.200196969e-16 0)
(1.313432836 9.266085394e-17 0)
(1.313432836 1.02551499e-15 0)
(1.313432836 6.324264505e-16 0)
(1.313432836 4.885518475e-16 0)
(1.313432836 -7.426080527e-16 0)
(1.313432836 -1.941158789e-16 0)
(1.313432836 9.515833926e-16 0)
(1.313432836 2.290296396e-17 0)
(1.313432836 -8.867726824e-16 0)
(1.313432836 -5.497829848e-16 0)
(1.313432836 3.417221414e-16 0)
(1.313432836 5.636158412e-16 0)
(1.313432836 2.152043869e-16 0)
(1.313432836 -4.595592892e-16 0)
(1.313432836 -4.275360349e-16 0)
(1.313432836 -4.417831983e-16 0)
(1.313432836 -1.649849657e-16 0)
(1.313432836 4.643904919e-16 0)
(1.313432836 2.01206668e-16 0)
(1.313432836 8.68611749e-17 0)
(1.194029851 -2.540864204e-16 0)
(1.194029851 -1.52889517e-16 0)
(1.194029851 -9.886955045e-17 0)
(1.194029851 -1.25117061e-16 0)
(1.194029851 1.689928313e-16 0)
(1.194029851 1.728149578e-16 0)
(1.194029851 1.925356698e-16 0)
(1.194029851 2.087194629e-16 0)
(1.194029851 -2.030889631e-17 0)
(1.194029851 -3.373203795e-17 0)
(1.194029851 2.945661701e-16 0)
(1.194029851 2.297391484e-16 0)
(1.194029851 -5.326058142e-17 0)
(1.194029851 1.525590237e-16 0)
(1.194029851 3.427547553e-16 0)
(1.194029851 -1.585970339e-16 0)
(1.194029851 -1.304819877e-16 0)
(1.194029851 -1.59097061e-16 0)
(1.194029851 -4.232508096e-16 0)
(1.194029851 -3.101194698e-16 0)
(1.194029851 1.480061533e-17 0)
(1.194029851 1.577918888e-16 0)
(1.194029851 1.803792192e-16 0)
(1.194029851 2.262679617e-16 0)
(1.194029851 -1.062962708e-16 0)
(1.194029851 -3.526551828e-16 0)
(1.194029851 -3.244391157e-16 0)
(1.194029851 -1.965659318e-16 0)
(1.194029851 1.376709307e-18 0)
(1.194029851 -5.215820505e-17 0)
(1.194029851 -2.612506766e-16 0)
(1.194029851 -1.51231722e-16 0)
(1.194029851 -7.206041058e-17 0)
(1.194029851 7.517852789e-17 0)
(1.194029851 2.898577564e-16 0)
(1.194029851 3.69502925e-17 0)
(1.194029851 9.823549913e-17 0)
(1.194029851 -1.420218934e-16 0)
(1.194029851 -1.440757441e-16 0)
(1.194029851 7.11738989e-17 0)
(1.194029851 -1.883568077e-16 0)
(1.194029851 4.177171413e-17 0)
(1.194029851 1.34746871e-18 0)
(1.194029851 -3.166449441e-16 0)
(1.194029851 -3.171020644e-16 0)
(1.194029851 -1.032643375e-16 0)
(1.194029851 -3.178628712e-17 0)
(1.194029851 4.429119336e-17 0)
(1.194029851 2.808371277e-16 0)
(1.194029851 -2.724607134e-18 0)
(1.194029851 3.823930548e-17 0)
(1.194029851 1.565939335e-16 0)
(1.194029851 8.041096555e-17 0)
(1.194029851 -2.171778645e-16 0)
(1.194029851 -4.300739823e-17 0)
(1.194029851 4.101839578e-16 0)
(1.194029851 3.903804917e-16 0)
(1.194029851 2.042909918e-16 0)
(1.194029851 -7.264662758e-17 0)
(1.194029851 1.28622706e-16 0)
(1.194029851 1.538947094e-16 0)
(1.194029851 -2.088818616e-16 0)
(1.194029851 8.735522287e-17 0)
(1.194029851 2.39649327e-17 0)
(1.194029851 9.487973293e-17 0)
(1.194029851 2.90513813e-16 0)
(1.194029851 -7.620294015e-17 0)
(1.194029851 -2.476081083e-17 0)
(1.194029851 7.052276767e-17 0)
(1.194029851 -7.051260218e-17 0)
(1.194029851 3.399799445e-16 0)
(1.194029851 -3.704441555e-19 0)
(1.194029851 -1.616364837e-16 0)
(1.194029851 2.429531749e-16 0)
(1.194029851 3.894325905e-16 0)
(1.194029851 -2.871788052e-16 0)
(1.194029851 -6.489986591e-16 0)
(1.194029851 3.306074682e-16 0)
(1.194029851 5.219476449e-16 0)
(1.194029851 -3.12109464e-17 0)
(1.194029851 -2.286010676e-16 0)
(1.194029851 -2.893490014e-16 0)
(1.194029851 -1.835282028e-16 0)
(1.194029851 -4.021623237e-17 0)
(1.194029851 2.120488173e-16 0)
(1.194029851 -3.62887715e-17 0)
(1.194029851 -3.843668441e-16 0)
(1.194029851 -5.358329898e-16 0)
(1.194029851 8.620145942e-17 0)
(1.194029851 3.054688467e-16 0)
(1.194029851 -1.566047607e-16 0)
(1.194029851 -7.249668394e-17 0)
(1.194029851 2.979426489e-16 0)
(1.194029851 2.257975068e-16 0)
(1.194029851 -2.580733393e-16 0)
(1.194029851 3.39274951e-16 0)
(1.194029851 -7.478239507e-17 0)
(1.194029851 -6.433413058e-16 0)
(1.194029851 2.256137195e-17 0)
(1.194029851 1.87539686e-16 0)
(1.194029851 -3.879476007e-16 0)
(1.194029851 -4.815430254e-16 0)
(1.194029851 2.99055995e-16 0)
(1.194029851 3.948042624e-16 0)
(1.194029851 -3.754039884e-16 0)
(1.194029851 -5.792262221e-16 0)
(1.194029851 2.502914293e-16 0)
(1.194029851 4.227913271e-16 0)
(1.194029851 -3.613736044e-16 0)
(1.194029851 -4.00767262e-16 0)
(1.194029851 5.949987589e-17 0)
(1.194029851 4.792183054e-16 0)
(1.194029851 3.854408829e-16 0)
(1.194029851 2.980459744e-16 0)
(1.194029851 -1.528909949e-16 0)
(1.194029851 4.359786469e-17 0)
(1.194029851 3.37442993e-16 0)
(1.194029851 1.242949928e-16 0)
(1.194029851 1.755316221e-16 0)
(1.194029851 3.950920408e-16 0)
(1.194029851 5.326202393e-17 0)
(1.194029851 -5.812466354e-16 0)
(1.194029851 -3.946668476e-16 0)
(1.194029851 2.37136728e-16 0)
(1.194029851 8.389673104e-17 0)
(1.194029851 -1.635007341e-16 0)
(1.194029851 -8.813171346e-17 0)
(1.194029851 -5.116354307e-16 0)
(1.194029851 -2.068884804e-16 0)
(1.194029851 -2.303496784e-17 0)
(1.194029851 2.385949919e-17 0)
(1.194029851 3.002613482e-16 0)
(1.194029851 1.806373046e-17 0)
(1.194029851 -2.813220944e-16 0)
(1.194029851 -7.723332684e-16 0)
(1.194029851 1.596360298e-16 0)
(1.194029851 5.0862039e-16 0)
(1.194029851 -7.956160508e-17 0)
(1.194029851 -4.539511308e-16 0)
(1.194029851 -7.888801231e-16 0)
(1.194029851 2.2779029e-16 0)
(1.194029851 9.012707965e-16 0)
(1.194029851 6.847676225e-16 0)
(1.194029851 -4.611008696e-16 0)
(1.194029851 -7.831253024e-17 0)
(1.194029851 8.922492372e-16 0)
(1.194029851 2.812646194e-16 0)
(1.194029851 2.342804365e-16 0)
(1.194029851 4.220245358e-16 0)
(1.194029851 7.880218955e-16 0)
(1.194029851 6.151454452e-16 0)
(1.194029851 -1.188654733e-15 0)
(1.194029851 -7.917963166e-16 0)
(1.194029851 3.526097429e-16 0)
(1.194029851 -4.225733969e-16 0)
(1.194029851 -2.374236542e-16 0)
(1.194029851 3.590431252e-16 0)
(1.194029851 -4.703214548e-17 0)
(1.194029851 2.142376654e-17 0)
(1.194029851 -2.642191633e-16 0)
(1.194029851 -2.494628143e-18 0)
(1.194029851 -2.228100252e-17 0)
(1.194029851 -4.216248142e-17 0)
(1.194029851 1.267114667e-16 0)
(1.194029851 -1.04473393e-16 0)
(1.194029851 1.929439518e-16 0)
(1.194029851 3.051626124e-16 0)
(1.194029851 5.94936821e-16 0)
(1.194029851 -6.575237253e-17 0)
(1.194029851 -1.208165592e-16 0)
(1.194029851 5.251529039e-16 0)
(1.194029851 -9.119192269e-16 0)
(1.194029851 -7.77762271e-16 0)
(1.194029851 -3.649085499e-17 0)
(1.194029851 -4.845632986e-16 0)
(1.194029851 -1.042865352e-16 0)
(1.194029851 -1.283288695e-15 0)
(1.194029851 -2.696506766e-16 0)
(1.194029851 1.384685155e-15 0)
(1.194029851 -1.752240543e-16 0)
(1.194029851 1.536044789e-16 0)
(1.194029851 1.062504983e-15 0)
(1.194029851 3.929385622e-16 0)
(1.194029851 3.531484001e-16 0)
(1.194029851 -6.512471947e-16 0)
(1.194029851 -2.879223955e-16 0)
(1.194029851 9.728022179e-16 0)
(1.194029851 3.017356848e-17 0)
(1.194029851 -8.58416532e-16 0)
(1.194029851 -5.870128243e-16 0)
(1.194029851 3.583325863e-16 0)
(1.194029851 8.005894134e-16 0)
(1.194029851 3.172279199e-16 0)
(1.194029851 -4.671464919e-16 0)
(1.194029851 -6.76209826e-16 0)
(1.194029851 -4.913455964e-16 0)
(1.194029851 8.725187283e-18 0)
(1.194029851 4.397367597e-16 0)
(1.194029851 4.532636893e-16 0)
(1.194029851 2.568880868e-16 0)
(1.044776119 3.406208438e-17 0)
(1.044776119 -1.136361376e-16 0)
(1.044776119 -5.08352554e-17 0)
(1.044776119 -8.263828862e-17 0)
(1.044776119 8.127796326e-17 0)
(1.044776119 2.227710399e-17 0)
(1.044776119 9.617507125e-17 0)
(1.044776119 1.592594433e-16 0)
(1.044776119 -7.511626665e-17 0)
(1.044776119 2.147934969e-18 0)
(1.044776119 2.339627467e-16 0)
(1.044776119 1.879774314e-16 0)
(1.044776119 1.13058331e-17 0)
(1.044776119 3.297543259e-16 0)
(1.044776119 3.186667751e-16 0)
(1.044776119 -2.394950599e-16 0)
(1.044776119 -7.156125841e-17 0)
(1.044776119 -1.287757279e-16 0)
(1.044776119 -4.462129654e-16 0)
(1.044776119 -2.271948828e-16 0)
(1.044776119 4.827883759e-18 0)
(1.044776119 6.603030315e-17 0)
(1.044776119 1.676208976e-16 0)
(1.044776119 2.898318462e-16 0)
(1.044776119 -8.238240841e-17 0)
(1.044776119 -2.83982399e-16 0)
(1.044776119 -3.111904568e-16 0)
(1.044776119 -8.761647194e-17 0)
(1.044776119 -5.942104385e-17 0)
(1.044776119 -2.886713069e-16 0)
(1.044776119 -1.902071886e-16 0)
(1.044776119 -5.838917999e-17 0)
(1.044776119 -5.745141299e-17 0)
(1.044776119 1.102736988e-16 0)
(1.044776119 3.501323127e-16 0)
(1.044776119 2.382787858e-17 0)
(1.044776119 4.104384879e-18 0)
(1.044776119 -1.648409642e-16 0)
(1.044776119 -1.727437242e-16 0)
(1.044776119 9.564724016e-17 0)
(1.044776119 -1.814518519e-16 0)
(1.044776119 5.160356505e-17 0)
(1.044776119 1.46723534e-16 0)
(1.044776119 -2.779950784e-17 0)
(1.044776119 -2.567252335e-16 0)
(1.044776119 -1.361544036e-16 0)
(1.044776119 -8.256496303e-17 0)
(1.044776119 -6.09270299e-17 0)
(1.044776119 1.23460951e-16 0)
(1.044776119 2.568992437e-17 0)
(1.044776119 1.456625216e-17 0)
(1.044776119 3.906876065e-17 0)
(1.044776119 9.997396543e-17 0)
(1.044776119 -1.449009733e-16 0)
(1.044776119 -1.345954764e-16 0)
(1.044776119 3.983963621e-16 0)
(1.044776119 3.736663598e-16 0)
(1.044776119 -1.429994016e-17 0)
(1.044776119 -6.648147798e-17 0)
(1.044776119 4.574943332e-17 0)
(1.044776119 9.2190703e-17 0)
(1.044776119 2.185437592e-17 0)
(1.044776119 8.381189432e-17 0)
(1.044776119 -6.140927479e-17 0)
(1.044776119 3.719336914e-17 0)
(1.044776119 2.265668548e-16 0)
(1.044776119 -6.07473809e-17 0)
(1.044776119 2.156417668e-16 0)
(1.044776119 1.013538308e-16 0)
(1.044776119 -1.32010354e-16 0)
(1.044776119 4.490773002e-16 0)
(1.044776119 -1.266293285e-16 0)
(1.044776119 -3.605106169e-16 0)
(1.044776119 3.484082944e-16 0)
(1.044776119 4.465938748e-16 0)
(1.044776119 -3.023714818e-16 0)
(1.044776119 -6.541463464e-16 0)
(1.044776119 3.197038151e-16 0)
(1.044776119 5.910959286e-16 0)
(1.044776119 -3.372181139e-17 0)
(1.044776119 -1.627253202e-16 0)
(1.044776119 -2.507243162e-16 0)
(1.044776119 -4.028378733e-16 0)
(1.044776119 -2.833293777e-17 0)
(1.044776119 4.094338293e-16 0)
(1.044776119 -1.285651453e-16 0)
(1.044776119 -3.39428372e-16 0)
(1.044776119 -3.909273514e-16 0)
(1.044776119 6.273829492e-17 0)
(1.044776119 1.169722477e-16 0)
(1.044776119 -1.649526571e-16 0)
(1.044776119 1.634550816e-16 0)
(1.044776119 4.475475619e-16 0)
(1.044776119 9.570418393e-17 0)
(1.044776119 -3.488576825e-16 0)
(1.044776119 4.413734513e-16 0)
(1.044776119 -1.609492889e-16 0)
(1.044776119 -6.781249466e-16 0)
(1.044776119 6.602761474e-17 0)
(1.044776119 3.970174761e-16 0)
(1.044776119 -2.9336335e-16 0)
(1.044776119 -6.565535434e-16 0)
(1.044776119 2.702295816e-16 0)
(1.044776119 5.560173397e-16 0)
(1.044776119 -3.035164651e-16 0)
(1.044776119 -6.035433382e-16 0)
(1.044776119 2.762532702e-16 0)
(1.044776119 4.817405452e-16 0)
(1.044776119 -3.594367111e-16 0)
(1.044776119 -3.770744979e-16 0)
(1.044776119 -2.709257559e-16 0)
(1.044776119 4.650577387e-16 0)
(1.044776119 5.567496554e-16 0)
(1.044776119 7.638299836e-17 0)
(1.044776119 -1.113310869e-16 0)
(1.044776119 -2.25225019e-18 0)
(1.044776119 1.731081746e-16 0)
(1.044776119 1.10033212e-16 0)
(1.044776119 1.089857096e-16 0)
(1.044776119 3.344975934e-16 0)
(1.044776119 2.166773123e-16 0)
(1.044776119 -5.392144932e-16 0)
(1.044776119 -4.450639815e-16 0)
(1.044776119 4.050015535e-16 0)
(1.044776119 1.631547997e-16 0)
(1.044776119 -2.959090945e-16 0)
(1.044776119 -8.776457597e-17 0)
(1.044776119 -4.556766336e-16 0)
(1.044776119 -5.141281043e-17 0)
(1.044776119 -1.106387146e-16 0)
(1.044776119 -8.772194559e-17 0)
(1.044776119 3.214756233e-16 0)
(1.044776119 -3.878471127e-18 0)
(1.044776119 -8.36274611e-17 0)
(1.044776119 -9.179964824e-16 0)
(1.044776119 1.764630187e-16 0)
(1.044776119 9.733642878e-16 0)
(1.044776119 7.02526535e-17 0)
(1.044776119 -8.363837777e-16 0)
(1.044776119 -9.110277194e-16 0)
(1.044776119 3.65270679e-16 0)
(1.044776119 8.513785327e-16 0)
(1.044776119 5.840263295e-16 0)
(1.044776119 -7.254165025e-16 0)
(1.044776119 -1.096389161e-16 0)
(1.044776119 1.083593678e-15 0)
(1.044776119 6.433119726e-17 0)
(1.044776119 -5.559100381e-17 0)
(1.044776119 6.193308535e-16 0)
(1.044776119 9.186323493e-16 0)
(1.044776119 3.31957746e-16 0)
(1.044776119 -1.337296836e-15 0)
(1.044776119 -5.984318127e-16 0)
(1.044776119 6.285868707e-16 0)
(1.044776119 -5.548017829e-16 0)
(1.044776119 -2.938914723e-16 0)
(1.044776119 4.96789918e-16 0)
(1.044776119 1.231974522e-16 0)
(1.044776119 6.890141167e-17 0)
(1.044776119 -4.349526444e-16 0)
(1.044776119 1.815532081e-16 0)
(1.044776119 1.091536522e-16 0)
(1.044776119 2.318319246e-17 0)
(1.044776119 -6.249720743e-17 0)
(1.044776119 -1.811348303e-16 0)
(1.044776119 -1.156732896e-16 0)
(1.044776119 2.261251252e-16 0)
(1.044776119 8.29628065e-16 0)
(1.044776119 -2.506769308e-16 0)
(1.044776119 2.718202772e-17 0)
(1.044776119 6.700516455e-16 0)
(1.044776119 -1.152275714e-15 0)
(1.044776119 -7.651064895e-16 0)
(1.044776119 2.254841817e-16 0)
(1.044776119 -2.579265463e-16 0)
(1.044776119 -2.766909737e-17 0)
(1.044776119 -1.320403136e-15 0)
(1.044776119 -2.569568181e-16 0)
(1.044776119 1.391603943e-15 0)
(1.044776119 -4.823694236e-16 0)
(1.044776119 6.941155808e-17 0)
(1.044776119 1.181211023e-15 0)
(1.044776119 5.112008704e-16 0)
(1.044776119 3.834177101e-16 0)
(1.044776119 -1.094690982e-15 0)
(1.044776119 -2.835612913e-16 0)
(1.044776119 1.311275895e-15 0)
(1.044776119 5.708885736e-17 0)
(1.044776119 -1.156042981e-15 0)
(1.044776119 -4.932144695e-16 0)
(1.044776119 5.381854686e-16 0)
(1.044776119 7.585908741e-16 0)
(1.044776119 2.412425628e-16 0)
(1.044776119 -6.52412883e-16 0)
(1.044776119 -3.738760812e-16 0)
(1.044776119 -2.88988815e-16 0)
(1.044776119 -1.808357201e-16 0)
(1.044776119 5.182081266e-16 0)
(1.044776119 1.689267794e-16 0)
(1.044776119 1.290734015e-16 0)
(0.8656716418 -6.315447579e-18 0)
(0.8656716418 -8.850542287e-17 0)
(0.8656716418 9.486034784e-18 0)
(0.8656716418 -6.620912584e-17 0)
(0.8656716418 -7.695684575e-17 0)
(0.8656716418 -1.130223759e-16 0)
(0.8656716418 1.033925274e-16 0)
(0.8656716418 1.465533222e-16 0)
(0.8656716418 -1.56346653e-16 0)
(0.8656716418 3.045653811e-17 0)
(0.8656716418 1.639269406e-16 0)
(0.8656716418 1.360898587e-16 0)
(0.8656716418 1.679907805e-16 0)
(0.8656716418 3.359692667e-16 0)
(0.8656716418 1.714541462e-16 0)
(0.8656716418 -1.559179661e-16 0)
(0.8656716418 3.535076157e-17 0)
(0.8656716418 -1.423778894e-16 0)
(0.8656716418 -4.115266968e-16 0)
(0.8656716418 -1.863960427e-16 0)
(0.8656716418 4.131801011e-17 0)
(0.8656716418 5.895669178e-17 0)
(0.8656716418 1.368283204e-16 0)
(0.8656716418 1.830011873e-16 0)
(0.8656716418 -6.620460093e-17 0)
(0.8656716418 -2.009142527e-16 0)
(0.8656716418 -2.46893358e-16 0)
(0.8656716418 -6.234441982e-17 0)
(0.8656716418 -1.478962307e-16 0)
(0.8656716418 -3.283623332e-16 0)
(0.8656716418 -1.033203419e-16 0)
(0.8656716418 5.163638489e-17 0)
(0.8656716418 -1.195945521e-17 0)
(0.8656716418 1.065659341e-16 0)
(0.8656716418 3.187982904e-16 0)
(0.8656716418 -4.553707134e-17 0)
(0.8656716418 -3.462934843e-17 0)
(0.8656716418 -1.507210887e-16 0)
(0.8656716418 -1.152855901e-16 0)
(0.8656716418 1.409924128e-16 0)
(0.8656716418 -2.896095277e-16 0)
(0.8656716418 1.114709428e-16 0)
(0.8656716418 2.313140689e-16 0)
(0.8656716418 1.533024652e-17 0)
(0.8656716418 -1.502839586e-16 0)
(0.8656716418 -1.071590265e-16 0)
(0.8656716418 -5.758274075e-17 0)
(0.8656716418 -2.383337016e-17 0)
(0.8656716418 2.756643445e-17 0)
(0.8656716418 -1.165334115e-16 0)
(0.8656716418 -7.490426797e-17 0)
(0.8656716418 5.847873045e-17 0)
(0.8656716418 4.456208913e-17 0)
(0.8656716418 -3.175440466e-17 0)
(0.8656716418 -6.423066823e-17 0)
(0.8656716418 2.975075166e-16 0)
(0.8656716418 2.332728639e-16 0)
(0.8656716418 -1.174407228e-16 0)
(0.8656716418 -3.96788193e-17 0)
(0.8656716418 3.121302974e-18 0)
(0.8656716418 7.095355532e-17 0)
(0.8656716418 1.381581273e-16 0)
(0.8656716418 7.046992645e-17 0)
(0.8656716418 -7.417172062e-17 0)
(0.8656716418 3.771579835e-17 0)
(0.8656716418 9.238757812e-17 0)
(0.8656716418 -2.617015682e-17 0)
(0.8656716418 2.903997066e-16 0)
(0.8656716418 1.479871835e-16 0)
(0.8656716418 -1.705459719e-16 0)
(0.8656716418 3.969534644e-16 0)
(0.8656716418 -2.247984608e-16 0)
(0.8656716418 -4.070552387e-16 0)
(0.8656716418 4.150649249e-16 0)
(0.8656716418 4.993729515e-16 0)
(0.8656716418 -3.066499338e-16 0)
(0.8656716418 -6.456149037e-16 0)
(0.8656716418 3.530312463e-16 0)
(0.8656716418 5.025929326e-16 0)
(0.8656716418 -7.962042089e-17 0)
(0.8656716418 -1.132228044e-16 0)
(0.8656716418 -2.317785169e-16 0)
(0.8656716418 -3.699867842e-16 0)
(0.8656716418 -4.682053851e-17 0)
(0.8656716418 4.211192069e-16 0)
(0.8656716418 -7.197125639e-17 0)
(0.8656716418 -2.246124566e-16 0)
(0.8656716418 -2.622145468e-16 0)
(0.8656716418 1.239473835e-16 0)
(0.8656716418 8.777930939e-17 0)
(0.8656716418 -1.7340809e-16 0)
(0.8656716418 1.535986651e-16 0)
(0.8656716418 4.11064142e-16 0)
(0.8656716418 2.290709573e-17 0)
(0.8656716418 -3.820517589e-16 0)
(0.8656716418 2.974418383e-16 0)
(0.8656716418 -1.811220782e-16 0)
(0.8656716418 -5.637232583e-16 0)
(0.8656716418 1.790183717e-16 0)
(0.8656716418 4.342404832e-16 0)
(0.8656716418 -2.695210019e-16 0)
(0.8656716418 -6.242257859e-16 0)
(0.8656716418 3.230645069e-16 0)
(0.8656716418 6.459492785e-16 0)
(0.8656716418 -2.345425096e-16 0)
(0.8656716418 -6.045147584e-16 0)
(0.8656716418 2.308275688e-16 0)
(0.8656716418 4.190946292e-16 0)
(0.8656716418 -4.01238402e-16 0)
(0.8656716418 -3.481534404e-16 0)
(0.8656716418 -3.058279912e-16 0)
(0.8656716418 4.63983026e-16 0)
(0.8656716418 4.813127811e-16 0)
(0.8656716418 -3.24787266e-17 0)
(0.8656716418 -1.197171273e-16 0)
(0.8656716418 -1.006696182e-17 0)
(0.8656716418 1.536390374e-16 0)
(0.8656716418 9.628770287e-18 0)
(0.8656716418 -4.872456257e-17 0)
(0.8656716418 2.717967374e-16 0)
(0.8656716418 3.303272754e-16 0)
(0.8656716418 -3.982208958e-16 0)
(0.8656716418 -4.049701477e-16 0)
(0.8656716418 3.783591607e-16 0)
(0.8656716418 1.529984711e-16 0)
(0.8656716418 -3.159878183e-16 0)
(0.8656716418 -1.025258253e-16 0)
(0.8656716418 -2.602097311e-16 0)
(0.8656716418 1.086372646e-16 0)
(0.8656716418 -1.286952166e-16 0)
(0.8656716418 -2.44998691e-16 0)
(0.8656716418 3.047701981e-16 0)
(0.8656716418 1.084420984e-17 0)
(0.8656716418 1.056828012e-18 0)
(0.8656716418 -9.487500323e-16 0)
(0.8656716418 1.730215637e-16 0)
(0.8656716418 1.052203621e-15 0)
(0.8656716418 2.602739811e-16 0)
(0.8656716418 -8.204549973e-16 0)
(0.8656716418 -9.912408117e-16 0)
(0.8656716418 4.179955124e-16 0)
(0.8656716418 8.015651073e-16 0)
(0.8656716418 3.687180808e-16 0)
(0.8656716418 -8.549687752e-16 0)
(0.8656716418 -9.139774265e-17 0)
(0.8656716418 1.108130972e-15 0)
(0.8656716418 -1.460386126e-16 0)
(0.8656716418 -2.794751026e-16 0)
(0.8656716418 6.206211202e-16 0)
(0.8656716418 8.638697668e-16 0)
(0.8656716418 1.95467135e-16 0)
(0.8656716418 -1.36616874e-15 0)
(0.8656716418 -4.325771568e-16 0)
(0.8656716418 8.027427973e-16 0)
(0.8656716418 -5.507767977e-16 0)
(0.8656716418 -2.565785087e-16 0)
(0.8656716418 5.661747002e-16 0)
(0.8656716418 2.23401104e-16 0)
(0.8656716418 1.535349146e-16 0)
(0.8656716418 -5.426275331e-16 0)
(0.8656716418 2.453679493e-16 0)
(0.8656716418 1.226159378e-16 0)
(0.8656716418 6.29448411e-17 0)
(0.8656716418 -1.161685024e-16 0)
(0.8656716418 -2.75632107e-16 0)
(0.8656716418 -1.247984132e-16 0)
(0.8656716418 2.005374573e-16 0)
(0.8656716418 7.73917384e-16 0)
(0.8656716418 -2.837209294e-16 0)
(0.8656716418 -2.235037757e-17 0)
(0.8656716418 6.303132927e-16 0)
(0.8656716418 -1.039642504e-15 0)
(0.8656716418 -5.740619399e-16 0)
(0.8656716418 3.578132091e-16 0)
(0.8656716418 -1.159892509e-16 0)
(0.8656716418 3.262779377e-17 0)
(0.8656716418 -1.343247837e-15 0)
(0.8656716418 -2.635692587e-16 0)
(0.8656716418 1.393439831e-15 0)
(0.8656716418 -5.870833839e-16 0)
(0.8656716418 1.794951095e-17 0)
(0.8656716418 1.181481099e-15 0)
(0.8656716418 4.360433838e-16 0)
(0.8656716418 2.081702268e-16 0)
(0.8656716418 -1.179203241e-15 0)
(0.8656716418 -1.600139484e-16 0)
(0.8656716418 1.34310756e-15 0)
(0.8656716418 8.303546829e-17 0)
(0.8656716418 -1.052752132e-15 0)
(0.8656716418 -5.242931594e-16 0)
(0.8656716418 5.345058701e-16 0)
(0.8656716418 6.745074702e-16 0)
(0.8656716418 1.840808124e-16 0)
(0.8656716418 -5.894474541e-16 0)
(0.8656716418 -2.252136943e-16 0)
(0.8656716418 -2.042125607e-16 0)
(0.8656716418 -2.453486083e-16 0)
(0.8656716418 4.314483547e-16 0)
(0.8656716418 1.802884106e-16 0)
(0.8656716418 1.347627192e-16 0)
(0.6567164179 -1.043163979e-16 0)
(0.6567164179 -8.659563442e-17 0)
(0.6567164179 5.215065726e-17 0)
(0.6567164179 1.278779841e-18 0)
(0.6567164179 -1.898541358e-16 0)
(0.6567164179 -2.9028675e-16 0)
(0.6567164179 1.078448492e-16 0)
(0.6567164179 2.620298025e-16 0)
(0.6567164179 -1.785532001e-16 0)
(0.6567164179 -3.204664858e-18 0)
(0.6567164179 1.677220592e-16 0)
(0.6567164179 -1.103248465e-17 0)
(0.6567164179 1.203747428e-16 0)
(0.6567164179 3.31477e-16 0)
(0.6567164179 4.156991878e-17 0)
(0.6567164179 -1.189969651e-16 0)
(0.6567164179 1.52670426e-16 0)
(0.6567164179 -1.784689593e-16 0)
(0.6567164179 -3.934065027e-16 0)
(0.6567164179 -6.464607998e-17 0)
(0.6567164179 8.844877253e-17 0)
(0.6567164179 3.480741326e-17 0)
(0.6567164179 2.027972585e-16 0)
(0.6567164179 1.483920772e-16 0)
(0.6567164179 -2.078032496e-16 0)
(0.6567164179 -2.414031595e-16 0)
(0.6567164179 -1.644712513e-16 0)
(0.6567164179 2.126377896e-17 0)
(0.6567164179 -1.511606613e-16 0)
(0.6567164179 -3.465150243e-16 0)
(0.6567164179 -1.098822605e-16 0)
(0.6567164179 9.772035277e-17 0)
(0.6567164179 1.557872728e-16 0)
(0.6567164179 1.892077248e-16 0)
(0.6567164179 1.696111372e-16 0)
(0.6567164179 -2.096265495e-16 0)
(0.6567164179 -6.203677275e-17 0)
(0.6567164179 -1.021903569e-16 0)
(0.6567164179 3.308368346e-17 0)
(0.6567164179 2.615492106e-16 0)
(0.6567164179 -3.454005728e-16 0)
(0.6567164179 4.6276692e-18 0)
(0.6567164179 2.087804934e-16 0)
(0.6567164179 -1.932997821e-17 0)
(0.6567164179 -9.912682171e-17 0)
(0.6567164179 6.626432912e-17 0)
(0.6567164179 1.484079921e-17 0)
(0.6567164179 -1.209528205e-16 0)
(0.6567164179 5.682674555e-17 0)
(0.6567164179 -2.722261733e-16 0)
(0.6567164179 -8.922276014e-17 0)
(0.6567164179 2.135308103e-16 0)
(0.6567164179 -4.033812967e-17 0)
(0.6567164179 -4.766018793e-17 0)
(0.6567164179 6.784644851e-17 0)
(0.6567164179 3.227280469e-16 0)
(0.6567164179 -1.22574441e-17 0)
(0.6567164179 -1.320149026e-16 0)
(0.6567164179 -1.843058676e-17 0)
(0.6567164179 -4.558338733e-19 0)
(0.6567164179 9.166348801e-17 0)
(0.6567164179 3.097809249e-17 0)
(0.6567164179 4.132845747e-17 0)
(0.6567164179 -2.957257174e-17 0)
(0.6567164179 3.144208754e-17 0)
(0.6567164179 1.106544477e-16 0)
(0.6567164179 1.453439365e-17 0)
(0.6567164179 2.607348043e-16 0)
(0.6567164179 1.144283045e-16 0)
(0.6567164179 -2.459273069e-16 0)
(0.6567164179 1.958095891e-16 0)
(0.6567164179 -2.41744271e-16 0)
(0.6567164179 -2.493868688e-16 0)
(0.6567164179 3.385591259e-16 0)
(0.6567164179 4.356916173e-16 0)
(0.6567164179 -2.584167816e-16 0)
(0.6567164179 -5.602785393e-16 0)
(0.6567164179 4.201116694e-16 0)
(0.6567164179 3.380458801e-16 0)
(0.6567164179 -1.151726258e-16 0)
(0.6567164179 1.394961265e-19 0)
(0.6567164179 -2.122380942e-16 0)
(0.6567164179 -1.811394465e-16 0)
(0.6567164179 7.824172245e-18 0)
(0.6567164179 1.211225663e-16 0)
(0.6567164179 2.379220596e-17 0)
(0.6567164179 -1.455760513e-16 0)
(0.6567164179 -2.364455871e-16 0)
(0.6567164179 2.77011246e-16 0)
(0.6567164179 2.097466129e-16 0)
(0.6567164179 -2.084013724e-16 0)
(0.6567164179 -3.909173833e-17 0)
(0.6567164179 3.107550019e-16 0)
(0.6567164179 8.213117769e-17 0)
(0.6567164179 -3.8898829e-16 0)
(0.6567164179 5.131361916e-17 0)
(0.6567164179 -9.832534683e-17 0)
(0.6567164179 -3.092938896e-16 0)
(0.6567164179 3.287252156e-16 0)
(0.6567164179 1.689880971e-16 0)
(0.6567164179 -3.777027417e-16 0)
(0.6567164179 -3.165327341e-16 0)
(0.6567164179 3.546233293e-16 0)
(0.6567164179 4.657381985e-16 0)
(0.6567164179 -1.460618073e-16 0)
(0.6567164179 -4.212619268e-16 0)
(0.6567164179 1.80952477e-16 0)
(0.6567164179 1.791344386e-16 0)
(0.6567164179 -3.36164025e-16 0)
(0.6567164179 -2.700748617e-16 0)
(0.6567164179 -2.426932434e-17 0)
(0.6567164179 5.189630451e-16 0)
(0.6567164179 9.243222346e-17 0)
(0.6567164179 -9.603533302e-17 0)
(0.6567164179 -1.963712158e-16 0)
(0.6567164179 -2.234219263e-17 0)
(0.6567164179 2.238479687e-16 0)
(0.6567164179 -1.260809852e-16 0)
(0.6567164179 -1.184200643e-16 0)
(0.6567164179 2.555937757e-16 0)
(0.6567164179 2.886211389e-16 0)
(0.6567164179 -2.425549907e-16 0)
(0.6567164179 -3.441035775e-16 0)
(0.6567164179 1.812887886e-16 0)
(0.6567164179 7.44493495e-17 0)
(0.6567164179 -1.060367617e-16 0)
(0.6567164179 1.672192537e-17 0)
(0.6567164179 -8.767036968e-17 0)
(0.6567164179 1.020372137e-16 0)
(0.6567164179 -1.808412264e-16 0)
(0.6567164179 -2.546267907e-16 0)
(0.6567164179 2.328083353e-16 0)
(0.6567164179 7.382612438e-17 0)
(0.6567164179 -8.285671047e-17 0)
(0.6567164179 -7.0755351e-16 0)
(0.6567164179 2.169430077e-16 0)
(0.6567164179 9.181417251e-16 0)
(0.6567164179 1.818772811e-16 0)
(0.6567164179 -5.675422707e-16 0)
(0.6567164179 -8.816711933e-16 0)
(0.6567164179 2.641197536e-16 0)
(0.6567164179 7.4265919e-16 0)
(0.6567164179 8.18510903e-17 0)
(0.6567164179 -7.796639443e-16 0)
(0.6567164179 -3.280713716e-17 0)
(0.6567164179 9.769915402e-16 0)
(0.6567164179 -2.223164903e-16 0)
(0.6567164179 -3.144584097e-16 0)
(0.6567164179 3.208652968e-16 0)
(0.6567164179 7.40039102e-16 0)
(0.6567164179 4.113411342e-16 0)
(0.6567164179 -1.24891654e-15 0)
(0.6567164179 -4.292805041e-16 0)
(0.6567164179 6.913171553e-16 0)
(0.6567164179 -4.000572061e-16 0)
(0.6567164179 -9.137465899e-17 0)
(0.6567164179 5.787603028e-16 0)
(0.6567164179 9.142404435e-18 0)
(0.6567164179 1.221997334e-16 0)
(0.6567164179 -2.970333073e-16 0)
(0.6567164179 1.486166524e-16 0)
(0.6567164179 1.109854708e-16 0)
(0.6567164179 -2.411302218e-17 0)
(0.6567164179 -7.921180577e-17 0)
(0.6567164179 -2.6841038e-16 0)
(0.6567164179 2.56253893e-16 0)
(0.6567164179 1.65097258e-16 0)
(0.6567164179 3.441648277e-16 0)
(0.6567164179 -1.299645537e-16 0)
(0.6567164179 -2.84390787e-16 0)
(0.6567164179 4.344620701e-16 0)
(0.6567164179 -5.28403691e-16 0)
(0.6567164179 -3.644680128e-16 0)
(0.6567164179 2.636386735e-16 0)
(0.6567164179 -1.479372301e-16 0)
(0.6567164179 6.435256256e-17 0)
(0.6567164179 -1.148654505e-15 0)
(0.6567164179 -1.817895236e-16 0)
(0.6567164179 1.329164144e-15 0)
(0.6567164179 -3.715630271e-16 0)
(0.6567164179 -7.335532844e-17 0)
(0.6567164179 9.124588165e-16 0)
(0.6567164179 6.434896384e-17 0)
(0.6567164179 -4.737390016e-17 0)
(0.6567164179 -7.301977798e-16 0)
(0.6567164179 -2.076487021e-17 0)
(0.6567164179 1.052909816e-15 0)
(0.6567164179 4.18596099e-17 0)
(0.6567164179 -7.227702724e-16 0)
(0.6567164179 -6.069953759e-16 0)
(0.6567164179 3.44773364e-16 0)
(0.6567164179 6.629276487e-16 0)
(0.6567164179 1.811850677e-16 0)
(0.6567164179 -3.181915278e-16 0)
(0.6567164179 -3.761463451e-16 0)
(0.6567164179 -2.657820734e-16 0)
(0.6567164179 -8.336956136e-17 0)
(0.6567164179 1.644022182e-16 0)
(0.6567164179 3.752884086e-16 0)
(0.6567164179 4.018446279e-16 0)
(0.4179104478 1.872585409e-16 0)
(0.4179104478 -1.373267929e-17 0)
(0.4179104478 -2.334849009e-17 0)
(0.4179104478 -8.232515942e-17 0)
(0.4179104478 -1.855699311e-16 0)
(0.4179104478 -2.532135414e-16 0)
(0.4179104478 1.31638981e-16 0)
(0.4179104478 2.967942347e-16 0)
(0.4179104478 -9.724514524e-17 0)
(0.4179104478 -2.894961108e-17 0)
(0.4179104478 1.032088688e-16 0)
(0.4179104478 -5.373708493e-17 0)
(0.4179104478 4.957667984e-17 0)
(0.4179104478 2.577095265e-16 0)
(0.4179104478 -1.924825989e-17 0)
(0.4179104478 -1.171743889e-16 0)
(0.4179104478 9.529342074e-17 0)
(0.4179104478 -1.652958141e-16 0)
(0.4179104478 -2.327410828e-16 0)
(0.4179104478 3.772839406e-18 0)
(0.4179104478 1.521547148e-16 0)
(0.4179104478 8.851806583e-17 0)
(0.4179104478 7.322479822e-17 0)
(0.4179104478 9.908453585e-17 0)
(0.4179104478 -1.183835454e-16 0)
(0.4179104478 -1.996059322e-16 0)
(0.4179104478 -2.070724182e-16 0)
(0.4179104478 4.283933462e-17 0)
(0.4179104478 -5.621948901e-17 0)
(0.4179104478 -3.634815212e-16 0)
(0.4179104478 -7.957103707e-17 0)
(0.4179104478 1.997968571e-16 0)
(0.4179104478 1.448747563e-16 0)
(0.4179104478 1.299795687e-16 0)
(0.4179104478 1.31757061e-16 0)
(0.4179104478 -2.716392408e-16 0)
(0.4179104478 -9.744721758e-17 0)
(0.4179104478 4.21003038e-17 0)
(0.4179104478 1.027822105e-16 0)
(0.4179104478 2.500691394e-16 0)
(0.4179104478 -3.306062268e-16 0)
(0.4179104478 -2.333895394e-17 0)
(0.4179104478 1.347928524e-16 0)
(0.4179104478 -1.684651398e-17 0)
(0.4179104478 -8.834875366e-17 0)
(0.4179104478 3.522256093e-17 0)
(0.4179104478 1.163636461e-16 0)
(0.4179104478 -3.506975567e-17 0)
(0.4179104478 -7.973373412e-17 0)
(0.4179104478 -1.732737567e-16 0)
(0.4179104478 1.535874707e-17 0)
(0.4179104478 1.221316801e-16 0)
(0.4179104478 -1.360084832e-17 0)
(0.4179104478 -3.690672179e-18 0)
(0.4179104478 1.043332676e-17 0)
(0.4179104478 2.30800946e-16 0)
(0.4179104478 4.856258486e-17 0)
(0.4179104478 -1.674089396e-16 0)
(0.4179104478 2.601572876e-18 0)
(0.4179104478 -1.751138376e-17 0)
(0.4179104478 -3.537732378e-17 0)
(0.4179104478 1.202367567e-16 0)
(0.4179104478 5.857214354e-17 0)
(0.4179104478 -9.506273147e-17 0)
(0.4179104478 1.031284895e-17 0)
(0.4179104478 7.389906907e-17 0)
(0.4179104478 6.894906255e-17 0)
(0.4179104478 1.993186183e-16 0)
(0.4179104478 -7.134055155e-17 0)
(0.4179104478 -2.287634085e-16 0)
(0.4179104478 2.126798213e-16 0)
(0.4179104478 -2.554547512e-16 0)
(0.4179104478 -1.322950985e-16 0)
(0.4179104478 3.852755939e-16 0)
(0.4179104478 1.522050214e-16 0)
(0.4179104478 -3.268084697e-16 0)
(0.4179104478 -2.545732949e-16 0)
(0.4179104478 4.119761626e-16 0)
(0.4179104478 2.257245907e-16 0)
(0.4179104478 -6.335625946e-18 0)
(0.4179104478 1.013499309e-16 0)
(0.4179104478 -1.43943427e-16 0)
(0.4179104478 -3.656180021e-16 0)
(0.4179104478 -2.834229505e-17 0)
(0.4179104478 2.74233797e-16 0)
(0.4179104478 -3.276201139e-17 0)
(0.4179104478 -8.926875873e-17 0)
(0.4179104478 -6.048551343e-17 0)
(0.4179104478 2.109503572e-16 0)
(0.4179104478 6.715627451e-17 0)
(0.4179104478 -2.2380532e-16 0)
(0.4179104478 -1.761311585e-16 0)
(0.4179104478 2.115242966e-16 0)
(0.4179104478 1.673584256e-16 0)
(0.4179104478 -1.66006647e-16 0)
(0.4179104478 1.529902713e-16 0)
(0.4179104478 -7.875217567e-17 0)
(0.4179104478 -2.796446117e-16 0)
(0.4179104478 -1.426638585e-17 0)
(0.4179104478 3.164043579e-16 0)
(0.4179104478 -1.43001203e-17 0)
(0.4179104478 -4.60119829e-16 0)
(0.4179104478 8.189524731e-17 0)
(0.4179104478 3.515266429e-16 0)
(0.4179104478 -2.416183633e-17 0)
(0.4179104478 -1.75261298e-16 0)
(0.4179104478 5.927213089e-17 0)
(0.4179104478 1.254816229e-16 0)
(0.4179104478 -1.370003751e-16 0)
(0.4179104478 -1.547366977e-16 0)
(0.4179104478 -2.806102897e-16 0)
(0.4179104478 3.609290908e-16 0)
(0.4179104478 2.948153968e-16 0)
(0.4179104478 -1.632883155e-16 0)
(0.4179104478 -9.423615126e-17 0)
(0.4179104478 -1.576569436e-16 0)
(0.4179104478 8.877550627e-17 0)
(0.4179104478 9.548599985e-17 0)
(0.4179104478 -6.918585848e-17 0)
(0.4179104478 -6.016788184e-17 0)
(0.4179104478 1.236953416e-16 0)
(0.4179104478 -1.620576573e-16 0)
(0.4179104478 -2.566108553e-16 0)
(0.4179104478 2.933553146e-16 0)
(0.4179104478 2.011398881e-16 0)
(0.4179104478 -3.993858439e-17 0)
(0.4179104478 -4.559877328e-17 0)
(0.4179104478 -1.549674707e-16 0)
(0.4179104478 1.754746847e-16 0)
(0.4179104478 -1.959380834e-16 0)
(0.4179104478 -1.629231818e-16 0)
(0.4179104478 1.711394983e-16 0)
(0.4179104478 -6.878469146e-17 0)
(0.4179104478 1.31239929e-16 0)
(0.4179104478 -5.426839191e-16 0)
(0.4179104478 8.155569039e-17 0)
(0.4179104478 9.116080301e-16 0)
(0.4179104478 2.131329818e-16 0)
(0.4179104478 -6.569372888e-16 0)
(0.4179104478 -6.993556964e-16 0)
(0.4179104478 2.02824422e-16 0)
(0.4179104478 4.508468329e-16 0)
(0.4179104478 2.150944608e-16 0)
(0.4179104478 -7.094068597e-16 0)
(0.4179104478 -1.226100161e-16 0)
(0.4179104478 8.819585696e-16 0)
(0.4179104478 -2.090074255e-16 0)
(0.4179104478 -4.40297617e-16 0)
(0.4179104478 4.708945415e-16 0)
(0.4179104478 6.397872391e-16 0)
(0.4179104478 -1.04080921e-17 0)
(0.4179104478 -8.600536876e-16 0)
(0.4179104478 -2.433415989e-16 0)
(0.4179104478 5.849925469e-16 0)
(0.4179104478 -3.873557206e-16 0)
(0.4179104478 -1.296734839e-16 0)
(0.4179104478 4.205140089e-16 0)
(0.4179104478 1.166988139e-16 0)
(0.4179104478 1.307756517e-16 0)
(0.4179104478 -3.837684044e-16 0)
(0.4179104478 1.597003803e-16 0)
(0.4179104478 1.882606506e-16 0)
(0.4179104478 1.005571442e-16 0)
(0.4179104478 -1.428570841e-16 0)
(0.4179104478 -2.191469634e-16 0)
(0.4179104478 -1.459141825e-16 0)
(0.4179104478 1.432797005e-16 0)
(0.4179104478 6.486201173e-16 0)
(0.4179104478 -3.004346024e-16 0)
(0.4179104478 -1.264645097e-16 0)
(0.4179104478 4.337792117e-16 0)
(0.4179104478 -7.071713037e-16 0)
(0.4179104478 -2.808890474e-16 0)
(0.4179104478 6.19265507e-16 0)
(0.4179104478 1.838413498e-17 0)
(0.4179104478 -4.484399904e-17 0)
(0.4179104478 -8.65703225e-16 0)
(0.4179104478 -3.494022644e-17 0)
(0.4179104478 9.958808589e-16 0)
(0.4179104478 -5.228937602e-16 0)
(0.4179104478 -1.518275255e-16 0)
(0.4179104478 7.334131133e-16 0)
(0.4179104478 1.020588581e-16 0)
(0.4179104478 -4.519137247e-17 0)
(0.4179104478 -8.564537447e-16 0)
(0.4179104478 1.300597833e-17 0)
(0.4179104478 9.838652227e-16 0)
(0.4179104478 -7.046897048e-17 0)
(0.4179104478 -7.061163409e-16 0)
(0.4179104478 -8.675514964e-17 0)
(0.4179104478 2.994606384e-16 0)
(0.4179104478 2.068235584e-16 0)
(0.4179104478 2.078837806e-16 0)
(0.4179104478 -3.039466177e-16 0)
(0.4179104478 -3.95152973e-17 0)
(0.4179104478 -2.921860879e-16 0)
(0.4179104478 -3.052039499e-16 0)
(0.4179104478 4.01018454e-16 0)
(0.4179104478 2.161247969e-16 0)
(0.4179104478 1.901905878e-16 0)
(0.1492537313 6.391902087e-17 0)
(0.1492537313 3.807446534e-18 0)
(0.1492537313 1.055543343e-17 0)
(0.1492537313 -3.722384163e-17 0)
(0.1492537313 -1.160119517e-16 0)
(0.1492537313 -1.084446082e-16 0)
(0.1492537313 7.634207687e-17 0)
(0.1492537313 1.359012379e-16 0)
(0.1492537313 -3.968773743e-17 0)
(0.1492537313 -1.326633419e-17 0)
(0.1492537313 1.601392328e-17 0)
(0.1492537313 -3.429504121e-17 0)
(0.1492537313 2.899287736e-17 0)
(0.1492537313 1.001314644e-16 0)
(0.1492537313 -3.194579305e-17 0)
(0.1492537313 -4.502269563e-17 0)
(0.1492537313 8.009824134e-17 0)
(0.1492537313 -7.822917465e-17 0)
(0.1492537313 -1.202780852e-16 0)
(0.1492537313 4.56139698e-17 0)
(0.1492537313 8.957575315e-17 0)
(0.1492537313 -4.049011983e-18 0)
(0.1492537313 4.265361884e-17 0)
(0.1492537313 5.232052349e-17 0)
(0.1492537313 -5.062305959e-17 0)
(0.1492537313 -1.068037805e-16 0)
(0.1492537313 -1.099757762e-16 0)
(0.1492537313 5.507802053e-17 0)
(0.1492537313 -5.151851391e-20 0)
(0.1492537313 -1.806111649e-16 0)
(0.1492537313 -4.31364032e-17 0)
(0.1492537313 9.224060568e-17 0)
(0.1492537313 5.747179156e-17 0)
(0.1492537313 8.001040213e-17 0)
(0.1492537313 7.241073446e-17 0)
(0.1492537313 -1.920745613e-16 0)
(0.1492537313 -3.179590899e-17 0)
(0.1492537313 3.009403085e-17 0)
(0.1492537313 5.737538782e-17 0)
(0.1492537313 1.571802248e-16 0)
(0.1492537313 -1.758069622e-16 0)
(0.1492537313 -2.069162871e-17 0)
(0.1492537313 4.832873337e-17 0)
(0.1492537313 -3.303113978e-17 0)
(0.1492537313 -5.287837088e-17 0)
(0.1492537313 2.262554252e-17 0)
(0.1492537313 6.280100606e-17 0)
(0.1492537313 -8.388288844e-18 0)
(0.1492537313 -2.668523896e-17 0)
(0.1492537313 -7.766214094e-17 0)
(0.1492537313 2.148086449e-17 0)
(0.1492537313 5.28843646e-17 0)
(0.1492537313 8.125661507e-18 0)
(0.1492537313 -7.910674013e-19 0)
(0.1492537313 -4.077503288e-17 0)
(0.1492537313 7.666715345e-17 0)
(0.1492537313 4.550203359e-17 0)
(0.1492537313 -6.947134151e-17 0)
(0.1492537313 -1.680145281e-17 0)
(0.1492537313 1.700321414e-18 0)
(0.1492537313 -5.270901697e-17 0)
(0.1492537313 5.725068009e-17 0)
(0.1492537313 3.554167771e-17 0)
(0.1492537313 -6.908194287e-17 0)
(0.1492537313 1.626670641e-17 0)
(0.1492537313 2.881033901e-17 0)
(0.1492537313 1.777183413e-17 0)
(0.1492537313 7.163425744e-17 0)
(0.1492537313 -2.622945042e-17 0)
(0.1492537313 -9.757545569e-17 0)
(0.1492537313 1.112022485e-16 0)
(0.1492537313 -1.536478247e-16 0)
(0.1492537313 -4.298339601e-17 0)
(0.1492537313 2.30570084e-16 0)
(0.1492537313 -2.417378456e-17 0)
(0.1492537313 -2.01695599e-16 0)
(0.1492537313 -3.656028659e-17 0)
(0.1492537313 2.715489467e-16 0)
(0.1492537313 4.667929325e-17 0)
(0.1492537313 -2.419190427e-17 0)
(0.1492537313 2.293504398e-17 0)
(0.1492537313 -6.757805817e-17 0)
(0.1492537313 -1.446918731e-16 0)
(0.1492537313 1.997964001e-17 0)
(0.1492537313 1.863570015e-16 0)
(0.1492537313 -7.581924116e-17 0)
(0.1492537313 -5.346669424e-17 0)
(0.1492537313 -2.14717991e-17 0)
(0.1492537313 1.208288553e-16 0)
(0.1492537313 2.357237438e-17 0)
(0.1492537313 -1.195215728e-16 0)
(0.1492537313 -1.265541694e-16 0)
(0.1492537313 6.753127309e-17 0)
(0.1492537313 1.508311739e-16 0)
(0.1492537313 -3.494764405e-17 0)
(0.1492537313 9.816940479e-17 0)
(0.1492537313 -5.085641465e-17 0)
(0.1492537313 -9.375026826e-17 0)
(0.1492537313 -2.518473362e-17 0)
(0.1492537313 1.314422324e-16 0)
(0.1492537313 6.782920556e-17 0)
(0.1492537313 -1.853319543e-16 0)
(0.1492537313 3.315400239e-17 0)
(0.1492537313 1.017914747e-16 0)
(0.1492537313 -4.138931307e-17 0)
(0.1492537313 -4.060380061e-17 0)
(0.1492537313 5.290135735e-17 0)
(0.1492537313 3.355054566e-17 0)
(0.1492537313 -7.515725727e-17 0)
(0.1492537313 1.62681901e-17 0)
(0.1492537313 -1.806737453e-16 0)
(0.1492537313 9.833522995e-17 0)
(0.1492537313 1.118692207e-16 0)
(0.1492537313 -3.31714531e-17 0)
(0.1492537313 1.653856312e-18 0)
(0.1492537313 -7.65613369e-17 0)
(0.1492537313 -1.964660693e-17 0)
(0.1492537313 5.479702813e-17 0)
(0.1492537313 2.203980154e-17 0)
(0.1492537313 -5.409941732e-17 0)
(0.1492537313 -1.725589297e-17 0)
(0.1492537313 -1.171457026e-16 0)
(0.1492537313 -5.667821472e-17 0)
(0.1492537313 2.221852266e-16 0)
(0.1492537313 6.503104661e-17 0)
(0.1492537313 -3.916581257e-17 0)
(0.1492537313 2.932641395e-17 0)
(0.1492537313 -1.047384009e-16 0)
(0.1492537313 7.159282999e-17 0)
(0.1492537313 -7.800648116e-17 0)
(0.1492537313 -1.24526077e-17 0)
(0.1492537313 1.164991738e-16 0)
(0.1492537313 -1.345094944e-16 0)
(0.1492537313 1.144001009e-16 0)
(0.1492537313 -2.677677578e-16 0)
(0.1492537313 -7.001125457e-18 0)
(0.1492537313 3.840503994e-16 0)
(0.1492537313 9.174896273e-17 0)
(0.1492537313 -3.024903484e-16 0)
(0.1492537313 -2.63924785e-16 0)
(0.1492537313 1.870652616e-16 0)
(0.1492537313 1.574706758e-16 0)
(0.1492537313 1.331305567e-16 0)
(0.1492537313 -3.834429181e-16 0)
(0.1492537313 -1.280509545e-16 0)
(0.1492537313 4.58137623e-16 0)
(0.1492537313 -9.871406723e-17 0)
(0.1492537313 -2.162185e-16 0)
(0.1492537313 2.880481414e-16 0)
(0.1492537313 2.532567824e-16 0)
(0.1492537313 -6.914322068e-17 0)
(0.1492537313 -4.09268336e-16 0)
(0.1492537313 -1.150545274e-16 0)
(0.1492537313 3.25994138e-16 0)
(0.1492537313 -2.096382753e-16 0)
(0.1492537313 1.135861362e-17 0)
(0.1492537313 2.499655832e-16 0)
(0.1492537313 -2.373433175e-17 0)
(0.1492537313 8.32750704e-17 0)
(0.1492537313 -2.089468337e-16 0)
(0.1492537313 4.242162417e-17 0)
(0.1492537313 6.053088571e-18 0)
(0.1492537313 5.548617753e-17 0)
(0.1492537313 5.548176812e-18 0)
(0.1492537313 -4.686241504e-17 0)
(0.1492537313 -9.844834499e-17 0)
(0.1492537313 3.972869829e-17 0)
(0.1492537313 4.040432085e-16 0)
(0.1492537313 -1.967051873e-16 0)
(0.1492537313 -1.020264203e-16 0)
(0.1492537313 2.19682565e-16 0)
(0.1492537313 -4.139111997e-16 0)
(0.1492537313 -3.436534756e-17 0)
(0.1492537313 4.405981506e-16 0)
(0.1492537313 -5.308373176e-17 0)
(0.1492537313 -5.071933179e-18 0)
(0.1492537313 -4.105353059e-16 0)
(0.1492537313 -3.600292917e-17 0)
(0.1492537313 5.008277021e-16 0)
(0.1492537313 -3.570113866e-16 0)
(0.1492537313 -2.376782278e-17 0)
(0.1492537313 4.05614508e-16 0)
(0.1492537313 -4.91897601e-17 0)
(0.1492537313 -8.659774958e-20 0)
(0.1492537313 -4.603873087e-16 0)
(0.1492537313 -2.696078428e-17 0)
(0.1492537313 4.859233774e-16 0)
(0.1492537313 -1.032356546e-16 0)
(0.1492537313 -3.300081815e-16 0)
(0.1492537313 1.09386048e-16 0)
(0.1492537313 2.148373746e-16 0)
(0.1492537313 -2.152588455e-17 0)
(0.1492537313 9.224804029e-17 0)
(0.1492537313 -1.348945498e-16 0)
(0.1492537313 -1.265228932e-17 0)
(0.1492537313 -1.825413147e-16 0)
(0.1492537313 -1.642704135e-16 0)
(0.1492537313 3.131879895e-16 0)
(0.1492537313 5.678901215e-17 0)
(0.1492537313 -2.842483704e-17 0)
)
;

boundaryField
{
    inlet
    {
        type            cyclic;
    }
    outlet
    {
        type            cyclic;
    }
    topWall
    {
        type            fixedValue;
        value           uniform (0 0 0);
    }
    bottomWall
    {
        type            fixedValue;
        value           uniform (0 0 0);
    }
    frontAndBack
    {
        type            empty;
    }
}


// ************************************************************************* //
