/*--------------------------------*- C++ -*----------------------------------*\
  =========                 |
  \\      /  F ield         | OpenFOAM: The Open Source CFD Toolbox
   \\    /   O peration     | Website:  https://openfoam.org
    \\  /    A nd           | Version:  10
     \\/     M anipulation  |
\*---------------------------------------------------------------------------*/
FoamFile
{
    format      ascii;
    class       surfaceScalarField;
    location    "500";
    object      phi;
}
// * * * * * * * * * * * * * * * * * * * * * * * * * * * * * * * * * * * * * //

dimensions      [0 3 -1 0 0 0 0];

internalField   nonuniform List<scalar> 
7780
(
7.462686567e-06
1.382386369e-19
7.462686567e-06
9.993032149e-21
7.462686567e-06
4.926293957e-21
7.462686567e-06
3.034958158e-22
7.462686567e-06
-1.273585691e-22
7.462686567e-06
-2.836468911e-21
7.462686567e-06
-1.343364997e-22
7.462686567e-06
1.320397338e-21
7.462686567e-06
-3.015909081e-22
7.462686567e-06
1.564785642e-21
7.462686567e-06
-2.611259152e-22
7.462686567e-06
2.024943657e-22
7.462686567e-06
-2.461703721e-21
7.462686567e-06
5.499746963e-22
7.462686567e-06
2.5391585e-21
7.462686567e-06
-2.151558047e-21
7.462686567e-06
-1.261802701e-21
7.462686567e-06
-1.647120531e-23
7.462686567e-06
-6.10181845e-22
7.462686567e-06
-2.169225375e-22
7.462686567e-06
2.236437304e-21
7.462686567e-06
-5.354962192e-21
7.462686567e-06
-5.158160321e-21
7.462686567e-06
2.762696594e-21
7.462686567e-06
3.738569418e-21
7.462686567e-06
3.729778037e-21
7.462686567e-06
8.250782326e-24
7.462686567e-06
1.667008009e-21
7.462686567e-06
-1.609678817e-22
7.462686567e-06
-5.210135835e-21
7.462686567e-06
3.488543193e-21
7.462686567e-06
-6.698350522e-22
7.462686567e-06
-5.661014236e-21
7.462686567e-06
4.564836793e-21
7.462686567e-06
-5.443809651e-21
7.462686567e-06
2.845978377e-21
7.462686567e-06
-3.295309368e-21
7.462686567e-06
-1.999729888e-21
7.462686567e-06
1.556762064e-21
7.462686567e-06
3.748014339e-21
7.462686567e-06
4.63556888e-21
7.462686567e-06
-4.03047768e-21
7.462686567e-06
5.014929977e-21
7.462686567e-06
-7.735270151e-21
7.462686567e-06
1.339781808e-21
7.462686567e-06
3.303404464e-22
7.462686567e-06
-3.798356985e-21
7.462686567e-06
3.915598492e-21
7.462686567e-06
-4.628289542e-21
7.462686567e-06
4.50983897e-21
7.462686567e-06
4.265200641e-21
7.462686567e-06
-6.443866414e-21
7.462686567e-06
-2.591240626e-22
7.462686567e-06
3.579464698e-21
7.462686567e-06
-2.901279396e-21
7.462686567e-06
-2.668644767e-21
7.462686567e-06
7.057480585e-21
7.462686567e-06
-2.639030731e-21
7.462686567e-06
3.781528897e-21
7.462686567e-06
2.948389186e-21
7.462686567e-06
-5.354524508e-21
7.462686567e-06
1.786043739e-21
7.462686567e-06
1.247471124e-21
7.462686567e-06
-4.904083588e-21
7.462686567e-06
-4.315125575e-22
7.462686567e-06
5.677617002e-21
7.462686567e-06
-1.801022228e-21
7.462686567e-06
-2.094487827e-22
7.462686567e-06
8.064935684e-21
7.462686567e-06
-1.644025708e-21
7.462686567e-06
-1.375071664e-20
7.462686567e-06
1.898002294e-21
7.462686567e-06
1.411765273e-20
7.462686567e-06
-7.803538095e-21
7.462686567e-06
-1.137893726e-20
7.462686567e-06
6.647792589e-21
7.462686567e-06
1.238076086e-20
7.462686567e-06
-7.814192204e-23
7.462686567e-06
-1.90161368e-20
7.462686567e-06
3.151942244e-21
7.462686567e-06
9.544426286e-21
7.462686567e-06
-6.878101241e-21
7.462686567e-06
-2.849497729e-21
7.462686567e-06
6.607468377e-21
7.462686567e-06
5.524110649e-21
7.462686567e-06
3.407316721e-21
7.462686567e-06
-1.911644458e-21
7.462686567e-06
-9.259677509e-21
7.462686567e-06
-7.614748759e-21
7.462686567e-06
1.158112172e-20
7.462686567e-06
1.025637444e-20
7.462686567e-06
-1.173145257e-20
7.462686567e-06
-7.510829552e-21
7.462686567e-06
1.183590854e-20
7.462686567e-06
1.67805359e-21
7.462686567e-06
-1.084578785e-20
7.462686567e-06
8.012225858e-21
7.462686567e-06
8.290775581e-21
7.462686567e-06
-1.342570791e-20
7.462686567e-06
-1.404375021e-20
7.462686567e-06
1.265966265e-20
7.462686567e-06
1.06828357e-20
7.462686567e-06
-1.764817115e-21
7.462686567e-06
-5.872537026e-21
7.462686567e-06
-2.525313387e-22
7.462686567e-06
8.019629016e-21
7.462686567e-06
-3.827030082e-21
7.462686567e-06
-1.192943463e-20
7.462686567e-06
5.429864573e-21
7.462686567e-06
1.78888076e-20
7.462686567e-06
-8.507802094e-21
7.462686567e-06
-1.369334544e-20
7.462686567e-06
9.277267739e-21
7.462686567e-06
5.332661789e-21
7.462686567e-06
4.634543405e-21
7.462686567e-06
-6.624783102e-21
7.462686567e-06
-1.447098459e-20
7.462686567e-06
1.160083076e-20
7.462686567e-06
2.055120901e-20
7.462686567e-06
-8.197733504e-21
7.462686567e-06
-1.740642513e-20
7.462686567e-06
4.581125063e-22
7.462686567e-06
1.348112581e-20
7.462686567e-06
1.015551941e-21
7.462686567e-06
-1.759858536e-21
7.462686567e-06
2.902648599e-22
7.462686567e-06
2.193159803e-21
7.462686567e-06
-5.250591483e-21
7.462686567e-06
-1.714081829e-20
7.462686567e-06
1.639824019e-20
7.462686567e-06
5.425977519e-21
7.462686567e-06
-8.908032102e-21
7.462686567e-06
6.163950962e-21
7.462686567e-06
-1.175613676e-20
7.462686567e-06
3.903492435e-21
7.462686567e-06
6.088386009e-21
7.462686567e-06
-8.322353835e-21
7.462686567e-06
-1.642217906e-21
7.462686567e-06
1.136472676e-20
7.462686567e-06
2.059208486e-21
7.462686567e-06
-1.408419085e-20
7.462686567e-06
-7.78907118e-21
7.462686567e-06
3.59504016e-21
7.462686567e-06
9.990265096e-21
7.462686567e-06
3.585115331e-21
7.462686567e-06
-7.530007335e-21
7.462686567e-06
1.420101671e-20
7.462686567e-06
8.701738271e-22
7.462686567e-06
-1.643656298e-20
7.462686567e-06
1.79036592e-21
7.462686567e-06
-2.270014016e-21
7.462686567e-06
1.79376996e-20
7.462686567e-06
-1.946095095e-22
7.462686567e-06
-2.317211049e-20
7.462686567e-06
2.455206095e-20
7.462686567e-06
1.00095575e-20
7.462686567e-06
-1.93976337e-20
7.462686567e-06
-1.026253875e-20
7.462686567e-06
-5.34417771e-21
7.462686567e-06
1.939508372e-20
7.462686567e-06
7.482250582e-21
7.462686567e-06
-8.963372703e-21
7.462686567e-06
1.057460474e-21
7.462686567e-06
2.732773398e-21
7.462686567e-06
-4.839039997e-21
7.462686567e-06
-1.094149141e-20
7.462686567e-06
4.761620677e-22
7.462686567e-06
-2.059780389e-21
7.462686567e-06
9.150132791e-21
7.462686567e-06
1.300887166e-20
7.462686567e-06
-1.331037333e-20
7.462686567e-06
-4.879564143e-22
7.462686567e-06
1.986727582e-20
7.462686567e-06
-2.503851425e-20
7.462686567e-06
9.887383096e-21
7.462686567e-06
-4.17014257e-21
7.462686567e-06
-6.259816442e-21
7.462686567e-06
1.968283876e-20
7.462686567e-06
-2.747509816e-20
7.462686567e-06
2.220114245e-20
7.462686567e-06
9.52088552e-21
7.462686567e-06
-2.120980614e-20
7.462686567e-06
1.01091532e-20
7.462686567e-06
-1.620155166e-20
7.462686567e-06
5.933182853e-21
7.462686567e-06
2.327497322e-20
7.462686567e-06
-2.575429758e-20
7.462686567e-06
7.304036481e-21
7.462686567e-06
1.959084965e-20
7.462686567e-06
-1.951128512e-20
7.462686567e-06
-1.393223187e-20
7.462686567e-06
1.026911924e-20
7.462686567e-06
-5.432983018e-21
7.462686567e-06
-5.295554769e-22
7.462686567e-06
1.501886293e-20
7.462686567e-06
-6.72000797e-21
7.462686567e-06
6.206621685e-21
7.462686567e-06
2.738230863e-21
7.462686567e-06
-2.68721091e-20
3.307140747e-21
2.089552239e-05
1.287303415e-19
2.089552239e-05
3.618719103e-20
2.089552239e-05
1.539841127e-20
2.089552239e-05
1.03415904e-20
2.089552239e-05
-8.179684256e-22
2.089552239e-05
-4.201205146e-21
2.089552239e-05
5.73337699e-21
2.089552239e-05
2.897776354e-21
2.089552239e-05
-1.441410196e-22
2.089552239e-05
6.825999939e-21
2.089552239e-05
-4.005558923e-22
2.089552239e-05
-2.628234687e-21
2.089552239e-05
-2.362045332e-21
2.089552239e-05
-2.003573893e-21
2.089552239e-05
4.137506273e-21
2.089552239e-05
-6.854338668e-21
2.089552239e-05
-9.627457576e-21
2.089552239e-05
1.542635317e-21
2.089552239e-05
-8.507603439e-21
2.089552239e-05
6.742361547e-21
2.089552239e-05
-1.108055697e-21
2.089552239e-05
-1.105948591e-20
2.089552239e-05
-1.14346782e-20
2.089552239e-05
1.348427129e-20
2.089552239e-05
1.42451611e-20
2.089552239e-05
3.181858132e-21
2.089552239e-05
-4.849484989e-22
2.089552239e-05
2.020705135e-21
2.089552239e-05
-2.28168629e-22
2.089552239e-05
-8.271396106e-21
2.089552239e-05
1.744597287e-21
2.089552239e-05
-1.351783261e-21
2.089552239e-05
-1.196904679e-20
2.089552239e-05
1.706183927e-21
2.089552239e-05
-1.093055813e-20
2.089552239e-05
2.670164357e-21
2.089552239e-05
-3.631457008e-21
2.089552239e-05
2.511873856e-21
2.089552239e-05
6.6329223e-21
2.089552239e-05
4.420674868e-21
2.089552239e-05
2.749901935e-21
2.089552239e-05
-4.348011659e-21
2.089552239e-05
1.238338649e-20
2.089552239e-05
-1.845870176e-20
2.089552239e-05
-4.222539563e-21
2.089552239e-05
2.298903767e-21
2.089552239e-05
-1.191901491e-20
2.089552239e-05
5.1257868e-21
2.089552239e-05
-3.187690371e-21
2.089552239e-05
3.582896797e-21
2.089552239e-05
1.292515446e-20
2.089552239e-05
-1.373141706e-20
2.089552239e-05
-3.482135807e-21
2.089552239e-05
9.635641751e-21
2.089552239e-05
-3.527978813e-21
2.089552239e-05
-3.286257769e-21
2.089552239e-05
1.203437809e-20
2.089552239e-05
-2.09932351e-21
2.089552239e-05
1.355200385e-20
2.089552239e-05
4.690417913e-21
2.089552239e-05
-1.168348793e-20
2.089552239e-05
4.431101104e-21
2.089552239e-05
7.165644635e-21
2.089552239e-05
-1.010733585e-20
2.089552239e-05
4.390449002e-21
2.089552239e-05
5.01149812e-21
2.089552239e-05
-6.375754517e-21
2.089552239e-05
8.014071417e-21
2.089552239e-05
1.953971821e-20
2.089552239e-05
-1.741784045e-20
2.089552239e-05
-3.073399297e-20
2.089552239e-05
1.299429161e-20
2.089552239e-05
1.450809838e-20
2.089552239e-05
-1.06875753e-20
2.089552239e-05
-1.473976083e-20
2.089552239e-05
1.471196406e-20
2.089552239e-05
2.026089771e-20
2.089552239e-05
-1.095898521e-20
2.089552239e-05
-3.266263697e-20
2.089552239e-05
3.722147081e-21
2.089552239e-05
2.308282102e-20
2.089552239e-05
-1.875730054e-20
2.089552239e-05
-8.852317383e-21
2.089552239e-05
2.598725204e-20
2.089552239e-05
1.011340463e-20
2.089552239e-05
4.51462166e-21
2.089552239e-05
-1.470155149e-21
2.089552239e-05
-2.165107857e-20
2.089552239e-05
-1.478766631e-20
2.089552239e-05
2.04613841e-20
2.089552239e-05
1.843543322e-20
2.089552239e-05
-1.941540385e-20
2.089552239e-05
-1.306957387e-20
2.089552239e-05
2.112842283e-20
2.089552239e-05
2.240011925e-21
2.089552239e-05
-2.030762704e-20
2.089552239e-05
1.663677409e-20
2.089552239e-05
1.285486532e-20
2.089552239e-05
-2.501590217e-20
2.089552239e-05
-2.841683951e-20
2.089552239e-05
2.09177707e-20
2.089552239e-05
2.690238398e-20
2.089552239e-05
5.367546647e-21
2.089552239e-05
-1.143303569e-20
2.089552239e-05
-1.133952773e-20
2.089552239e-05
1.535731378e-20
2.089552239e-05
-5.110335534e-21
2.089552239e-05
-2.035339631e-20
2.089552239e-05
1.254942354e-20
2.089552239e-05
2.028883793e-20
2.089552239e-05
-1.428529481e-20
2.089552239e-05
-1.790462756e-20
2.089552239e-05
1.875439175e-20
2.089552239e-05
1.339592648e-20
2.089552239e-05
-1.787176015e-22
2.089552239e-05
-1.073285592e-20
2.089552239e-05
-2.256092294e-20
2.089552239e-05
3.027507393e-20
2.089552239e-05
3.540135226e-20
2.089552239e-05
-2.069149991e-20
2.089552239e-05
-2.791846959e-20
2.089552239e-05
1.518402075e-21
2.089552239e-05
2.308978e-20
2.089552239e-05
1.3831354e-20
2.089552239e-05
5.634624078e-21
2.089552239e-05
-8.481483555e-21
2.089552239e-05
8.703942704e-22
2.089552239e-05
-2.514675495e-20
2.089552239e-05
-2.337702935e-20
2.089552239e-05
3.582808203e-20
2.089552239e-05
8.650531989e-21
2.089552239e-05
-5.584555763e-21
2.089552239e-05
5.619077766e-22
2.089552239e-05
-2.493725099e-20
2.089552239e-05
-1.794934532e-22
2.089552239e-05
1.172811768e-20
2.089552239e-05
-7.56155545e-21
2.089552239e-05
-7.127170239e-21
2.089552239e-05
1.796623361e-20
2.089552239e-05
-1.586132285e-22
2.089552239e-05
-3.604963943e-20
2.089552239e-05
-1.005136561e-20
2.089552239e-05
9.733332892e-21
2.089552239e-05
2.229495181e-20
2.089552239e-05
1.691208481e-20
2.089552239e-05
-1.119018599e-20
2.089552239e-05
1.802660185e-20
2.089552239e-05
1.077156276e-20
2.089552239e-05
-2.142577815e-20
2.089552239e-05
-1.563947786e-20
2.089552239e-05
-4.775960661e-21
2.089552239e-05
3.866816793e-20
2.089552239e-05
8.223407416e-21
2.089552239e-05
-3.229291208e-20
2.089552239e-05
3.510285149e-20
2.089552239e-05
1.071053294e-20
2.089552239e-05
-4.07560848e-20
2.089552239e-05
-2.271499138e-20
2.089552239e-05
-1.377430738e-21
2.089552239e-05
3.812720743e-20
2.089552239e-05
9.748014013e-21
2.089552239e-05
-1.32840003e-20
2.089552239e-05
1.042788489e-20
2.089552239e-05
1.064513328e-20
2.089552239e-05
-3.737066449e-20
2.089552239e-05
-2.573817924e-20
2.089552239e-05
1.211783563e-20
2.089552239e-05
-1.810321941e-22
2.089552239e-05
2.514136858e-20
2.089552239e-05
1.657737421e-20
2.089552239e-05
-1.393219144e-20
2.089552239e-05
-1.220408337e-21
2.089552239e-05
2.314199034e-20
2.089552239e-05
-3.944785592e-20
2.089552239e-05
7.738607447e-21
2.089552239e-05
-1.814797498e-20
2.089552239e-05
-5.130952368e-21
2.089552239e-05
3.802473287e-20
2.089552239e-05
-3.740401123e-20
2.089552239e-05
3.118638551e-20
2.089552239e-05
2.465819209e-20
2.089552239e-05
-3.660310638e-20
2.089552239e-05
7.643260579e-21
2.089552239e-05
-2.498482729e-20
2.089552239e-05
5.185442471e-21
2.089552239e-05
5.423598833e-20
2.089552239e-05
-3.829506808e-20
2.089552239e-05
5.154673031e-21
2.089552239e-05
2.810922136e-20
2.089552239e-05
-4.570187514e-20
2.089552239e-05
-2.499454821e-20
2.089552239e-05
1.873940299e-20
2.089552239e-05
-1.206835466e-20
2.089552239e-05
5.441840449e-21
2.089552239e-05
2.666491685e-20
2.089552239e-05
-1.005278345e-20
2.089552239e-05
4.691031945e-21
2.089552239e-05
-3.668890006e-21
2.089552239e-05
-5.88468778e-20
1.512431271e-20
3.28358209e-05
1.206157141e-19
3.28358209e-05
5.702856435e-20
3.28358209e-05
3.293673102e-20
3.28358209e-05
1.542486879e-20
3.28358209e-05
6.300035904e-21
3.28358209e-05
3.558149495e-21
3.28358209e-05
9.062877557e-21
3.28358209e-05
8.661032376e-21
3.28358209e-05
-3.594649845e-21
3.28358209e-05
6.885360257e-21
3.28358209e-05
2.038720094e-22
3.28358209e-05
-6.404748278e-21
3.28358209e-05
8.128480791e-21
3.28358209e-05
-6.152004771e-21
3.28358209e-05
-4.343675789e-21
3.28358209e-05
-2.824339091e-21
3.28358209e-05
-1.567001478e-20
3.28358209e-05
-1.382381309e-20
3.28358209e-05
-5.188951024e-21
3.28358209e-05
1.13105112e-21
3.28358209e-05
-6.022588138e-21
3.28358209e-05
-1.419779388e-20
3.28358209e-05
-1.738971141e-20
3.28358209e-05
1.926991631e-20
3.28358209e-05
1.649949272e-20
3.28358209e-05
1.179365357e-20
3.28358209e-05
4.494698141e-21
3.28358209e-05
1.497594166e-22
3.28358209e-05
-3.888079572e-21
3.28358209e-05
-1.242658715e-20
3.28358209e-05
1.738882541e-21
3.28358209e-05
2.74620286e-21
3.28358209e-05
-1.745787192e-20
3.28358209e-05
-6.269134255e-21
3.28358209e-05
-2.531844726e-20
3.28358209e-05
-1.815993389e-21
3.28358209e-05
5.936729789e-21
3.28358209e-05
9.406697268e-21
3.28358209e-05
3.391889175e-21
3.28358209e-05
1.038694045e-20
3.28358209e-05
6.630971856e-21
3.28358209e-05
-1.419114112e-20
3.28358209e-05
7.848432169e-21
3.28358209e-05
-1.139844225e-20
3.28358209e-05
-1.455152864e-20
3.28358209e-05
2.930568228e-21
3.28358209e-05
-1.070095193e-20
3.28358209e-05
4.990580342e-21
3.28358209e-05
1.178832155e-20
3.28358209e-05
4.630356211e-21
3.28358209e-05
7.893575534e-21
3.28358209e-05
-1.376012107e-20
3.28358209e-05
3.230922348e-22
3.28358209e-05
1.498137227e-20
3.28358209e-05
-8.00275797e-21
3.28358209e-05
-6.562088718e-21
3.28358209e-05
1.55442771e-20
3.28358209e-05
2.021628828e-21
3.28358209e-05
1.901016879e-20
3.28358209e-05
8.515478242e-22
3.28358209e-05
-1.65968228e-20
3.28358209e-05
7.020682275e-21
3.28358209e-05
1.356746014e-20
3.28358209e-05
-2.720782592e-21
3.28358209e-05
5.035959706e-21
3.28358209e-05
9.08878932e-21
3.28358209e-05
-7.225625716e-21
3.28358209e-05
1.11428955e-20
3.28358209e-05
1.881871429e-20
3.28358209e-05
-2.610264164e-20
3.28358209e-05
-4.742999987e-20
3.28358209e-05
1.775034729e-20
3.28358209e-05
6.205430778e-21
3.28358209e-05
-1.411189496e-20
3.28358209e-05
-1.623705233e-20
3.28358209e-05
1.037405056e-20
3.28358209e-05
3.929935932e-20
3.28358209e-05
-1.747052202e-20
3.28358209e-05
-5.238168575e-20
3.28358209e-05
1.019381712e-20
3.28358209e-05
2.371226516e-20
3.28358209e-05
-2.757595686e-20
3.28358209e-05
-3.603805131e-21
3.28358209e-05
4.929033236e-20
3.28358209e-05
1.450034738e-20
3.28358209e-05
7.805609679e-21
3.28358209e-05
3.767296066e-21
3.28358209e-05
-3.405000521e-20
3.28358209e-05
-2.581361858e-20
3.28358209e-05
3.6613684e-20
3.28358209e-05
3.034514932e-21
3.28358209e-05
-2.723897238e-20
3.28358209e-05
-7.118901908e-21
3.28358209e-05
2.77152444e-20
3.28358209e-05
-2.356002774e-21
3.28358209e-05
-2.74783498e-20
3.28358209e-05
1.680490498e-20
3.28358209e-05
1.546120258e-20
3.28358209e-05
-2.358313325e-20
3.28358209e-05
-3.578971749e-20
3.28358209e-05
1.95073113e-20
3.28358209e-05
5.525820853e-20
3.28358209e-05
1.041300781e-20
3.28358209e-05
-1.772743548e-20
3.28358209e-05
-2.75303529e-20
3.28358209e-05
2.069862026e-20
3.28358209e-05
1.097202e-20
3.28358209e-05
-3.129419088e-20
3.28358209e-05
1.29393621e-21
3.28358209e-05
2.296889987e-20
3.28358209e-05
-6.867288514e-22
3.28358209e-05
-2.915682947e-20
3.28358209e-05
1.382353252e-20
3.28358209e-05
2.980170602e-20
3.28358209e-05
1.227622772e-20
3.28358209e-05
-2.043529164e-20
3.28358209e-05
-2.714201375e-20
3.28358209e-05
4.450761386e-20
3.28358209e-05
3.961708266e-20
3.28358209e-05
-2.256442254e-20
3.28358209e-05
-4.140002153e-20
3.28358209e-05
3.694685985e-21
3.28358209e-05
3.632760954e-20
3.28358209e-05
3.444321616e-20
3.28358209e-05
3.971448947e-21
3.28358209e-05
-2.0558501e-20
3.28358209e-05
1.327038338e-21
3.28358209e-05
-5.263312227e-20
3.28358209e-05
-2.551610589e-20
3.28358209e-05
5.180291818e-20
3.28358209e-05
2.518832919e-20
3.28358209e-05
-3.650769268e-21
3.28358209e-05
-2.943522186e-20
3.28358209e-05
-3.214997621e-20
3.28358209e-05
1.15045855e-20
3.28358209e-05
4.402233857e-21
3.28358209e-05
-2.642245482e-21
3.28358209e-05
-1.278504979e-20
3.28358209e-05
1.923256082e-20
3.28358209e-05
-6.690955505e-21
3.28358209e-05
-5.685448501e-20
3.28358209e-05
-1.036650831e-20
3.28358209e-05
2.082792051e-20
3.28358209e-05
3.590218692e-20
3.28358209e-05
3.687417656e-20
3.28358209e-05
-1.998619618e-20
3.28358209e-05
1.823507074e-20
3.28358209e-05
2.011437718e-20
3.28358209e-05
-1.701381003e-20
3.28358209e-05
-3.70299188e-20
3.28358209e-05
-1.780893145e-20
3.28358209e-05
6.425590459e-20
3.28358209e-05
1.378814795e-20
3.28358209e-05
-3.477824868e-20
3.28358209e-05
4.33966337e-20
3.28358209e-05
1.494320241e-20
3.28358209e-05
-4.43532882e-20
3.28358209e-05
-3.596433072e-20
3.28358209e-05
-1.085789232e-20
3.28358209e-05
4.793828023e-20
3.28358209e-05
8.313455023e-21
3.28358209e-05
-5.184659637e-21
3.28358209e-05
2.569068792e-20
3.28358209e-05
1.678510571e-21
3.28358209e-05
-6.337432429e-20
3.28358209e-05
-3.505856388e-20
3.28358209e-05
1.763355568e-20
3.28358209e-05
1.891905979e-20
3.28358209e-05
2.699030087e-20
3.28358209e-05
2.219299608e-21
3.28358209e-05
-7.557148649e-21
3.28358209e-05
8.201159347e-21
3.28358209e-05
1.165956602e-20
3.28358209e-05
-3.053932159e-20
3.28358209e-05
2.108025529e-21
3.28358209e-05
-5.431752536e-20
3.28358209e-05
-7.689382625e-21
3.28358209e-05
6.857550834e-20
3.28358209e-05
-3.561827381e-20
3.28358209e-05
2.833116704e-20
3.28358209e-05
3.956301795e-20
3.28358209e-05
-4.103823593e-20
3.28358209e-05
-1.290108709e-20
3.28358209e-05
-2.197486303e-20
3.28358209e-05
1.566600961e-20
3.28358209e-05
6.779986093e-20
3.28358209e-05
-4.562810107e-20
3.28358209e-05
3.960094642e-21
3.28358209e-05
3.473818176e-20
3.28358209e-05
-7.148813437e-20
3.28358209e-05
-3.952065429e-20
3.28358209e-05
1.320931817e-20
3.28358209e-05
-1.415649991e-20
3.28358209e-05
2.29762806e-20
3.28358209e-05
3.794373395e-20
3.28358209e-05
-2.35197078e-20
3.28358209e-05
2.105238317e-21
3.28358209e-05
-5.701927304e-21
3.28358209e-05
-7.284317646e-20
1.036740949e-20
4.328358209e-05
1.035249687e-19
4.328358209e-05
6.567479514e-20
4.328358209e-05
3.478275048e-20
4.328358209e-05
2.399715876e-20
4.328358209e-05
1.16812708e-20
4.328358209e-05
1.566955948e-20
4.328358209e-05
2.457406842e-20
4.328358209e-05
1.338240916e-20
4.328358209e-05
2.297404575e-22
4.328358209e-05
6.590983543e-21
4.328358209e-05
-4.083247827e-21
4.328358209e-05
-9.117145072e-21
4.328358209e-05
9.317355422e-21
4.328358209e-05
-8.602373524e-22
4.328358209e-05
-1.223660916e-20
4.328358209e-05
-1.276320969e-20
4.328358209e-05
-1.695592216e-20
4.328358209e-05
-1.6994659e-20
4.328358209e-05
-8.019009588e-21
4.328358209e-05
4.50349901e-21
4.328358209e-05
-1.213155012e-20
4.328358209e-05
-2.309249583e-20
4.328358209e-05
-7.732954258e-21
4.328358209e-05
2.258365773e-20
4.328358209e-05
1.849183812e-20
4.328358209e-05
1.758388219e-20
4.328358209e-05
1.636328349e-20
4.328358209e-05
-3.4670196e-21
4.328358209e-05
-1.448129669e-20
4.328358209e-05
-2.216150474e-20
4.328358209e-05
-3.823050321e-21
4.328358209e-05
-4.968730137e-21
4.328358209e-05
-2.559109795e-20
4.328358209e-05
-1.283102853e-20
4.328358209e-05
-1.546287543e-20
4.328358209e-05
-7.144653607e-21
4.328358209e-05
1.501332599e-20
4.328358209e-05
2.056567874e-20
4.328358209e-05
7.840746153e-21
4.328358209e-05
5.488485132e-21
4.328358209e-05
-2.325622976e-21
4.328358209e-05
-7.395498215e-21
4.328358209e-05
4.857529723e-21
4.328358209e-05
-3.006675998e-20
4.328358209e-05
-1.223581721e-20
4.328358209e-05
1.310587265e-20
4.328358209e-05
-5.136670123e-21
4.328358209e-05
-3.67047657e-21
4.328358209e-05
1.308868068e-20
4.328358209e-05
8.752189694e-21
4.328358209e-05
-1.039610895e-21
4.328358209e-05
-3.914497934e-21
4.328358209e-05
3.860941708e-21
4.328358209e-05
2.278023373e-20
4.328358209e-05
-1.853453939e-20
4.328358209e-05
-1.399114655e-20
4.328358209e-05
1.966976883e-20
4.328358209e-05
8.366156733e-21
4.328358209e-05
1.386929564e-20
4.328358209e-05
-8.726155831e-22
4.328358209e-05
-4.765655826e-21
4.328358209e-05
2.024671507e-20
4.328358209e-05
2.123802598e-20
4.328358209e-05
-8.17054594e-21
4.328358209e-05
1.152955109e-22
4.328358209e-05
1.347252265e-20
4.328358209e-05
-2.798711609e-22
4.328358209e-05
1.804846326e-20
4.328358209e-05
1.015964338e-20
4.328358209e-05
-3.777191875e-20
4.328358209e-05
-5.200263839e-20
4.328358209e-05
2.137335058e-20
4.328358209e-05
1.851733905e-21
4.328358209e-05
-2.472452524e-20
4.328358209e-05
-1.418688483e-20
4.328358209e-05
8.612386257e-21
4.328358209e-05
3.933360921e-20
4.328358209e-05
-1.670869769e-20
4.328358209e-05
-5.662375509e-20
4.328358209e-05
7.450941748e-21
4.328358209e-05
2.899034099e-20
4.328358209e-05
-2.614172001e-20
4.328358209e-05
5.155575494e-21
4.328358209e-05
5.451644144e-20
4.328358209e-05
2.527935573e-20
4.328358209e-05
1.176729871e-20
4.328358209e-05
4.958365947e-21
4.328358209e-05
-3.025655535e-20
4.328358209e-05
-3.42925981e-20
4.328358209e-05
4.276503074e-20
4.328358209e-05
-1.59786933e-20
4.328358209e-05
-3.646738222e-20
4.328358209e-05
-1.11773858e-20
4.328358209e-05
2.266124578e-20
4.328358209e-05
3.72730046e-21
4.328358209e-05
-3.83676791e-20
4.328358209e-05
2.492876258e-20
4.328358209e-05
2.16832676e-20
4.328358209e-05
-2.732337332e-20
4.328358209e-05
-3.657638811e-20
4.328358209e-05
3.226889117e-20
4.328358209e-05
6.263487684e-20
4.328358209e-05
1.440072586e-21
4.328358209e-05
-2.349677981e-20
4.328358209e-05
-2.711726602e-20
4.328358209e-05
2.770081531e-20
4.328358209e-05
8.776195125e-21
4.328358209e-05
-3.620483262e-20
4.328358209e-05
1.395894684e-21
4.328358209e-05
3.318735894e-20
4.328358209e-05
6.756476107e-22
4.328358209e-05
-2.547021532e-20
4.328358209e-05
9.937872686e-21
4.328358209e-05
3.258898783e-20
4.328358209e-05
2.86934075e-20
4.328358209e-05
-2.702846313e-20
4.328358209e-05
-1.925798671e-20
4.328358209e-05
5.329840195e-20
4.328358209e-05
3.201378615e-20
4.328358209e-05
-2.190450467e-20
4.328358209e-05
-4.273292631e-20
4.328358209e-05
-2.280305833e-22
4.328358209e-05
5.088706176e-20
4.328358209e-05
3.663701936e-20
4.328358209e-05
-6.025109329e-21
4.328358209e-05
-2.661166679e-20
4.328358209e-05
2.608509729e-22
4.328358209e-05
-8.09028418e-20
4.328358209e-05
-2.636179779e-20
4.328358209e-05
6.637448388e-20
4.328358209e-05
3.649807917e-20
4.328358209e-05
2.34618834e-21
4.328358209e-05
-3.400063516e-20
4.328358209e-05
-3.124577985e-20
4.328358209e-05
4.987382757e-21
4.328358209e-05
-1.127002645e-20
4.328358209e-05
-5.69745314e-21
4.328358209e-05
-1.71521864e-20
4.328358209e-05
8.038144978e-21
4.328358209e-05
-9.993840893e-22
4.328358209e-05
-6.753515799e-20
4.328358209e-05
-4.136273266e-21
4.328358209e-05
1.751733371e-20
4.328358209e-05
4.158715733e-20
4.328358209e-05
6.307435583e-20
4.328358209e-05
-1.508224192e-20
4.328358209e-05
2.27883078e-20
4.328358209e-05
2.965571104e-20
4.328358209e-05
-9.789393942e-21
4.328358209e-05
-5.388700663e-20
4.328358209e-05
-2.148103907e-20
4.328358209e-05
7.493797994e-20
4.328358209e-05
4.974408337e-21
4.328358209e-05
-3.121562877e-20
4.328358209e-05
5.021781972e-20
4.328358209e-05
1.276826007e-20
4.328358209e-05
-5.449745625e-20
4.328358209e-05
-3.555564045e-20
4.328358209e-05
-3.024647362e-21
4.328358209e-05
5.830675772e-20
4.328358209e-05
8.721104478e-22
4.328358209e-05
4.977060998e-21
4.328358209e-05
3.269600989e-20
4.328358209e-05
-4.389192647e-21
4.328358209e-05
-8.257068882e-20
4.328358209e-05
-4.640394228e-20
4.328358209e-05
4.339156709e-20
4.328358209e-05
3.061326284e-20
4.328358209e-05
2.509117273e-20
4.328358209e-05
-6.725872997e-21
4.328358209e-05
9.608496683e-21
4.328358209e-05
1.314299878e-20
4.328358209e-05
-1.769637888e-20
4.328358209e-05
-3.741056773e-20
4.328358209e-05
1.958856053e-20
4.328358209e-05
-7.266665815e-20
4.328358209e-05
-1.596081185e-20
4.328358209e-05
7.231067577e-20
4.328358209e-05
-2.457150126e-20
4.328358209e-05
4.191802475e-20
4.328358209e-05
4.180391283e-20
4.328358209e-05
-3.874206373e-20
4.328358209e-05
-3.460445131e-20
4.328358209e-05
-1.152837695e-20
4.328358209e-05
3.496640189e-20
4.328358209e-05
5.750357423e-20
4.328358209e-05
-4.825831961e-20
4.328358209e-05
9.163621052e-21
4.328358209e-05
3.024349256e-20
4.328358209e-05
-9.152569104e-20
4.328358209e-05
-5.422444445e-20
4.328358209e-05
1.780962179e-20
4.328358209e-05
4.54587234e-21
4.328358209e-05
3.900096275e-20
4.328358209e-05
1.718417984e-20
4.328358209e-05
-4.091302072e-20
4.328358209e-05
1.577706212e-20
4.328358209e-05
-1.054097318e-20
4.328358209e-05
-8.506222391e-20
1.380856767e-20
5.223880597e-05
1.019892729e-19
5.223880597e-05
6.955219581e-20
5.223880597e-05
4.035511979e-20
5.223880597e-05
2.920003388e-20
5.223880597e-05
2.090110982e-20
5.223880597e-05
2.044114586e-20
5.223880597e-05
3.266220097e-20
5.223880597e-05
1.749282256e-20
5.223880597e-05
8.914120125e-21
5.223880597e-05
1.42408782e-20
5.223880597e-05
-3.510690532e-21
5.223880597e-05
-1.402216508e-20
5.223880597e-05
4.087740781e-21
5.223880597e-05
8.893829849e-21
5.223880597e-05
-1.201310251e-20
5.223880597e-05
-1.802848474e-20
5.223880597e-05
-3.100975799e-20
5.223880597e-05
-2.553404549e-20
5.223880597e-05
-9.125047936e-21
5.223880597e-05
3.272272353e-21
5.223880597e-05
-5.648672908e-21
5.223880597e-05
-3.484593382e-20
5.223880597e-05
-1.093391638e-20
5.223880597e-05
1.03686392e-20
5.223880597e-05
2.345545567e-20
5.223880597e-05
2.842728288e-20
5.223880597e-05
1.760483678e-20
5.223880597e-05
3.592324737e-21
5.223880597e-05
-3.241186393e-20
5.223880597e-05
-2.93884581e-20
5.223880597e-05
1.171355324e-20
5.223880597e-05
-1.49449163e-20
5.223880597e-05
-3.241584234e-20
5.223880597e-05
-1.837511989e-20
5.223880597e-05
-1.961711961e-20
5.223880597e-05
-5.354683667e-21
5.223880597e-05
2.120540564e-20
5.223880597e-05
2.19423484e-20
5.223880597e-05
7.424524294e-21
5.223880597e-05
1.660934591e-21
5.223880597e-05
3.024623565e-21
5.223880597e-05
-1.29564784e-20
5.223880597e-05
-1.694334522e-20
5.223880597e-05
-2.611931335e-20
5.223880597e-05
-1.100420896e-20
5.223880597e-05
5.047804346e-21
5.223880597e-05
6.362201432e-22
5.223880597e-05
-4.012474366e-21
5.223880597e-05
1.643033806e-20
5.223880597e-05
1.505187928e-21
5.223880597e-05
-4.656394334e-21
5.223880597e-05
-8.035198463e-22
5.223880597e-05
2.910629254e-20
5.223880597e-05
1.302291239e-20
5.223880597e-05
-1.997344185e-20
5.223880597e-05
-5.845651561e-21
5.223880597e-05
2.427686081e-20
5.223880597e-05
1.545739331e-20
5.223880597e-05
1.849146087e-20
5.223880597e-05
3.151957797e-21
5.223880597e-05
-8.468426751e-21
5.223880597e-05
9.187256632e-21
5.223880597e-05
2.617991853e-20
5.223880597e-05
1.14585343e-20
5.223880597e-05
8.810796415e-22
5.223880597e-05
2.199449046e-20
5.223880597e-05
7.738547212e-21
5.223880597e-05
1.939582247e-20
5.223880597e-05
9.830786902e-22
5.223880597e-05
-4.942973752e-20
5.223880597e-05
-4.47857864e-20
5.223880597e-05
7.632987417e-21
5.223880597e-05
2.933346261e-21
5.223880597e-05
-9.821126789e-21
5.223880597e-05
-2.053405187e-20
5.223880597e-05
1.512919381e-21
5.223880597e-05
3.936939313e-20
5.223880597e-05
-9.204563174e-21
5.223880597e-05
-5.452871032e-20
5.223880597e-05
1.081295638e-20
5.223880597e-05
2.633557062e-20
5.223880597e-05
-2.332713821e-20
5.223880597e-05
1.631861064e-20
5.223880597e-05
4.627458526e-20
5.223880597e-05
7.876638433e-21
5.223880597e-05
6.118343955e-21
5.223880597e-05
9.819660881e-21
5.223880597e-05
-3.106986303e-20
5.223880597e-05
-2.564204084e-20
5.223880597e-05
3.231235438e-20
5.223880597e-05
-2.84546236e-20
5.223880597e-05
-4.003123098e-20
5.223880597e-05
-5.232451867e-21
5.223880597e-05
1.495475342e-20
5.223880597e-05
4.258400874e-21
5.223880597e-05
-3.294320792e-20
5.223880597e-05
1.413873629e-20
5.223880597e-05
2.070564642e-20
5.223880597e-05
-1.953263746e-20
5.223880597e-05
-3.036049788e-20
5.223880597e-05
3.177392683e-20
5.223880597e-05
5.428823887e-20
5.223880597e-05
5.702874337e-21
5.223880597e-05
-2.487308479e-20
5.223880597e-05
-1.581165119e-20
5.223880597e-05
1.877285288e-20
5.223880597e-05
1.062948205e-20
5.223880597e-05
-3.820248008e-20
5.223880597e-05
-1.057759716e-21
5.223880597e-05
3.354501175e-20
5.223880597e-05
3.545018123e-21
5.223880597e-05
-1.035264593e-20
5.223880597e-05
1.726264373e-21
5.223880597e-05
3.983296102e-20
5.223880597e-05
4.517552719e-20
5.223880597e-05
-2.300126981e-20
5.223880597e-05
-1.231720766e-20
5.223880597e-05
5.375192687e-20
5.223880597e-05
2.966916489e-20
5.223880597e-05
-2.974960167e-20
5.223880597e-05
-4.044406703e-20
5.223880597e-05
5.012232128e-21
5.223880597e-05
5.584844529e-20
5.223880597e-05
2.11462342e-20
5.223880597e-05
-2.456312295e-20
5.223880597e-05
-2.690240733e-20
5.223880597e-05
8.018793005e-21
5.223880597e-05
-8.88098614e-20
5.223880597e-05
-2.978665641e-20
5.223880597e-05
7.784516436e-20
5.223880597e-05
4.582965921e-20
5.223880597e-05
5.538427862e-21
5.223880597e-05
-4.222392083e-20
5.223880597e-05
-4.385611306e-20
5.223880597e-05
1.375017833e-20
5.223880597e-05
-6.526620989e-21
5.223880597e-05
-2.232182571e-20
5.223880597e-05
-1.770943774e-20
5.223880597e-05
-9.342063343e-21
5.223880597e-05
-4.845133218e-21
5.223880597e-05
-5.521405539e-20
5.223880597e-05
2.636950727e-21
5.223880597e-05
1.621513187e-20
5.223880597e-05
6.302684778e-20
5.223880597e-05
8.613589599e-20
5.223880597e-05
-1.672288132e-20
5.223880597e-05
2.83471217e-20
5.223880597e-05
3.378817783e-20
5.223880597e-05
-1.908127385e-20
5.223880597e-05
-6.510447439e-20
5.223880597e-05
-3.783284523e-20
5.223880597e-05
7.111311225e-20
5.223880597e-05
1.550035345e-20
5.223880597e-05
-3.424982983e-20
5.223880597e-05
4.846084833e-20
5.223880597e-05
1.384337211e-20
5.223880597e-05
-5.583529798e-20
5.223880597e-05
-3.662796709e-20
5.223880597e-05
1.802840301e-21
5.223880597e-05
5.337632735e-20
5.223880597e-05
1.364226694e-20
5.223880597e-05
9.111874378e-21
5.223880597e-05
4.220988184e-20
5.223880597e-05
-2.088206088e-20
5.223880597e-05
-8.011824725e-20
5.223880597e-05
-5.003471375e-20
5.223880597e-05
5.16515844e-20
5.223880597e-05
2.86502399e-20
5.223880597e-05
1.789053005e-20
5.223880597e-05
3.671133757e-21
5.223880597e-05
2.126745506e-20
5.223880597e-05
1.709141454e-20
5.223880597e-05
-4.338295745e-20
5.223880597e-05
-3.646864489e-20
5.223880597e-05
1.443215029e-20
5.223880597e-05
-6.460163519e-20
5.223880597e-05
-1.647482291e-20
5.223880597e-05
6.630724003e-20
5.223880597e-05
-2.230353444e-20
5.223880597e-05
3.730153329e-20
5.223880597e-05
4.912195599e-20
5.223880597e-05
-3.983540131e-20
5.223880597e-05
-5.362261567e-20
5.223880597e-05
-4.610472717e-21
5.223880597e-05
6.424110729e-20
5.223880597e-05
6.412198428e-20
5.223880597e-05
-5.332220916e-20
5.223880597e-05
3.844954305e-21
5.223880597e-05
1.824474895e-20
5.223880597e-05
-1.108825521e-19
5.223880597e-05
-6.018103812e-20
5.223880597e-05
2.119298314e-20
5.223880597e-05
1.308274942e-20
5.223880597e-05
3.100201351e-20
5.223880597e-05
1.14367303e-20
5.223880597e-05
-3.726879055e-20
5.223880597e-05
1.661511758e-20
5.223880597e-05
-1.655511584e-20
5.223880597e-05
-7.639611301e-20
1.106083837e-20
5.970149254e-05
8.241390776e-20
5.970149254e-05
6.359073843e-20
5.970149254e-05
3.795145876e-20
5.970149254e-05
3.20732781e-20
5.970149254e-05
2.460537718e-20
5.970149254e-05
4.496646642e-20
5.970149254e-05
3.635010507e-20
5.970149254e-05
1.794671604e-20
5.970149254e-05
1.097690449e-20
5.970149254e-05
2.632420477e-20
5.970149254e-05
-2.898277058e-22
5.970149254e-05
1.280924781e-21
5.970149254e-05
7.207783866e-21
5.970149254e-05
4.671377617e-22
5.970149254e-05
-2.389319014e-20
5.970149254e-05
-3.00425915e-20
5.970149254e-05
-3.392222429e-20
5.970149254e-05
-2.988780005e-20
5.970149254e-05
-7.31149341e-21
5.970149254e-05
1.105205815e-22
5.970149254e-05
-1.36309866e-20
5.970149254e-05
-2.617027406e-20
5.970149254e-05
5.833060456e-21
5.970149254e-05
6.086771415e-21
5.970149254e-05
4.000527172e-21
5.970149254e-05
2.954095286e-20
5.970149254e-05
2.842532644e-20
5.970149254e-05
-1.39563261e-20
5.970149254e-05
-3.946432571e-20
5.970149254e-05
-2.024244771e-20
5.970149254e-05
2.074770233e-22
5.970149254e-05
-2.779432093e-20
5.970149254e-05
-3.223673749e-20
5.970149254e-05
-1.676160475e-20
5.970149254e-05
-1.319881679e-20
5.970149254e-05
-6.182130754e-21
5.970149254e-05
2.293382102e-20
5.970149254e-05
3.216537724e-20
5.970149254e-05
9.594320494e-21
5.970149254e-05
-5.929451239e-21
5.970149254e-05
-1.229810314e-21
5.970149254e-05
-1.938215141e-20
5.970149254e-05
-2.40838551e-20
5.970149254e-05
-3.482144846e-20
5.970149254e-05
-1.724329529e-20
5.970149254e-05
1.024157566e-20
5.970149254e-05
1.1809393e-20
5.970149254e-05
-1.69759076e-21
5.970149254e-05
1.507538151e-20
5.970149254e-05
5.829889214e-21
5.970149254e-05
-1.318721026e-20
5.970149254e-05
-4.235473001e-21
5.970149254e-05
2.529702043e-20
5.970149254e-05
1.951221012e-20
5.970149254e-05
-1.249440091e-21
5.970149254e-05
-8.557210653e-21
5.970149254e-05
2.133790644e-20
5.970149254e-05
3.416089779e-20
5.970149254e-05
9.043018116e-21
5.970149254e-05
1.058649114e-20
5.970149254e-05
-5.908224409e-21
5.970149254e-05
1.147091381e-20
5.970149254e-05
2.810636972e-20
5.970149254e-05
1.473719854e-20
5.970149254e-05
6.584423783e-21
5.970149254e-05
2.908397131e-20
5.970149254e-05
3.756967336e-21
5.970149254e-05
5.278632324e-22
5.970149254e-05
-7.995505683e-21
5.970149254e-05
-4.48277974e-20
5.970149254e-05
-4.620479834e-20
5.970149254e-05
6.403125252e-21
5.970149254e-05
2.283709413e-20
5.970149254e-05
-1.178666628e-20
5.970149254e-05
-2.838641361e-20
5.970149254e-05
-1.634703764e-22
5.970149254e-05
3.248890777e-20
5.970149254e-05
-1.829135021e-20
5.970149254e-05
-3.350143757e-20
5.970149254e-05
1.858912835e-20
5.970149254e-05
3.112046969e-20
5.970149254e-05
-1.36752315e-20
5.970149254e-05
1.541236085e-20
5.970149254e-05
3.119869075e-20
5.970149254e-05
-3.687230911e-21
5.970149254e-05
2.01413634e-21
5.970149254e-05
3.329880712e-21
5.970149254e-05
-3.207826766e-20
5.970149254e-05
-2.039438824e-21
5.970149254e-05
2.631909545e-20
5.970149254e-05
-2.149808718e-20
5.970149254e-05
-4.008849937e-20
5.970149254e-05
-2.939674993e-20
5.970149254e-05
2.058817735e-21
5.970149254e-05
6.12801416e-21
5.970149254e-05
-2.342218018e-20
5.970149254e-05
4.670487577e-21
5.970149254e-05
2.811110311e-20
5.970149254e-05
-2.553245975e-20
5.970149254e-05
-3.793760988e-20
5.970149254e-05
3.996584572e-20
5.970149254e-05
6.007281161e-20
5.970149254e-05
1.434796999e-20
5.970149254e-05
-3.028365186e-20
5.970149254e-05
-2.219369524e-20
5.970149254e-05
1.23020136e-20
5.970149254e-05
3.831191775e-21
5.970149254e-05
-3.966278238e-20
5.970149254e-05
1.037793639e-21
5.970149254e-05
3.910114631e-20
5.970149254e-05
1.377574514e-20
5.970149254e-05
-6.667635265e-21
5.970149254e-05
-2.578270767e-21
5.970149254e-05
5.690955746e-20
5.970149254e-05
4.298047201e-20
5.970149254e-05
-1.705742392e-20
5.970149254e-05
-9.600706489e-21
5.970149254e-05
4.349410336e-20
5.970149254e-05
2.681809396e-20
5.970149254e-05
-2.376894583e-20
5.970149254e-05
-2.013912134e-20
5.970149254e-05
7.336251614e-21
5.970149254e-05
3.772519459e-20
5.970149254e-05
3.754000353e-21
5.970149254e-05
-4.120309429e-20
5.970149254e-05
-2.682020192e-20
5.970149254e-05
2.257746286e-21
5.970149254e-05
-7.244029343e-20
5.970149254e-05
-1.690427034e-20
5.970149254e-05
8.130552159e-20
5.970149254e-05
5.01498266e-20
5.970149254e-05
-4.300439387e-21
5.970149254e-05
-4.439133911e-20
5.970149254e-05
-3.334629556e-20
5.970149254e-05
1.592866581e-20
5.970149254e-05
-1.679924353e-20
5.970149254e-05
-3.238056047e-20
5.970149254e-05
-2.874749693e-20
5.970149254e-05
-1.723007021e-20
5.970149254e-05
-6.032150937e-21
5.970149254e-05
-2.98647967e-20
5.970149254e-05
-1.340609498e-20
5.970149254e-05
2.923639795e-20
5.970149254e-05
7.15571126e-20
5.970149254e-05
7.936673604e-20
5.970149254e-05
1.276176406e-20
5.970149254e-05
3.840630557e-20
5.970149254e-05
3.369180945e-20
5.970149254e-05
-2.373676656e-20
5.970149254e-05
-7.808202966e-20
5.970149254e-05
-3.083896196e-20
5.970149254e-05
4.343057486e-20
5.970149254e-05
-2.730057082e-21
5.970149254e-05
-1.923603624e-20
5.970149254e-05
4.193593566e-20
5.970149254e-05
2.67658128e-20
5.970149254e-05
-4.176010752e-20
5.970149254e-05
-3.794557606e-20
5.970149254e-05
5.27095011e-21
5.970149254e-05
6.19535264e-20
5.970149254e-05
1.929224678e-20
5.970149254e-05
5.614719798e-21
5.970149254e-05
1.442298066e-20
5.970149254e-05
-4.545168922e-20
5.970149254e-05
-7.053893518e-20
5.970149254e-05
-2.708935052e-20
5.970149254e-05
5.462380041e-20
5.970149254e-05
3.906324437e-20
5.970149254e-05
2.849857711e-20
5.970149254e-05
4.145671751e-21
5.970149254e-05
7.770296333e-21
5.970149254e-05
1.040297144e-20
5.970149254e-05
-4.517521283e-20
5.970149254e-05
-5.135481357e-20
5.970149254e-05
1.011402348e-20
5.970149254e-05
-4.367847714e-20
5.970149254e-05
-1.895463314e-20
5.970149254e-05
4.70622728e-20
5.970149254e-05
-1.167492231e-20
5.970149254e-05
3.323335242e-20
5.970149254e-05
4.531697521e-20
5.970149254e-05
-3.795746057e-20
5.970149254e-05
-3.947098997e-20
5.970149254e-05
1.202991062e-21
5.970149254e-05
7.874427533e-20
5.970149254e-05
4.604873212e-20
5.970149254e-05
-6.292948882e-20
5.970149254e-05
-7.50402927e-21
5.970149254e-05
8.339747558e-21
5.970149254e-05
-9.386730725e-20
5.970149254e-05
-7.871105101e-20
5.970149254e-05
5.548142101e-21
5.970149254e-05
9.039868619e-21
5.970149254e-05
3.866087313e-20
5.970149254e-05
-1.471435105e-21
5.970149254e-05
-2.169787933e-20
5.970149254e-05
1.848367187e-20
5.970149254e-05
-1.243877756e-20
5.970149254e-05
-6.863184949e-20
8.220218759e-21
6.567164179e-05
5.37531457e-20
6.567164179e-05
6.237945505e-20
6.567164179e-05
4.951637148e-20
6.567164179e-05
2.877374441e-20
6.567164179e-05
3.620924811e-20
6.567164179e-05
4.999212329e-20
6.567164179e-05
4.33001337e-20
6.567164179e-05
2.389198267e-20
6.567164179e-05
2.18974944e-20
6.567164179e-05
2.899827113e-20
6.567164179e-05
1.11876004e-20
6.567164179e-05
9.023828988e-22
6.567164179e-05
2.080001298e-20
6.567164179e-05
-3.074417868e-21
6.567164179e-05
-3.63124161e-20
6.567164179e-05
-4.351301174e-20
6.567164179e-05
-5.11484986e-20
6.567164179e-05
-2.358946964e-20
6.567164179e-05
3.344133955e-22
6.567164179e-05
-5.132298321e-21
6.567164179e-05
-1.72245773e-20
6.567164179e-05
4.502056169e-22
6.567164179e-05
1.272035864e-21
6.567164179e-05
4.197190701e-21
6.567164179e-05
1.479495604e-20
6.567164179e-05
2.004436063e-20
6.567164179e-05
1.221257432e-20
6.567164179e-05
-2.846267378e-20
6.567164179e-05
-4.357519246e-20
6.567164179e-05
-5.517368443e-21
6.567164179e-05
-9.877946138e-21
6.567164179e-05
-2.907789186e-20
6.567164179e-05
-3.571364634e-20
6.567164179e-05
-1.875044024e-20
6.567164179e-05
-2.267515968e-20
6.567164179e-05
8.497545678e-21
6.567164179e-05
3.065424415e-20
6.567164179e-05
3.87733917e-20
6.567164179e-05
1.409254371e-20
6.567164179e-05
-1.263754001e-20
6.567164179e-05
-3.484199844e-20
6.567164179e-05
-3.855747681e-20
6.567164179e-05
-1.461302644e-20
6.567164179e-05
-1.318851462e-20
6.567164179e-05
5.841753247e-21
6.567164179e-05
-1.85243999e-20
6.567164179e-05
3.285609496e-21
6.567164179e-05
3.405723061e-21
6.567164179e-05
1.244297775e-20
6.567164179e-05
7.009567788e-21
6.567164179e-05
-2.197757725e-21
6.567164179e-05
-3.559678074e-21
6.567164179e-05
2.256522337e-20
6.567164179e-05
2.23755035e-20
6.567164179e-05
2.125353766e-20
6.567164179e-05
-1.223056683e-20
6.567164179e-05
8.394284155e-21
6.567164179e-05
3.592439949e-20
6.567164179e-05
2.09522872e-20
6.567164179e-05
2.647069458e-21
6.567164179e-05
-1.183845101e-20
6.567164179e-05
1.153164209e-20
6.567164179e-05
3.94511012e-20
6.567164179e-05
2.056920017e-20
6.567164179e-05
1.292184126e-20
6.567164179e-05
9.393821976e-21
6.567164179e-05
6.658924552e-22
6.567164179e-05
9.941619925e-21
6.567164179e-05
-2.025997808e-20
6.567164179e-05
-5.565625507e-20
6.567164179e-05
-4.122449456e-20
6.567164179e-05
4.995365137e-21
6.567164179e-05
1.89710177e-20
6.567164179e-05
-7.696909045e-21
6.567164179e-05
-1.402176947e-20
6.567164179e-05
-6.58240768e-21
6.567164179e-05
4.065494962e-20
6.567164179e-05
-1.729647022e-20
6.567164179e-05
-2.827445803e-20
6.567164179e-05
2.967548416e-20
6.567164179e-05
2.243431549e-20
6.567164179e-05
-7.685740949e-22
6.567164179e-05
7.024665295e-21
6.567164179e-05
2.044452748e-20
6.567164179e-05
5.181696725e-21
6.567164179e-05
5.850629535e-21
6.567164179e-05
-1.545175992e-20
6.567164179e-05
-1.920734472e-20
6.567164179e-05
-2.513103566e-21
6.567164179e-05
1.862318735e-20
6.567164179e-05
-1.366557809e-20
6.567164179e-05
-2.813706882e-20
6.567164179e-05
-3.105867936e-20
6.567164179e-05
-1.173260448e-20
6.567164179e-05
-7.612358367e-22
6.567164179e-05
-3.955544192e-20
6.567164179e-05
4.604388482e-21
6.567164179e-05
2.436527224e-20
6.567164179e-05
-1.18544896e-20
6.567164179e-05
-3.428023535e-20
6.567164179e-05
3.633544487e-20
6.567164179e-05
7.173383469e-20
6.567164179e-05
1.760855356e-20
6.567164179e-05
-3.597034294e-20
6.567164179e-05
-3.015121219e-20
6.567164179e-05
1.701855269e-20
6.567164179e-05
-6.161513219e-21
6.567164179e-05
-3.583207852e-20
6.567164179e-05
7.05140668e-21
6.567164179e-05
3.911185362e-20
6.567164179e-05
2.641345879e-20
6.567164179e-05
-2.712829962e-21
6.567164179e-05
2.573028873e-21
6.567164179e-05
5.736052623e-20
6.567164179e-05
3.80643061e-20
6.567164179e-05
1.069199819e-20
6.567164179e-05
-9.312101416e-21
6.567164179e-05
3.116821273e-20
6.567164179e-05
2.711017063e-20
6.567164179e-05
-3.624905105e-21
6.567164179e-05
-3.848619804e-21
6.567164179e-05
3.026463892e-22
6.567164179e-05
2.846624891e-20
6.567164179e-05
-2.385694484e-20
6.567164179e-05
-5.300957323e-20
6.567164179e-05
-4.478324816e-20
6.567164179e-05
-1.979720094e-20
6.567164179e-05
-4.965034863e-20
6.567164179e-05
-5.799058696e-21
6.567164179e-05
6.159924365e-20
6.567164179e-05
5.140482194e-20
6.567164179e-05
1.23972573e-20
6.567164179e-05
-3.127499382e-20
6.567164179e-05
-3.224022315e-20
6.567164179e-05
1.8189607e-20
6.567164179e-05
-2.032240692e-20
6.567164179e-05
-5.190356111e-20
6.567164179e-05
-3.430941861e-20
6.567164179e-05
-6.24711558e-21
6.567164179e-05
1.798615798e-20
6.567164179e-05
-3.040988398e-20
6.567164179e-05
-2.941606173e-21
6.567164179e-05
2.634020036e-20
6.567164179e-05
7.351661394e-20
6.567164179e-05
7.209476549e-20
6.567164179e-05
2.097680437e-20
6.567164179e-05
4.944644433e-20
6.567164179e-05
4.340070618e-20
6.567164179e-05
-2.983698361e-20
6.567164179e-05
-5.663924279e-20
6.567164179e-05
-3.450130246e-20
6.567164179e-05
1.691079889e-20
6.567164179e-05
3.733364052e-21
6.567164179e-05
-3.844268245e-20
6.567164179e-05
4.120305024e-20
6.567164179e-05
3.079247166e-20
6.567164179e-05
-2.985224216e-20
6.567164179e-05
-1.780783332e-20
6.567164179e-05
1.240831295e-20
6.567164179e-05
5.161002362e-20
6.567164179e-05
7.502253703e-21
6.567164179e-05
-8.009352549e-21
6.567164179e-05
-7.015327969e-21
6.567164179e-05
-3.136357948e-20
6.567164179e-05
-6.719614271e-20
6.567164179e-05
-3.448572004e-20
6.567164179e-05
4.291644728e-20
6.567164179e-05
4.884923358e-20
6.567164179e-05
3.198688494e-20
6.567164179e-05
1.826275659e-21
6.567164179e-05
-1.072994648e-20
6.567164179e-05
6.053550119e-21
6.567164179e-05
-3.23199743e-20
6.567164179e-05
-3.225758254e-20
6.567164179e-05
1.549010667e-21
6.567164179e-05
-4.034000431e-20
6.567164179e-05
-1.568070363e-20
6.567164179e-05
3.446331586e-20
6.567164179e-05
-1.858759853e-20
6.567164179e-05
4.463625097e-20
6.567164179e-05
4.317025378e-20
6.567164179e-05
-1.832088565e-20
6.567164179e-05
-1.773652545e-20
6.567164179e-05
1.757610459e-20
6.567164179e-05
6.640361065e-20
6.567164179e-05
1.139566421e-20
6.567164179e-05
-6.714134432e-20
6.567164179e-05
-1.437449212e-20
6.567164179e-05
3.74130423e-21
6.567164179e-05
-8.730961497e-20
6.567164179e-05
-6.729058615e-20
6.567164179e-05
-1.029489494e-20
6.567164179e-05
1.039930215e-20
6.567164179e-05
2.456214701e-20
6.567164179e-05
7.841539666e-21
6.567164179e-05
-1.948019481e-20
6.567164179e-05
1.201494605e-20
6.567164179e-05
-1.959213909e-20
6.567164179e-05
-4.581186819e-20
1.023178608e-20
7.014925373e-05
4.430591708e-20
7.014925373e-05
3.732746427e-20
7.014925373e-05
3.180277221e-20
7.014925373e-05
4.336428818e-20
7.014925373e-05
4.262012415e-20
7.014925373e-05
6.78110703e-20
7.014925373e-05
5.477381744e-20
7.014925373e-05
3.639692944e-20
7.014925373e-05
2.699140438e-20
7.014925373e-05
1.628949075e-20
7.014925373e-05
6.935302046e-21
7.014925373e-05
1.166042373e-20
7.014925373e-05
1.484704797e-20
7.014925373e-05
-1.312835212e-20
7.014925373e-05
-2.529957237e-20
7.014925373e-05
-4.771146403e-20
7.014925373e-05
-5.001434838e-20
7.014925373e-05
-2.257244335e-20
7.014925373e-05
4.315478541e-21
7.014925373e-05
-1.822194386e-20
7.014925373e-05
-2.77726122e-21
7.014925373e-05
8.060434263e-21
7.014925373e-05
-5.944738238e-21
7.014925373e-05
-8.425704995e-21
7.014925373e-05
7.713431223e-21
7.014925373e-05
7.942001209e-21
7.014925373e-05
-1.749796508e-20
7.014925373e-05
-1.404841749e-20
7.014925373e-05
-2.620910264e-20
7.014925373e-05
-1.201344867e-20
7.014925373e-05
-3.468064722e-20
7.014925373e-05
-3.381460633e-20
7.014925373e-05
-3.314795876e-20
7.014925373e-05
-3.311002028e-20
7.014925373e-05
-7.994004445e-21
7.014925373e-05
1.163329402e-20
7.014925373e-05
3.220219576e-20
7.014925373e-05
3.71561434e-20
7.014925373e-05
1.917022338e-20
7.014925373e-05
-1.804967902e-20
7.014925373e-05
-4.771834004e-20
7.014925373e-05
-3.724201635e-20
7.014925373e-05
-2.263978749e-20
7.014925373e-05
-1.529497255e-20
7.014925373e-05
-8.431496087e-21
7.014925373e-05
-1.817492789e-20
7.014925373e-05
7.22072246e-21
7.014925373e-05
2.540181365e-20
7.014925373e-05
-2.435308859e-21
7.014925373e-05
-8.678830245e-21
7.014925373e-05
1.317770719e-21
7.014925373e-05
-4.062309159e-21
7.014925373e-05
3.1771416e-20
7.014925373e-05
4.578530742e-20
7.014925373e-05
2.349388283e-20
7.014925373e-05
2.048526957e-21
7.014925373e-05
1.24975366e-20
7.014925373e-05
1.351680763e-20
7.014925373e-05
1.955337971e-20
7.014925373e-05
2.287717958e-20
7.014925373e-05
-8.757131053e-21
7.014925373e-05
2.639812881e-21
7.014925373e-05
2.375611518e-20
7.014925373e-05
1.829630052e-20
7.014925373e-05
2.079911971e-20
7.014925373e-05
9.954329249e-21
7.014925373e-05
-7.360745293e-21
7.014925373e-05
-6.496194676e-21
7.014925373e-05
-2.731690027e-20
7.014925373e-05
-3.272791538e-20
7.014925373e-05
-1.596680552e-20
7.014925373e-05
1.316054962e-20
7.014925373e-05
1.601430271e-20
7.014925373e-05
-6.282134933e-21
7.014925373e-05
-8.372693208e-21
7.014925373e-05
-1.155354979e-23
7.014925373e-05
4.352044928e-20
7.014925373e-05
-1.950685652e-21
7.014925373e-05
-2.351266001e-20
7.014925373e-05
2.557217764e-20
7.014925373e-05
2.396673465e-20
7.014925373e-05
1.40533395e-20
7.014925373e-05
9.401876798e-21
7.014925373e-05
1.298309412e-20
7.014925373e-05
-5.88902558e-21
7.014925373e-05
-2.994477233e-20
7.014925373e-05
-1.608167783e-20
7.014925373e-05
-5.903270449e-21
7.014925373e-05
-1.38519549e-20
7.014925373e-05
1.944814385e-20
7.014925373e-05
1.087650413e-20
7.014925373e-05
-1.993873305e-20
7.014925373e-05
-3.767980648e-20
7.014925373e-05
-2.864534956e-20
7.014925373e-05
-4.11643637e-21
7.014925373e-05
-4.223029525e-20
7.014925373e-05
-2.886501102e-20
7.014925373e-05
1.79096512e-20
7.014925373e-05
9.77405215e-21
7.014925373e-05
-2.111557488e-20
7.014925373e-05
1.740494406e-20
7.014925373e-05
5.827642411e-20
7.014925373e-05
2.475008923e-20
7.014925373e-05
-3.080760917e-20
7.014925373e-05
-3.767837905e-20
7.014925373e-05
-4.485726952e-21
7.014925373e-05
-9.860219509e-21
7.014925373e-05
-6.307261947e-21
7.014925373e-05
-5.238184561e-21
7.014925373e-05
2.811096279e-20
7.014925373e-05
1.841955593e-20
7.014925373e-05
1.47050009e-20
7.014925373e-05
1.186452302e-20
7.014925373e-05
3.123209359e-20
7.014925373e-05
5.698792026e-20
7.014925373e-05
2.441560585e-20
7.014925373e-05
-2.646842e-20
7.014925373e-05
2.210204238e-20
7.014925373e-05
2.782213136e-20
7.014925373e-05
2.787267215e-21
7.014925373e-05
7.559272349e-22
7.014925373e-05
2.633072228e-20
7.014925373e-05
-3.675457968e-21
7.014925373e-05
-2.911701933e-20
7.014925373e-05
-7.10162864e-20
7.014925373e-05
-5.696539644e-20
7.014925373e-05
-2.307204266e-20
7.014925373e-05
-2.994773666e-20
7.014925373e-05
-3.218957978e-21
7.014925373e-05
6.101697325e-20
7.014925373e-05
5.042518965e-20
7.014925373e-05
2.018536696e-20
7.014925373e-05
-4.164442588e-20
7.014925373e-05
-3.542085358e-20
7.014925373e-05
4.112816054e-21
7.014925373e-05
-2.498946225e-20
7.014925373e-05
-2.580740982e-20
7.014925373e-05
-2.135272751e-20
7.014925373e-05
-5.687336334e-22
7.014925373e-05
1.279240361e-20
7.014925373e-05
-2.431331718e-20
7.014925373e-05
2.287836129e-20
7.014925373e-05
3.464846624e-20
7.014925373e-05
5.618492929e-20
7.014925373e-05
5.624265728e-20
7.014925373e-05
2.707802743e-20
7.014925373e-05
5.097166293e-20
7.014925373e-05
3.644963969e-20
7.014925373e-05
-7.28041687e-21
7.014925373e-05
-4.275273015e-20
7.014925373e-05
-4.825140974e-20
7.014925373e-05
-2.292408177e-21
7.014925373e-05
-3.210745282e-20
7.014925373e-05
-2.514594426e-20
7.014925373e-05
3.959240172e-20
7.014925373e-05
2.828738461e-20
7.014925373e-05
-2.011663846e-20
7.014925373e-05
-3.281341302e-21
7.014925373e-05
2.73806928e-21
7.014925373e-05
2.915861684e-20
7.014925373e-05
9.463354422e-21
7.014925373e-05
-5.756010596e-21
7.014925373e-05
-2.12176142e-20
7.014925373e-05
-1.525400939e-20
7.014925373e-05
-5.668723416e-20
7.014925373e-05
-1.349882147e-20
7.014925373e-05
4.355670446e-20
7.014925373e-05
3.926642366e-20
7.014925373e-05
3.130518625e-20
7.014925373e-05
-2.969765211e-20
7.014925373e-05
-1.415882183e-20
7.014925373e-05
3.43797708e-21
7.014925373e-05
-2.303836052e-20
7.014925373e-05
-3.022445817e-20
7.014925373e-05
-9.829885461e-21
7.014925373e-05
-2.270384785e-20
7.014925373e-05
-4.224894255e-20
7.014925373e-05
2.454816139e-21
7.014925373e-05
6.497030724e-21
7.014925373e-05
4.877967442e-20
7.014925373e-05
5.41938835e-20
7.014925373e-05
-1.150159854e-20
7.014925373e-05
-5.507160849e-21
7.014925373e-05
3.40519848e-20
7.014925373e-05
4.697417856e-20
7.014925373e-05
7.017678706e-21
7.014925373e-05
-5.41370083e-20
7.014925373e-05
-1.263598073e-20
7.014925373e-05
7.444188823e-22
7.014925373e-05
-8.599784728e-20
7.014925373e-05
-7.291323375e-20
7.014925373e-05
-1.128243312e-20
7.014925373e-05
1.159890279e-20
7.014925373e-05
3.088037973e-20
7.014925373e-05
1.203679357e-20
7.014925373e-05
-1.659958409e-21
7.014925373e-05
4.521632967e-22
7.014925373e-05
-7.56786038e-21
7.014925373e-05
-2.928485802e-20
5.248490678e-21
7.313432836e-05
3.27967626e-20
7.313432836e-05
2.254050631e-20
7.313432836e-05
4.798373998e-20
7.313432836e-05
4.241762355e-20
7.313432836e-05
4.591545353e-20
7.313432836e-05
6.007732239e-20
7.313432836e-05
4.998442625e-20
7.313432836e-05
5.03428371e-20
7.313432836e-05
4.368877081e-20
7.313432836e-05
1.006493153e-20
7.313432836e-05
1.017819295e-20
7.313432836e-05
2.451743127e-20
7.313432836e-05
1.136876747e-20
7.313432836e-05
-2.038949903e-20
7.313432836e-05
-3.208188549e-20
7.313432836e-05
-4.205540727e-20
7.313432836e-05
-5.574536996e-20
7.313432836e-05
-2.727359529e-20
7.313432836e-05
-8.881503006e-22
7.313432836e-05
-1.262043126e-20
7.313432836e-05
6.568751236e-21
7.313432836e-05
4.215859214e-21
7.313432836e-05
-1.092026553e-20
7.313432836e-05
-1.865057507e-20
7.313432836e-05
6.088404438e-21
7.313432836e-05
-8.669050699e-21
7.313432836e-05
-3.606338811e-20
7.313432836e-05
-1.615468864e-20
7.313432836e-05
-1.470528727e-20
7.313432836e-05
-1.265225587e-20
7.313432836e-05
-3.275086549e-20
7.313432836e-05
-4.508485547e-20
7.313432836e-05
-4.027684137e-20
7.313432836e-05
-3.010816043e-20
7.313432836e-05
-1.393023731e-20
7.313432836e-05
2.12926164e-20
7.313432836e-05
2.671754964e-20
7.313432836e-05
3.030759051e-20
7.313432836e-05
1.788184595e-20
7.313432836e-05
-1.452192432e-20
7.313432836e-05
-3.615521423e-20
7.313432836e-05
-3.30739909e-20
7.313432836e-05
-2.181255251e-20
7.313432836e-05
-2.311497781e-20
7.313432836e-05
-9.414993046e-21
7.313432836e-05
-2.016296811e-20
7.313432836e-05
-9.641367918e-21
7.313432836e-05
3.641183875e-20
7.313432836e-05
1.205130332e-20
7.313432836e-05
-1.228751011e-20
7.313432836e-05
-2.959649248e-21
7.313432836e-05
4.800767226e-21
7.313432836e-05
3.138908972e-20
7.313432836e-05
4.086674475e-20
7.313432836e-05
2.485302282e-20
7.313432836e-05
2.369018238e-20
7.313432836e-05
1.178847885e-20
7.313432836e-05
7.785787707e-21
7.313432836e-05
1.209668808e-20
7.313432836e-05
2.779019102e-20
7.313432836e-05
1.159942227e-20
7.313432836e-05
-1.405619172e-21
7.313432836e-05
-7.819940976e-22
7.313432836e-05
2.208279186e-20
7.313432836e-05
7.534302442e-21
7.313432836e-05
7.201745796e-21
7.313432836e-05
-4.028608956e-21
7.313432836e-05
-9.387905889e-21
7.313432836e-05
-8.147644234e-21
7.313432836e-05
-8.696694595e-21
7.313432836e-05
-1.602235552e-22
7.313432836e-05
1.653933261e-20
7.313432836e-05
1.296782936e-20
7.313432836e-05
1.475453383e-20
7.313432836e-05
-1.020369172e-20
7.313432836e-05
-4.611894059e-21
7.313432836e-05
2.566389206e-20
7.313432836e-05
1.172863532e-21
7.313432836e-05
4.943493346e-21
7.313432836e-05
2.759700747e-20
7.313432836e-05
-4.309415432e-21
7.313432836e-05
-7.383711712e-22
7.313432836e-05
3.970459999e-21
7.313432836e-05
1.029914336e-20
7.313432836e-05
-2.75386917e-21
7.313432836e-05
-4.196222799e-20
7.313432836e-05
-4.193958493e-20
7.313432836e-05
-1.37444403e-20
7.313432836e-05
-2.2449558e-21
7.313432836e-05
1.036842413e-20
7.313432836e-05
1.350547592e-20
7.313432836e-05
-5.353967539e-21
7.313432836e-05
-3.21337474e-20
7.313432836e-05
-1.141218811e-20
7.313432836e-05
-1.749712552e-20
7.313432836e-05
-5.011966629e-20
7.313432836e-05
-2.558155263e-20
7.313432836e-05
1.157553528e-20
7.313432836e-05
-8.448090203e-21
7.313432836e-05
-1.542546671e-20
7.313432836e-05
1.633906303e-20
7.313432836e-05
4.665198846e-20
7.313432836e-05
2.541390268e-20
7.313432836e-05
-3.403411212e-20
7.313432836e-05
-3.831553279e-20
7.313432836e-05
-2.581900718e-20
7.313432836e-05
-6.129403223e-21
7.313432836e-05
3.706419923e-21
7.313432836e-05
-1.693382092e-21
7.313432836e-05
1.559859873e-20
7.313432836e-05
1.711000452e-20
7.313432836e-05
2.534975615e-20
7.313432836e-05
2.533226593e-20
7.313432836e-05
2.402259003e-20
7.313432836e-05
4.191156232e-20
7.313432836e-05
2.973719402e-20
7.313432836e-05
-6.697531444e-21
7.313432836e-05
-1.949854372e-21
7.313432836e-05
2.413042412e-20
7.313432836e-05
5.045397488e-21
7.313432836e-05
2.346137723e-20
7.313432836e-05
1.783781383e-20
7.313432836e-05
-1.720934096e-20
7.313432836e-05
-4.550103191e-20
7.313432836e-05
-5.752165613e-20
7.313432836e-05
-6.531298618e-20
7.313432836e-05
-1.191965781e-20
7.313432836e-05
-1.903811382e-20
7.313432836e-05
4.480572886e-21
7.313432836e-05
4.117154185e-20
7.313432836e-05
3.666535202e-20
7.313432836e-05
3.075729401e-20
7.313432836e-05
-3.173132117e-20
7.313432836e-05
-3.237955761e-20
7.313432836e-05
-5.694389092e-21
7.313432836e-05
-3.217314071e-20
7.313432836e-05
-4.060863052e-20
7.313432836e-05
-1.935526256e-20
7.313432836e-05
1.642110403e-20
7.313432836e-05
2.067826648e-20
7.313432836e-05
-9.990627703e-21
7.313432836e-05
2.657513614e-20
7.313432836e-05
4.019397895e-20
7.313432836e-05
5.618905688e-20
7.313432836e-05
5.689703254e-20
7.313432836e-05
3.110332072e-20
7.313432836e-05
5.448495083e-20
7.313432836e-05
3.275525685e-20
7.313432836e-05
1.410751638e-21
7.313432836e-05
-4.19423159e-20
7.313432836e-05
-4.397913241e-20
7.313432836e-05
-2.882688914e-20
7.313432836e-05
-4.180445459e-20
7.313432836e-05
-2.289825161e-20
7.313432836e-05
2.217259671e-20
7.313432836e-05
2.713114533e-20
7.313432836e-05
8.458744187e-21
7.313432836e-05
3.641512645e-21
7.313432836e-05
-1.686904347e-20
7.313432836e-05
4.392695887e-21
7.313432836e-05
7.283720869e-21
7.313432836e-05
-2.936285464e-21
7.313432836e-05
-1.617139477e-20
7.313432836e-05
-2.463943073e-20
7.313432836e-05
-3.686486508e-20
7.313432836e-05
1.070562024e-20
7.313432836e-05
2.21090536e-20
7.313432836e-05
4.880996114e-20
7.313432836e-05
4.409968139e-20
7.313432836e-05
-4.21407382e-20
7.313432836e-05
-4.556255514e-21
7.313432836e-05
-3.760722829e-21
7.313432836e-05
-3.012344283e-20
7.313432836e-05
-4.319610976e-20
7.313432836e-05
-1.19404809e-20
7.313432836e-05
-1.187154226e-20
7.313432836e-05
-4.323780372e-20
7.313432836e-05
-9.820517213e-21
7.313432836e-05
1.688496393e-20
7.313432836e-05
3.403884958e-20
7.313432836e-05
5.113771991e-20
7.313432836e-05
2.314152192e-20
7.313432836e-05
2.130092853e-20
7.313432836e-05
1.259674706e-20
7.313432836e-05
3.340181081e-20
7.313432836e-05
9.723214232e-21
7.313432836e-05
-5.615930487e-20
7.313432836e-05
-1.973889822e-20
7.313432836e-05
-1.089316029e-20
7.313432836e-05
-7.168427541e-20
7.313432836e-05
-6.19426064e-20
7.313432836e-05
-1.9190334e-20
7.313432836e-05
6.490074362e-21
7.313432836e-05
4.400117766e-20
7.313432836e-05
2.621768965e-20
7.313432836e-05
-1.081139998e-20
7.313432836e-05
-1.252171111e-20
7.313432836e-05
-5.816332613e-21
7.313432836e-05
-9.002424072e-21
-1.006039803e-20
7.462686567e-05
9.268170323e-21
7.462686567e-05
2.856345118e-20
7.462686567e-05
4.227548707e-20
7.462686567e-05
4.139626687e-20
7.462686567e-05
5.303360534e-20
7.462686567e-05
4.620346203e-20
7.462686567e-05
4.100840478e-20
7.462686567e-05
2.453167895e-20
7.462686567e-05
3.805562727e-20
7.462686567e-05
2.464640926e-20
7.462686567e-05
1.960938039e-20
7.462686567e-05
2.650831922e-20
7.462686567e-05
1.727062082e-20
7.462686567e-05
-1.771518537e-20
7.462686567e-05
-2.03678206e-20
7.462686567e-05
-4.286529659e-20
7.462686567e-05
-3.925498382e-20
7.462686567e-05
-2.483024873e-20
7.462686567e-05
-9.316094805e-21
7.462686567e-05
-1.600036647e-21
7.462686567e-05
4.836001202e-21
7.462686567e-05
5.205552707e-21
7.462686567e-05
-4.470792518e-21
7.462686567e-05
-1.010028406e-20
7.462686567e-05
-3.009879358e-21
7.462686567e-05
-2.443732311e-20
7.462686567e-05
-3.59118718e-20
7.462686567e-05
-7.181284916e-21
7.462686567e-05
-1.795735181e-21
7.462686567e-05
-1.252062021e-20
7.462686567e-05
-4.494763635e-20
7.462686567e-05
-4.115237612e-20
7.462686567e-05
-4.688942089e-20
7.462686567e-05
-2.931876331e-20
7.462686567e-05
6.542985482e-21
7.462686567e-05
6.478341258e-21
7.462686567e-05
2.502442024e-20
7.462686567e-05
2.866235919e-20
7.462686567e-05
5.830435293e-21
7.462686567e-05
-1.862762381e-20
7.462686567e-05
-1.738912339e-20
7.462686567e-05
-1.195261932e-20
7.462686567e-05
-2.449298201e-20
7.462686567e-05
-3.537576322e-20
7.462686567e-05
-2.048925451e-20
7.462686567e-05
-1.150358443e-20
7.462686567e-05
-1.096079032e-20
7.462686567e-05
2.038240193e-20
7.462686567e-05
1.431247107e-20
7.462686567e-05
-8.99545193e-21
7.462686567e-05
8.236656788e-21
7.462686567e-05
2.009259105e-20
7.462686567e-05
3.652700408e-20
7.462686567e-05
4.767094617e-20
7.462686567e-05
2.17343531e-20
7.462686567e-05
3.534332215e-20
7.462686567e-05
2.650761923e-20
7.462686567e-05
-6.876479005e-21
7.462686567e-05
1.253800837e-20
7.462686567e-05
1.616522831e-20
7.462686567e-05
2.554717232e-20
7.462686567e-05
5.987101344e-21
7.462686567e-05
-3.420819652e-21
7.462686567e-05
9.58479274e-21
7.462686567e-05
1.10279452e-20
7.462686567e-05
1.445123749e-20
7.462686567e-05
-2.690774717e-21
7.462686567e-05
-9.995981041e-21
7.462686567e-05
-7.747194908e-21
7.462686567e-05
-1.227273818e-20
7.462686567e-05
6.892345585e-21
7.462686567e-05
3.013229953e-20
7.462686567e-05
1.425907069e-20
7.462686567e-05
1.434665378e-20
7.462686567e-05
9.449888964e-22
7.462686567e-05
3.811670731e-21
7.462686567e-05
-4.074391634e-21
7.462686567e-05
1.487103018e-20
7.462686567e-05
5.077911997e-21
7.462686567e-05
7.733284886e-21
7.462686567e-05
-2.017879356e-20
7.462686567e-05
-6.792749533e-21
7.462686567e-05
-1.101424744e-20
7.462686567e-05
2.375442105e-21
7.462686567e-05
-1.023474264e-20
7.462686567e-05
-5.247235597e-20
7.462686567e-05
-3.09020649e-20
7.462686567e-05
-8.738711667e-21
7.462686567e-05
4.793937566e-22
7.462686567e-05
2.337593003e-22
7.462686567e-05
1.022637117e-20
7.462686567e-05
-1.17613866e-20
7.462686567e-05
-2.646406076e-20
7.462686567e-05
-1.129029636e-20
7.462686567e-05
-1.939762162e-20
7.462686567e-05
-3.810379512e-20
7.462686567e-05
-1.870931963e-20
7.462686567e-05
-1.2278412e-20
7.462686567e-05
-1.313258025e-20
7.462686567e-05
-1.496416591e-20
7.462686567e-05
1.845951429e-20
7.462686567e-05
1.19359079e-20
7.462686567e-05
1.06085107e-20
7.462686567e-05
7.240101474e-21
7.462686567e-05
-3.096857808e-20
7.462686567e-05
-3.234638657e-20
7.462686567e-05
-4.715022898e-22
7.462686567e-05
1.212685967e-20
7.462686567e-05
1.068176744e-20
7.462686567e-05
5.43873284e-21
7.462686567e-05
2.320469256e-20
7.462686567e-05
3.272409241e-20
7.462686567e-05
2.556885915e-20
7.462686567e-05
2.256769984e-20
7.462686567e-05
3.386001607e-20
7.462686567e-05
3.314607319e-20
7.462686567e-05
7.864726612e-21
7.462686567e-05
-1.914298702e-20
7.462686567e-05
9.58972093e-21
7.462686567e-05
1.559668967e-20
7.462686567e-05
1.680455406e-20
7.462686567e-05
1.473720806e-20
7.462686567e-05
-1.846661259e-20
7.462686567e-05
-3.189678721e-20
7.462686567e-05
-4.856547827e-20
7.462686567e-05
-6.121736417e-20
7.462686567e-05
-2.573882882e-20
7.462686567e-05
-1.113536602e-20
7.462686567e-05
1.966923697e-21
7.462686567e-05
3.126671743e-20
7.462686567e-05
2.872959738e-20
7.462686567e-05
2.275256688e-20
7.462686567e-05
-1.697978317e-20
7.462686567e-05
-2.685660635e-20
7.462686567e-05
-3.192025662e-20
7.462686567e-05
-3.847343918e-20
7.462686567e-05
-3.106735478e-20
7.462686567e-05
-3.356129714e-20
7.462686567e-05
2.312896895e-20
7.462686567e-05
1.974535034e-20
7.462686567e-05
-2.081245578e-20
7.462686567e-05
4.021269065e-20
7.462686567e-05
6.09273994e-20
7.462686567e-05
4.569672354e-20
7.462686567e-05
4.478297532e-20
7.462686567e-05
3.141117626e-20
7.462686567e-05
4.81552079e-20
7.462686567e-05
4.341682758e-20
7.462686567e-05
9.178566803e-21
7.462686567e-05
-2.085065709e-20
7.462686567e-05
-1.573463803e-20
7.462686567e-05
-5.562192968e-20
7.462686567e-05
-6.629195742e-20
7.462686567e-05
-2.893927216e-20
7.462686567e-05
1.105276813e-20
7.462686567e-05
1.862058151e-20
7.462686567e-05
2.550094239e-20
7.462686567e-05
1.587627799e-20
7.462686567e-05
-2.839887214e-20
7.462686567e-05
-1.357178184e-20
7.462686567e-05
9.884624472e-21
7.462686567e-05
-4.057098796e-21
7.462686567e-05
-1.577005121e-20
7.462686567e-05
-3.21630616e-20
7.462686567e-05
-1.555980111e-20
7.462686567e-05
1.217396162e-20
7.462686567e-05
4.036085937e-20
7.462686567e-05
5.524421857e-20
7.462686567e-05
3.747673235e-20
7.462686567e-05
-3.088109401e-20
7.462686567e-05
-2.440150954e-20
7.462686567e-05
-2.012268307e-20
7.462686567e-05
-3.042316964e-20
7.462686567e-05
-4.486761291e-20
7.462686567e-05
-2.084945421e-20
7.462686567e-05
-1.391073574e-20
7.462686567e-05
-5.358046664e-20
7.462686567e-05
-2.76652737e-21
7.462686567e-05
1.661361348e-20
7.462686567e-05
2.610109567e-20
7.462686567e-05
3.721542551e-20
7.462686567e-05
4.947685461e-20
7.462686567e-05
4.847003927e-20
7.462686567e-05
3.530793979e-20
7.462686567e-05
1.295741584e-21
7.462686567e-05
-7.915733174e-22
7.462686567e-05
-2.048229919e-20
7.462686567e-05
-2.374547184e-20
7.462686567e-05
-4.319139193e-20
7.462686567e-05
-6.251751318e-20
7.462686567e-05
-4.517912719e-20
7.462686567e-05
-1.148984868e-20
7.462686567e-05
5.272989409e-21
7.462686567e-05
2.488171937e-20
7.462686567e-05
3.319285576e-20
7.462686567e-05
-8.177096353e-22
7.462686567e-05
-1.710770503e-20
7.462686567e-05
-1.497099708e-21
7.462686567e-05
-1.822095962e-20
-6.487108145e-21
7.462686567e-05
1.143612301e-20
7.462686567e-05
2.876879157e-20
7.462686567e-05
4.27190339e-20
7.462686567e-05
4.703983934e-20
7.462686567e-05
3.729909953e-20
7.462686567e-05
3.430865894e-20
7.462686567e-05
1.892980741e-20
7.462686567e-05
2.888583437e-20
7.462686567e-05
2.266990354e-20
7.462686567e-05
2.151706895e-20
7.462686567e-05
2.884934354e-20
7.462686567e-05
1.345178827e-20
7.462686567e-05
2.10545606e-20
7.462686567e-05
-2.339024143e-21
7.462686567e-05
-2.30087209e-20
7.462686567e-05
-3.020188335e-20
7.462686567e-05
-3.131256925e-20
7.462686567e-05
-2.273488728e-20
7.462686567e-05
-1.677934472e-20
7.462686567e-05
-1.275620321e-20
7.462686567e-05
2.434190233e-21
7.462686567e-05
3.054786212e-21
7.462686567e-05
-1.137467251e-20
7.462686567e-05
-1.902323818e-20
7.462686567e-05
8.598200683e-22
7.462686567e-05
-2.764632812e-20
7.462686567e-05
-2.912058471e-20
7.462686567e-05
-8.557546128e-21
7.462686567e-05
4.720899991e-21
7.462686567e-05
-1.296129928e-20
7.462686567e-05
-3.664788204e-20
7.462686567e-05
-4.041789702e-20
7.462686567e-05
-3.370060638e-20
7.462686567e-05
-5.311089895e-21
7.462686567e-05
9.773126413e-21
7.462686567e-05
3.022696045e-21
7.462686567e-05
2.185571711e-20
7.462686567e-05
1.546759076e-20
7.462686567e-05
-1.800284956e-21
7.462686567e-05
-2.967933972e-20
7.462686567e-05
-5.224293471e-21
7.462686567e-05
1.297000601e-20
7.462686567e-05
-3.709085416e-20
7.462686567e-05
-4.702396087e-20
7.462686567e-05
-4.077521794e-20
7.462686567e-05
-1.791454086e-20
7.462686567e-05
-6.425723329e-21
7.462686567e-05
2.134705902e-20
7.462686567e-05
2.627600624e-20
7.462686567e-05
-7.331186347e-24
7.462686567e-05
8.759498629e-21
7.462686567e-05
2.572518447e-20
7.462686567e-05
3.551103991e-20
7.462686567e-05
1.991251697e-20
7.462686567e-05
3.374850711e-20
7.462686567e-05
4.863761637e-20
7.462686567e-05
3.599687873e-20
7.462686567e-05
-9.081976527e-21
7.462686567e-05
-3.080974275e-21
7.462686567e-05
8.177112777e-21
7.462686567e-05
1.412312557e-20
7.462686567e-05
1.222767827e-20
7.462686567e-05
1.498418734e-20
7.462686567e-05
1.183637962e-20
7.462686567e-05
1.146172715e-20
7.462686567e-05
-1.976111052e-21
7.462686567e-05
-5.581419309e-21
7.462686567e-05
-4.052953861e-21
7.462686567e-05
-7.79763174e-22
7.462686567e-05
-8.498501643e-21
7.462686567e-05
2.330164048e-20
7.462686567e-05
3.135537729e-20
7.462686567e-05
1.177046541e-20
7.462686567e-05
1.197734943e-20
7.462686567e-05
1.916959401e-20
7.462686567e-05
-1.368635609e-20
7.462686567e-05
-1.762949478e-20
7.462686567e-05
1.793360301e-20
7.462686567e-05
3.064196897e-20
7.462686567e-05
-1.085439563e-21
7.462686567e-05
-2.984841034e-20
7.462686567e-05
-2.188582734e-20
7.462686567e-05
-1.402622393e-20
7.462686567e-05
3.348615594e-22
7.462686567e-05
5.756992482e-21
7.462686567e-05
-5.705441564e-20
7.462686567e-05
-4.28321288e-20
7.462686567e-05
-1.14755495e-20
7.462686567e-05
8.993555987e-21
7.462686567e-05
1.658949969e-21
7.462686567e-05
9.97708508e-21
7.462686567e-05
-1.010488312e-20
7.462686567e-05
-1.367048665e-20
7.462686567e-05
-5.905221962e-21
7.462686567e-05
-1.335373324e-20
7.462686567e-05
-2.195708833e-20
7.462686567e-05
-2.632681989e-20
7.462686567e-05
-2.424912728e-20
7.462686567e-05
-1.926116813e-20
7.462686567e-05
-3.889633535e-21
7.462686567e-05
-6.794528114e-21
7.462686567e-05
-1.275356505e-21
7.462686567e-05
5.271519366e-21
7.462686567e-05
5.372439662e-21
7.462686567e-05
-2.01708007e-20
7.462686567e-05
-2.48012414e-20
7.462686567e-05
1.147938225e-20
7.462686567e-05
1.647389818e-20
7.462686567e-05
-1.601466482e-20
7.462686567e-05
-1.044293265e-20
7.462686567e-05
3.291282597e-20
7.462686567e-05
5.992117387e-20
7.462686567e-05
3.829733824e-20
7.462686567e-05
2.614329483e-21
7.462686567e-05
1.868781933e-20
7.462686567e-05
3.068469326e-20
7.462686567e-05
9.314766672e-21
7.462686567e-05
-1.709024396e-20
7.462686567e-05
1.368486416e-20
7.462686567e-05
3.042625043e-20
7.462686567e-05
1.064439333e-20
7.462686567e-05
1.398868981e-20
7.462686567e-05
-1.581781583e-20
7.462686567e-05
-3.118227599e-20
7.462686567e-05
-4.926406594e-20
7.462686567e-05
-3.273327094e-20
7.462686567e-05
-2.739623931e-20
7.462686567e-05
-1.689054262e-20
7.462686567e-05
5.271677011e-22
7.462686567e-05
1.452164113e-21
7.462686567e-05
3.03780904e-20
7.462686567e-05
3.236804337e-20
7.462686567e-05
-8.150031842e-21
7.462686567e-05
-3.789474313e-20
7.462686567e-05
-6.708649956e-20
7.462686567e-05
-3.581694219e-20
7.462686567e-05
-7.306296039e-21
7.462686567e-05
-1.5185512e-20
7.462686567e-05
-2.851272254e-21
7.462686567e-05
3.09840612e-21
7.462686567e-05
-4.089166615e-21
7.462686567e-05
5.301878038e-20
7.462686567e-05
7.644821329e-20
7.462686567e-05
2.217649102e-20
7.462686567e-05
2.192312178e-20
7.462686567e-05
4.817929423e-20
7.462686567e-05
4.308952428e-20
7.462686567e-05
3.315006499e-20
7.462686567e-05
3.547056256e-20
7.462686567e-05
-1.277867108e-22
7.462686567e-05
-1.677838382e-20
7.462686567e-05
-7.242022816e-20
7.462686567e-05
-6.896093547e-20
7.462686567e-05
-2.935290733e-21
7.462686567e-05
-1.745383652e-20
7.462686567e-05
4.201954621e-21
7.462686567e-05
4.411355057e-20
7.462686567e-05
2.423883365e-20
7.462686567e-05
-1.891593888e-20
7.462686567e-05
-3.902328079e-20
7.462686567e-05
-3.110080019e-21
7.462686567e-05
-1.661037609e-20
7.462686567e-05
-1.686347819e-20
7.462686567e-05
-1.46092914e-20
7.462686567e-05
8.968008925e-21
7.462686567e-05
8.062361047e-21
7.462686567e-05
4.132693282e-20
7.462686567e-05
5.952568189e-20
7.462686567e-05
2.222438356e-20
7.462686567e-05
-1.581825838e-20
7.462686567e-05
-9.111040695e-21
7.462686567e-05
-4.25683881e-20
7.462686567e-05
-5.755603027e-20
7.462686567e-05
-2.89708754e-20
7.462686567e-05
-3.081662373e-20
7.462686567e-05
-2.915494027e-20
7.462686567e-05
-5.503230819e-20
7.462686567e-05
-1.770413565e-20
7.462686567e-05
4.971291523e-20
7.462686567e-05
9.091957341e-21
7.462686567e-05
2.37350269e-20
7.462686567e-05
6.366947519e-20
7.462686567e-05
7.686667327e-20
7.462686567e-05
5.10343108e-20
7.462686567e-05
-2.944179862e-20
7.462686567e-05
-2.238481085e-20
7.462686567e-05
6.265559303e-21
7.462686567e-05
-1.829570477e-20
7.462686567e-05
-4.600893602e-20
7.462686567e-05
-5.169117134e-20
7.462686567e-05
-3.32305833e-20
7.462686567e-05
4.972636997e-22
7.462686567e-05
1.727170732e-20
7.462686567e-05
6.22519355e-21
7.462686567e-05
2.426567458e-20
7.462686567e-05
2.428427358e-21
7.462686567e-05
-1.809711539e-20
7.462686567e-05
-7.363112201e-21
7.462686567e-05
-1.328429059e-22
7.915252602e-21
7.313432836e-05
1.40171901e-20
7.313432836e-05
1.444960526e-20
7.313432836e-05
3.550882341e-20
7.313432836e-05
2.373979082e-20
7.313432836e-05
3.657050507e-20
7.313432836e-05
1.946350992e-20
7.313432836e-05
2.487294238e-20
7.313432836e-05
1.535557704e-20
7.313432836e-05
9.138491908e-21
7.313432836e-05
2.069388947e-20
7.313432836e-05
2.769930013e-20
7.313432836e-05
2.043576687e-20
7.313432836e-05
-5.090454735e-21
7.313432836e-05
6.537340224e-21
7.313432836e-05
-8.635514874e-21
7.313432836e-05
-2.200393628e-20
7.313432836e-05
-2.333188037e-20
7.313432836e-05
-2.198670879e-20
7.313432836e-05
-2.706304299e-20
7.313432836e-05
-9.379824361e-21
7.313432836e-05
4.176686688e-21
7.313432836e-05
-1.431326336e-20
7.313432836e-05
-1.43040003e-21
7.313432836e-05
-8.393027851e-21
7.313432836e-05
-3.137004769e-21
7.313432836e-05
-2.610473649e-20
7.313432836e-05
-3.564019459e-20
7.313432836e-05
-2.055121931e-20
7.313432836e-05
1.293797812e-20
7.313432836e-05
-1.260126981e-21
7.313432836e-05
-4.033570783e-20
7.313432836e-05
-4.510317336e-20
7.313432836e-05
-1.709980836e-20
7.313432836e-05
6.703879667e-21
7.313432836e-05
2.409475286e-20
7.313432836e-05
1.450001865e-20
7.313432836e-05
2.62249307e-20
7.313432836e-05
2.488641463e-21
7.313432836e-05
-2.083280861e-20
7.313432836e-05
-2.555884369e-20
7.313432836e-05
-4.845283035e-21
7.313432836e-05
3.091011677e-20
7.313432836e-05
-2.797096719e-20
7.313432836e-05
-6.206725255e-20
7.313432836e-05
-4.637881323e-20
7.313432836e-05
-1.415237012e-20
7.313432836e-05
7.551536086e-21
7.313432836e-05
2.535708582e-20
7.313432836e-05
3.038104427e-20
7.313432836e-05
1.76069693e-20
7.313432836e-05
1.278454704e-20
7.313432836e-05
1.055928426e-20
7.313432836e-05
1.544259464e-21
7.313432836e-05
2.433300662e-20
7.313432836e-05
2.550734091e-20
7.313432836e-05
5.84116731e-20
7.313432836e-05
4.616854944e-20
7.313432836e-05
-1.005916396e-20
7.313432836e-05
-1.311170914e-20
7.313432836e-05
1.535185088e-20
7.313432836e-05
2.326173298e-20
7.313432836e-05
-5.610142097e-21
7.313432836e-05
9.356196079e-21
7.313432836e-05
-1.17950894e-22
7.313432836e-05
2.539449445e-20
7.313432836e-05
6.661172876e-21
7.313432836e-05
-1.38903545e-20
7.313432836e-05
1.639443759e-21
7.313432836e-05
-4.199316326e-21
7.313432836e-05
-1.12712453e-20
7.313432836e-05
4.130331348e-20
7.313432836e-05
3.14768029e-20
7.313432836e-05
-4.749549215e-21
7.313432836e-05
2.376204876e-20
7.313432836e-05
2.807030292e-20
7.313432836e-05
-2.104402243e-20
7.313432836e-05
-3.608336485e-20
7.313432836e-05
2.621017806e-20
7.313432836e-05
2.884388504e-20
7.313432836e-05
-1.010581163e-20
7.313432836e-05
-3.095850608e-20
7.313432836e-05
-1.744550516e-20
7.313432836e-05
-1.368963969e-20
7.313432836e-05
3.149293892e-22
7.313432836e-05
1.615918842e-20
7.313432836e-05
-3.27520347e-20
7.313432836e-05
-4.524484667e-20
7.313432836e-05
-1.994750986e-20
7.313432836e-05
8.394136421e-21
7.313432836e-05
1.568128094e-20
7.313432836e-05
-5.957373085e-21
7.313432836e-05
-1.177097053e-20
7.313432836e-05
-5.519664876e-22
7.313432836e-05
6.765482338e-21
7.313432836e-05
-2.90551387e-20
7.313432836e-05
2.473500114e-21
7.313432836e-05
-1.870295772e-20
7.313432836e-05
-4.748480604e-20
7.313432836e-05
-1.128657991e-20
7.313432836e-05
2.926699968e-21
7.313432836e-05
-1.718905378e-20
7.313432836e-05
-3.41944335e-20
7.313432836e-05
1.087180051e-20
7.313432836e-05
9.442384866e-21
7.313432836e-05
-1.650052488e-20
7.313432836e-05
-2.735079655e-20
7.313432836e-05
1.671940708e-20
7.313432836e-05
2.723628697e-20
7.313432836e-05
-2.737026177e-20
7.313432836e-05
-1.597822837e-20
7.313432836e-05
1.870775354e-20
7.313432836e-05
6.120810416e-20
7.313432836e-05
6.557900594e-20
7.313432836e-05
-4.481101502e-22
7.313432836e-05
-5.067884568e-21
7.313432836e-05
2.184854248e-20
7.313432836e-05
1.493796122e-20
7.313432836e-05
-1.286038869e-20
7.313432836e-05
6.198498534e-21
7.313432836e-05
3.703445536e-20
7.313432836e-05
9.030858377e-21
7.313432836e-05
-1.224340243e-20
7.313432836e-05
-2.15049935e-20
7.313432836e-05
-5.78686274e-21
7.313432836e-05
-2.943047835e-20
7.313432836e-05
-3.003578401e-20
7.313432836e-05
-3.077756584e-20
7.313432836e-05
-2.985735638e-20
7.313432836e-05
-2.900471692e-21
7.313432836e-05
3.534772118e-21
7.313432836e-05
1.736045494e-20
7.313432836e-05
3.103717053e-20
7.313432836e-05
-5.677693021e-21
7.313432836e-05
-8.105068405e-21
7.313432836e-05
-7.16401911e-20
7.313432836e-05
-3.145810318e-20
7.313432836e-05
1.463689691e-20
7.313432836e-05
-8.457936401e-21
7.313432836e-05
-2.291945224e-20
7.313432836e-05
-2.689962762e-20
7.313432836e-05
3.450364907e-21
7.313432836e-05
6.587680188e-20
7.313432836e-05
8.098896798e-20
7.313432836e-05
6.531824077e-21
7.313432836e-05
-3.327362778e-22
7.313432836e-05
6.054653098e-20
7.313432836e-05
4.860636939e-20
7.313432836e-05
2.651328276e-20
7.313432836e-05
4.126168256e-20
7.313432836e-05
2.153597483e-20
7.313432836e-05
1.303595991e-20
7.313432836e-05
-1.043354405e-19
7.313432836e-05
-7.41354636e-20
7.313432836e-05
2.4090252e-20
7.313432836e-05
-2.051671463e-20
7.313432836e-05
-1.030887012e-20
7.313432836e-05
2.608274538e-20
7.313432836e-05
1.963794649e-20
7.313432836e-05
-9.304132347e-21
7.313432836e-05
-5.267791138e-20
7.313432836e-05
-1.083964383e-20
7.313432836e-05
-8.434039312e-22
7.313432836e-05
-1.705630179e-21
7.313432836e-05
4.93215576e-21
7.313432836e-05
-4.731258615e-21
7.313432836e-05
1.525043119e-20
7.313432836e-05
3.653021978e-20
7.313432836e-05
6.051115865e-20
7.313432836e-05
1.322102589e-20
7.313432836e-05
-1.249697265e-20
7.313432836e-05
2.146766444e-20
7.313432836e-05
-7.208611318e-20
7.313432836e-05
-7.334526172e-20
7.313432836e-05
-1.90152501e-20
7.313432836e-05
-3.077491038e-20
7.313432836e-05
-1.330894584e-20
7.313432836e-05
-6.862968193e-20
7.313432836e-05
-2.494195363e-20
7.313432836e-05
7.6342922e-20
7.313432836e-05
-9.537998047e-21
7.313432836e-05
2.399267354e-20
7.313432836e-05
9.069627139e-20
7.313432836e-05
6.772147448e-20
7.313432836e-05
4.380167765e-20
7.313432836e-05
-5.433194756e-20
7.313432836e-05
-1.682555244e-20
7.313432836e-05
3.78791576e-20
7.313432836e-05
-1.503732136e-20
7.313432836e-05
-8.435398038e-20
7.313432836e-05
-6.470824281e-20
7.313432836e-05
-3.904145319e-22
7.313432836e-05
2.11170454e-20
7.313432836e-05
2.172772521e-20
7.313432836e-05
-1.287339263e-20
7.313432836e-05
3.715059245e-21
7.313432836e-05
1.285307005e-21
7.313432836e-05
-8.587167322e-21
7.313432836e-05
-8.810945327e-21
7.313432836e-05
6.748383952e-21
2.135724828e-20
7.014925373e-05
-2.06770086e-22
7.014925373e-05
4.163034107e-21
7.014925373e-05
2.427009716e-21
7.014925373e-05
-5.977177119e-22
7.014925373e-05
3.073287338e-20
7.014925373e-05
2.682070375e-20
7.014925373e-05
2.651610072e-20
7.014925373e-05
1.251873335e-20
7.014925373e-05
9.807845656e-21
7.014925373e-05
1.440477965e-20
7.014925373e-05
2.091557461e-20
7.014925373e-05
1.88369198e-20
7.014925373e-05
7.495370008e-21
7.014925373e-05
-2.225998361e-21
7.014925373e-05
1.767177696e-21
7.014925373e-05
-2.750144854e-20
7.014925373e-05
-1.417728822e-20
7.014925373e-05
-1.05330769e-20
7.014925373e-05
-3.943026734e-20
7.014925373e-05
-3.013918856e-20
7.014925373e-05
9.71565342e-23
7.014925373e-05
5.684349991e-21
7.014925373e-05
-4.65495462e-21
7.014925373e-05
-1.06113325e-21
7.014925373e-05
-2.580571865e-20
7.014925373e-05
-2.034526658e-20
7.014925373e-05
-2.213017345e-20
7.014925373e-05
-1.834075525e-20
7.014925373e-05
-4.19211834e-21
7.014925373e-05
-3.985987039e-21
7.014925373e-05
-1.401150144e-20
7.014925373e-05
-2.390208188e-20
7.014925373e-05
-1.870411723e-20
7.014925373e-05
6.216978876e-21
7.014925373e-05
4.181126319e-20
7.014925373e-05
1.572520526e-20
7.014925373e-05
1.869526429e-20
7.014925373e-05
-6.986323795e-21
7.014925373e-05
-2.112150405e-20
7.014925373e-05
-9.757684664e-21
7.014925373e-05
-3.29849942e-21
7.014925373e-05
1.778851202e-20
7.014925373e-05
-2.121406383e-20
7.014925373e-05
-6.155959242e-20
7.014925373e-05
-4.15954482e-20
7.014925373e-05
-2.433659352e-20
7.014925373e-05
4.200127769e-21
7.014925373e-05
2.906609649e-20
7.014925373e-05
3.643553169e-20
7.014925373e-05
1.850845673e-20
7.014925373e-05
1.422751527e-20
7.014925373e-05
1.179880053e-20
7.014925373e-05
9.030560239e-21
7.014925373e-05
3.989177697e-21
7.014925373e-05
1.651709669e-20
7.014925373e-05
5.325330421e-20
7.014925373e-05
3.737763662e-20
7.014925373e-05
3.630867593e-21
7.014925373e-05
-7.440335595e-21
7.014925373e-05
1.856307605e-20
7.014925373e-05
1.38490371e-20
7.014925373e-05
-4.168728491e-21
7.014925373e-05
5.456656373e-21
7.014925373e-05
-1.429212708e-21
7.014925373e-05
2.033378055e-20
7.014925373e-05
2.313882181e-20
7.014925373e-05
-1.238979542e-20
7.014925373e-05
-3.225313037e-21
7.014925373e-05
-3.225269149e-21
7.014925373e-05
-2.636553251e-20
7.014925373e-05
4.385121395e-20
7.014925373e-05
1.408271098e-20
7.014925373e-05
1.870118385e-21
7.014925373e-05
3.438193199e-20
7.014925373e-05
3.125840709e-20
7.014925373e-05
-4.205345503e-21
7.014925373e-05
-5.268231098e-20
7.014925373e-05
2.059970316e-20
7.014925373e-05
3.426437461e-20
7.014925373e-05
-1.37849642e-20
7.014925373e-05
-2.899699438e-20
7.014925373e-05
-2.447165372e-20
7.014925373e-05
-1.111466574e-20
7.014925373e-05
8.826303147e-21
7.014925373e-05
3.125535886e-20
7.014925373e-05
-7.506012853e-21
7.014925373e-05
-4.498969621e-20
7.014925373e-05
-4.967271429e-20
7.014925373e-05
6.704560203e-21
7.014925373e-05
2.626615654e-20
7.014925373e-05
-1.141420732e-20
7.014925373e-05
-1.354145577e-20
7.014925373e-05
2.104424209e-20
7.014925373e-05
-6.350540102e-22
7.014925373e-05
-2.862797445e-20
7.014925373e-05
1.102730192e-20
7.014925373e-05
-2.032988713e-20
7.014925373e-05
-5.718952035e-20
7.014925373e-05
-1.396065652e-20
7.014925373e-05
1.476342923e-20
7.014925373e-05
-2.708463793e-20
7.014925373e-05
-5.877087733e-20
7.014925373e-05
5.890046341e-21
7.014925373e-05
3.214581013e-20
7.014925373e-05
-1.53616629e-20
7.014925373e-05
-5.508346695e-20
7.014925373e-05
2.927550059e-20
7.014925373e-05
4.284314334e-20
7.014925373e-05
-3.01389602e-20
7.014925373e-05
-3.948332765e-20
7.014925373e-05
5.25201908e-21
7.014925373e-05
8.637243151e-20
7.014925373e-05
5.242658037e-20
7.014925373e-05
1.382161021e-20
7.014925373e-05
-1.912100238e-20
7.014925373e-05
2.759233016e-21
7.014925373e-05
3.138767555e-20
7.014925373e-05
7.665464675e-21
7.014925373e-05
-4.190397213e-21
7.014925373e-05
1.424834968e-20
7.014925373e-05
1.689487926e-20
7.014925373e-05
-4.009249299e-20
7.014925373e-05
-4.245676634e-20
7.014925373e-05
9.06347266e-21
7.014925373e-05
9.849281163e-21
7.014925373e-05
-1.221337114e-20
7.014925373e-05
-2.017387916e-20
7.014925373e-05
-5.820915783e-20
7.014925373e-05
-1.912689831e-20
7.014925373e-05
-9.163097952e-21
7.014925373e-05
1.743793468e-20
7.014925373e-05
2.776409088e-20
7.014925373e-05
3.483675838e-21
7.014925373e-05
-3.826572357e-21
7.014925373e-05
-7.518162972e-20
7.014925373e-05
-8.328222233e-21
7.014925373e-05
3.46474808e-20
7.014925373e-05
3.921433174e-21
7.014925373e-05
-4.679331828e-20
7.014925373e-05
-7.83746865e-20
7.014925373e-05
1.574444114e-20
7.014925373e-05
7.907523939e-20
7.014925373e-05
8.120526405e-20
7.014925373e-05
-1.962325875e-20
7.014925373e-05
-6.04189119e-21
7.014925373e-05
9.123441559e-20
7.014925373e-05
4.590620348e-20
7.014925373e-05
2.138611576e-20
7.014925373e-05
4.589322101e-20
7.014925373e-05
5.816647203e-20
7.014925373e-05
3.073630193e-20
7.014925373e-05
-9.948163722e-20
7.014925373e-05
-7.499354822e-20
7.014925373e-05
2.622740478e-20
7.014925373e-05
-2.317749944e-20
7.014925373e-05
-2.912732827e-20
7.014925373e-05
3.129781001e-20
7.014925373e-05
-3.832431951e-21
7.014925373e-05
-6.238680452e-21
7.014925373e-05
-5.754101628e-20
7.014925373e-05
-3.947870825e-21
7.014925373e-05
8.344257328e-21
7.014925373e-05
3.876236104e-21
7.014925373e-05
1.114244305e-20
7.014925373e-05
-1.8215781e-20
7.014925373e-05
1.717896807e-20
7.014925373e-05
3.049441246e-20
7.014925373e-05
5.851646032e-20
7.014925373e-05
-7.781780566e-21
7.014925373e-05
-3.673050449e-21
7.014925373e-05
3.685127044e-20
7.014925373e-05
-8.699227034e-20
7.014925373e-05
-6.238180262e-20
7.014925373e-05
2.009841547e-22
7.014925373e-05
-4.051748721e-20
7.014925373e-05
-6.619030533e-21
7.014925373e-05
-1.026820266e-19
7.014925373e-05
-2.033881755e-20
7.014925373e-05
1.164338921e-19
7.014925373e-05
-1.725806009e-20
7.014925373e-05
8.012866995e-21
7.014925373e-05
1.002942077e-19
7.014925373e-05
6.334157083e-20
7.014925373e-05
3.379238304e-20
7.014925373e-05
-5.988045988e-20
7.014925373e-05
-2.457101885e-20
7.014925373e-05
6.969747056e-20
7.014925373e-05
-7.599246204e-21
7.014925373e-05
-9.573579108e-20
7.014925373e-05
-5.521393929e-20
7.014925373e-05
1.654497046e-20
7.014925373e-05
5.030375004e-20
7.014925373e-05
1.895027273e-20
7.014925373e-05
-3.706637889e-20
7.014925373e-05
-9.859090789e-21
7.014925373e-05
-1.823259125e-20
7.014925373e-05
-1.195857872e-20
7.014925373e-05
3.36980448e-20
7.014925373e-05
3.155278947e-20
1.490264298e-20
6.567164179e-05
-5.634726659e-21
6.567164179e-05
-4.765645756e-21
6.567164179e-05
-2.663238576e-21
6.567164179e-05
-2.033396226e-21
6.567164179e-05
3.183954943e-20
6.567164179e-05
3.25014468e-20
6.567164179e-05
5.956272025e-21
6.567164179e-05
8.266301006e-21
6.567164179e-05
9.828006198e-21
6.567164179e-05
1.95286249e-20
6.567164179e-05
4.216615604e-20
6.567164179e-05
1.99639231e-20
6.567164179e-05
-1.456363008e-20
6.567164179e-05
9.263624603e-21
6.567164179e-05
1.964435139e-20
6.567164179e-05
-2.702863865e-20
6.567164179e-05
-1.378689798e-20
6.567164179e-05
-2.932265857e-21
6.567164179e-05
-4.45231686e-20
6.567164179e-05
-2.732031134e-20
6.567164179e-05
-6.333587022e-21
6.567164179e-05
8.239493427e-21
6.567164179e-05
5.936187134e-21
6.567164179e-05
-1.036737629e-21
6.567164179e-05
-1.858936058e-20
6.567164179e-05
-3.372058837e-20
6.567164179e-05
-2.335131879e-20
6.567164179e-05
-1.93320929e-20
6.567164179e-05
-1.154768898e-21
6.567164179e-05
-1.378849901e-21
6.567164179e-05
-8.976401325e-21
6.567164179e-05
-1.88277338e-20
6.567164179e-05
-6.970858728e-21
6.567164179e-05
8.824815916e-21
6.567164179e-05
3.285645863e-20
6.567164179e-05
1.397881016e-20
6.567164179e-05
9.067933541e-21
6.567164179e-05
-1.090742757e-20
6.567164179e-05
-9.521147959e-21
6.567164179e-05
1.010384371e-20
6.567164179e-05
-3.355449243e-20
6.567164179e-05
1.208905206e-20
6.567164179e-05
-5.295693466e-21
6.567164179e-05
-4.389559379e-20
6.567164179e-05
-3.977027492e-20
6.567164179e-05
-1.930902806e-20
6.567164179e-05
3.239212048e-21
6.567164179e-05
1.19261038e-20
6.567164179e-05
2.716131782e-20
6.567164179e-05
5.486508439e-21
6.567164179e-05
8.241273113e-21
6.567164179e-05
2.537867768e-20
6.567164179e-05
1.409714096e-21
6.567164179e-05
-2.967755681e-21
6.567164179e-05
1.10527156e-20
6.567164179e-05
5.569499461e-20
6.567164179e-05
3.163023217e-20
6.567164179e-05
4.931567502e-21
6.567164179e-05
-4.246320647e-21
6.567164179e-05
1.258130688e-20
6.567164179e-05
6.580460297e-21
6.567164179e-05
-9.800037182e-21
6.567164179e-05
6.088291909e-21
6.567164179e-05
2.061695999e-21
6.567164179e-05
6.675660479e-21
6.567164179e-05
2.645990291e-20
6.567164179e-05
-1.532147496e-20
6.567164179e-05
-2.306843121e-21
6.567164179e-05
-3.574020024e-21
6.567164179e-05
-1.543809629e-20
6.567164179e-05
4.695325812e-20
6.567164179e-05
5.215600891e-21
6.567164179e-05
-1.20683508e-20
6.567164179e-05
3.429598384e-20
6.567164179e-05
5.355170002e-20
6.567164179e-05
-1.81316562e-20
6.567164179e-05
-6.630756276e-20
6.567164179e-05
1.909267996e-20
6.567164179e-05
4.858851008e-20
6.567164179e-05
-7.927612356e-21
6.567164179e-05
-2.724252992e-20
6.567164179e-05
-2.941222311e-20
6.567164179e-05
-1.733617685e-20
6.567164179e-05
3.7200022e-21
6.567164179e-05
2.715963887e-20
6.567164179e-05
6.50629658e-21
6.567164179e-05
-4.053356925e-20
6.567164179e-05
-5.308363685e-20
6.567164179e-05
7.201493441e-21
6.567164179e-05
2.055802724e-20
6.567164179e-05
-1.884012092e-20
6.567164179e-05
-1.671451885e-20
6.567164179e-05
1.379282079e-20
6.567164179e-05
7.001228967e-21
6.567164179e-05
-3.255604849e-20
6.567164179e-05
2.820650429e-20
6.567164179e-05
-1.837722892e-20
6.567164179e-05
-6.271692172e-20
6.567164179e-05
-9.743894367e-21
6.567164179e-05
2.793401757e-20
6.567164179e-05
-2.826754982e-20
6.567164179e-05
-5.291193923e-20
6.567164179e-05
1.621427733e-20
6.567164179e-05
4.231985726e-20
6.567164179e-05
-3.10705053e-20
6.567164179e-05
-4.439779214e-20
6.567164179e-05
3.205506115e-20
6.567164179e-05
4.95200393e-20
6.567164179e-05
-3.564361002e-20
6.567164179e-05
-4.431295518e-20
6.567164179e-05
-3.876820603e-21
6.567164179e-05
6.006239072e-20
6.567164179e-05
6.474218143e-20
6.567164179e-05
1.470398384e-20
6.567164179e-05
-2.014238511e-20
6.567164179e-05
-7.173123183e-21
6.567164179e-05
2.97374332e-20
6.567164179e-05
4.14218315e-21
6.567164179e-05
-1.982614397e-21
6.567164179e-05
3.251071393e-20
6.567164179e-05
4.53611784e-21
6.567164179e-05
-6.280745194e-20
6.567164179e-05
-3.684219262e-20
6.567164179e-05
2.426818827e-20
6.567164179e-05
2.52533797e-20
6.567164179e-05
-1.717454848e-20
6.567164179e-05
-1.888778649e-20
6.567164179e-05
-5.752342492e-20
6.567164179e-05
-2.622047312e-20
6.567164179e-05
-3.108927328e-22
6.567164179e-05
1.185939245e-20
6.567164179e-05
3.507535481e-20
6.567164179e-05
-8.437194913e-21
6.567164179e-05
-1.855038518e-20
6.567164179e-05
-6.577073083e-20
6.567164179e-05
1.023844905e-20
6.567164179e-05
4.125433119e-20
6.567164179e-05
2.43600589e-21
6.567164179e-05
-4.839806569e-20
6.567164179e-05
-8.942651551e-20
6.567164179e-05
8.785258933e-21
6.567164179e-05
6.608904358e-20
6.567164179e-05
7.154374358e-20
6.567164179e-05
-3.392517937e-20
6.567164179e-05
-1.244110135e-20
6.567164179e-05
9.68530709e-20
6.567164179e-05
3.677725446e-20
6.567164179e-05
2.608146588e-20
6.567164179e-05
5.488904895e-20
6.567164179e-05
6.687727131e-20
6.567164179e-05
4.517433933e-20
6.567164179e-05
-1.063296471e-19
6.567164179e-05
-7.50324281e-20
6.567164179e-05
2.998207392e-20
6.567164179e-05
-2.776538926e-20
6.567164179e-05
-1.995322841e-20
6.567164179e-05
2.605910482e-20
6.567164179e-05
-9.162174515e-21
6.567164179e-05
-1.301463751e-20
6.567164179e-05
-5.708010112e-20
6.567164179e-05
6.814952742e-21
6.567164179e-05
1.249793352e-20
6.567164179e-05
-4.388356899e-21
6.567164179e-05
8.497391563e-21
6.567164179e-05
-1.220161295e-20
6.567164179e-05
1.389980782e-20
6.567164179e-05
2.717841231e-20
6.567164179e-05
7.582939886e-20
6.567164179e-05
-8.003700525e-21
6.567164179e-05
-5.94946485e-21
6.567164179e-05
4.686529419e-20
6.567164179e-05
-8.386330915e-20
6.567164179e-05
-6.948355976e-20
6.567164179e-05
9.667158655e-22
6.567164179e-05
-4.261079634e-20
6.567164179e-05
-7.55685209e-21
6.567164179e-05
-1.24409955e-19
6.567164179e-05
-2.927517621e-20
6.567164179e-05
1.345057024e-19
6.567164179e-05
-2.628806423e-20
6.567164179e-05
1.711090934e-20
6.567164179e-05
1.046831858e-19
6.567164179e-05
3.307920092e-20
6.567164179e-05
4.58109901e-20
6.567164179e-05
-7.686664564e-20
6.567164179e-05
-1.944614295e-20
6.567164179e-05
8.127443511e-20
6.567164179e-05
-8.832426312e-21
6.567164179e-05
-8.208495808e-20
6.567164179e-05
-6.133772434e-20
6.567164179e-05
2.386241193e-20
6.567164179e-05
5.755581344e-20
6.567164179e-05
3.889637883e-20
6.567164179e-05
-2.808237204e-20
6.567164179e-05
-3.574523353e-20
6.567164179e-05
-3.233338892e-20
6.567164179e-05
-3.869479186e-22
6.567164179e-05
4.685322632e-20
6.567164179e-05
2.337102418e-20
1.479546841e-20
5.970149254e-05
-9.004139651e-21
5.970149254e-05
-4.042534758e-21
5.970149254e-05
-1.717428477e-22
5.970149254e-05
7.918674528e-21
5.970149254e-05
1.64797482e-20
5.970149254e-05
7.284005255e-21
5.970149254e-05
1.344637887e-20
5.970149254e-05
2.202752156e-20
5.970149254e-05
-4.372172094e-22
5.970149254e-05
1.136512479e-20
5.970149254e-05
3.165918762e-20
5.970149254e-05
2.2732041e-20
5.970149254e-05
-7.953162951e-21
5.970149254e-05
1.766025396e-20
5.970149254e-05
2.298372418e-20
5.970149254e-05
-1.731228528e-20
5.970149254e-05
-4.964207512e-21
5.970149254e-05
-3.977029781e-21
5.970149254e-05
-4.434505129e-20
5.970149254e-05
-3.779078325e-20
5.970149254e-05
-9.988802321e-21
5.970149254e-05
5.447588892e-21
5.970149254e-05
1.490125717e-20
5.970149254e-05
1.814430405e-20
5.970149254e-05
-1.495603193e-20
5.970149254e-05
-3.517953234e-20
5.970149254e-05
-2.718121845e-20
5.970149254e-05
-1.506818253e-20
5.970149254e-05
7.062914736e-22
5.970149254e-05
-1.538173739e-20
5.970149254e-05
-2.212904558e-20
5.970149254e-05
-7.72733846e-21
5.970149254e-05
-4.675916897e-21
5.970149254e-05
1.611909622e-20
5.970149254e-05
3.84115658e-20
5.970149254e-05
1.010708078e-20
5.970149254e-05
1.385183249e-20
5.970149254e-05
-1.781919453e-20
5.970149254e-05
-2.106998626e-20
5.970149254e-05
6.71339438e-21
5.970149254e-05
-2.685934337e-20
5.970149254e-05
-4.51660726e-21
5.970149254e-05
1.734915648e-20
5.970149254e-05
-1.578868846e-20
5.970149254e-05
-2.39284118e-20
5.970149254e-05
-1.749566771e-20
5.970149254e-05
-1.529678421e-20
5.970149254e-05
-8.760713599e-21
5.970149254e-05
2.350049681e-20
5.970149254e-05
8.438960587e-22
5.970149254e-05
1.078585798e-20
5.970149254e-05
2.275200636e-20
5.970149254e-05
1.45577817e-20
5.970149254e-05
-3.772949993e-21
5.970149254e-05
-3.236193187e-21
5.970149254e-05
3.619238175e-20
5.970149254e-05
3.82079866e-20
5.970149254e-05
1.0133271e-20
5.970149254e-05
-1.166955682e-20
5.970149254e-05
1.156008108e-20
5.970149254e-05
3.899408927e-21
5.970149254e-05
4.591195525e-21
5.970149254e-05
1.56184987e-20
5.970149254e-05
-1.253738474e-20
5.970149254e-05
8.480405184e-21
5.970149254e-05
2.011199321e-20
5.970149254e-05
-1.742098763e-20
5.970149254e-05
-2.05026094e-21
5.970149254e-05
-5.706029612e-21
5.970149254e-05
-6.230753332e-21
5.970149254e-05
5.065925169e-20
5.970149254e-05
6.947562568e-21
5.970149254e-05
-1.736743365e-20
5.970149254e-05
2.500030992e-20
5.970149254e-05
5.155964771e-20
5.970149254e-05
-2.707650904e-20
5.970149254e-05
-7.248386829e-20
5.970149254e-05
3.447211417e-20
5.970149254e-05
5.165199848e-20
5.970149254e-05
-1.306868122e-20
5.970149254e-05
-2.00844581e-20
5.970149254e-05
-2.665136881e-20
5.970149254e-05
-2.467851248e-20
5.970149254e-05
8.536738174e-21
5.970149254e-05
4.431159379e-20
5.970149254e-05
-2.286880238e-22
5.970149254e-05
-4.272200732e-20
5.970149254e-05
-5.690645964e-20
5.970149254e-05
3.761383935e-21
5.970149254e-05
1.947424728e-20
5.970149254e-05
-1.54065799e-20
5.970149254e-05
1.724311367e-21
5.970149254e-05
3.149793544e-20
5.970149254e-05
1.963050772e-21
5.970149254e-05
-3.519828722e-20
5.970149254e-05
4.010693928e-20
5.970149254e-05
-1.266765689e-20
5.970149254e-05
-7.217653922e-20
5.970149254e-05
-1.315752729e-20
5.970149254e-05
3.185199419e-20
5.970149254e-05
-1.702308004e-20
5.970149254e-05
-5.85018086e-20
5.970149254e-05
1.886936976e-20
5.970149254e-05
4.426196525e-20
5.970149254e-05
-2.471457673e-20
5.970149254e-05
-5.183843739e-20
5.970149254e-05
3.571816863e-20
5.970149254e-05
4.818797391e-20
5.970149254e-05
-2.770078516e-20
5.970149254e-05
-4.03147636e-20
5.970149254e-05
-2.064737729e-20
5.970149254e-05
5.635119931e-20
5.970149254e-05
6.14350911e-20
5.970149254e-05
1.086314061e-20
5.970149254e-05
-2.268595186e-20
5.970149254e-05
-1.306823655e-20
5.970149254e-05
1.723406386e-20
5.970149254e-05
1.376325831e-20
5.970149254e-05
-9.353553989e-22
5.970149254e-05
1.322806724e-20
5.970149254e-05
1.269314672e-20
5.970149254e-05
-5.307982239e-20
5.970149254e-05
-3.312209679e-20
5.970149254e-05
4.133795506e-20
5.970149254e-05
1.710197091e-20
5.970149254e-05
-1.04975511e-20
5.970149254e-05
-1.187914159e-20
5.970149254e-05
-4.540983996e-20
5.970149254e-05
-1.993306595e-20
5.970149254e-05
-5.61856908e-21
5.970149254e-05
-7.43696495e-22
5.970149254e-05
2.641003019e-20
5.970149254e-05
4.895974984e-21
5.970149254e-05
-2.404400792e-20
5.970149254e-05
-7.834726612e-20
5.970149254e-05
2.393355973e-20
5.970149254e-05
6.747532298e-20
5.970149254e-05
7.315517307e-21
5.970149254e-05
-6.785483111e-20
5.970149254e-05
-9.452426088e-20
5.970149254e-05
1.81958061e-20
5.970149254e-05
7.212612986e-20
5.970149254e-05
5.260279247e-20
5.970149254e-05
-6.033123653e-20
5.970149254e-05
-1.539015898e-20
5.970149254e-05
1.044313882e-19
5.970149254e-05
2.065787845e-20
5.970149254e-05
1.372669985e-20
5.970149254e-05
6.665782273e-20
5.970149254e-05
8.876126375e-20
5.970149254e-05
3.040873815e-20
5.970149254e-05
-1.239066254e-19
5.970149254e-05
-7.298004834e-20
5.970149254e-05
5.053995839e-20
5.970149254e-05
-4.116498179e-20
5.970149254e-05
-3.740880694e-21
5.970149254e-05
4.678874162e-20
5.970149254e-05
-1.460314154e-20
5.970149254e-05
-1.55240599e-20
5.970149254e-05
-4.033631318e-20
5.970149254e-05
6.818035004e-21
5.970149254e-05
-1.024887422e-21
5.970149254e-05
2.821418291e-22
5.970149254e-05
3.748428348e-21
5.970149254e-05
-1.370979056e-20
5.970149254e-05
2.202118411e-23
5.970149254e-05
2.174454233e-20
5.970149254e-05
8.346970332e-20
5.970149254e-05
-4.10865496e-21
5.970149254e-05
-9.206722581e-21
5.970149254e-05
5.122653266e-20
5.970149254e-05
-1.068617546e-19
5.970149254e-05
-7.513234645e-20
5.970149254e-05
2.665028808e-20
5.970149254e-05
-2.905185138e-20
5.970149254e-05
-7.794885847e-22
5.970149254e-05
-1.319180758e-19
5.970149254e-05
-2.477830281e-20
5.970149254e-05
1.40429019e-19
5.970149254e-05
-3.079188651e-20
5.970149254e-05
1.007748106e-20
5.970149254e-05
1.135637253e-19
5.970149254e-05
4.586991667e-20
5.970149254e-05
3.077268836e-20
5.970149254e-05
-9.959826741e-20
5.970149254e-05
-3.891136925e-20
5.970149254e-05
1.060582656e-19
5.970149254e-05
7.290385542e-21
5.970149254e-05
-9.904618225e-20
5.970149254e-05
-5.531227031e-20
5.970149254e-05
4.337012859e-20
5.970149254e-05
5.819221972e-20
5.970149254e-05
4.409403742e-20
5.970149254e-05
-3.385375428e-20
5.970149254e-05
-4.655309278e-20
5.970149254e-05
-3.098152296e-20
5.970149254e-05
-3.072585964e-21
5.970149254e-05
6.150598646e-20
5.970149254e-05
1.777533062e-20
1.033411972e-20
5.223880597e-05
-2.679328546e-21
5.223880597e-05
-1.342815278e-20
5.223880597e-05
9.600556118e-21
5.223880597e-05
4.740333655e-21
5.223880597e-05
3.508209409e-21
5.223880597e-05
-3.364788098e-21
5.223880597e-05
2.949920353e-21
5.223880597e-05
1.369758419e-20
5.223880597e-05
-7.742845313e-22
5.223880597e-05
1.703695764e-20
5.223880597e-05
2.358758286e-20
5.223880597e-05
8.100691614e-21
5.223880597e-05
1.445175522e-20
5.223880597e-05
2.717506792e-20
5.223880597e-05
1.262450116e-20
5.223880597e-05
-1.376852977e-20
5.223880597e-05
1.157936449e-21
5.223880597e-05
-4.633675961e-21
5.223880597e-05
-4.319379348e-20
5.223880597e-05
-2.890324431e-20
5.223880597e-05
-6.864521324e-21
5.223880597e-05
6.708046418e-22
5.223880597e-05
1.765882824e-20
5.223880597e-05
2.359821655e-20
5.223880597e-05
-8.717928179e-21
5.223880597e-05
-2.879628722e-20
5.223880597e-05
-3.133760542e-20
5.223880597e-05
-1.641279553e-21
5.223880597e-05
-2.682951512e-21
5.223880597e-05
-3.373638952e-20
5.223880597e-05
-5.392329456e-21
5.223880597e-05
4.15993988e-21
5.223880597e-05
-3.046132511e-21
5.223880597e-05
1.603572032e-20
5.223880597e-05
2.399387574e-20
5.223880597e-05
3.712945733e-22
5.223880597e-05
4.224936271e-21
5.223880597e-05
-1.898966611e-20
5.223880597e-05
-1.961327639e-20
5.223880597e-05
1.077166701e-20
5.223880597e-05
-1.082315561e-20
5.223880597e-05
5.427637314e-21
5.223880597e-05
8.847124167e-21
5.223880597e-05
1.77527882e-21
5.223880597e-05
-1.8041917e-20
5.223880597e-05
-9.648291141e-21
5.223880597e-05
-9.713888673e-21
5.223880597e-05
-1.348891516e-20
5.223880597e-05
9.314602764e-21
5.223880597e-05
-5.101464398e-21
5.223880597e-05
9.905374795e-21
5.223880597e-05
6.471879339e-21
5.223880597e-05
3.064963796e-21
5.223880597e-05
-1.594827373e-21
5.223880597e-05
-1.179798079e-22
5.223880597e-05
5.097313619e-20
5.223880597e-05
2.34636109e-20
5.223880597e-05
-1.642128629e-20
5.223880597e-05
-5.842357798e-21
5.223880597e-05
-2.885884569e-21
5.223880597e-05
1.471754775e-20
5.223880597e-05
5.596859877e-21
5.223880597e-05
2.790785133e-21
5.223880597e-05
-3.423865003e-21
5.223880597e-05
2.821217923e-21
5.223880597e-05
1.328593957e-20
5.223880597e-05
-7.613241859e-21
5.223880597e-05
1.944451947e-20
5.223880597e-05
5.332283415e-21
5.223880597e-05
-1.668689079e-20
5.223880597e-05
4.571413892e-20
5.223880597e-05
-1.275534259e-20
5.223880597e-05
-3.823878699e-20
5.223880597e-05
3.443764593e-20
5.223880597e-05
6.219444216e-20
5.223880597e-05
-1.935018798e-20
5.223880597e-05
-7.352330571e-20
5.223880597e-05
3.144662261e-20
5.223880597e-05
4.905062905e-20
5.223880597e-05
-1.202667226e-20
5.223880597e-05
-1.752306723e-20
5.223880597e-05
-2.54929016e-20
5.223880597e-05
-3.57906521e-20
5.223880597e-05
1.363025496e-20
5.223880597e-05
5.264403695e-20
5.223880597e-05
-1.012920555e-20
5.223880597e-05
-3.655009012e-20
5.223880597e-05
-3.972181705e-20
5.223880597e-05
8.574745777e-21
5.223880597e-05
4.356364105e-21
5.223880597e-05
-1.258198615e-20
5.223880597e-05
1.62808766e-20
5.223880597e-05
4.677961663e-20
5.223880597e-05
1.536016149e-21
5.223880597e-05
-4.810382276e-20
5.223880597e-05
3.094887016e-20
5.223880597e-05
-1.980452829e-20
5.223880597e-05
-6.448090122e-20
5.223880597e-05
1.1089706e-20
5.223880597e-05
3.866160782e-20
5.223880597e-05
-2.872071117e-20
5.223880597e-05
-6.608499981e-20
5.223880597e-05
3.385919501e-20
5.223880597e-05
6.333978996e-20
5.223880597e-05
-3.146876066e-20
5.223880597e-05
-5.884866186e-20
5.223880597e-05
3.830460799e-20
5.223880597e-05
5.286265823e-20
5.223880597e-05
-3.386181742e-20
5.223880597e-05
-3.9339004e-20
5.223880597e-05
-2.051356386e-20
5.223880597e-05
4.268126275e-20
5.223880597e-05
5.36876143e-20
5.223880597e-05
-7.997425993e-21
5.223880597e-05
-1.576917379e-20
5.223880597e-05
1.555687812e-21
5.223880597e-05
1.803355991e-20
5.223880597e-05
-2.779238404e-21
5.223880597e-05
-1.084510834e-20
5.223880597e-05
2.895375134e-20
5.223880597e-05
1.702004239e-20
5.223880597e-05
-4.537181451e-20
5.223880597e-05
-3.615582688e-20
5.223880597e-05
4.494456576e-20
5.223880597e-05
1.976019149e-20
5.223880597e-05
-2.59226544e-20
5.223880597e-05
-4.124637415e-21
5.223880597e-05
-3.006912232e-20
5.223880597e-05
-2.735647933e-21
5.223880597e-05
-8.719440505e-21
5.223880597e-05
-1.866683816e-20
5.223880597e-05
2.964951565e-20
5.223880597e-05
-4.162958097e-21
5.223880597e-05
-6.576813741e-21
5.223880597e-05
-8.241096452e-20
5.223880597e-05
3.268846765e-20
5.223880597e-05
9.940287311e-20
5.223880597e-05
3.957322025e-21
5.223880597e-05
-8.136821907e-20
5.223880597e-05
-1.081993755e-19
5.223880597e-05
2.910635721e-20
5.223880597e-05
8.118966804e-20
5.223880597e-05
3.126613883e-20
5.223880597e-05
-8.227917698e-20
5.223880597e-05
-6.90104267e-21
5.223880597e-05
1.136557106e-19
5.223880597e-05
-1.128932681e-20
5.223880597e-05
-2.050544642e-20
5.223880597e-05
5.75892838e-20
5.223880597e-05
1.061433144e-19
5.223880597e-05
3.711488335e-20
5.223880597e-05
-1.451553281e-19
5.223880597e-05
-6.169250992e-20
5.223880597e-05
7.909850747e-20
5.223880597e-05
-5.283555491e-20
5.223880597e-05
-2.16975869e-20
5.223880597e-05
5.5135694e-20
5.223880597e-05
-1.667102026e-21
5.223880597e-05
-4.37182002e-21
5.223880597e-05
-4.721768175e-20
5.223880597e-05
2.976372402e-20
5.223880597e-05
1.147705491e-20
5.223880597e-05
-8.600619852e-21
5.223880597e-05
8.336635188e-22
5.223880597e-05
-1.943432279e-20
5.223880597e-05
-1.015075171e-20
5.223880597e-05
1.604271018e-20
5.223880597e-05
7.156642108e-20
5.223880597e-05
-1.493021958e-20
5.223880597e-05
5.230868582e-21
5.223880597e-05
6.65096247e-20
5.223880597e-05
-1.073772112e-19
5.223880597e-05
-6.557081149e-20
5.223880597e-05
3.399817123e-20
5.223880597e-05
-1.787587612e-20
5.223880597e-05
7.639164223e-21
5.223880597e-05
-1.313080018e-19
5.223880597e-05
-1.903792971e-20
5.223880597e-05
1.481996931e-19
5.223880597e-05
-5.034996245e-20
5.223880597e-05
3.746723746e-21
5.223880597e-05
1.217317337e-19
5.223880597e-05
3.455388168e-20
5.223880597e-05
1.558954893e-20
5.223880597e-05
-1.113600674e-19
5.223880597e-05
-2.518448441e-20
5.223880597e-05
1.217076333e-19
5.223880597e-05
8.107566109e-22
5.223880597e-05
-1.118931153e-19
5.223880597e-05
-5.584473085e-20
5.223880597e-05
5.285470479e-20
5.223880597e-05
6.956657601e-20
5.223880597e-05
2.391478864e-20
5.223880597e-05
-4.652606964e-20
5.223880597e-05
-8.477854989e-21
5.223880597e-05
-9.032475261e-21
5.223880597e-05
-3.012501068e-20
5.223880597e-05
3.472014189e-20
5.223880597e-05
2.115508218e-20
1.946871276e-20
4.328358209e-05
-1.018935942e-20
4.328358209e-05
-2.775200098e-21
4.328358209e-05
2.842543896e-21
4.328358209e-05
3.034704775e-21
4.328358209e-05
-8.742453603e-21
4.328358209e-05
-2.1802724e-20
4.328358209e-05
1.890990901e-20
4.328358209e-05
5.019576648e-21
4.328358209e-05
-1.052295086e-20
4.328358209e-05
1.354110309e-20
4.328358209e-05
1.196454074e-20
4.328358209e-05
1.906057892e-20
4.328358209e-05
2.41838235e-20
4.328358209e-05
1.468403009e-20
4.328358209e-05
5.01435535e-21
4.328358209e-05
-1.13130706e-20
4.328358209e-05
1.075956125e-20
4.328358209e-05
-1.525663148e-20
4.328358209e-05
-4.588923849e-20
4.328358209e-05
-2.337724914e-20
4.328358209e-05
1.240937204e-20
4.328358209e-05
9.835605665e-21
4.328358209e-05
9.886643083e-21
4.328358209e-05
1.224129576e-20
4.328358209e-05
-2.507217925e-20
4.328358209e-05
-1.863284458e-20
4.328358209e-05
-1.254630401e-20
4.328358209e-05
6.316437636e-21
4.328358209e-05
-1.471212213e-20
4.328358209e-05
-3.283338191e-20
4.328358209e-05
-6.566340111e-21
4.328358209e-05
1.182968289e-20
4.328358209e-05
4.417641054e-21
4.328358209e-05
1.108820535e-20
4.328358209e-05
1.833176553e-20
4.328358209e-05
-1.02346228e-20
4.328358209e-05
2.256990281e-21
4.328358209e-05
-1.863272841e-20
4.328358209e-05
-8.62251773e-21
4.328358209e-05
2.411264679e-20
4.328358209e-05
-3.114569933e-20
4.328358209e-05
1.323920611e-20
4.328358209e-05
2.438786676e-20
4.328358209e-05
-6.089142401e-22
4.328358209e-05
-8.70616578e-21
4.328358209e-05
-1.057863702e-20
4.328358209e-05
-6.834755118e-21
4.328358209e-05
-7.697276276e-21
4.328358209e-05
2.76773291e-23
4.328358209e-05
-9.965417643e-21
4.328358209e-05
-7.700387087e-21
4.328358209e-05
1.352786943e-20
4.328358209e-05
5.82114146e-21
4.328358209e-05
-5.8174239e-21
4.328358209e-05
3.182301534e-21
4.328358209e-05
4.095561492e-20
4.328358209e-05
1.150105999e-20
4.328358209e-05
-1.457054943e-20
4.328358209e-05
-2.569949066e-21
4.328358209e-05
-2.335176272e-21
4.328358209e-05
5.139851346e-21
4.328358209e-05
1.894401575e-20
4.328358209e-05
3.708350647e-22
4.328358209e-05
-1.572943419e-20
4.328358209e-05
5.724768437e-21
4.328358209e-05
7.704599413e-21
4.328358209e-05
3.264265434e-21
4.328358209e-05
2.183940175e-20
4.328358209e-05
1.347655431e-20
4.328358209e-05
-2.251069833e-20
4.328358209e-05
2.682764988e-20
4.328358209e-05
-2.479617919e-20
4.328358209e-05
-3.049390374e-20
4.328358209e-05
4.72983298e-20
4.328358209e-05
4.70630018e-20
4.328358209e-05
-3.019634403e-20
4.328358209e-05
-6.007397793e-20
4.328358209e-05
4.048505138e-20
4.328358209e-05
4.557006496e-20
4.328358209e-05
-1.424701206e-20
4.328358209e-05
-1.237788227e-20
4.328358209e-05
-2.510173322e-20
4.328358209e-05
-1.832665072e-20
4.328358209e-05
5.215609979e-21
4.328358209e-05
3.418348738e-20
4.328358209e-05
4.420441606e-21
4.328358209e-05
-2.198321457e-20
4.328358209e-05
-2.877904632e-20
4.328358209e-05
2.219315738e-20
4.328358209e-05
1.700871615e-20
4.328358209e-05
-2.146661331e-20
4.328358209e-05
2.38105821e-21
4.328358209e-05
3.785638313e-20
4.328358209e-05
-9.177791731e-23
4.328358209e-05
-4.659370728e-20
4.328358209e-05
1.377029585e-20
4.328358209e-05
-1.418612131e-20
4.328358209e-05
-3.53488551e-20
4.328358209e-05
2.637189982e-20
4.328358209e-05
2.873749368e-20
4.328358209e-05
-3.859352098e-20
4.328358209e-05
-5.23070076e-20
4.328358209e-05
4.248927942e-20
4.328358209e-05
6.132447388e-20
4.328358209e-05
-2.688017888e-20
4.328358209e-05
-5.355755793e-20
4.328358209e-05
3.304213141e-20
4.328358209e-05
4.617666248e-20
4.328358209e-05
-3.198045931e-20
4.328358209e-05
-3.760767321e-20
4.328358209e-05
-1.314462581e-20
4.328358209e-05
4.94131768e-20
4.328358209e-05
3.278732619e-20
4.328358209e-05
-5.552178954e-21
4.328358209e-05
-3.159278794e-20
4.328358209e-05
-3.306868046e-21
4.328358209e-05
3.52946436e-20
4.328358209e-05
-1.074582951e-20
4.328358209e-05
-2.487628246e-20
4.328358209e-05
2.178233425e-20
4.328358209e-05
3.271471169e-20
4.328358209e-05
-2.836852287e-20
4.328358209e-05
-3.262889946e-20
4.328358209e-05
3.209885522e-20
4.328358209e-05
1.629537978e-20
4.328358209e-05
-2.495635183e-20
4.328358209e-05
-1.089047964e-20
4.328358209e-05
-1.821417671e-20
4.328358209e-05
2.215720888e-20
4.328358209e-05
-1.520980937e-20
4.328358209e-05
-3.326616472e-20
4.328358209e-05
2.126341411e-20
4.328358209e-05
4.927338695e-21
4.328358209e-05
5.373914262e-21
4.328358209e-05
-8.582547699e-20
4.328358209e-05
1.132186678e-20
4.328358209e-05
9.890891351e-20
4.328358209e-05
2.982802697e-20
4.328358209e-05
-6.737323449e-20
4.328358209e-05
-9.07047468e-20
4.328358209e-05
2.327170803e-20
4.328358209e-05
6.854054579e-20
4.328358209e-05
1.696842023e-20
4.328358209e-05
-8.531840573e-20
4.328358209e-05
-6.905347007e-21
4.328358209e-05
1.0246502e-19
4.328358209e-05
-2.278866687e-20
4.328358209e-05
-2.643549119e-20
4.328358209e-05
5.91997224e-20
4.328358209e-05
7.705423789e-20
4.328358209e-05
1.971903095e-20
4.328358209e-05
-1.306992897e-19
4.328358209e-05
-4.238835109e-20
4.328358209e-05
8.949382118e-20
4.328358209e-05
-4.120624421e-20
4.328358209e-05
-2.637634186e-20
4.328358209e-05
4.366393639e-20
4.328358209e-05
9.181380291e-21
4.328358209e-05
-3.990837067e-21
4.328358209e-05
-4.110324526e-20
4.328358209e-05
2.232438226e-20
4.328358209e-05
1.189497649e-20
4.328358209e-05
-9.389925523e-22
4.328358209e-05
-4.216080287e-21
4.328358209e-05
-1.865468884e-20
4.328358209e-05
-7.742119486e-22
4.328358209e-05
1.496372406e-20
4.328358209e-05
6.993764416e-20
4.328358209e-05
-1.606408678e-20
4.328358209e-05
-8.386333134e-21
4.328358209e-05
4.93331048e-20
4.328358209e-05
-8.694299093e-20
4.328358209e-05
-4.464915124e-20
4.328358209e-05
3.526023213e-20
4.328358209e-05
-2.474199325e-21
4.328358209e-05
1.175749491e-20
4.328358209e-05
-1.326211756e-19
4.328358209e-05
-2.703478842e-20
4.328358209e-05
1.282607214e-19
4.328358209e-05
-3.668835154e-20
4.328358209e-05
7.310091917e-22
4.328358209e-05
1.046784999e-19
4.328358209e-05
2.810137567e-20
4.328358209e-05
1.523244307e-21
4.328358209e-05
-1.099267428e-19
4.328358209e-05
-1.236648152e-20
4.328358209e-05
1.150076448e-19
4.328358209e-05
1.304111842e-20
4.328358209e-05
-8.981915835e-20
4.328358209e-05
-6.283761772e-20
4.328358209e-05
4.655025641e-20
4.328358209e-05
8.059377887e-20
4.328358209e-05
1.28670392e-20
4.328358209e-05
-4.396820149e-20
4.328358209e-05
-9.530251804e-21
4.328358209e-05
-2.112803799e-20
4.328358209e-05
-1.977173323e-20
4.328358209e-05
2.7441325e-20
4.328358209e-05
3.037856014e-20
1.872270188e-20
3.28358209e-05
7.55872977e-21
3.28358209e-05
-1.265905055e-20
3.28358209e-05
7.693837661e-21
3.28358209e-05
1.21107985e-20
3.28358209e-05
-1.763965821e-20
3.28358209e-05
-2.207633004e-20
3.28358209e-05
2.006189489e-20
3.28358209e-05
3.504307779e-20
3.28358209e-05
-1.863336618e-20
3.28358209e-05
-2.985406817e-21
3.28358209e-05
1.624063258e-20
3.28358209e-05
-8.891432434e-21
3.28358209e-05
4.462782726e-21
3.28358209e-05
2.42327717e-20
3.28358209e-05
6.740469118e-21
3.28358209e-05
-5.351118354e-21
3.28358209e-05
2.317223586e-20
3.28358209e-05
-2.742425455e-20
3.28358209e-05
-4.181315544e-20
3.28358209e-05
-4.239748221e-21
3.28358209e-05
8.238246769e-21
3.28358209e-05
1.685136127e-21
3.28358209e-05
2.526536832e-20
3.28358209e-05
1.177999622e-20
3.28358209e-05
-2.791282631e-20
3.28358209e-05
-2.566059185e-20
3.28358209e-05
-1.67160055e-20
3.28358209e-05
1.104212873e-20
3.28358209e-05
-1.179617548e-20
3.28358209e-05
-3.322084959e-20
3.28358209e-05
-1.267442859e-20
3.28358209e-05
8.840525367e-21
3.28358209e-05
2.578694302e-20
3.28358209e-05
2.170007756e-20
3.28358209e-05
9.924377559e-21
3.28358209e-05
-3.03733443e-20
3.28358209e-05
-1.082355302e-20
3.28358209e-05
-4.793930584e-21
3.28358209e-05
1.903991322e-20
3.28358209e-05
2.892918872e-20
3.28358209e-05
-4.266676515e-20
3.28358209e-05
-3.051485867e-21
3.28358209e-05
2.055593146e-20
3.28358209e-05
-4.455447181e-21
3.28358209e-05
-7.375904399e-21
3.28358209e-05
6.39096692e-21
3.28358209e-05
5.020770325e-21
3.28358209e-05
-1.044114001e-20
3.28358209e-05
-2.68937487e-21
3.28358209e-05
-1.484336108e-20
3.28358209e-05
-4.35807404e-22
3.28358209e-05
1.134497716e-20
3.28358209e-05
-2.291125224e-21
3.28358209e-05
-2.106787004e-21
3.28358209e-05
3.560887751e-21
3.28358209e-05
3.565113691e-20
3.28358209e-05
1.660729247e-21
3.28358209e-05
-1.305591216e-20
3.28358209e-05
-1.365728938e-21
3.28358209e-05
-4.68334687e-21
3.28358209e-05
-1.360399726e-21
3.28358209e-05
1.007925401e-20
3.28358209e-05
3.87749033e-21
3.28358209e-05
-1.197475304e-20
3.28358209e-05
4.51969542e-21
3.28358209e-05
1.310340051e-20
3.28358209e-05
4.845510526e-21
3.28358209e-05
2.646260784e-20
3.28358209e-05
1.028623318e-21
3.28358209e-05
-2.705957157e-20
3.28358209e-05
2.471319036e-20
3.28358209e-05
-2.672551558e-20
3.28358209e-05
-2.181543507e-20
3.28358209e-05
3.630454584e-20
3.28358209e-05
3.052090299e-20
3.28358209e-05
-2.687543006e-20
3.28358209e-05
-3.716773445e-20
3.28358209e-05
2.222908125e-20
3.28358209e-05
2.33765069e-20
3.28358209e-05
1.779708025e-21
3.28358209e-05
1.001031214e-20
3.28358209e-05
-1.346527614e-20
3.28358209e-05
-3.670666331e-20
3.28358209e-05
-8.599894405e-21
3.28358209e-05
4.225571205e-20
3.28358209e-05
-2.730713503e-21
3.28358209e-05
-1.355524661e-20
3.28358209e-05
-1.461582909e-20
3.28358209e-05
1.906262708e-20
3.28358209e-05
1.756656669e-20
3.28358209e-05
-1.590506417e-20
3.28358209e-05
-1.075541839e-20
3.28358209e-05
1.930021995e-20
3.28358209e-05
6.852012806e-21
3.28358209e-05
-3.017059371e-20
3.28358209e-05
1.304347951e-20
3.28358209e-05
-7.940164569e-21
3.28358209e-05
-2.973029617e-20
3.28358209e-05
1.297518674e-20
3.28358209e-05
2.100250184e-20
3.28358209e-05
-2.078775927e-20
3.28358209e-05
-3.646175873e-20
3.28358209e-05
2.338035693e-20
3.28358209e-05
4.01096923e-20
3.28358209e-05
-1.626804675e-20
3.28358209e-05
-2.804298355e-20
3.28358209e-05
1.892715291e-20
3.28358209e-05
2.256920909e-20
3.28358209e-05
-1.745968074e-20
3.28358209e-05
-2.027283667e-20
3.28358209e-05
-2.375416852e-20
3.28358209e-05
4.482132697e-20
3.28358209e-05
2.803402145e-20
3.28358209e-05
-1.948953907e-20
3.28358209e-05
-2.4808941e-20
3.28358209e-05
-1.026614737e-20
3.28358209e-05
2.037054516e-20
3.28358209e-05
-2.624054067e-22
3.28358209e-05
-1.857513505e-20
3.28358209e-05
-6.171925549e-23
3.28358209e-05
2.489819084e-20
3.28358209e-05
-1.826202645e-20
3.28358209e-05
-2.447903063e-20
3.28358209e-05
3.457138827e-20
3.28358209e-05
2.056493932e-20
3.28358209e-05
-1.1212147e-20
3.28358209e-05
-4.761896554e-21
3.28358209e-05
-1.241123092e-20
3.28358209e-05
1.580896557e-20
3.28358209e-05
-2.191008333e-20
3.28358209e-05
-2.605658184e-20
3.28358209e-05
1.800165586e-20
3.28358209e-05
-1.658340799e-21
3.28358209e-05
4.44190506e-21
3.28358209e-05
-6.326513767e-20
3.28358209e-05
1.789790286e-20
3.28358209e-05
9.731576286e-20
3.28358209e-05
1.918659855e-20
3.28358209e-05
-7.336559205e-20
3.28358209e-05
-7.291664697e-20
3.28358209e-05
2.483257123e-20
3.28358209e-05
5.570992212e-20
3.28358209e-05
1.576700296e-20
3.28358209e-05
-7.801260054e-20
3.28358209e-05
-1.496017067e-20
3.28358209e-05
9.390226952e-20
3.28358209e-05
-1.537328622e-20
3.28358209e-05
-3.692564672e-20
3.28358209e-05
4.216350352e-20
3.28358209e-05
7.076228941e-20
3.28358209e-05
1.424683684e-20
3.28358209e-05
-1.098896136e-19
3.28358209e-05
-3.500279456e-20
3.28358209e-05
7.460992517e-20
3.28358209e-05
-4.319703402e-20
3.28358209e-05
-1.630479929e-20
3.28358209e-05
4.823298089e-20
3.28358209e-05
8.380787685e-21
3.28358209e-05
1.365418725e-20
3.28358209e-05
-3.85957014e-20
3.28358209e-05
1.686836226e-20
3.28358209e-05
2.159217676e-20
3.28358209e-05
-5.490321419e-22
3.28358209e-05
-1.483522497e-20
3.28358209e-05
-2.375417028e-20
3.28358209e-05
5.205804732e-21
3.28358209e-05
2.134260069e-20
3.28358209e-05
4.350739749e-20
3.28358209e-05
-1.409796928e-20
3.28358209e-05
-1.985152973e-20
3.28358209e-05
4.467941122e-20
3.28358209e-05
-6.358965934e-20
3.28358209e-05
-3.328923588e-20
3.28358209e-05
4.742807765e-20
3.28358209e-05
-1.654525837e-21
3.28358209e-05
-3.912099429e-21
3.28358209e-05
-9.921891244e-20
3.28358209e-05
-4.714400065e-21
3.28358209e-05
1.129897917e-19
3.28358209e-05
-5.092813601e-20
3.28358209e-05
-7.764273593e-21
3.28358209e-05
8.675689486e-20
3.28358209e-05
8.730402172e-21
3.28358209e-05
-1.673794929e-20
3.28358209e-05
-8.776173419e-20
3.28358209e-05
-4.503054461e-21
3.28358209e-05
1.181875049e-19
3.28358209e-05
-1.627243874e-21
3.28358209e-05
-8.390410888e-20
3.28358209e-05
-2.780471011e-20
3.28358209e-05
3.437290718e-20
3.28358209e-05
3.652940479e-20
3.28358209e-05
2.196416242e-20
3.28358209e-05
-3.082652484e-20
3.28358209e-05
-1.479571862e-20
3.28358209e-05
-2.375642084e-20
3.28358209e-05
-2.155720309e-20
3.28358209e-05
2.608470326e-20
3.28358209e-05
1.806716785e-20
2.949351251e-20
2.089552239e-05
1.56555044e-20
2.089552239e-05
2.00875127e-21
2.089552239e-05
-4.234565655e-21
2.089552239e-05
-1.524149918e-20
2.089552239e-05
-1.986711415e-20
2.089552239e-05
-2.441808757e-20
2.089552239e-05
9.16538355e-21
2.089552239e-05
2.659229362e-20
2.089552239e-05
-2.438545119e-21
2.089552239e-05
2.205482401e-23
2.089552239e-05
1.327761073e-20
2.089552239e-05
-4.192009635e-21
2.089552239e-05
2.179309561e-21
2.089552239e-05
2.015446252e-20
2.089552239e-05
-1.081111737e-20
2.089552239e-05
-9.172059144e-21
2.089552239e-05
5.296367947e-21
2.089552239e-05
-1.149297068e-20
2.089552239e-05
-1.384121705e-20
2.089552239e-05
2.416509115e-21
2.089552239e-05
1.824728087e-20
2.089552239e-05
2.38893063e-21
2.089552239e-05
4.827033149e-21
2.089552239e-05
1.260128538e-20
2.089552239e-05
-6.195810169e-21
2.089552239e-05
-2.128054563e-20
2.089552239e-05
-2.324691506e-20
2.089552239e-05
2.257056684e-21
2.089552239e-05
4.625743956e-22
2.089552239e-05
-2.914269243e-20
2.089552239e-05
-1.333515734e-20
2.089552239e-05
2.071774704e-20
2.089552239e-05
1.376611787e-20
2.089552239e-05
1.23178473e-20
2.089552239e-05
1.080076711e-20
2.089552239e-05
-3.365425418e-20
2.089552239e-05
-4.77884623e-21
2.089552239e-05
1.160101875e-20
2.089552239e-05
2.722344349e-21
2.089552239e-05
2.02098751e-20
2.089552239e-05
-1.82934107e-20
2.089552239e-05
-7.841529862e-21
2.089552239e-05
4.147410059e-21
2.089552239e-05
1.610104153e-21
2.089552239e-05
-1.041660536e-20
2.089552239e-05
4.025215501e-21
2.089552239e-05
1.221820047e-20
2.089552239e-05
-3.283733e-21
2.089552239e-05
-3.436818618e-21
2.089552239e-05
-1.610963505e-20
2.089552239e-05
6.18801775e-21
2.089552239e-05
1.317767297e-20
2.089552239e-05
-3.808044011e-21
2.089552239e-05
-2.72193375e-22
2.089552239e-05
2.676820094e-21
2.089552239e-05
9.648021756e-21
2.089552239e-05
1.835620313e-21
2.089552239e-05
-3.107902858e-21
2.089552239e-05
-1.222161781e-21
2.089552239e-05
-1.971718441e-22
2.089552239e-05
-2.913804314e-21
2.089552239e-05
4.277235205e-22
2.089552239e-05
3.360348788e-21
2.089552239e-05
1.069529019e-22
2.089552239e-05
2.487308761e-21
2.089552239e-05
5.013979667e-21
2.089552239e-05
1.049539634e-20
2.089552239e-05
4.304956462e-21
2.089552239e-05
-1.064749525e-20
2.089552239e-05
-1.373320815e-20
2.089552239e-05
6.864933157e-21
2.089552239e-05
-2.099468153e-20
2.089552239e-05
2.945801159e-21
2.089552239e-05
2.925663625e-20
2.089552239e-05
3.153125417e-21
2.089552239e-05
-2.939588907e-20
2.089552239e-05
-6.406677826e-21
2.089552239e-05
4.569329264e-20
2.089552239e-05
5.843327106e-21
2.089552239e-05
-8.980061011e-22
2.089552239e-05
9.723717234e-21
2.089552239e-05
-1.591129771e-20
2.089552239e-05
-2.23871418e-20
2.089552239e-05
5.711964416e-21
2.089552239e-05
1.51444741e-20
2.089552239e-05
-6.01947983e-21
2.089552239e-05
-9.606728609e-21
2.089552239e-05
-1.11553301e-20
2.089552239e-05
1.875024333e-20
2.089552239e-05
8.876364809e-21
2.089552239e-05
-1.844939854e-20
2.089552239e-05
-2.397283536e-20
2.089552239e-05
1.653929749e-20
2.089552239e-05
2.83082125e-20
2.089552239e-05
-4.748225076e-21
2.089552239e-05
3.494759829e-21
2.089552239e-05
-5.716555669e-21
2.089552239e-05
-1.499428933e-20
2.089552239e-05
-1.099120981e-20
2.089552239e-05
2.03869568e-20
2.089552239e-05
8.426210566e-21
2.089552239e-05
-2.666242488e-20
2.089552239e-05
-4.533155146e-21
2.089552239e-05
1.378316454e-20
2.089552239e-05
7.734644805e-21
2.089552239e-05
1.205270066e-21
2.089552239e-05
-3.440182214e-21
2.089552239e-05
-4.691586195e-21
2.089552239e-05
8.99704287e-22
2.089552239e-05
1.628104233e-21
2.089552239e-05
-2.070413641e-20
2.089552239e-05
1.032252369e-20
2.089552239e-05
8.728825591e-21
2.089552239e-05
3.48727234e-21
2.089552239e-05
3.261362437e-21
2.089552239e-05
-1.249292842e-20
2.089552239e-05
-4.250858435e-21
2.089552239e-05
8.077709091e-21
2.089552239e-05
5.681086718e-21
2.089552239e-05
-9.019436581e-21
2.089552239e-05
-3.494772305e-21
2.089552239e-05
-1.140126884e-20
2.089552239e-05
-1.505654465e-20
2.089552239e-05
1.397192129e-20
2.089552239e-05
1.118951238e-20
2.089552239e-05
9.675712254e-21
2.089552239e-05
1.10460078e-20
2.089552239e-05
-1.286140145e-20
2.089552239e-05
-1.102574907e-21
2.089552239e-05
-1.538873237e-20
2.089552239e-05
-5.750497262e-21
2.089552239e-05
1.077791026e-20
2.089552239e-05
-1.087016574e-20
2.089552239e-05
1.318104543e-20
2.089552239e-05
-3.282279874e-20
2.089552239e-05
2.256000189e-21
2.089552239e-05
5.703294863e-20
2.089552239e-05
1.878644687e-20
2.089552239e-05
-3.13592127e-20
2.089552239e-05
-5.060386142e-20
2.089552239e-05
5.50904138e-21
2.089552239e-05
2.388549822e-20
2.089552239e-05
1.639005195e-20
2.089552239e-05
-4.125839189e-20
2.089552239e-05
-1.013310959e-20
2.089552239e-05
6.288682809e-20
2.089552239e-05
-1.16592469e-20
2.089552239e-05
-3.783544879e-20
2.089552239e-05
2.916017095e-20
2.089552239e-05
4.939399462e-20
2.089552239e-05
1.325599462e-20
2.089552239e-05
-5.480014637e-20
2.089552239e-05
-2.668572739e-20
2.089552239e-05
2.587846591e-20
2.089552239e-05
-1.907288617e-20
2.089552239e-05
9.232883081e-22
2.089552239e-05
1.995384549e-20
2.089552239e-05
-7.823560144e-21
2.089552239e-05
1.671549363e-20
2.089552239e-05
-1.533270275e-20
2.089552239e-05
1.932492929e-21
2.089552239e-05
3.584278542e-22
2.089552239e-05
9.608376999e-21
2.089552239e-05
2.612592847e-22
2.089552239e-05
-1.188326208e-20
2.089552239e-05
-1.225292731e-20
2.089552239e-05
1.043402545e-20
2.089552239e-05
5.032730632e-20
2.089552239e-05
-1.700371023e-20
2.089552239e-05
-1.65613883e-20
2.089552239e-05
2.515350595e-20
2.089552239e-05
-4.297403672e-20
2.089552239e-05
-1.834342394e-20
2.089552239e-05
4.564468277e-20
2.089552239e-05
-8.362131412e-21
2.089552239e-05
-5.374041949e-21
2.089552239e-05
-5.239007152e-20
2.089552239e-05
-6.582235726e-21
2.089552239e-05
7.435126094e-20
2.089552239e-05
-2.414615409e-20
2.089552239e-05
-1.040581995e-20
2.089552239e-05
4.155868465e-20
2.089552239e-05
-6.695110792e-21
2.089552239e-05
-5.803764329e-21
2.089552239e-05
-4.197466813e-20
2.089552239e-05
-6.808488532e-21
2.089552239e-05
4.960040328e-20
2.089552239e-05
-9.646678747e-21
2.089552239e-05
-2.945371142e-20
2.089552239e-05
-1.628649407e-21
2.089552239e-05
1.353196378e-20
2.089552239e-05
7.099389931e-21
2.089552239e-05
1.982930145e-20
2.089552239e-05
-5.562509253e-21
2.089552239e-05
-9.182518123e-21
2.089552239e-05
-3.40523649e-20
2.089552239e-05
-2.42214529e-20
2.089552239e-05
3.893837946e-20
2.089552239e-05
2.300221441e-20
1.365100066e-20
7.462686567e-06
7.462686567e-06
7.462686567e-06
7.462686567e-06
7.462686567e-06
7.462686567e-06
7.462686567e-06
7.462686567e-06
7.462686567e-06
7.462686567e-06
7.462686567e-06
7.462686567e-06
7.462686567e-06
7.462686567e-06
7.462686567e-06
7.462686567e-06
7.462686567e-06
7.462686567e-06
7.462686567e-06
7.462686567e-06
7.462686567e-06
7.462686567e-06
7.462686567e-06
7.462686567e-06
7.462686567e-06
7.462686567e-06
7.462686567e-06
7.462686567e-06
7.462686567e-06
7.462686567e-06
7.462686567e-06
7.462686567e-06
7.462686567e-06
7.462686567e-06
7.462686567e-06
7.462686567e-06
7.462686567e-06
7.462686567e-06
7.462686567e-06
7.462686567e-06
7.462686567e-06
7.462686567e-06
7.462686567e-06
7.462686567e-06
7.462686567e-06
7.462686567e-06
7.462686567e-06
7.462686567e-06
7.462686567e-06
7.462686567e-06
7.462686567e-06
7.462686567e-06
7.462686567e-06
7.462686567e-06
7.462686567e-06
7.462686567e-06
7.462686567e-06
7.462686567e-06
7.462686567e-06
7.462686567e-06
7.462686567e-06
7.462686567e-06
7.462686567e-06
7.462686567e-06
7.462686567e-06
7.462686567e-06
7.462686567e-06
7.462686567e-06
7.462686567e-06
7.462686567e-06
7.462686567e-06
7.462686567e-06
7.462686567e-06
7.462686567e-06
7.462686567e-06
7.462686567e-06
7.462686567e-06
7.462686567e-06
7.462686567e-06
7.462686567e-06
7.462686567e-06
7.462686567e-06
7.462686567e-06
7.462686567e-06
7.462686567e-06
7.462686567e-06
7.462686567e-06
7.462686567e-06
7.462686567e-06
7.462686567e-06
7.462686567e-06
7.462686567e-06
7.462686567e-06
7.462686567e-06
7.462686567e-06
7.462686567e-06
7.462686567e-06
7.462686567e-06
7.462686567e-06
7.462686567e-06
7.462686567e-06
7.462686567e-06
7.462686567e-06
7.462686567e-06
7.462686567e-06
7.462686567e-06
7.462686567e-06
7.462686567e-06
7.462686567e-06
7.462686567e-06
7.462686567e-06
7.462686567e-06
7.462686567e-06
7.462686567e-06
7.462686567e-06
7.462686567e-06
7.462686567e-06
7.462686567e-06
7.462686567e-06
7.462686567e-06
7.462686567e-06
7.462686567e-06
7.462686567e-06
7.462686567e-06
7.462686567e-06
7.462686567e-06
7.462686567e-06
7.462686567e-06
7.462686567e-06
7.462686567e-06
7.462686567e-06
7.462686567e-06
7.462686567e-06
7.462686567e-06
7.462686567e-06
7.462686567e-06
7.462686567e-06
7.462686567e-06
7.462686567e-06
7.462686567e-06
7.462686567e-06
7.462686567e-06
7.462686567e-06
7.462686567e-06
7.462686567e-06
7.462686567e-06
7.462686567e-06
7.462686567e-06
7.462686567e-06
7.462686567e-06
7.462686567e-06
7.462686567e-06
7.462686567e-06
7.462686567e-06
7.462686567e-06
7.462686567e-06
7.462686567e-06
7.462686567e-06
7.462686567e-06
7.462686567e-06
7.462686567e-06
7.462686567e-06
7.462686567e-06
7.462686567e-06
7.462686567e-06
7.462686567e-06
7.462686567e-06
7.462686567e-06
7.462686567e-06
7.462686567e-06
7.462686567e-06
7.462686567e-06
7.462686567e-06
7.462686567e-06
7.462686567e-06
7.462686567e-06
7.462686567e-06
7.462686567e-06
7.462686567e-06
7.462686567e-06
7.462686567e-06
7.462686567e-06
7.462686567e-06
7.462686567e-06
7.462686567e-06
7.462686567e-06
7.462686567e-06
7.462686567e-06
7.462686567e-06
7.462686567e-06
7.462686567e-06
7.462686567e-06
7.462686567e-06
7.462686567e-06
7.462686567e-06
7.462686567e-06
7.462686567e-06
7.462686567e-06
7.462686567e-06
)
;

boundaryField
{
    inlet
    {
        type            cyclic;
        value           nonuniform List<scalar> 
20
(
-5.970149254e-05
-6.567164179e-05
-7.014925373e-05
-7.313432836e-05
-7.462686567e-05
-7.462686567e-05
-7.313432836e-05
-7.014925373e-05
-6.567164179e-05
-5.970149254e-05
-5.223880597e-05
-4.328358209e-05
-3.28358209e-05
-2.089552239e-05
-7.462686567e-06
-5.223880597e-05
-4.328358209e-05
-3.28358209e-05
-2.089552239e-05
-7.462686567e-06
)
;
    }
    outlet
    {
        type            cyclic;
        value           nonuniform List<scalar> 
20
(
5.970149254e-05
6.567164179e-05
7.014925373e-05
7.313432836e-05
7.462686567e-05
7.462686567e-05
7.313432836e-05
7.014925373e-05
6.567164179e-05
5.970149254e-05
5.223880597e-05
4.328358209e-05
3.28358209e-05
2.089552239e-05
7.462686567e-06
5.223880597e-05
4.328358209e-05
3.28358209e-05
2.089552239e-05
7.462686567e-06
)
;
    }
    topWall
    {
        type            calculated;
        value           uniform 0;
    }
    bottomWall
    {
        type            calculated;
        value           uniform 0;
    }
    frontAndBack
    {
        type            empty;
        value           nonuniform List<scalar> 0();
    }
}


// ************************************************************************* //
