/*--------------------------------*- C++ -*----------------------------------*\
  =========                 |
  \\      /  F ield         | OpenFOAM: The Open Source CFD Toolbox
   \\    /   O peration     | Website:  https://openfoam.org
    \\  /    A nd           | Version:  10
     \\/     M anipulation  |
\*---------------------------------------------------------------------------*/
FoamFile
{
    format      ascii;
    class       volVectorField;
    location    "500";
    object      U;
}
// * * * * * * * * * * * * * * * * * * * * * * * * * * * * * * * * * * * * * //

dimensions      [0 1 -1 0 0 0 0];

internalField   nonuniform List<vector> 
4000
(
(0.1492537313 4.46655508e-16 0)
(0.1492537313 1.259783646e-16 0)
(0.1492537313 6.172281836e-17 0)
(0.1492537313 2.375633706e-17 0)
(0.1492537313 -8.294542274e-18 0)
(0.1492537313 -7.260262742e-19 0)
(0.1492537313 2.104233358e-17 0)
(0.1492537313 7.742399413e-18 0)
(0.1492537313 -8.775542046e-18 0)
(0.1492537313 2.317263023e-17 0)
(0.1492537313 1.220453941e-17 0)
(0.1492537313 -3.089257102e-17 0)
(0.1492537313 -9.478419033e-18 0)
(0.1492537313 2.086098699e-17 0)
(0.1492537313 2.471373228e-17 0)
(0.1492537313 -1.884257317e-17 0)
(0.1492537313 -2.656135574e-17 0)
(0.1492537313 2.853431478e-18 0)
(0.1492537313 1.554077247e-17 0)
(0.1492537313 1.176731568e-17 0)
(0.1492537313 1.128616396e-17 0)
(0.1492537313 -5.566374186e-17 0)
(0.1492537313 -1.312956234e-17 0)
(0.1492537313 2.803547662e-17 0)
(0.1492537313 1.277116192e-17 0)
(0.1492537313 2.455989846e-17 0)
(0.1492537313 -2.139444239e-17 0)
(0.1492537313 1.442938692e-17 0)
(0.1492537313 1.569015455e-17 0)
(0.1492537313 -5.122816003e-17 0)
(0.1492537313 1.304106521e-17 0)
(0.1492537313 -2.054610805e-17 0)
(0.1492537313 1.009747066e-17 0)
(0.1492537313 1.535888781e-17 0)
(0.1492537313 -4.101233231e-17 0)
(0.1492537313 7.181775469e-17 0)
(0.1492537313 -5.226085941e-17 0)
(0.1492537313 -2.478490839e-17 0)
(0.1492537313 4.652040684e-18 0)
(0.1492537313 1.228622275e-17 0)
(0.1492537313 6.491823271e-17 0)
(0.1492537313 -4.281514906e-17 0)
(0.1492537313 1.137704564e-17 0)
(0.1492537313 -4.50831167e-17 0)
(0.1492537313 -2.884189839e-18 0)
(0.1492537313 1.530801826e-17 0)
(0.1492537313 -3.031175324e-18 0)
(0.1492537313 5.490080028e-17 0)
(0.1492537313 -4.930913465e-17 0)
(0.1492537313 -2.048256047e-17 0)
(0.1492537313 3.945162999e-17 0)
(0.1492537313 -1.511599973e-17 0)
(0.1492537313 4.486968304e-17 0)
(0.1492537313 -2.614542017e-17 0)
(0.1492537313 -4.449040803e-17 0)
(0.1492537313 3.463648507e-17 0)
(0.1492537313 6.253163627e-17 0)
(0.1492537313 -5.174250345e-17 0)
(0.1492537313 1.644158585e-18 0)
(0.1492537313 1.481925554e-17 0)
(0.1492537313 -1.440322819e-17 0)
(0.1492537313 7.463213331e-18 0)
(0.1492537313 4.981233673e-18 0)
(0.1492537313 -1.745123313e-17 0)
(0.1492537313 -5.554420688e-17 0)
(0.1492537313 4.366034521e-17 0)
(0.1492537313 4.361805774e-17 0)
(0.1492537313 -3.898752932e-17 0)
(0.1492537313 -4.08359185e-17 0)
(0.1492537313 9.648857162e-17 0)
(0.1492537313 -8.022008562e-17 0)
(0.1492537313 -3.938444964e-17 0)
(0.1492537313 1.542088208e-16 0)
(0.1492537313 -9.908792271e-17 0)
(0.1492537313 -1.090942268e-16 0)
(0.1492537313 9.270732702e-17 0)
(0.1492537313 7.258528272e-17 0)
(0.1492537313 4.277904986e-18 0)
(0.1492537313 -1.818108178e-16 0)
(0.1492537313 3.605648138e-17 0)
(0.1492537313 1.157889384e-16 0)
(0.1492537313 -1.051568511e-17 0)
(0.1492537313 -6.04626185e-18 0)
(0.1492537313 -7.995808205e-17 0)
(0.1492537313 4.364071509e-18 0)
(0.1492537313 4.428040321e-17 0)
(0.1492537313 6.448287157e-17 0)
(0.1492537313 -7.442853883e-18 0)
(0.1492537313 -1.639503485e-16 0)
(0.1492537313 5.607365349e-17 0)
(0.1492537313 1.016422691e-16 0)
(0.1492537313 -1.758125619e-17 0)
(0.1492537313 -1.029550065e-16 0)
(0.1492537313 5.580595169e-17 0)
(0.1492537313 5.381303528e-17 0)
(0.1492537313 -1.070959322e-16 0)
(0.1492537313 1.098878389e-16 0)
(0.1492537313 1.22137193e-17 0)
(0.1492537313 -1.220799227e-16 0)
(0.1492537313 -1.331731471e-17 0)
(0.1492537313 4.987011232e-17 0)
(0.1492537313 1.188851124e-16 0)
(0.1492537313 -8.544574716e-17 0)
(0.1492537313 -9.863561826e-17 0)
(0.1492537313 8.270617593e-17 0)
(0.1492537313 1.077056871e-16 0)
(0.1492537313 -1.306854311e-17 0)
(0.1492537313 -2.152950103e-16 0)
(0.1492537313 7.229957388e-18 0)
(0.1492537313 2.193584575e-16 0)
(0.1492537313 -8.726827626e-17 0)
(0.1492537313 -1.143978906e-16 0)
(0.1492537313 8.994311342e-17 0)
(0.1492537313 -3.828578163e-18 0)
(0.1492537313 1.046697828e-16 0)
(0.1492537313 -9.286780321e-17 0)
(0.1492537313 -1.153142769e-16 0)
(0.1492537313 1.06139059e-16 0)
(0.1492537313 1.294297378e-16 0)
(0.1492537313 -2.615480156e-17 0)
(0.1492537313 -2.277658246e-16 0)
(0.1492537313 1.206820681e-17 0)
(0.1492537313 2.218297402e-16 0)
(0.1492537313 -9.125420631e-17 0)
(0.1492537313 -1.034429352e-16 0)
(0.1492537313 8.815768815e-17 0)
(0.1492537313 1.113871269e-16 0)
(0.1492537313 -7.573093683e-18 0)
(0.1492537313 -2.131806895e-16 0)
(0.1492537313 1.243074759e-16 0)
(0.1492537313 1.538752864e-17 0)
(0.1492537313 -1.215998763e-16 0)
(0.1492537313 1.068915921e-16 0)
(0.1492537313 -1.109547395e-16 0)
(0.1492537313 1.947069609e-16 0)
(0.1492537313 1.036746831e-17 0)
(0.1492537313 -2.053638314e-16 0)
(0.1492537313 8.685423166e-17 0)
(0.1492537313 1.424917003e-17 0)
(0.1492537313 1.186525425e-16 0)
(0.1492537313 -1.540925137e-17 0)
(0.1492537313 -1.864658296e-16 0)
(0.1492537313 -3.837875391e-18 0)
(0.1492537313 1.138647791e-16 0)
(0.1492537313 -3.544638612e-18 0)
(0.1492537313 -3.415715552e-17 0)
(0.1492537313 2.2655783e-16 0)
(0.1492537313 -6.954782666e-17 0)
(0.1492537313 -3.113398105e-16 0)
(0.1492537313 9.808253568e-17 0)
(0.1492537313 8.818424649e-17 0)
(0.1492537313 1.260136242e-16 0)
(0.1492537313 -1.011986108e-16 0)
(0.1492537313 -2.325335595e-16 0)
(0.1492537313 3.36580212e-16 0)
(0.1492537313 1.098231367e-16 0)
(0.1492537313 -2.189015422e-16 0)
(0.1492537313 -1.015668715e-16 0)
(0.1492537313 -1.065988342e-16 0)
(0.1492537313 2.07556064e-16 0)
(0.1492537313 8.821534551e-17 0)
(0.1492537313 6.038798731e-18 0)
(0.1492537313 -8.31495992e-17 0)
(0.1492537313 -9.576156378e-17 0)
(0.1492537313 1.784466677e-16 0)
(0.1492537313 -1.065589933e-16 0)
(0.1492537313 8.106039026e-18 0)
(0.1492537313 -1.118461164e-16 0)
(0.1492537313 -3.629957937e-18 0)
(0.1492537313 2.869042946e-16 0)
(0.1492537313 -2.013660872e-16 0)
(0.1492537313 5.539638822e-18 0)
(0.1492537313 2.876304367e-17 0)
(0.1492537313 -2.146834164e-16 0)
(0.1492537313 3.512397317e-16 0)
(0.1492537313 -2.752726106e-17 0)
(0.1492537313 -1.351090104e-16 0)
(0.1492537313 5.19323402e-17 0)
(0.1492537313 -2.377468916e-16 0)
(0.1492537313 3.203841721e-16 0)
(0.1492537313 2.867943406e-17 0)
(0.1492537313 -1.531439923e-16 0)
(0.1492537313 1.093490815e-17 0)
(0.1492537313 -2.326655906e-17 0)
(0.1492537313 1.135420221e-16 0)
(0.1492537313 -1.525035016e-16 0)
(0.1492537313 -1.511403394e-16 0)
(0.1492537313 3.241237355e-16 0)
(0.1492537313 1.380432452e-16 0)
(0.1492537313 -2.508083047e-16 0)
(0.1492537313 -1.078739641e-16 0)
(0.1492537313 1.172340189e-16 0)
(0.1492537313 -1.2844346e-17 0)
(0.1492537313 -7.605183034e-17 0)
(0.1492537313 2.028396914e-16 0)
(0.1492537313 -2.273863496e-16 0)
(0.1492537313 1.298721165e-16 0)
(0.1492537313 2.383683113e-16 0)
(0.1492537313 -3.096636925e-16 0)
(0.1492537313 7.755425026e-17 0)
(0.4179104478 1.580896445e-15 0)
(0.4179104478 1.902102788e-16 0)
(0.4179104478 7.63252374e-17 0)
(0.4179104478 2.525867632e-17 0)
(0.4179104478 -1.16634938e-17 0)
(0.4179104478 -4.982015841e-17 0)
(0.4179104478 2.893626186e-18 0)
(0.4179104478 2.230256543e-17 0)
(0.4179104478 -8.249913331e-19 0)
(0.4179104478 3.8510784e-17 0)
(0.4179104478 -8.955205415e-18 0)
(0.4179104478 -3.8947001e-19 0)
(0.4179104478 -2.985590986e-17 0)
(0.4179104478 -1.23480408e-17 0)
(0.4179104478 3.861203354e-17 0)
(0.4179104478 -4.265964258e-17 0)
(0.4179104478 -3.872995225e-17 0)
(0.4179104478 1.105295399e-17 0)
(0.4179104478 -5.14623717e-17 0)
(0.4179104478 3.13640189e-17 0)
(0.4179104478 2.48117277e-17 0)
(0.4179104478 -6.693946418e-17 0)
(0.4179104478 -1.08486722e-16 0)
(0.4179104478 5.342901275e-17 0)
(0.4179104478 1.208771898e-16 0)
(0.4179104478 4.832874589e-17 0)
(0.4179104478 -3.754334373e-17 0)
(0.4179104478 2.533778481e-17 0)
(0.4179104478 1.637347355e-17 0)
(0.4179104478 -7.139440216e-17 0)
(0.4179104478 3.142309653e-17 0)
(0.4179104478 -2.29639646e-17 0)
(0.4179104478 -8.024485622e-17 0)
(0.4179104478 5.652663945e-17 0)
(0.4179104478 -9.104352157e-17 0)
(0.4179104478 5.07732073e-17 0)
(0.4179104478 -4.922081555e-17 0)
(0.4179104478 -3.337004282e-17 0)
(0.4179104478 3.097333303e-17 0)
(0.4179104478 5.379145003e-17 0)
(0.4179104478 7.478960036e-17 0)
(0.4179104478 -3.387359768e-17 0)
(0.4179104478 6.566714087e-17 0)
(0.4179104478 -1.536886309e-16 0)
(0.4179104478 3.481160567e-17 0)
(0.4179104478 -2.485814065e-17 0)
(0.4179104478 -1.032632847e-16 0)
(0.4179104478 8.633839418e-17 0)
(0.4179104478 -6.415639283e-17 0)
(0.4179104478 9.962737698e-17 0)
(0.4179104478 9.354392644e-17 0)
(0.4179104478 -1.401546912e-16 0)
(0.4179104478 -3.293411472e-17 0)
(0.4179104478 6.429291893e-17 0)
(0.4179104478 -6.063323875e-17 0)
(0.4179104478 -4.033785169e-17 0)
(0.4179104478 1.711673092e-16 0)
(0.4179104478 -3.555475998e-17 0)
(0.4179104478 5.797092202e-17 0)
(0.4179104478 6.218473422e-17 0)
(0.4179104478 -9.828502873e-17 0)
(0.4179104478 1.95202414e-18 0)
(0.4179104478 3.339171844e-17 0)
(0.4179104478 -8.03513563e-17 0)
(0.4179104478 1.731720183e-17 0)
(0.4179104478 1.110632621e-16 0)
(0.4179104478 -6.951134174e-17 0)
(0.4179104478 -6.001198004e-18 0)
(0.4179104478 1.95934918e-16 0)
(0.4179104478 -6.614748857e-17 0)
(0.4179104478 -2.566040913e-16 0)
(0.4179104478 4.328100734e-17 0)
(0.4179104478 2.227434545e-16 0)
(0.4179104478 -1.18535567e-16 0)
(0.4179104478 -1.608657537e-16 0)
(0.4179104478 1.274514109e-16 0)
(0.4179104478 1.662413473e-16 0)
(0.4179104478 -1.071254868e-17 0)
(0.4179104478 -3.214370461e-16 0)
(0.4179104478 5.248025448e-17 0)
(0.4179104478 1.58726429e-16 0)
(0.4179104478 -1.163241735e-16 0)
(0.4179104478 -4.54499866e-17 0)
(0.4179104478 1.003494765e-16 0)
(0.4179104478 1.358762115e-16 0)
(0.4179104478 9.20004495e-17 0)
(0.4179104478 -1.16336017e-16 0)
(0.4179104478 -1.91431865e-16 0)
(0.4179104478 -8.932247813e-17 0)
(0.4179104478 1.694739707e-16 0)
(0.4179104478 2.623529338e-16 0)
(0.4179104478 -2.417829783e-16 0)
(0.4179104478 -1.927924873e-16 0)
(0.4179104478 2.865071262e-16 0)
(0.4179104478 3.127932143e-17 0)
(0.4179104478 -1.849585519e-16 0)
(0.4179104478 1.060276796e-16 0)
(0.4179104478 1.644855189e-16 0)
(0.4179104478 -2.513642011e-16 0)
(0.4179104478 -2.715082807e-16 0)
(0.4179104478 3.191169575e-16 0)
(0.4179104478 1.448236674e-16 0)
(0.4179104478 -5.858482783e-17 0)
(0.4179104478 -1.288083903e-16 0)
(0.4179104478 4.956019124e-17 0)
(0.4179104478 1.362328354e-16 0)
(0.4179104478 -1.142969822e-16 0)
(0.4179104478 -9.995285398e-17 0)
(0.4179104478 7.921025977e-17 0)
(0.4179104478 2.000704921e-16 0)
(0.4179104478 -2.167197745e-16 0)
(0.4179104478 -1.726166104e-16 0)
(0.4179104478 2.301033337e-16 0)
(0.4179104478 1.566371787e-16 0)
(0.4179104478 2.065719674e-17 0)
(0.4179104478 -1.721667142e-16 0)
(0.4179104478 -1.928753981e-16 0)
(0.4179104478 2.424312874e-16 0)
(0.4179104478 2.645674021e-16 0)
(0.4179104478 -1.832785849e-16 0)
(0.4179104478 -1.458205873e-16 0)
(0.4179104478 1.164935963e-17 0)
(0.4179104478 1.109372899e-16 0)
(0.4179104478 1.030587195e-17 0)
(0.4179104478 1.033558052e-16 0)
(0.4179104478 5.236207511e-17 0)
(0.4179104478 -8.129736165e-17 0)
(0.4179104478 -1.313796683e-16 0)
(0.4179104478 -2.150630827e-16 0)
(0.4179104478 2.686207574e-16 0)
(0.4179104478 4.727273156e-17 0)
(0.4179104478 -1.144710867e-16 0)
(0.4179104478 1.931935499e-16 0)
(0.4179104478 -2.321460926e-16 0)
(0.4179104478 -1.030647693e-16 0)
(0.4179104478 1.291753514e-16 0)
(0.4179104478 -2.476749943e-17 0)
(0.4179104478 -6.02458932e-17 0)
(0.4179104478 1.881176181e-16 0)
(0.4179104478 2.744800007e-17 0)
(0.4179104478 -2.607660951e-16 0)
(0.4179104478 -1.428954497e-16 0)
(0.4179104478 4.128778993e-17 0)
(0.4179104478 1.933002598e-16 0)
(0.4179104478 6.602391293e-17 0)
(0.4179104478 -5.13031655e-18 0)
(0.4179104478 1.923096343e-16 0)
(0.4179104478 -8.190118621e-17 0)
(0.4179104478 -2.530973782e-16 0)
(0.4179104478 2.400672585e-17 0)
(0.4179104478 3.457814773e-17 0)
(0.4179104478 2.702090803e-16 0)
(0.4179104478 -4.620885493e-17 0)
(0.4179104478 -3.516351576e-16 0)
(0.4179104478 4.37359358e-16 0)
(0.4179104478 1.633154002e-16 0)
(0.4179104478 -3.577992339e-16 0)
(0.4179104478 -2.136712753e-16 0)
(0.4179104478 -9.68581744e-17 0)
(0.4179104478 3.532974632e-16 0)
(0.4179104478 1.979873018e-16 0)
(0.4179104478 -2.271542724e-16 0)
(0.4179104478 -3.152957949e-17 0)
(0.4179104478 1.399343629e-16 0)
(0.4179104478 -6.277527275e-17 0)
(0.4179104478 -2.089331059e-16 0)
(0.4179104478 -5.137334627e-17 0)
(0.4179104478 -2.167144221e-17 0)
(0.4179104478 1.734341056e-16 0)
(0.4179104478 2.510221728e-16 0)
(0.4179104478 -1.235657266e-16 0)
(0.4179104478 -7.33775943e-17 0)
(0.4179104478 3.045181037e-16 0)
(0.4179104478 -5.388590626e-16 0)
(0.4179104478 7.541343529e-17 0)
(0.4179104478 6.552934046e-17 0)
(0.4179104478 -3.98392077e-17 0)
(0.4179104478 2.852415234e-16 0)
(0.4179104478 -4.616491137e-16 0)
(0.4179104478 4.128369162e-16 0)
(0.4179104478 1.22435899e-16 0)
(0.4179104478 -3.478182496e-16 0)
(0.4179104478 2.633098014e-16 0)
(0.4179104478 -5.094063136e-16 0)
(0.4179104478 7.084254333e-17 0)
(0.4179104478 6.406917492e-16 0)
(0.4179104478 -4.630815555e-16 0)
(0.4179104478 1.120272005e-16 0)
(0.4179104478 3.440816683e-16 0)
(0.4179104478 -3.21431053e-16 0)
(0.4179104478 -3.223736975e-16 0)
(0.4179104478 1.797205181e-16 0)
(0.4179104478 -6.755527407e-17 0)
(0.4179104478 -5.735319876e-17 0)
(0.4179104478 1.907554694e-16 0)
(0.4179104478 1.192570383e-16 0)
(0.4179104478 7.699538188e-17 0)
(0.4179104478 -1.848164701e-16 0)
(0.4179104478 -3.566821251e-16 0)
(0.4179104478 7.128532358e-17 0)
(0.6567164179 1.363119841e-15 0)
(0.6567164179 5.157806975e-16 0)
(0.6567164179 2.66798462e-16 0)
(0.6567164179 1.385215587e-16 0)
(0.6567164179 4.741714125e-17 0)
(0.6567164179 -1.028614614e-17 0)
(0.6567164179 6.302789478e-17 0)
(0.6567164179 5.304609156e-17 0)
(0.6567164179 -9.774028618e-18 0)
(0.6567164179 7.610549591e-17 0)
(0.6567164179 6.294441215e-18 0)
(0.6567164179 -4.626634317e-17 0)
(0.6567164179 1.018885056e-17 0)
(0.6567164179 -4.813475241e-17 0)
(0.6567164179 4.314487825e-18 0)
(0.6567164179 -5.263060317e-17 0)
(0.6567164179 -1.147208002e-16 0)
(0.6567164179 -6.033186831e-17 0)
(0.6567164179 -6.040890739e-17 0)
(0.6567164179 3.799479139e-17 0)
(0.6567164179 -3.388340823e-17 0)
(0.6567164179 -1.222366812e-16 0)
(0.6567164179 -1.318688704e-16 0)
(0.6567164179 1.678633776e-16 0)
(0.6567164179 1.355677021e-16 0)
(0.6567164179 5.119526161e-17 0)
(0.6567164179 5.410270367e-17 0)
(0.6567164179 1.174769059e-17 0)
(0.6567164179 -1.934694123e-17 0)
(0.6567164179 -1.049137136e-16 0)
(0.6567164179 8.178521913e-18 0)
(0.6567164179 4.036462075e-17 0)
(0.6567164179 -1.674713421e-16 0)
(0.6567164179 -3.768877922e-18 0)
(0.6567164179 -1.814202201e-16 0)
(0.6567164179 -3.50514998e-17 0)
(0.6567164179 4.066338943e-18 0)
(0.6567164179 7.240858319e-17 0)
(0.6567164179 7.036830349e-17 0)
(0.6567164179 9.152303882e-17 0)
(0.6567164179 -1.901229778e-18 0)
(0.6567164179 -1.012311975e-16 0)
(0.6567164179 1.714275613e-16 0)
(0.6567164179 -1.411950754e-16 0)
(0.6567164179 -9.639228975e-17 0)
(0.6567164179 4.938912766e-17 0)
(0.6567164179 -1.398221232e-16 0)
(0.6567164179 1.134653771e-17 0)
(0.6567164179 6.214246764e-17 0)
(0.6567164179 1.519284545e-18 0)
(0.6567164179 1.259037016e-16 0)
(0.6567164179 -1.178972634e-16 0)
(0.6567164179 -7.565682972e-17 0)
(0.6567164179 1.381375602e-16 0)
(0.6567164179 1.304166404e-17 0)
(0.6567164179 -3.115567842e-17 0)
(0.6567164179 2.803929788e-17 0)
(0.6567164179 -2.705738842e-17 0)
(0.6567164179 2.448817283e-16 0)
(0.6567164179 1.947124574e-17 0)
(0.6567164179 -1.916943019e-16 0)
(0.6567164179 1.077342877e-16 0)
(0.6567164179 1.070440799e-16 0)
(0.6567164179 -1.15787781e-16 0)
(0.6567164179 7.604928462e-17 0)
(0.6567164179 4.88530007e-17 0)
(0.6567164179 -9.487586106e-17 0)
(0.6567164179 1.323463624e-16 0)
(0.6567164179 2.476689654e-16 0)
(0.6567164179 -2.54613207e-16 0)
(0.6567164179 -4.333739507e-16 0)
(0.6567164179 1.912553701e-16 0)
(0.6567164179 7.755564062e-17 0)
(0.6567164179 -1.171246377e-16 0)
(0.6567164179 -1.763631975e-16 0)
(0.6567164179 1.730753567e-16 0)
(0.6567164179 3.013047078e-16 0)
(0.6567164179 -2.155105333e-16 0)
(0.6567164179 -3.453894018e-16 0)
(0.6567164179 9.317820783e-17 0)
(0.6567164179 2.197197891e-16 0)
(0.6567164179 -2.869411193e-16 0)
(0.6567164179 -1.266260438e-16 0)
(0.6567164179 4.768391958e-16 0)
(0.6567164179 1.168951289e-16 0)
(0.6567164179 5.58708181e-17 0)
(0.6567164179 1.401403147e-19 0)
(0.6567164179 -3.301627268e-16 0)
(0.6567164179 -1.418127289e-16 0)
(0.6567164179 2.909274074e-16 0)
(0.6567164179 9.166256233e-17 0)
(0.6567164179 -2.074674882e-16 0)
(0.6567164179 -5.014522234e-17 0)
(0.6567164179 1.619132662e-16 0)
(0.6567164179 -2.714698944e-17 0)
(0.6567164179 -1.698298714e-16 0)
(0.6567164179 1.691428631e-16 0)
(0.6567164179 8.084440775e-17 0)
(0.6567164179 -2.060218327e-16 0)
(0.6567164179 -2.834482825e-16 0)
(0.6567164179 7.449677313e-17 0)
(0.6567164179 4.242549888e-16 0)
(0.6567164179 2.056719315e-16 0)
(0.6567164179 -1.080655922e-16 0)
(0.6567164179 -3.220285166e-16 0)
(0.6567164179 1.823388923e-16 0)
(0.6567164179 1.921337197e-17 0)
(0.6567164179 -2.844267258e-16 0)
(0.6567164179 1.31403572e-16 0)
(0.6567164179 2.490503767e-16 0)
(0.6567164179 -3.050994603e-17 0)
(0.6567164179 -3.231640876e-16 0)
(0.6567164179 1.90806679e-16 0)
(0.6567164179 1.555522611e-16 0)
(0.6567164179 -2.728991472e-17 0)
(0.6567164179 2.890694425e-17 0)
(0.6567164179 -3.362126066e-16 0)
(0.6567164179 2.824862207e-16 0)
(0.6567164179 5.332286807e-16 0)
(0.6567164179 -2.088557322e-16 0)
(0.6567164179 -4.399477123e-16 0)
(0.6567164179 -1.03356076e-17 0)
(0.6567164179 3.224674711e-16 0)
(0.6567164179 3.337553945e-16 0)
(0.6567164179 5.328943101e-17 0)
(0.6567164179 -2.928083103e-16 0)
(0.6567164179 6.46011363e-17 0)
(0.6567164179 -3.115146142e-16 0)
(0.6567164179 -2.956047705e-16 0)
(0.6567164179 3.874974485e-16 0)
(0.6567164179 2.45263e-16 0)
(0.6567164179 1.232224751e-17 0)
(0.6567164179 -2.814849089e-16 0)
(0.6567164179 -2.454116292e-16 0)
(0.6567164179 9.058790932e-17 0)
(0.6567164179 1.109396631e-16 0)
(0.6567164179 -1.220308226e-16 0)
(0.6567164179 -6.872812229e-17 0)
(0.6567164179 2.864587326e-16 0)
(0.6567164179 -1.666601178e-16 0)
(0.6567164179 -4.819250408e-16 0)
(0.6567164179 -3.555759428e-17 0)
(0.6567164179 1.77706483e-16 0)
(0.6567164179 2.290468816e-16 0)
(0.6567164179 2.930872306e-16 0)
(0.6567164179 -1.738070624e-16 0)
(0.6567164179 1.449181699e-16 0)
(0.6567164179 2.432621788e-16 0)
(0.6567164179 -2.017817597e-16 0)
(0.6567164179 -3.032384228e-16 0)
(0.6567164179 -1.899950541e-16 0)
(0.6567164179 5.287420307e-16 0)
(0.6567164179 3.112912739e-16 0)
(0.6567164179 -3.040615455e-16 0)
(0.6567164179 1.702268418e-16 0)
(0.6567164179 1.18291742e-16 0)
(0.6567164179 -3.735601522e-16 0)
(0.6567164179 -2.572257497e-16 0)
(0.6567164179 3.425924408e-17 0)
(0.6567164179 3.742230662e-16 0)
(0.6567164179 5.288494895e-17 0)
(0.6567164179 -9.410739821e-17 0)
(0.6567164179 2.520802368e-16 0)
(0.6567164179 1.203910659e-16 0)
(0.6567164179 -7.315314116e-16 0)
(0.6567164179 -2.934812569e-16 0)
(0.6567164179 1.496522174e-16 0)
(0.6567164179 8.281253228e-17 0)
(0.6567164179 4.430330732e-16 0)
(0.6567164179 2.595219178e-17 0)
(0.6567164179 -2.2938951e-16 0)
(0.6567164179 3.728011707e-17 0)
(0.6567164179 3.790104418e-16 0)
(0.6567164179 -2.410847859e-16 0)
(0.6567164179 -2.143884588e-16 0)
(0.6567164179 -3.848445165e-16 0)
(0.6567164179 6.73956599e-18 0)
(0.6567164179 5.387050943e-16 0)
(0.6567164179 -3.032113335e-16 0)
(0.6567164179 1.192010588e-16 0)
(0.6567164179 4.045802385e-16 0)
(0.6567164179 -3.910047102e-16 0)
(0.6567164179 2.264491557e-17 0)
(0.6567164179 -4.22902123e-17 0)
(0.6567164179 -8.067911543e-17 0)
(0.6567164179 6.382574572e-16 0)
(0.6567164179 -3.367701396e-16 0)
(0.6567164179 -2.213918457e-16 0)
(0.6567164179 2.858168941e-16 0)
(0.6567164179 -4.408233686e-16 0)
(0.6567164179 -1.908089826e-16 0)
(0.6567164179 8.953942648e-17 0)
(0.6567164179 -1.822761286e-16 0)
(0.6567164179 1.792022077e-16 0)
(0.6567164179 3.890256559e-16 0)
(0.6567164179 -1.772538855e-16 0)
(0.6567164179 -1.204009681e-16 0)
(0.6567164179 3.141376776e-17 0)
(0.6567164179 -7.142714589e-16 0)
(0.6567164179 1.324898031e-16 0)
(0.8656716418 1.146257599e-15 0)
(0.8656716418 6.660350899e-16 0)
(0.8656716418 3.794928564e-16 0)
(0.8656716418 2.23885745e-16 0)
(0.8656716418 8.166899593e-17 0)
(0.8656716418 1.011920775e-16 0)
(0.8656716418 1.887166017e-16 0)
(0.8656716418 1.103623214e-16 0)
(0.8656716418 -1.867550148e-17 0)
(0.8656716418 7.218422854e-17 0)
(0.8656716418 -4.002606129e-17 0)
(0.8656716418 -7.284546566e-17 0)
(0.8656716418 9.097698246e-17 0)
(0.8656716418 -3.653425578e-17 0)
(0.8656716418 -6.86963994e-17 0)
(0.8656716418 -7.405799263e-17 0)
(0.8656716418 -1.688143334e-16 0)
(0.8656716418 -1.447069287e-16 0)
(0.8656716418 -6.393696857e-17 0)
(0.8656716418 2.222322674e-17 0)
(0.8656716418 -7.79445136e-17 0)
(0.8656716418 -2.038418218e-16 0)
(0.8656716418 -1.51354331e-16 0)
(0.8656716418 2.238059467e-16 0)
(0.8656716418 1.885680085e-16 0)
(0.8656716418 1.540261596e-16 0)
(0.8656716418 1.023044213e-16 0)
(0.8656716418 -9.169201021e-18 0)
(0.8656716418 -1.09718137e-16 0)
(0.8656716418 -1.6802363e-16 0)
(0.8656716418 4.098253862e-18 0)
(0.8656716418 -3.819203448e-18 0)
(0.8656716418 -2.240680114e-16 0)
(0.8656716418 -1.135421104e-16 0)
(0.8656716418 -2.101308804e-16 0)
(0.8656716418 -3.653563292e-17 0)
(0.8656716418 1.064059918e-16 0)
(0.8656716418 1.425322125e-16 0)
(0.8656716418 4.960212545e-17 0)
(0.8656716418 5.5468466e-17 0)
(0.8656716418 4.539970886e-17 0)
(0.8656716418 -8.249304967e-17 0)
(0.8656716418 6.917177522e-17 0)
(0.8656716418 -2.151033759e-16 0)
(0.8656716418 -1.411705559e-16 0)
(0.8656716418 8.456814959e-17 0)
(0.8656716418 -7.599507002e-17 0)
(0.8656716418 1.124628753e-17 0)
(0.8656716418 1.137401996e-16 0)
(0.8656716418 7.147956472e-17 0)
(0.8656716418 2.495551668e-17 0)
(0.8656716418 -1.001888122e-16 0)
(0.8656716418 4.702874803e-17 0)
(0.8656716418 1.837475981e-16 0)
(0.8656716418 -1.786261263e-16 0)
(0.8656716418 -1.175571739e-16 0)
(0.8656716418 2.14000186e-16 0)
(0.8656716418 6.728419705e-17 0)
(0.8656716418 1.397100459e-16 0)
(0.8656716418 -6.015721284e-19 0)
(0.8656716418 -9.301374706e-17 0)
(0.8656716418 1.330941357e-16 0)
(0.8656716418 1.710601189e-16 0)
(0.8656716418 -5.375074612e-17 0)
(0.8656716418 1.039433848e-17 0)
(0.8656716418 9.478660113e-17 0)
(0.8656716418 -2.305921062e-17 0)
(0.8656716418 1.880872323e-16 0)
(0.8656716418 1.250575754e-16 0)
(0.8656716418 -3.718574004e-16 0)
(0.8656716418 -4.66065887e-16 0)
(0.8656716418 2.283695031e-16 0)
(0.8656716418 3.637087279e-18 0)
(0.8656716418 -1.762630028e-16 0)
(0.8656716418 -1.173536835e-16 0)
(0.8656716418 3.194744123e-17 0)
(0.8656716418 4.235507894e-16 0)
(0.8656716418 -1.489797691e-16 0)
(0.8656716418 -5.902215085e-16 0)
(0.8656716418 5.56581347e-17 0)
(0.8656716418 2.811767038e-16 0)
(0.8656716418 -2.707673321e-16 0)
(0.8656716418 3.60854641e-17 0)
(0.8656716418 5.429065245e-16 0)
(0.8656716418 1.866361774e-16 0)
(0.8656716418 5.863826883e-17 0)
(0.8656716418 9.490985491e-17 0)
(0.8656716418 -3.093726232e-16 0)
(0.8656716418 -3.471195901e-16 0)
(0.8656716418 4.399784237e-16 0)
(0.8656716418 -1.045537815e-16 0)
(0.8656716418 -3.214850832e-16 0)
(0.8656716418 -6.264008123e-17 0)
(0.8656716418 2.71583033e-16 0)
(0.8656716418 -7.888406275e-18 0)
(0.8656716418 -3.842616735e-16 0)
(0.8656716418 2.550472976e-16 0)
(0.8656716418 2.163629007e-16 0)
(0.8656716418 -2.96235446e-16 0)
(0.8656716418 -4.193102402e-16 0)
(0.8656716418 2.960450874e-16 0)
(0.8656716418 6.113494081e-16 0)
(0.8656716418 2.550229993e-17 0)
(0.8656716418 -1.825064976e-16 0)
(0.8656716418 -2.861564856e-16 0)
(0.8656716418 2.441056072e-16 0)
(0.8656716418 1.429113924e-16 0)
(0.8656716418 -3.375202547e-16 0)
(0.8656716418 -1.170269439e-17 0)
(0.8656716418 2.432431804e-16 0)
(0.8656716418 1.072359516e-17 0)
(0.8656716418 -2.184103489e-16 0)
(0.8656716418 4.345064892e-17 0)
(0.8656716418 3.261873849e-16 0)
(0.8656716418 2.4045555e-16 0)
(0.8656716418 -3.351661668e-16 0)
(0.8656716418 -1.978106116e-16 0)
(0.8656716418 5.549386326e-16 0)
(0.8656716418 3.222352531e-16 0)
(0.8656716418 -2.428991015e-16 0)
(0.8656716418 -4.214433127e-16 0)
(0.8656716418 4.674178626e-17 0)
(0.8656716418 4.530203688e-16 0)
(0.8656716418 3.58025888e-16 0)
(0.8656716418 -4.063414229e-17 0)
(0.8656716418 -2.119320243e-16 0)
(0.8656716418 1.343065272e-17 0)
(0.8656716418 -7.6480779e-16 0)
(0.8656716418 -1.89903899e-16 0)
(0.8656716418 6.660631462e-16 0)
(0.8656716418 2.628510653e-16 0)
(0.8656716418 -3.21217595e-17 0)
(0.8656716418 -3.339456323e-16 0)
(0.8656716418 -3.306241568e-16 0)
(0.8656716418 8.902981588e-17 0)
(0.8656716418 -3.217326784e-17 0)
(0.8656716418 2.259220911e-17 0)
(0.8656716418 -1.827577498e-16 0)
(0.8656716418 9.399936934e-17 0)
(0.8656716418 3.660119693e-17 0)
(0.8656716418 -6.807117694e-16 0)
(0.8656716418 -4.632977282e-17 0)
(0.8656716418 2.05519273e-16 0)
(0.8656716418 4.010805844e-16 0)
(0.8656716418 5.207886394e-16 0)
(0.8656716418 -2.778530941e-16 0)
(0.8656716418 1.71396548e-16 0)
(0.8656716418 2.831185539e-16 0)
(0.8656716418 -4.510529167e-17 0)
(0.8656716418 -5.004319349e-16 0)
(0.8656716418 -2.074105835e-16 0)
(0.8656716418 7.802724692e-16 0)
(0.8656716418 5.385750701e-18 0)
(0.8656716418 -3.322784273e-16 0)
(0.8656716418 5.770072735e-16 0)
(0.8656716418 9.344577181e-17 0)
(0.8656716418 -5.303116733e-16 0)
(0.8656716418 -3.466768018e-16 0)
(0.8656716418 -9.223752313e-17 0)
(0.8656716418 5.433683697e-16 0)
(0.8656716418 1.128976482e-17 0)
(0.8656716418 2.392350173e-17 0)
(0.8656716418 3.341740287e-16 0)
(0.8656716418 -4.294600103e-17 0)
(0.8656716418 -7.45000857e-16 0)
(0.8656716418 -4.291836564e-16 0)
(0.8656716418 3.911052607e-16 0)
(0.8656716418 2.851056619e-16 0)
(0.8656716418 1.516986325e-16 0)
(0.8656716418 -6.879783213e-17 0)
(0.8656716418 9.823099348e-17 0)
(0.8656716418 1.439234338e-16 0)
(0.8656716418 -1.713044323e-16 0)
(0.8656716418 -3.131058192e-16 0)
(0.8656716418 2.706323597e-16 0)
(0.8656716418 -7.457203167e-16 0)
(0.8656716418 -1.334757496e-16 0)
(0.8656716418 7.957853189e-16 0)
(0.8656716418 -3.297861022e-16 0)
(0.8656716418 3.78640639e-16 0)
(0.8656716418 4.107217929e-16 0)
(0.8656716418 -4.017588549e-16 0)
(0.8656716418 -3.660754912e-16 0)
(0.8656716418 -1.719116144e-16 0)
(0.8656716418 3.518420917e-16 0)
(0.8656716418 5.767958919e-16 0)
(0.8656716418 -4.780217736e-16 0)
(0.8656716418 1.932454362e-16 0)
(0.8656716418 3.290910176e-16 0)
(0.8656716418 -9.535961618e-16 0)
(0.8656716418 -4.917973812e-16 0)
(0.8656716418 2.089369096e-16 0)
(0.8656716418 -5.742031108e-17 0)
(0.8656716418 3.906453213e-16 0)
(0.8656716418 2.932438861e-16 0)
(0.8656716418 -4.277867889e-16 0)
(0.8656716418 1.788105655e-16 0)
(0.8656716418 -7.665580778e-17 0)
(0.8656716418 -8.2137769e-16 0)
(0.8656716418 1.599290077e-16 0)
(1.044776119 1.062726644e-15 0)
(1.044776119 7.276144194e-16 0)
(1.044776119 4.192742756e-16 0)
(1.044776119 2.796534392e-16 0)
(1.044776119 1.837884472e-16 0)
(1.044776119 2.094017937e-16 0)
(1.044776119 2.858216515e-16 0)
(1.044776119 1.516757137e-16 0)
(1.044776119 5.88224982e-17 0)
(1.044776119 1.195238169e-16 0)
(1.044776119 -3.119448323e-17 0)
(1.044776119 -1.251101573e-16 0)
(1.044776119 5.709762786e-17 0)
(1.044776119 4.331413468e-17 0)
(1.044776119 -1.300820537e-16 0)
(1.044776119 -1.426851057e-16 0)
(1.044776119 -2.475380219e-16 0)
(1.044776119 -2.064601073e-16 0)
(1.044776119 -9.551971449e-17 0)
(1.044776119 3.675565317e-17 0)
(1.044776119 -9.109776222e-17 0)
(1.044776119 -2.990995057e-16 0)
(1.044776119 -1.116786659e-16 0)
(1.044776119 1.673771526e-16 0)
(1.044776119 1.994056131e-16 0)
(1.044776119 2.46357142e-16 0)
(1.044776119 1.841491308e-16 0)
(1.044776119 -1.644652627e-18 0)
(1.044776119 -2.161969532e-16 0)
(1.044776119 -2.699983412e-16 0)
(1.044776119 4.94517415e-17 0)
(1.044776119 -8.915804718e-17 0)
(1.044776119 -3.110216829e-16 0)
(1.044776119 -1.496118268e-16 0)
(1.044776119 -1.751599304e-16 0)
(1.044776119 -8.131669455e-17 0)
(1.044776119 2.034256489e-16 0)
(1.044776119 2.273768747e-16 0)
(1.044776119 4.536633077e-17 0)
(1.044776119 2.675267931e-17 0)
(1.044776119 4.271260427e-18 0)
(1.044776119 -8.96489649e-17 0)
(1.044776119 -4.273189269e-17 0)
(1.044776119 -3.014002071e-16 0)
(1.044776119 -1.368821334e-16 0)
(1.044776119 1.192831183e-16 0)
(1.044776119 -9.400440256e-18 0)
(1.044776119 -5.2474549e-17 0)
(1.044776119 1.498640634e-16 0)
(1.044776119 4.267424955e-17 0)
(1.044776119 -3.290542615e-17 0)
(1.044776119 -4.51871425e-17 0)
(1.044776119 1.889545104e-16 0)
(1.044776119 1.878003979e-16 0)
(1.044776119 -2.173396482e-16 0)
(1.044776119 -8.954492037e-17 0)
(1.044776119 2.335899044e-16 0)
(1.044776119 1.05114503e-16 0)
(1.044776119 1.739708066e-16 0)
(1.044776119 1.05217101e-17 0)
(1.044776119 -8.167871786e-17 0)
(1.044776119 1.54281376e-16 0)
(1.044776119 2.276818486e-16 0)
(1.044776119 1.460107276e-17 0)
(1.044776119 5.410553861e-18 0)
(1.044776119 1.640060628e-16 0)
(1.044776119 4.863686272e-17 0)
(1.044776119 2.111681569e-16 0)
(1.044776119 5.524359852e-17 0)
(1.044776119 -4.757276632e-16 0)
(1.044776119 -4.700133536e-16 0)
(1.044776119 1.876375664e-16 0)
(1.044776119 -7.323514386e-18 0)
(1.044776119 -1.870114842e-16 0)
(1.044776119 -1.654978328e-16 0)
(1.044776119 1.976889563e-17 0)
(1.044776119 4.240462687e-16 0)
(1.044776119 -1.26145819e-16 0)
(1.044776119 -6.122314304e-16 0)
(1.044776119 8.39090223e-17 0)
(1.044776119 2.896487527e-16 0)
(1.044776119 -2.640487416e-16 0)
(1.044776119 1.099608686e-16 0)
(1.044776119 5.471018069e-16 0)
(1.044776119 1.726945546e-16 0)
(1.044776119 5.261779202e-17 0)
(1.044776119 1.14456229e-16 0)
(1.044776119 -3.111351658e-16 0)
(1.044776119 -3.454107815e-16 0)
(1.044776119 4.058376855e-16 0)
(1.044776119 -2.189012212e-16 0)
(1.044776119 -3.896522536e-16 0)
(1.044776119 -7.56752697e-17 0)
(1.044776119 2.133872338e-16 0)
(1.044776119 3.189421195e-17 0)
(1.044776119 -4.19110627e-16 0)
(1.044776119 2.376747647e-16 0)
(1.044776119 2.474496991e-16 0)
(1.044776119 -2.86221242e-16 0)
(1.044776119 -3.767086565e-16 0)
(1.044776119 3.647532855e-16 0)
(1.044776119 6.178640364e-16 0)
(1.044776119 2.807475324e-17 0)
(1.044776119 -2.262322332e-16 0)
(1.044776119 -2.636835515e-16 0)
(1.044776119 2.358226351e-16 0)
(1.044776119 1.452654592e-16 0)
(1.044776119 -3.818913145e-16 0)
(1.044776119 -1.307539929e-17 0)
(1.044776119 3.196520555e-16 0)
(1.044776119 2.370583494e-17 0)
(1.044776119 -1.452007612e-16 0)
(1.044776119 3.651087202e-17 0)
(1.044776119 3.40004716e-16 0)
(1.044776119 3.651024518e-16 0)
(1.044776119 -3.002602268e-16 0)
(1.044776119 -1.312729968e-16 0)
(1.044776119 5.798473285e-16 0)
(1.044776119 3.058310417e-16 0)
(1.044776119 -2.836848285e-16 0)
(1.044776119 -4.696775588e-16 0)
(1.044776119 5.332291324e-17 0)
(1.044776119 5.441608259e-16 0)
(1.044776119 3.044976248e-16 0)
(1.044776119 -1.454960678e-16 0)
(1.044776119 -2.506659428e-16 0)
(1.044776119 2.44665545e-17 0)
(1.044776119 -9.224260003e-16 0)
(1.044776119 -2.482740446e-16 0)
(1.044776119 7.836845156e-16 0)
(1.044776119 3.895680649e-16 0)
(1.044776119 2.366768043e-17 0)
(1.044776119 -3.734185442e-16 0)
(1.044776119 -3.727481749e-16 0)
(1.044776119 7.607781938e-17 0)
(1.044776119 -8.083004914e-17 0)
(1.044776119 -8.001218475e-17 0)
(1.044776119 -2.323921522e-16 0)
(1.044776119 -2.641681484e-17 0)
(1.044776119 1.444535119e-17 0)
(1.044776119 -6.812464124e-16 0)
(1.044776119 1.238584182e-17 0)
(1.044776119 1.991683362e-16 0)
(1.044776119 5.111204201e-16 0)
(1.044776119 7.76482455e-16 0)
(1.044776119 -2.000552287e-16 0)
(1.044776119 2.152948784e-16 0)
(1.044776119 3.222801173e-16 0)
(1.044776119 -4.988911352e-17 0)
(1.044776119 -6.302626173e-16 0)
(1.044776119 -3.243661581e-16 0)
(1.044776119 7.988929673e-16 0)
(1.044776119 3.813029481e-17 0)
(1.044776119 -3.298669172e-16 0)
(1.044776119 5.805755255e-16 0)
(1.044776119 1.118948977e-16 0)
(1.044776119 -5.760365949e-16 0)
(1.044776119 -3.914188266e-16 0)
(1.044776119 -3.968541349e-17 0)
(1.044776119 5.892203367e-16 0)
(1.044776119 7.130898987e-17 0)
(1.044776119 9.760374264e-17 0)
(1.044776119 4.038153424e-16 0)
(1.044776119 -1.477076531e-16 0)
(1.044776119 -8.393531367e-16 0)
(1.044776119 -5.1333744e-16 0)
(1.044776119 5.029190925e-16 0)
(1.044776119 3.746766278e-16 0)
(1.044776119 1.952591278e-16 0)
(1.044776119 -6.413176458e-17 0)
(1.044776119 1.635186901e-16 0)
(1.044776119 1.421340842e-16 0)
(1.044776119 -3.570378559e-16 0)
(1.044776119 -3.345542054e-16 0)
(1.044776119 2.584873818e-16 0)
(1.044776119 -7.869930604e-16 0)
(1.044776119 -1.81435492e-16 0)
(1.044776119 7.708057184e-16 0)
(1.044776119 -2.72617799e-16 0)
(1.044776119 4.260368121e-16 0)
(1.044776119 5.021541543e-16 0)
(1.044776119 -3.912245234e-16 0)
(1.044776119 -5.256164003e-16 0)
(1.044776119 -9.900396423e-17 0)
(1.044776119 5.3179649e-16 0)
(1.044776119 6.123077685e-16 0)
(1.044776119 -4.945330183e-16 0)
(1.044776119 1.008540288e-16 0)
(1.044776119 2.579913982e-16 0)
(1.044776119 -1.068902981e-15 0)
(1.044776119 -5.967434278e-16 0)
(1.044776119 2.183566255e-16 0)
(1.044776119 6.095465802e-17 0)
(1.044776119 3.912223243e-16 0)
(1.044776119 2.133661688e-16 0)
(1.044776119 -4.652601234e-16 0)
(1.044776119 1.620414629e-16 0)
(1.044776119 -1.229804011e-16 0)
(1.044776119 -8.400987036e-16 0)
(1.044776119 1.661871221e-16 0)
(1.194029851 9.720412808e-16 0)
(1.194029851 7.157468223e-16 0)
(1.194029851 4.412711446e-16 0)
(1.194029851 3.446926636e-16 0)
(1.194029851 2.556386019e-16 0)
(1.194029851 3.278264804e-16 0)
(1.194029851 3.637456155e-16 0)
(1.194029851 2.043441316e-16 0)
(1.194029851 8.612860117e-17 0)
(1.194029851 2.266254471e-16 0)
(1.194029851 6.38287191e-18 0)
(1.194029851 -9.597988833e-17 0)
(1.194029851 5.273724233e-17 0)
(1.194029851 5.677502021e-17 0)
(1.194029851 -1.640260681e-16 0)
(1.194029851 -2.55560912e-16 0)
(1.194029851 -3.402457121e-16 0)
(1.194029851 -2.771883568e-16 0)
(1.194029851 -7.769370154e-17 0)
(1.194029851 8.561506231e-18 0)
(1.194029851 -1.214801015e-16 0)
(1.194029851 -2.981946745e-16 0)
(1.194029851 -3.280622129e-17 0)
(1.194029851 7.083286676e-17 0)
(1.194029851 1.636874866e-16 0)
(1.194029851 2.938265261e-16 0)
(1.194029851 2.493899916e-16 0)
(1.194029851 -2.929206962e-17 0)
(1.194029851 -3.790471983e-16 0)
(1.194029851 -2.577554153e-16 0)
(1.194029851 5.921439904e-17 0)
(1.194029851 -2.242847652e-16 0)
(1.194029851 -3.028827552e-16 0)
(1.194029851 -1.705917218e-16 0)
(1.194029851 -1.492391254e-16 0)
(1.194029851 -6.528783827e-17 0)
(1.194029851 1.999992775e-16 0)
(1.194029851 2.641246678e-16 0)
(1.194029851 1.004437119e-16 0)
(1.194029851 7.128435221e-18 0)
(1.194029851 1.47442447e-17 0)
(1.194029851 -1.732521645e-16 0)
(1.194029851 -2.373093507e-16 0)
(1.194029851 -2.937229241e-16 0)
(1.194029851 -1.479201921e-16 0)
(1.194029851 4.477387462e-17 0)
(1.194029851 8.401031119e-17 0)
(1.194029851 -4.619721545e-17 0)
(1.194029851 1.611424982e-16 0)
(1.194029851 6.858539533e-17 0)
(1.194029851 -1.157360953e-16 0)
(1.194029851 -2.349138066e-17 0)
(1.194029851 2.934986935e-16 0)
(1.194029851 1.408512837e-16 0)
(1.194029851 -1.206654163e-16 0)
(1.194029851 -1.021186527e-16 0)
(1.194029851 2.674801437e-16 0)
(1.194029851 2.831893573e-16 0)
(1.194029851 8.550421865e-17 0)
(1.194029851 7.952324266e-17 0)
(1.194029851 -2.560012687e-17 0)
(1.194029851 7.219903038e-17 0)
(1.194029851 2.722084291e-16 0)
(1.194029851 1.275704163e-16 0)
(1.194029851 3.813519324e-17 0)
(1.194029851 2.849078895e-16 0)
(1.194029851 4.964230469e-17 0)
(1.194029851 6.25935931e-17 0)
(1.194029851 -4.946694287e-17 0)
(1.194029851 -4.317952699e-16 0)
(1.194029851 -5.043240686e-16 0)
(1.194029851 2.298166183e-17 0)
(1.194029851 1.615579933e-16 0)
(1.194029851 -9.737992772e-17 0)
(1.194029851 -2.53586387e-16 0)
(1.194029851 4.364420003e-17 0)
(1.194029851 3.224427376e-16 0)
(1.194029851 -1.813632485e-16 0)
(1.194029851 -4.084417503e-16 0)
(1.194029851 1.823039869e-16 0)
(1.194029851 2.867329385e-16 0)
(1.194029851 -2.117078973e-16 0)
(1.194029851 1.382342829e-16 0)
(1.194029851 3.85992512e-16 0)
(1.194029851 6.790304507e-17 0)
(1.194029851 9.142597023e-17 0)
(1.194029851 3.552511881e-17 0)
(1.194029851 -3.222738156e-16 0)
(1.194029851 -8.001256176e-17 0)
(1.194029851 2.575667406e-16 0)
(1.194029851 -3.278035645e-16 0)
(1.194029851 -3.936030664e-16 0)
(1.194029851 -1.928505371e-16 0)
(1.194029851 9.754144557e-17 0)
(1.194029851 5.988378334e-17 0)
(1.194029851 -2.309744584e-16 0)
(1.194029851 2.298982187e-17 0)
(1.194029851 2.027170164e-16 0)
(1.194029851 -1.637046117e-16 0)
(1.194029851 -3.146533478e-16 0)
(1.194029851 3.609915189e-16 0)
(1.194029851 5.512317496e-16 0)
(1.194029851 1.043072611e-16 0)
(1.194029851 -3.194987395e-16 0)
(1.194029851 -1.055513327e-16 0)
(1.194029851 1.480705943e-16 0)
(1.194029851 5.577510435e-17 0)
(1.194029851 -3.738419101e-16 0)
(1.194029851 6.226496978e-19 0)
(1.194029851 3.772786721e-16 0)
(1.194029851 5.566998602e-17 0)
(1.194029851 -1.324717353e-16 0)
(1.194029851 -2.424983043e-17 0)
(1.194029851 5.597730677e-16 0)
(1.194029851 4.986500507e-16 0)
(1.194029851 -2.474650772e-16 0)
(1.194029851 -1.435659225e-16 0)
(1.194029851 5.225419888e-16 0)
(1.194029851 2.092947753e-16 0)
(1.194029851 -2.60112792e-16 0)
(1.194029851 -2.240641878e-16 0)
(1.194029851 -1.550568013e-17 0)
(1.194029851 4.733396375e-16 0)
(1.194029851 1.607094906e-16 0)
(1.194029851 -3.776858549e-16 0)
(1.194029851 -2.870361742e-16 0)
(1.194029851 8.041616962e-17 0)
(1.194029851 -7.952964744e-16 0)
(1.194029851 -2.697718326e-16 0)
(1.194029851 7.937896613e-16 0)
(1.194029851 5.375519414e-16 0)
(1.194029851 5.50350374e-17 0)
(1.194029851 -4.78472552e-16 0)
(1.194029851 -3.879297113e-16 0)
(1.194029851 1.857831708e-16 0)
(1.194029851 -1.517687613e-16 0)
(1.194029851 -3.419612725e-16 0)
(1.194029851 -1.570642189e-16 0)
(1.194029851 -1.72106178e-16 0)
(1.194029851 -1.101521594e-16 0)
(1.194029851 -3.350185898e-16 0)
(1.194029851 -1.137976139e-16 0)
(1.194029851 2.190795719e-16 0)
(1.194029851 7.073960985e-16 0)
(1.194029851 7.736619198e-16 0)
(1.194029851 5.060403829e-17 0)
(1.194029851 3.943973682e-16 0)
(1.194029851 3.395980367e-16 0)
(1.194029851 -3.336015791e-16 0)
(1.194029851 -7.09757817e-16 0)
(1.194029851 -2.618696241e-16 0)
(1.194029851 4.727034471e-16 0)
(1.194029851 1.545023128e-16 0)
(1.194029851 -2.455918585e-16 0)
(1.194029851 3.804864677e-16 0)
(1.194029851 2.662859252e-16 0)
(1.194029851 -4.942053653e-16 0)
(1.194029851 -3.882484088e-16 0)
(1.194029851 5.551302667e-17 0)
(1.194029851 5.471091487e-16 0)
(1.194029851 1.775523004e-16 0)
(1.194029851 1.001102941e-16 0)
(1.194029851 3.042881909e-16 0)
(1.194029851 -3.68855272e-16 0)
(1.194029851 -7.784466304e-16 0)
(1.194029851 -3.647921567e-16 0)
(1.194029851 5.129411111e-16 0)
(1.194029851 3.005298601e-16 0)
(1.194029851 1.979763177e-16 0)
(1.194029851 7.71389231e-17 0)
(1.194029851 2.358821163e-16 0)
(1.194029851 1.327964575e-16 0)
(1.194029851 -4.91410484e-16 0)
(1.194029851 -4.502317252e-16 0)
(1.194029851 1.029618133e-16 0)
(1.194029851 -4.677555309e-16 0)
(1.194029851 -2.330828339e-16 0)
(1.194029851 5.444944637e-16 0)
(1.194029851 -3.498314441e-17 0)
(1.194029851 3.005690171e-16 0)
(1.194029851 3.837098477e-16 0)
(1.194029851 -4.053085823e-16 0)
(1.194029851 -4.425804403e-16 0)
(1.194029851 -3.302124534e-19 0)
(1.194029851 6.847724654e-16 0)
(1.194029851 5.569171982e-16 0)
(1.194029851 -5.839846715e-16 0)
(1.194029851 4.035325988e-17 0)
(1.194029851 1.091562267e-16 0)
(1.194029851 -1.036057482e-15 0)
(1.194029851 -6.723545933e-16 0)
(1.194029851 1.807094373e-16 0)
(1.194029851 1.841213906e-16 0)
(1.194029851 2.363559596e-16 0)
(1.194029851 -1.177188667e-16 0)
(1.194029851 -2.251084619e-16 0)
(1.194029851 2.663286945e-16 0)
(1.194029851 -1.444688674e-16 0)
(1.194029851 -7.468525078e-16 0)
(1.194029851 8.094772421e-17 0)
(1.313432836 6.431749502e-16 0)
(1.313432836 6.291798936e-16 0)
(1.313432836 4.499791363e-16 0)
(1.313432836 3.39065022e-16 0)
(1.313432836 3.364856776e-16 0)
(1.313432836 5.030151027e-16 0)
(1.313432836 4.126459041e-16 0)
(1.313432836 2.132312789e-16 0)
(1.313432836 2.005660209e-16 0)
(1.313432836 2.743560742e-16 0)
(1.313432836 6.188248285e-17 0)
(1.313432836 1.528797447e-17 0)
(1.313432836 1.477152486e-16 0)
(1.313432836 -9.459208739e-18 0)
(1.313432836 -3.177164121e-16 0)
(1.313432836 -3.71905887e-16 0)
(1.313432836 -4.22715242e-16 0)
(1.313432836 -2.939872099e-16 0)
(1.313432836 -4.803636941e-17 0)
(1.313432836 -1.493284095e-17 0)
(1.313432836 -1.667015415e-16 0)
(1.313432836 -1.468661713e-16 0)
(1.313432836 5.360871868e-17 0)
(1.313432836 5.673260838e-17 0)
(1.313432836 8.688685655e-17 0)
(1.313432836 2.602420627e-16 0)
(1.313432836 2.288766873e-16 0)
(1.313432836 -2.254086168e-16 0)
(1.313432836 -4.394617085e-16 0)
(1.313432836 -1.090728691e-16 0)
(1.313432836 -4.521010363e-17 0)
(1.313432836 -2.827608606e-16 0)
(1.313432836 -3.135581937e-16 0)
(1.313432836 -1.811985012e-16 0)
(1.313432836 -2.134404674e-16 0)
(1.313432836 -1.206561151e-18 0)
(1.313432836 2.880357613e-16 0)
(1.313432836 3.820378709e-16 0)
(1.313432836 1.33870359e-16 0)
(1.313432836 -1.076487871e-16 0)
(1.313432836 -1.774176226e-16 0)
(1.313432836 -3.247153701e-16 0)
(1.313432836 -2.021247015e-16 0)
(1.313432836 -2.093551722e-16 0)
(1.313432836 -6.040731452e-17 0)
(1.313432836 -1.142981289e-17 0)
(1.313432836 5.744274042e-17 0)
(1.313432836 -1.365804928e-17 0)
(1.313432836 1.206993322e-16 0)
(1.313432836 7.098067998e-17 0)
(1.313432836 -9.372847928e-17 0)
(1.313432836 -4.842386598e-17 0)
(1.313432836 2.266026618e-16 0)
(1.313432836 2.321463671e-16 0)
(1.313432836 1.291281508e-16 0)
(1.313432836 -1.170430285e-16 0)
(1.313432836 1.264512424e-16 0)
(1.313432836 3.859320187e-16 0)
(1.313432836 1.721039576e-16 0)
(1.313432836 4.011694178e-17 0)
(1.313432836 -1.034337855e-16 0)
(1.313432836 1.15044662e-16 0)
(1.313432836 3.30000534e-16 0)
(1.313432836 2.174995766e-16 0)
(1.313432836 9.017411021e-17 0)
(1.313432836 1.792449508e-16 0)
(1.313432836 3.604108155e-17 0)
(1.313432836 5.040469432e-17 0)
(1.313432836 -1.383612927e-16 0)
(1.313432836 -5.026824531e-16 0)
(1.313432836 -4.54958104e-16 0)
(1.313432836 3.802496102e-17 0)
(1.313432836 2.001715972e-16 0)
(1.313432836 -1.412715682e-16 0)
(1.313432836 -2.155425747e-16 0)
(1.313432836 -2.799897492e-18 0)
(1.313432836 3.809596255e-16 0)
(1.313432836 -1.822733383e-16 0)
(1.313432836 -3.370724984e-16 0)
(1.313432836 2.261930356e-16 0)
(1.313432836 2.926975762e-16 0)
(1.313432836 -3.978338541e-17 0)
(1.313432836 1.511597928e-16 0)
(1.313432836 2.574560635e-16 0)
(1.313432836 -4.537884099e-17 0)
(1.313432836 7.230570401e-17 0)
(1.313432836 -1.518547599e-17 0)
(1.313432836 -2.569149818e-16 0)
(1.313432836 -8.118160738e-17 0)
(1.313432836 2.087585476e-16 0)
(1.313432836 -1.462576558e-16 0)
(1.313432836 -3.575094211e-16 0)
(1.313432836 -3.098653881e-16 0)
(1.313432836 -6.691847807e-17 0)
(1.313432836 1.174068988e-17 0)
(1.313432836 -3.501173993e-16 0)
(1.313432836 4.237755114e-17 0)
(1.313432836 3.148159381e-16 0)
(1.313432836 -1.630941634e-16 0)
(1.313432836 -3.980102955e-16 0)
(1.313432836 3.55495364e-16 0)
(1.313432836 7.020541414e-16 0)
(1.313432836 1.651001125e-16 0)
(1.313432836 -3.138576032e-16 0)
(1.313432836 -2.724883614e-16 0)
(1.313432836 1.640069295e-16 0)
(1.313432836 -6.295867479e-17 0)
(1.313432836 -4.124061455e-16 0)
(1.313432836 8.088177232e-17 0)
(1.313432836 4.08659101e-16 0)
(1.313432836 2.567346163e-16 0)
(1.313432836 -7.635546491e-17 0)
(1.313432836 -8.540745339e-18 0)
(1.313432836 5.437278013e-16 0)
(1.313432836 3.590133341e-16 0)
(1.313432836 1.552553683e-18 0)
(1.313432836 -4.963102818e-17 0)
(1.313432836 3.516121266e-16 0)
(1.313432836 2.872625486e-16 0)
(1.313432836 -1.331032065e-16 0)
(1.313432836 -1.612570242e-16 0)
(1.313432836 4.306018423e-17 0)
(1.313432836 3.355415464e-16 0)
(1.313432836 -1.4184953e-16 0)
(1.313432836 -4.568405696e-16 0)
(1.313432836 -3.291890041e-16 0)
(1.313432836 -1.205590375e-16 0)
(1.313432836 -5.757692067e-16 0)
(1.313432836 -1.268406004e-16 0)
(1.313432836 6.769578196e-16 0)
(1.313432836 5.25752169e-16 0)
(1.313432836 1.613308775e-17 0)
(1.313432836 -3.283375346e-16 0)
(1.313432836 -3.384397368e-16 0)
(1.313432836 1.893708823e-16 0)
(1.313432836 -1.629362957e-16 0)
(1.313432836 -4.741799218e-16 0)
(1.313432836 -3.495282116e-16 0)
(1.313432836 -7.834497455e-17 0)
(1.313432836 9.094465043e-17 0)
(1.313432836 -3.1462584e-16 0)
(1.313432836 -9.718934358e-17 0)
(1.313432836 2.355957355e-16 0)
(1.313432836 7.898683483e-16 0)
(1.313432836 8.286449041e-16 0)
(1.313432836 1.388421171e-16 0)
(1.313432836 4.039679813e-16 0)
(1.313432836 3.794789241e-16 0)
(1.313432836 -2.861810182e-16 0)
(1.313432836 -6.87478814e-16 0)
(1.313432836 -3.654013358e-16 0)
(1.313432836 3.867892551e-16 0)
(1.313432836 2.854263963e-17 0)
(1.313432836 -3.464032169e-16 0)
(1.313432836 4.366580376e-16 0)
(1.313432836 3.239093623e-16 0)
(1.313432836 -3.492307285e-16 0)
(1.313432836 -3.283815455e-16 0)
(1.313432836 5.956407502e-17 0)
(1.313432836 6.306079565e-16 0)
(1.313432836 1.614443563e-16 0)
(1.313432836 -2.286205775e-17 0)
(1.313432836 2.352515741e-17 0)
(1.313432836 -3.643681164e-16 0)
(1.313432836 -6.889072527e-16 0)
(1.313432836 -3.05784496e-16 0)
(1.313432836 4.666741817e-16 0)
(1.313432836 3.912000035e-16 0)
(1.313432836 3.589399608e-16 0)
(1.313432836 5.557628212e-17 0)
(1.313432836 -1.30401084e-16 0)
(1.313432836 1.343861671e-16 0)
(1.313432836 -3.263109766e-16 0)
(1.313432836 -4.63758049e-16 0)
(1.313432836 3.983209043e-17 0)
(1.313432836 -4.542455937e-16 0)
(1.313432836 -7.396653721e-17 0)
(1.313432836 3.88698e-16 0)
(1.313432836 -2.501935163e-16 0)
(1.313432836 4.757939759e-16 0)
(1.313432836 4.790377659e-16 0)
(1.313432836 -3.11020492e-16 0)
(1.313432836 -3.170436226e-16 0)
(1.313432836 5.720750715e-17 0)
(1.313432836 8.026034995e-16 0)
(1.313432836 3.200826562e-16 0)
(1.313432836 -6.783485561e-16 0)
(1.313432836 -1.522045946e-16 0)
(1.313432836 9.38231258e-17 0)
(1.313432836 -8.692217174e-16 0)
(1.313432836 -7.823918798e-16 0)
(1.313432836 -7.075634915e-17 0)
(1.313432836 8.74377156e-17 0)
(1.313432836 3.663738165e-16 0)
(1.313432836 4.362543806e-17 0)
(1.313432836 -1.72746549e-16 0)
(1.313432836 1.179466583e-16 0)
(1.313432836 -2.281887446e-16 0)
(1.313432836 -4.713944818e-16 0)
(1.313432836 1.523641217e-16 0)
(1.402985075 5.368238755e-16 0)
(1.402985075 5.260834209e-16 0)
(1.402985075 4.345631466e-16 0)
(1.402985075 3.821893366e-16 0)
(1.402985075 4.037707962e-16 0)
(1.402985075 6.102680307e-16 0)
(1.402985075 5.22176386e-16 0)
(1.402985075 3.14522172e-16 0)
(1.402985075 2.685273823e-16 0)
(1.402985075 2.44357143e-16 0)
(1.402985075 6.905301118e-17 0)
(1.402985075 9.561901766e-17 0)
(1.402985075 2.024076451e-16 0)
(1.402985075 -1.029339344e-16 0)
(1.402985075 -3.231419617e-16 0)
(1.402985075 -4.546683069e-16 0)
(1.402985075 -5.256188251e-16 0)
(1.402985075 -2.316953925e-16 0)
(1.402985075 1.54536953e-17 0)
(1.402985075 -1.34681231e-16 0)
(1.402985075 -1.188809241e-16 0)
(1.402985075 3.898968218e-17 0)
(1.402985075 -1.096406177e-17 0)
(1.402985075 -1.299313293e-17 0)
(1.402985075 1.192201089e-16 0)
(1.402985075 1.221041124e-16 0)
(1.402985075 -4.058974458e-17 0)
(1.402985075 -1.961872999e-16 0)
(1.402985075 -3.309965893e-16 0)
(1.402985075 -1.157045648e-16 0)
(1.402985075 -2.300703096e-16 0)
(1.402985075 -3.061574223e-16 0)
(1.402985075 -3.478486131e-16 0)
(1.402985075 -2.353737974e-16 0)
(1.402985075 -1.519263303e-16 0)
(1.402985075 9.112661302e-17 0)
(1.402985075 3.160426373e-16 0)
(1.402985075 4.151432963e-16 0)
(1.402985075 1.851227205e-16 0)
(1.402985075 -1.570513989e-16 0)
(1.402985075 -4.286678163e-16 0)
(1.402985075 -3.712871999e-16 0)
(1.402985075 -1.962734754e-16 0)
(1.402985075 -1.436582764e-16 0)
(1.402985075 1.628312643e-17 0)
(1.402985075 -2.026579426e-16 0)
(1.402985075 2.490034489e-17 0)
(1.402985075 1.510496663e-16 0)
(1.402985075 4.528203724e-17 0)
(1.402985075 -4.979880551e-18 0)
(1.402985075 1.017916767e-17 0)
(1.402985075 -3.128745263e-17 0)
(1.402985075 2.536712226e-16 0)
(1.402985075 3.330996568e-16 0)
(1.402985075 2.230541259e-16 0)
(1.402985075 -3.118119069e-17 0)
(1.402985075 8.230379596e-17 0)
(1.402985075 2.404393111e-16 0)
(1.402985075 2.476370598e-16 0)
(1.402985075 1.413944475e-16 0)
(1.402985075 -1.172220615e-16 0)
(1.402985075 7.139711126e-17 0)
(1.402985075 3.084974337e-16 0)
(1.402985075 1.719323319e-16 0)
(1.402985075 1.849597819e-16 0)
(1.402985075 1.108624399e-16 0)
(1.402985075 -5.607079601e-17 0)
(1.402985075 2.116212201e-17 0)
(1.402985075 -2.57896558e-16 0)
(1.402985075 -4.37804602e-16 0)
(1.402985075 -2.745579794e-16 0)
(1.402985075 9.210519726e-17 0)
(1.402985075 1.643061814e-16 0)
(1.402985075 -7.775760935e-17 0)
(1.402985075 -1.219300569e-16 0)
(1.402985075 -3.734680224e-17 0)
(1.402985075 4.250384666e-16 0)
(1.402985075 -1.078056093e-16 0)
(1.402985075 -2.488310481e-16 0)
(1.402985075 2.911068605e-16 0)
(1.402985075 2.211013214e-16 0)
(1.402985075 8.775056789e-17 0)
(1.402985075 9.547592586e-17 0)
(1.402985075 1.537247905e-16 0)
(1.402985075 1.129734513e-17 0)
(1.402985075 -1.345144507e-16 0)
(1.402985075 -1.773904011e-16 0)
(1.402985075 -8.974960025e-17 0)
(1.402985075 -8.581636535e-17 0)
(1.402985075 1.800160194e-16 0)
(1.402985075 -1.465741234e-17 0)
(1.402985075 -2.44564738e-16 0)
(1.402985075 -3.687310015e-16 0)
(1.402985075 -2.458887761e-16 0)
(1.402985075 -2.348072051e-17 0)
(1.402985075 -4.040851655e-16 0)
(1.402985075 -1.074117821e-16 0)
(1.402985075 1.921766475e-16 0)
(1.402985075 -2.986969231e-17 0)
(1.402985075 -2.568597814e-16 0)
(1.402985075 2.941801537e-16 0)
(1.402985075 6.807231584e-16 0)
(1.402985075 2.149485009e-16 0)
(1.402985075 -3.810078403e-16 0)
(1.402985075 -3.453165178e-16 0)
(1.402985075 8.586087925e-17 0)
(1.402985075 -5.762319744e-17 0)
(1.402985075 -2.295394547e-16 0)
(1.402985075 -2.508601604e-17 0)
(1.402985075 3.487366273e-16 0)
(1.402985075 2.237701441e-16 0)
(1.402985075 7.148806979e-17 0)
(1.402985075 8.78563311e-17 0)
(1.402985075 4.122583332e-16 0)
(1.402985075 4.787206685e-16 0)
(1.402985075 1.786218914e-16 0)
(1.402985075 -2.17796721e-16 0)
(1.402985075 2.568321846e-16 0)
(1.402985075 3.069402195e-16 0)
(1.402985075 -6.575674859e-18 0)
(1.402985075 -5.355557016e-18 0)
(1.402985075 1.556854135e-16 0)
(1.402985075 9.807113667e-17 0)
(1.402985075 -2.862258984e-16 0)
(1.402985075 -6.095755711e-16 0)
(1.402985075 -5.307934816e-16 0)
(1.402985075 -1.886512943e-16 0)
(1.402985075 -4.275191446e-16 0)
(1.402985075 -6.603589912e-17 0)
(1.402985075 6.483916768e-16 0)
(1.402985075 5.184189304e-16 0)
(1.402985075 1.873528677e-16 0)
(1.402985075 -3.82046983e-16 0)
(1.402985075 -3.393138152e-16 0)
(1.402985075 1.309770208e-16 0)
(1.402985075 -2.497417241e-16 0)
(1.402985075 -3.609487992e-16 0)
(1.402985075 -3.086535763e-16 0)
(1.402985075 -4.909227208e-17 0)
(1.402985075 1.597315025e-16 0)
(1.402985075 -2.939383756e-16 0)
(1.402985075 1.306617929e-16 0)
(1.402985075 3.087416417e-16 0)
(1.402985075 6.360094958e-16 0)
(1.402985075 6.674709042e-16 0)
(1.402985075 2.439426052e-16 0)
(1.402985075 5.314041069e-16 0)
(1.402985075 3.861457264e-16 0)
(1.402985075 -1.829638648e-16 0)
(1.402985075 -4.928760112e-16 0)
(1.402985075 -4.600332148e-16 0)
(1.402985075 2.241331101e-17 0)
(1.402985075 -1.408399023e-16 0)
(1.402985075 -2.624055974e-16 0)
(1.402985075 4.222145065e-16 0)
(1.402985075 2.774662512e-16 0)
(1.402985075 -2.537617305e-16 0)
(1.402985075 -7.236524154e-17 0)
(1.402985075 9.511909381e-17 0)
(1.402985075 3.90724745e-16 0)
(1.402985075 9.111822755e-17 0)
(1.402985075 -6.76966071e-17 0)
(1.402985075 -1.553469391e-16 0)
(1.402985075 -2.212584131e-16 0)
(1.402985075 -5.942971658e-16 0)
(1.402985075 -2.742356264e-16 0)
(1.402985075 4.290800945e-16 0)
(1.402985075 4.525123282e-16 0)
(1.402985075 3.502327336e-16 0)
(1.402985075 -1.590368536e-16 0)
(1.402985075 -1.032496421e-16 0)
(1.402985075 1.345928886e-17 0)
(1.402985075 -3.081406734e-16 0)
(1.402985075 -3.10548137e-16 0)
(1.402985075 -6.734688384e-17 0)
(1.402985075 -2.69621902e-16 0)
(1.402985075 -2.640417446e-16 0)
(1.402985075 1.636967166e-16 0)
(1.402985075 -6.361023916e-17 0)
(1.402985075 4.514016662e-16 0)
(1.402985075 5.056559792e-16 0)
(1.402985075 -1.484445374e-16 0)
(1.402985075 -1.111263301e-16 0)
(1.402985075 2.416392482e-16 0)
(1.402985075 5.943302703e-16 0)
(1.402985075 6.607762063e-17 0)
(1.402985075 -6.376218718e-16 0)
(1.402985075 -1.078946745e-16 0)
(1.402985075 6.368479438e-17 0)
(1.402985075 -8.458913345e-16 0)
(1.402985075 -7.144635086e-16 0)
(1.402985075 -1.4313321e-16 0)
(1.402985075 9.679285593e-17 0)
(1.402985075 2.953085601e-16 0)
(1.402985075 1.102425355e-16 0)
(1.402985075 -1.435430389e-16 0)
(1.402985075 4.387578245e-17 0)
(1.402985075 -6.954647318e-17 0)
(1.402985075 -3.793848049e-16 0)
(1.402985075 5.80049608e-17 0)
(1.462686567 3.736029977e-16 0)
(1.462686567 3.294754083e-16 0)
(1.462686567 4.141834835e-16 0)
(1.462686567 4.329940827e-16 0)
(1.462686567 4.694678605e-16 0)
(1.462686567 6.579522592e-16 0)
(1.462686567 5.420213661e-16 0)
(1.462686567 4.76904943e-16 0)
(1.462686567 3.780500566e-16 0)
(1.462686567 1.294341157e-16 0)
(1.462686567 9.498861773e-17 0)
(1.462686567 1.885217821e-16 0)
(1.462686567 1.336907304e-16 0)
(1.462686567 -1.595286831e-16 0)
(1.462686567 -3.093001577e-16 0)
(1.462686567 -4.636495894e-16 0)
(1.462686567 -5.32232741e-16 0)
(1.462686567 -2.720148542e-16 0)
(1.462686567 2.13442337e-17 0)
(1.462686567 -1.509527998e-16 0)
(1.462686567 3.095503319e-17 0)
(1.462686567 5.752674184e-17 0)
(1.462686567 -8.53096748e-17 0)
(1.462686567 -1.368111957e-16 0)
(1.462686567 5.152991659e-17 0)
(1.462686567 1.345197116e-17 0)
(1.462686567 -2.47258143e-16 0)
(1.462686567 -1.675329863e-16 0)
(1.462686567 -2.391275612e-16 0)
(1.462686567 -1.139843895e-16 0)
(1.462686567 -3.334810255e-16 0)
(1.462686567 -4.04876747e-16 0)
(1.462686567 -3.842136373e-16 0)
(1.462686567 -3.416909805e-16 0)
(1.462686567 -1.008881838e-16 0)
(1.462686567 1.974534691e-16 0)
(1.462686567 2.9705808e-16 0)
(1.462686567 3.251459769e-16 0)
(1.462686567 1.923327158e-16 0)
(1.462686567 -1.577810409e-16 0)
(1.462686567 -4.044269109e-16 0)
(1.462686567 -3.616219452e-16 0)
(1.462686567 -2.183794982e-16 0)
(1.462686567 -1.694924247e-16 0)
(1.462686567 -9.034148179e-17 0)
(1.462686567 -2.04402888e-16 0)
(1.462686567 -1.143585755e-17 0)
(1.462686567 3.1903195e-16 0)
(1.462686567 5.850023965e-17 0)
(1.462686567 -1.254410902e-16 0)
(1.462686567 1.195219763e-18 0)
(1.462686567 5.308514603e-18 0)
(1.462686567 3.120642782e-16 0)
(1.462686567 4.599548474e-16 0)
(1.462686567 2.31914934e-16 0)
(1.462686567 1.303375872e-16 0)
(1.462686567 1.487794222e-16 0)
(1.462686567 1.02586616e-16 0)
(1.462686567 1.566225769e-16 0)
(1.462686567 2.347750824e-16 0)
(1.462686567 1.766505088e-17 0)
(1.462686567 1.411330633e-17 0)
(1.462686567 1.255800539e-16 0)
(1.462686567 1.878622671e-16 0)
(1.462686567 1.399323456e-16 0)
(1.462686567 8.475328139e-17 0)
(1.462686567 -6.713635577e-17 0)
(1.462686567 -9.068627443e-17 0)
(1.462686567 -1.88535752e-16 0)
(1.462686567 -2.148203946e-16 0)
(1.462686567 -8.154840112e-17 0)
(1.462686567 1.350814594e-16 0)
(1.462686567 1.447578635e-16 0)
(1.462686567 6.164202966e-17 0)
(1.462686567 -9.740760615e-17 0)
(1.462686567 -4.621692052e-17 0)
(1.462686567 3.487240835e-16 0)
(1.462686567 1.703101769e-17 0)
(1.462686567 -9.209087438e-17 0)
(1.462686567 2.717039749e-16 0)
(1.462686567 9.042032478e-17 0)
(1.462686567 9.263955033e-17 0)
(1.462686567 6.317385663e-17 0)
(1.462686567 9.964813992e-17 0)
(1.462686567 -1.358378719e-18 0)
(1.462686567 -3.425630348e-16 0)
(1.462686567 -3.282457662e-16 0)
(1.462686567 -1.213359857e-16 0)
(1.462686567 -4.705220899e-17 0)
(1.462686567 1.534561171e-16 0)
(1.462686567 1.138359038e-16 0)
(1.462686567 -1.615292805e-16 0)
(1.462686567 -3.739371817e-16 0)
(1.462686567 -2.21991158e-16 0)
(1.462686567 -9.003614065e-17 0)
(1.462686567 -4.594598077e-16 0)
(1.462686567 -2.710107658e-16 0)
(1.462686567 1.633341679e-16 0)
(1.462686567 1.725206511e-17 0)
(1.462686567 -1.841856438e-16 0)
(1.462686567 1.713686808e-16 0)
(1.462686567 5.165239816e-16 0)
(1.462686567 2.599250301e-16 0)
(1.462686567 -3.112986664e-16 0)
(1.462686567 -3.944080391e-16 0)
(1.462686567 -1.715423806e-16 0)
(1.462686567 -7.432582056e-17 0)
(1.462686567 -3.193227703e-17 0)
(1.462686567 -2.514505048e-17 0)
(1.462686567 2.065475176e-16 0)
(1.462686567 1.652412615e-16 0)
(1.462686567 2.268640718e-16 0)
(1.462686567 2.113874112e-16 0)
(1.462686567 2.924182586e-16 0)
(1.462686567 4.599400688e-16 0)
(1.462686567 2.426122933e-16 0)
(1.462686567 -1.832243499e-16 0)
(1.462686567 1.163243952e-16 0)
(1.462686567 2.938008585e-16 0)
(1.462686567 3.6955846e-17 0)
(1.462686567 1.18622507e-16 0)
(1.462686567 2.407671881e-16 0)
(1.462686567 -1.192146387e-16 0)
(1.462686567 -3.764627537e-16 0)
(1.462686567 -6.586804822e-16 0)
(1.462686567 -6.148657005e-16 0)
(1.462686567 -1.90404234e-16 0)
(1.462686567 -2.503375059e-16 0)
(1.462686567 1.409114489e-17 0)
(1.462686567 5.249592331e-16 0)
(1.462686567 4.357300223e-16 0)
(1.462686567 2.564019312e-16 0)
(1.462686567 -3.614409558e-16 0)
(1.462686567 -3.465141573e-16 0)
(1.462686567 -3.223456827e-17 0)
(1.462686567 -2.828215234e-16 0)
(1.462686567 -3.19969862e-16 0)
(1.462686567 -2.093940377e-16 0)
(1.462686567 8.348957083e-17 0)
(1.462686567 1.834168432e-16 0)
(1.462686567 -1.573041178e-16 0)
(1.462686567 2.355331787e-16 0)
(1.462686567 3.771916697e-16 0)
(1.462686567 5.526876392e-16 0)
(1.462686567 5.633230055e-16 0)
(1.462686567 3.204879418e-16 0)
(1.462686567 5.513806016e-16 0)
(1.462686567 3.240809122e-16 0)
(1.462686567 -4.604255167e-17 0)
(1.462686567 -4.399260704e-16 0)
(1.462686567 -4.578436711e-16 0)
(1.462686567 -1.689686792e-16 0)
(1.462686567 -3.706321205e-16 0)
(1.462686567 -2.315521109e-16 0)
(1.462686567 3.187166739e-16 0)
(1.462686567 2.942702476e-16 0)
(1.462686567 -7.129644608e-17 0)
(1.462686567 5.856904282e-19 0)
(1.462686567 -5.992458302e-17 0)
(1.462686567 2.071521727e-16 0)
(1.462686567 7.571974568e-17 0)
(1.462686567 -4.298382229e-17 0)
(1.462686567 -2.0538142e-16 0)
(1.462686567 -2.111511866e-16 0)
(1.462686567 -4.487121941e-16 0)
(1.462686567 -3.314984595e-17 0)
(1.462686567 3.502493323e-16 0)
(1.462686567 4.572312763e-16 0)
(1.462686567 3.419595106e-16 0)
(1.462686567 -3.574173823e-16 0)
(1.462686567 -5.887121193e-17 0)
(1.462686567 4.818367634e-18 0)
(1.462686567 -2.721208164e-16 0)
(1.462686567 -3.659295293e-16 0)
(1.462686567 -1.06217526e-16 0)
(1.462686567 -1.473381582e-16 0)
(1.462686567 -4.643087789e-16 0)
(1.462686567 -5.78130606e-17 0)
(1.462686567 1.251299379e-16 0)
(1.462686567 4.1367845e-16 0)
(1.462686567 5.468348733e-16 0)
(1.462686567 6.475739516e-17 0)
(1.462686567 7.275178062e-17 0)
(1.462686567 2.186601747e-16 0)
(1.462686567 4.060891266e-16 0)
(1.462686567 1.107006861e-16 0)
(1.462686567 -5.736549929e-16 0)
(1.462686567 -1.759568038e-16 0)
(1.462686567 -3.684853478e-17 0)
(1.462686567 -7.721811294e-16 0)
(1.462686567 -6.756704545e-16 0)
(1.462686567 -1.878129506e-16 0)
(1.462686567 8.683423874e-17 0)
(1.462686567 3.813860511e-16 0)
(1.462686567 2.111021553e-16 0)
(1.462686567 -6.433347683e-17 0)
(1.462686567 -6.812287613e-17 0)
(1.462686567 -3.749001747e-17 0)
(1.462686567 -1.937317122e-16 0)
(1.462686567 -2.405611872e-17 0)
(1.492537313 2.080779415e-16 0)
(1.492537313 2.429612156e-16 0)
(1.492537313 4.634735111e-16 0)
(1.492537313 4.630742859e-16 0)
(1.492537313 5.256290722e-16 0)
(1.492537313 5.774614039e-16 0)
(1.492537313 4.755004607e-16 0)
(1.492537313 3.879936328e-16 0)
(1.492537313 3.947723848e-16 0)
(1.492537313 1.76340762e-16 0)
(1.492537313 1.673052689e-16 0)
(1.492537313 2.435818576e-16 0)
(1.492537313 1.41155847e-16 0)
(1.492537313 -1.890203567e-16 0)
(1.492537313 -2.502729113e-16 0)
(1.492537313 -4.409724546e-16 0)
(1.492537313 -4.942215806e-16 0)
(1.492537313 -2.63066473e-16 0)
(1.492537313 -4.020332386e-17 0)
(1.492537313 -5.136766789e-17 0)
(1.492537313 6.206665647e-17 0)
(1.492537313 4.55670689e-17 0)
(1.492537313 -8.29418325e-17 0)
(1.492537313 -1.508202806e-16 0)
(1.492537313 7.354992196e-18 0)
(1.492537313 -1.762193168e-16 0)
(1.492537313 -3.834597916e-16 0)
(1.492537313 -1.251496922e-16 0)
(1.492537313 -7.311381919e-17 0)
(1.492537313 -1.556463334e-16 0)
(1.492537313 -4.028350503e-16 0)
(1.492537313 -4.390851917e-16 0)
(1.492537313 -4.253118521e-16 0)
(1.492537313 -3.003493023e-16 0)
(1.492537313 -1.175338971e-17 0)
(1.492537313 1.495568149e-16 0)
(1.492537313 2.495884683e-16 0)
(1.492537313 2.815216023e-16 0)
(1.492537313 1.201373483e-16 0)
(1.492537313 -1.410911465e-16 0)
(1.492537313 -2.736878348e-16 0)
(1.492537313 -2.404188312e-16 0)
(1.492537313 -2.285531337e-16 0)
(1.492537313 -3.057797042e-16 0)
(1.492537313 -1.563113209e-16 0)
(1.492537313 -1.37830619e-16 0)
(1.492537313 -9.534745503e-17 0)
(1.492537313 2.89143509e-16 0)
(1.492537313 1.116883124e-16 0)
(1.492537313 -1.18649583e-16 0)
(1.492537313 1.195934286e-17 0)
(1.492537313 1.327338551e-16 0)
(1.492537313 3.768805094e-16 0)
(1.492537313 4.692710838e-16 0)
(1.492537313 2.610666144e-16 0)
(1.492537313 2.93674028e-16 0)
(1.492537313 1.67653148e-16 0)
(1.492537313 1.913503277e-18 0)
(1.492537313 1.331549906e-16 0)
(1.492537313 2.466643047e-16 0)
(1.492537313 1.879877328e-16 0)
(1.492537313 1.982586443e-17 0)
(1.492537313 -3.735782826e-17 0)
(1.492537313 1.326471542e-16 0)
(1.492537313 8.553601124e-17 0)
(1.492537313 1.072443469e-16 0)
(1.492537313 -2.998458754e-17 0)
(1.492537313 -1.03464218e-16 0)
(1.492537313 -5.538580473e-17 0)
(1.492537313 -1.025377576e-16 0)
(1.492537313 2.617564924e-17 0)
(1.492537313 2.198533955e-16 0)
(1.492537313 1.433605596e-16 0)
(1.492537313 1.322660731e-16 0)
(1.492537313 -6.228476695e-17 0)
(1.492537313 1.031303618e-17 0)
(1.492537313 1.164306673e-16 0)
(1.492537313 7.11648915e-17 0)
(1.492537313 4.220006303e-17 0)
(1.492537313 1.773874506e-16 0)
(1.492537313 -1.101167292e-16 0)
(1.492537313 -3.792879852e-17 0)
(1.492537313 -1.172147088e-17 0)
(1.492537313 7.63147601e-17 0)
(1.492537313 -8.961529752e-17 0)
(1.492537313 -4.888587951e-16 0)
(1.492537313 -3.630731678e-16 0)
(1.492537313 -1.250412024e-16 0)
(1.492537313 2.339496242e-18 0)
(1.492537313 5.234922809e-17 0)
(1.492537313 1.306615503e-16 0)
(1.492537313 -6.753070746e-17 0)
(1.492537313 -2.711821993e-16 0)
(1.492537313 -1.163593721e-16 0)
(1.492537313 -2.038312289e-16 0)
(1.492537313 -4.87490999e-16 0)
(1.492537313 -2.31900379e-16 0)
(1.492537313 2.023442869e-17 0)
(1.492537313 -9.757865612e-17 0)
(1.492537313 -1.605758045e-16 0)
(1.492537313 1.420363913e-16 0)
(1.492537313 3.035353456e-16 0)
(1.492537313 1.83634064e-16 0)
(1.492537313 -1.554670572e-16 0)
(1.492537313 -3.416628411e-16 0)
(1.492537313 -3.063624057e-16 0)
(1.492537313 -4.163116291e-17 0)
(1.492537313 8.772247269e-17 0)
(1.492537313 3.270975648e-17 0)
(1.492537313 1.163509543e-16 0)
(1.492537313 2.030314633e-16 0)
(1.492537313 2.716044313e-16 0)
(1.492537313 2.502333054e-16 0)
(1.492537313 2.493589984e-16 0)
(1.492537313 3.976816634e-16 0)
(1.492537313 3.409834104e-16 0)
(1.492537313 2.172406258e-18 0)
(1.492537313 -1.378269728e-16 0)
(1.492537313 1.246124928e-16 0)
(1.492537313 1.304823e-16 0)
(1.492537313 2.120545228e-16 0)
(1.492537313 1.620675033e-16 0)
(1.492537313 -1.725562463e-16 0)
(1.492537313 -3.970009709e-16 0)
(1.492537313 -5.45935901e-16 0)
(1.492537313 -6.39632546e-16 0)
(1.492537313 -2.059029909e-16 0)
(1.492537313 -1.273603012e-16 0)
(1.492537313 4.035374841e-17 0)
(1.492537313 3.451832524e-16 0)
(1.492537313 3.339741968e-16 0)
(1.492537313 2.512545635e-16 0)
(1.492537313 -2.535010138e-16 0)
(1.492537313 -2.869658159e-16 0)
(1.492537313 -1.792173432e-16 0)
(1.492537313 -3.416462547e-16 0)
(1.492537313 -3.710389679e-16 0)
(1.492537313 -2.64616868e-16 0)
(1.492537313 2.311457507e-16 0)
(1.492537313 2.006684033e-16 0)
(1.492537313 -1.452749595e-16 0)
(1.492537313 3.22126869e-16 0)
(1.492537313 5.183542474e-16 0)
(1.492537313 5.307056812e-16 0)
(1.492537313 5.181927372e-16 0)
(1.492537313 3.212404414e-16 0)
(1.492537313 5.086264383e-16 0)
(1.492537313 3.911508753e-16 0)
(1.492537313 3.850485462e-17 0)
(1.492537313 -3.528938011e-16 0)
(1.492537313 -3.097494217e-16 0)
(1.492537313 -4.092978359e-16 0)
(1.492537313 -5.602255513e-16 0)
(1.492537313 -2.525139307e-16 0)
(1.492537313 1.739150132e-16 0)
(1.492537313 2.324544952e-16 0)
(1.492537313 1.87623922e-16 0)
(1.492537313 1.067261811e-16 0)
(1.492537313 -2.225997016e-16 0)
(1.492537313 -5.193885482e-17 0)
(1.492537313 9.283380315e-17 0)
(1.492537313 -3.30410957e-17 0)
(1.492537313 -1.577848445e-16 0)
(1.492537313 -2.769485813e-16 0)
(1.492537313 -2.573229353e-16 0)
(1.492537313 1.359912994e-16 0)
(1.492537313 3.111014042e-16 0)
(1.492537313 5.240808798e-16 0)
(1.492537313 4.200203966e-16 0)
(1.492537313 -3.638554618e-16 0)
(1.492537313 -1.839079995e-16 0)
(1.492537313 -8.875750092e-17 0)
(1.492537313 -2.818671394e-16 0)
(1.492537313 -4.54569118e-16 0)
(1.492537313 -1.375097232e-16 0)
(1.492537313 -1.588325573e-16 0)
(1.492537313 -5.29622193e-16 0)
(1.492537313 -5.68101453e-17 0)
(1.492537313 1.666453177e-16 0)
(1.492537313 2.99495107e-16 0)
(1.492537313 4.449158533e-16 0)
(1.492537313 3.418144261e-16 0)
(1.492537313 3.399033106e-16 0)
(1.492537313 2.7923265e-16 0)
(1.492537313 1.959147955e-16 0)
(1.492537313 4.660675563e-17 0)
(1.492537313 -3.942038034e-16 0)
(1.492537313 -2.423540657e-16 0)
(1.492537313 -2.624479343e-16 0)
(1.492537313 -6.467353648e-16 0)
(1.492537313 -5.553771664e-16 0)
(1.492537313 -1.512797206e-16 0)
(1.492537313 6.621196944e-17 0)
(1.492537313 3.589667197e-16 0)
(1.492537313 2.98900873e-16 0)
(1.492537313 -3.556678375e-17 0)
(1.492537313 -1.159474387e-16 0)
(1.492537313 -5.75496197e-17 0)
(1.492537313 -1.32291261e-16 0)
(1.492537313 -5.876340165e-17 0)
(1.492537313 1.357359797e-16 0)
(1.492537313 3.026853624e-16 0)
(1.492537313 4.393800684e-16 0)
(1.492537313 4.615146071e-16 0)
(1.492537313 4.765406932e-16 0)
(1.492537313 4.400358846e-16 0)
(1.492537313 3.241448542e-16 0)
(1.492537313 2.544810953e-16 0)
(1.492537313 2.968141479e-16 0)
(1.492537313 2.367084487e-16 0)
(1.492537313 2.485624706e-16 0)
(1.492537313 1.997797539e-16 0)
(1.492537313 1.851961614e-16 0)
(1.492537313 -9.130990812e-17 0)
(1.492537313 -2.24493982e-16 0)
(1.492537313 -3.684756788e-16 0)
(1.492537313 -3.65020023e-16 0)
(1.492537313 -2.268390194e-16 0)
(1.492537313 -1.122195644e-16 0)
(1.492537313 -5.875107674e-17 0)
(1.492537313 3.412007146e-17 0)
(1.492537313 2.073352892e-17 0)
(1.492537313 -9.640875938e-17 0)
(1.492537313 -1.486927371e-16 0)
(1.492537313 6.489548395e-18 0)
(1.492537313 -2.675074735e-16 0)
(1.492537313 -3.441460416e-16 0)
(1.492537313 -1.098203021e-16 0)
(1.492537313 1.213746006e-17 0)
(1.492537313 -1.160188709e-16 0)
(1.492537313 -4.30697699e-16 0)
(1.492537313 -4.254119827e-16 0)
(1.492537313 -3.977522785e-16 0)
(1.492537313 -1.743343498e-16 0)
(1.492537313 7.069871252e-17 0)
(1.492537313 2.342852443e-17 0)
(1.492537313 2.288471086e-16 0)
(1.492537313 2.362113104e-16 0)
(1.492537313 2.593145884e-17 0)
(1.492537313 -2.404386121e-16 0)
(1.492537313 -1.236885021e-16 0)
(1.492537313 1.296810648e-17 0)
(1.492537313 -3.244250443e-16 0)
(1.492537313 -4.135444902e-16 0)
(1.492537313 -2.869956437e-16 0)
(1.492537313 -1.429734606e-16 0)
(1.492537313 -6.873473909e-17 0)
(1.492537313 2.052567503e-16 0)
(1.492537313 1.967107118e-16 0)
(1.492537313 -4.583943874e-17 0)
(1.492537313 9.314277975e-17 0)
(1.492537313 2.55471765e-16 0)
(1.492537313 3.634958593e-16 0)
(1.492537313 3.54070235e-16 0)
(1.492537313 3.210977544e-16 0)
(1.492537313 4.280630185e-16 0)
(1.492537313 2.976262316e-16 0)
(1.492537313 -1.010109175e-16 0)
(1.492537313 4.40141343e-17 0)
(1.492537313 1.266610986e-16 0)
(1.492537313 1.929387281e-16 0)
(1.492537313 9.076177975e-17 0)
(1.492537313 7.175421703e-17 0)
(1.492537313 1.069136767e-16 0)
(1.492537313 1.050788703e-16 0)
(1.492537313 2.85430873e-17 0)
(1.492537313 -5.050908084e-17 0)
(1.492537313 -6.828802668e-17 0)
(1.492537313 -5.70193366e-17 0)
(1.492537313 -7.435297336e-17 0)
(1.492537313 1.533024368e-16 0)
(1.492537313 3.244885149e-16 0)
(1.492537313 1.316949867e-16 0)
(1.492537313 1.218140371e-16 0)
(1.492537313 1.224926077e-16 0)
(1.492537313 -6.347440096e-17 0)
(1.492537313 -1.273194694e-16 0)
(1.492537313 1.63353411e-16 0)
(1.492537313 1.927202093e-16 0)
(1.492537313 1.947355526e-17 0)
(1.492537313 -2.538131529e-16 0)
(1.492537313 -1.321551106e-16 0)
(1.492537313 -1.267526266e-16 0)
(1.492537313 2.847811903e-17 0)
(1.492537313 -4.037458484e-17 0)
(1.492537313 -5.793702782e-16 0)
(1.492537313 -3.726703567e-16 0)
(1.492537313 -9.250146024e-17 0)
(1.492537313 3.782401749e-17 0)
(1.492537313 2.205304545e-17 0)
(1.492537313 1.201373203e-16 0)
(1.492537313 -8.232607416e-17 0)
(1.492537313 -2.232823141e-16 0)
(1.492537313 -8.69409153e-17 0)
(1.492537313 -1.624559701e-16 0)
(1.492537313 -2.985639243e-16 0)
(1.492537313 -2.470526815e-16 0)
(1.492537313 -1.780109183e-16 0)
(1.492537313 -1.641306355e-16 0)
(1.492537313 -7.88870904e-17 0)
(1.492537313 7.007324008e-17 0)
(1.492537313 2.370021412e-17 0)
(1.492537313 6.495400443e-17 0)
(1.492537313 4.897543807e-17 0)
(1.492537313 -2.45382348e-16 0)
(1.492537313 -2.819352323e-16 0)
(1.492537313 4.504573463e-17 0)
(1.492537313 1.482996546e-16 0)
(1.492537313 -1.746239604e-17 0)
(1.492537313 -2.460311977e-17 0)
(1.492537313 2.489212312e-16 0)
(1.492537313 4.587607368e-16 0)
(1.492537313 3.172372774e-16 0)
(1.492537313 1.362475728e-16 0)
(1.492537313 2.873250457e-16 0)
(1.492537313 3.108899874e-16 0)
(1.492537313 8.275464626e-17 0)
(1.492537313 -1.940351478e-16 0)
(1.492537313 6.886450243e-17 0)
(1.492537313 2.232611509e-16 0)
(1.492537313 1.545284307e-16 0)
(1.492537313 1.375391736e-16 0)
(1.492537313 -1.416531849e-16 0)
(1.492537313 -3.128587197e-16 0)
(1.492537313 -4.934576274e-16 0)
(1.492537313 -4.970054907e-16 0)
(1.492537313 -2.803328557e-16 0)
(1.492537313 -1.371224005e-16 0)
(1.492537313 7.951870816e-18 0)
(1.492537313 1.435153497e-16 0)
(1.492537313 3.091002577e-16 0)
(1.492537313 2.922529099e-16 0)
(1.492537313 -1.280282235e-16 0)
(1.492537313 -3.691437429e-16 0)
(1.492537313 -4.894402524e-16 0)
(1.492537313 -3.628159833e-16 0)
(1.492537313 -2.011540874e-16 0)
(1.492537313 -2.044636534e-16 0)
(1.492537313 1.125790919e-16 0)
(1.492537313 1.340866894e-16 0)
(1.492537313 -1.108431094e-16 0)
(1.492537313 4.676879273e-16 0)
(1.492537313 6.965223659e-16 0)
(1.492537313 3.46495304e-16 0)
(1.492537313 3.223972035e-16 0)
(1.492537313 3.888907985e-16 0)
(1.492537313 4.744219177e-16 0)
(1.492537313 4.146084675e-16 0)
(1.492537313 2.099518299e-16 0)
(1.492537313 -1.265460048e-16 0)
(1.492537313 -1.592198213e-16 0)
(1.492537313 -6.445161471e-16 0)
(1.492537313 -6.860131676e-16 0)
(1.492537313 -1.938029179e-16 0)
(1.492537313 -2.770813254e-17 0)
(1.492537313 1.239480008e-16 0)
(1.492537313 3.741775886e-16 0)
(1.492537313 2.365349404e-16 0)
(1.492537313 -2.227401046e-16 0)
(1.492537313 -2.874771356e-16 0)
(1.492537313 3.797961795e-17 0)
(1.492537313 -9.971840322e-17 0)
(1.492537313 -1.752299742e-16 0)
(1.492537313 -2.398702552e-16 0)
(1.492537313 -4.494994771e-17 0)
(1.492537313 1.50306543e-16 0)
(1.492537313 4.301742627e-16 0)
(1.492537313 5.912538103e-16 0)
(1.492537313 3.255752047e-16 0)
(1.492537313 -2.468677791e-16 0)
(1.492537313 -1.986894213e-16 0)
(1.492537313 -3.166597609e-16 0)
(1.492537313 -4.358645574e-16 0)
(1.492537313 -3.890957183e-16 0)
(1.492537313 -2.886937582e-16 0)
(1.492537313 -2.06648022e-16 0)
(1.492537313 -5.254630514e-16 0)
(1.492537313 -1.228623065e-16 0)
(1.492537313 3.43011079e-16 0)
(1.492537313 1.664771776e-16 0)
(1.492537313 2.650589959e-16 0)
(1.492537313 5.736139848e-16 0)
(1.492537313 6.661069338e-16 0)
(1.492537313 4.727900575e-16 0)
(1.492537313 -1.579073366e-16 0)
(1.492537313 -1.322530177e-16 0)
(1.492537313 -5.899408708e-17 0)
(1.492537313 -2.172820259e-16 0)
(1.492537313 -4.687592203e-16 0)
(1.492537313 -6.009955462e-16 0)
(1.492537313 -3.713598132e-16 0)
(1.492537313 -5.364536053e-17 0)
(1.492537313 1.122357236e-16 0)
(1.492537313 1.717778408e-16 0)
(1.492537313 3.2083903e-16 0)
(1.492537313 3.807770314e-17 0)
(1.492537313 -1.875512365e-16 0)
(1.492537313 -6.067331894e-17 0)
(1.492537313 -7.42647842e-17 0)
(1.492537313 7.764287246e-18 0)
(1.462686567 8.984357177e-17 0)
(1.462686567 2.259090657e-16 0)
(1.462686567 4.331602525e-16 0)
(1.462686567 3.731869723e-16 0)
(1.462686567 3.744501944e-16 0)
(1.462686567 2.787305884e-16 0)
(1.462686567 2.433896794e-16 0)
(1.462686567 2.265102945e-16 0)
(1.462686567 1.603434026e-16 0)
(1.462686567 2.062407726e-16 0)
(1.462686567 2.655447122e-16 0)
(1.462686567 1.767788011e-16 0)
(1.462686567 1.164602314e-16 0)
(1.462686567 3.02981788e-17 0)
(1.462686567 -1.851963038e-16 0)
(1.462686567 -2.836266892e-16 0)
(1.462686567 -2.600330143e-16 0)
(1.462686567 -2.332088524e-16 0)
(1.462686567 -2.265036955e-16 0)
(1.462686567 -9.295445953e-17 0)
(1.462686567 4.942823151e-17 0)
(1.462686567 -3.587749939e-17 0)
(1.462686567 -8.098296315e-17 0)
(1.462686567 -1.415208218e-16 0)
(1.462686567 -3.817855078e-17 0)
(1.462686567 -2.602111714e-16 0)
(1.462686567 -3.563763572e-16 0)
(1.462686567 -1.53766553e-16 0)
(1.462686567 9.238819635e-17 0)
(1.462686567 -7.967159143e-17 0)
(1.462686567 -3.773057553e-16 0)
(1.462686567 -4.260583857e-16 0)
(1.462686567 -2.618046135e-16 0)
(1.462686567 7.44735683e-18 0)
(1.462686567 1.558192521e-16 0)
(1.462686567 9.991016256e-17 0)
(1.462686567 2.279836386e-16 0)
(1.462686567 9.524477238e-17 0)
(1.462686567 -1.045437245e-16 0)
(1.462686567 -2.991997938e-16 0)
(1.462686567 -1.397203149e-17 0)
(1.462686567 2.349909869e-16 0)
(1.462686567 -3.354997266e-16 0)
(1.462686567 -5.779655994e-16 0)
(1.462686567 -4.373110389e-16 0)
(1.462686567 -1.586462094e-16 0)
(1.462686567 -6.187537527e-18 0)
(1.462686567 2.601251551e-16 0)
(1.462686567 2.933972405e-16 0)
(1.462686567 7.799706279e-17 0)
(1.462686567 1.089573728e-16 0)
(1.462686567 2.011236985e-16 0)
(1.462686567 2.049088889e-16 0)
(1.462686567 2.172306791e-16 0)
(1.462686567 3.340815529e-16 0)
(1.462686567 5.788915758e-16 0)
(1.462686567 4.246490742e-16 0)
(1.462686567 -8.01050408e-17 0)
(1.462686567 -9.852652902e-17 0)
(1.462686567 8.588962692e-17 0)
(1.462686567 1.840017835e-16 0)
(1.462686567 2.080194831e-17 0)
(1.462686567 1.22705084e-16 0)
(1.462686567 8.382107133e-17 0)
(1.462686567 1.757954832e-16 0)
(1.462686567 2.203158357e-17 0)
(1.462686567 -9.119533963e-17 0)
(1.462686567 -3.914924308e-17 0)
(1.462686567 -3.437026284e-17 0)
(1.462686567 -1.034634391e-16 0)
(1.462686567 3.11511526e-16 0)
(1.462686567 3.198950537e-16 0)
(1.462686567 4.871123068e-17 0)
(1.462686567 1.822972867e-16 0)
(1.462686567 2.229039682e-16 0)
(1.462686567 -1.57189532e-16 0)
(1.462686567 -2.54228953e-16 0)
(1.462686567 1.989496517e-16 0)
(1.462686567 2.77576204e-16 0)
(1.462686567 -6.92482219e-17 0)
(1.462686567 -2.942116265e-16 0)
(1.462686567 -1.832193972e-16 0)
(1.462686567 -1.482967055e-16 0)
(1.462686567 -3.501975777e-17 0)
(1.462686567 8.31907613e-17 0)
(1.462686567 -4.403645361e-16 0)
(1.462686567 -4.39759562e-16 0)
(1.462686567 -1.507152138e-16 0)
(1.462686567 8.03601097e-17 0)
(1.462686567 1.207813101e-16 0)
(1.462686567 3.384690205e-17 0)
(1.462686567 -1.105049233e-16 0)
(1.462686567 -4.539048453e-17 0)
(1.462686567 1.430688494e-17 0)
(1.462686567 -2.076727681e-16 0)
(1.462686567 -1.207025011e-16 0)
(1.462686567 -2.027300464e-16 0)
(1.462686567 -3.912915928e-16 0)
(1.462686567 -1.933440524e-16 0)
(1.462686567 -2.578990423e-17 0)
(1.462686567 -1.274370858e-16 0)
(1.462686567 -1.965820501e-16 0)
(1.462686567 8.050386495e-17 0)
(1.462686567 1.142473036e-16 0)
(1.462686567 -1.978093964e-16 0)
(1.462686567 -2.584126176e-16 0)
(1.462686567 1.189564138e-16 0)
(1.462686567 2.177544368e-16 0)
(1.462686567 -2.136491668e-16 0)
(1.462686567 -1.567271498e-16 0)
(1.462686567 2.83606064e-16 0)
(1.462686567 6.248088958e-16 0)
(1.462686567 5.232722457e-16 0)
(1.462686567 -3.234406802e-18 0)
(1.462686567 3.016045632e-17 0)
(1.462686567 2.780746654e-16 0)
(1.462686567 1.471799366e-16 0)
(1.462686567 -1.810202637e-16 0)
(1.462686567 9.777518877e-17 0)
(1.462686567 3.321985675e-16 0)
(1.462686567 9.966965448e-17 0)
(1.462686567 3.98484903e-17 0)
(1.462686567 -2.000498635e-16 0)
(1.462686567 -2.311792592e-16 0)
(1.462686567 -3.785910348e-16 0)
(1.462686567 -3.121466337e-16 0)
(1.462686567 -3.183820263e-16 0)
(1.462686567 -2.011175087e-16 0)
(1.462686567 4.73787087e-18 0)
(1.462686567 -4.297615486e-18 0)
(1.462686567 1.818957019e-16 0)
(1.462686567 2.922104073e-16 0)
(1.462686567 -4.694679081e-17 0)
(1.462686567 -2.311318352e-16 0)
(1.462686567 -6.936637029e-16 0)
(1.462686567 -3.26006663e-16 0)
(1.462686567 1.369797624e-17 0)
(1.462686567 -1.431736513e-16 0)
(1.462686567 -8.819393757e-17 0)
(1.462686567 -6.396415743e-17 0)
(1.462686567 -4.364298037e-18 0)
(1.462686567 5.750909047e-16 0)
(1.462686567 7.826136134e-16 0)
(1.462686567 2.115252829e-16 0)
(1.462686567 1.385172424e-16 0)
(1.462686567 5.036355743e-16 0)
(1.462686567 4.442612654e-16 0)
(1.462686567 3.1222802e-16 0)
(1.462686567 4.111364467e-16 0)
(1.462686567 1.477892175e-16 0)
(1.462686567 -2.857790852e-17 0)
(1.462686567 -8.838169744e-16 0)
(1.462686567 -7.382778806e-16 0)
(1.462686567 6.816210986e-17 0)
(1.462686567 -1.90957582e-16 0)
(1.462686567 -5.382527229e-17 0)
(1.462686567 3.631505062e-16 0)
(1.462686567 2.272004975e-16 0)
(1.462686567 -1.439970229e-16 0)
(1.462686567 -4.502559259e-16 0)
(1.462686567 -7.689075929e-17 0)
(1.462686567 -5.302079971e-17 0)
(1.462686567 -1.004957358e-16 0)
(1.462686567 -2.699790963e-17 0)
(1.462686567 3.924197757e-17 0)
(1.462686567 1.232162434e-16 0)
(1.462686567 3.790939148e-16 0)
(1.462686567 5.60450832e-16 0)
(1.462686567 2.005965912e-16 0)
(1.462686567 -1.332515367e-16 0)
(1.462686567 2.849916626e-17 0)
(1.462686567 -5.652457485e-16 0)
(1.462686567 -6.385170991e-16 0)
(1.462686567 -2.409320412e-16 0)
(1.462686567 -3.233217705e-16 0)
(1.462686567 -2.421271727e-16 0)
(1.462686567 -5.679222342e-16 0)
(1.462686567 -1.991660464e-16 0)
(1.462686567 5.622667694e-16 0)
(1.462686567 8.87738494e-18 0)
(1.462686567 2.541995238e-16 0)
(1.462686567 7.644395065e-16 0)
(1.462686567 7.474180647e-16 0)
(1.462686567 4.507297458e-16 0)
(1.462686567 -3.965110798e-16 0)
(1.462686567 -1.868049655e-16 0)
(1.462686567 1.928702372e-16 0)
(1.462686567 -1.996601653e-16 0)
(1.462686567 -6.186271942e-16 0)
(1.462686567 -5.491488857e-16 0)
(1.462686567 -1.756337065e-16 0)
(1.462686567 9.1619216e-17 0)
(1.462686567 1.753781628e-16 0)
(1.462686567 -1.559080671e-19 0)
(1.462686567 1.963970253e-16 0)
(1.462686567 2.657108123e-17 0)
(1.462686567 -1.554693034e-16 0)
(1.462686567 -8.519648705e-17 0)
(1.462686567 6.286066432e-17 0)
(1.462686567 1.728490846e-16 0)
(1.402985075 1.266621537e-16 0)
(1.402985075 1.039500047e-16 0)
(1.402985075 1.848847592e-16 0)
(1.402985075 1.327919083e-16 0)
(1.402985075 3.684847252e-16 0)
(1.402985075 2.335978502e-16 0)
(1.402985075 2.456329418e-16 0)
(1.402985075 1.598746161e-16 0)
(1.402985075 8.812785739e-17 0)
(1.402985075 1.692201832e-16 0)
(1.402985075 2.664325871e-16 0)
(1.402985075 1.950187474e-16 0)
(1.402985075 -1.265543876e-18 0)
(1.402985075 1.077045317e-17 0)
(1.402985075 -1.051672115e-17 0)
(1.402985075 -2.523606846e-16 0)
(1.402985075 -2.067676528e-16 0)
(1.402985075 -1.504467324e-16 0)
(1.402985075 -3.296377864e-16 0)
(1.402985075 -2.032048022e-16 0)
(1.402985075 2.433394317e-17 0)
(1.402985075 -3.239042532e-17 0)
(1.402985075 -3.685000127e-17 0)
(1.402985075 -6.874096112e-17 0)
(1.402985075 -1.412246926e-16 0)
(1.402985075 -2.321355061e-16 0)
(1.402985075 -2.823082208e-16 0)
(1.402985075 -2.018820007e-16 0)
(1.402985075 3.924540418e-17 0)
(1.402985075 -8.92074104e-18 0)
(1.402985075 -2.664985257e-16 0)
(1.402985075 -3.530839373e-16 0)
(1.402985075 -1.981945655e-16 0)
(1.402985075 5.735241648e-17 0)
(1.402985075 3.15388203e-16 0)
(1.402985075 1.611872774e-16 0)
(1.402985075 2.386206825e-16 0)
(1.402985075 -2.107735747e-17 0)
(1.402985075 -2.116003074e-16 0)
(1.402985075 -1.761115993e-16 0)
(1.402985075 -4.220475336e-17 0)
(1.402985075 2.599023998e-16 0)
(1.402985075 -2.388513035e-16 0)
(1.402985075 -6.254219584e-16 0)
(1.402985075 -4.499764251e-16 0)
(1.402985075 -2.040715203e-16 0)
(1.402985075 6.66374881e-17 0)
(1.402985075 2.737497826e-16 0)
(1.402985075 3.560025468e-16 0)
(1.402985075 1.982310549e-16 0)
(1.402985075 1.417439954e-16 0)
(1.402985075 1.181618416e-16 0)
(1.402985075 5.873294251e-17 0)
(1.402985075 1.548177041e-16 0)
(1.402985075 1.990294881e-16 0)
(1.402985075 5.643542675e-16 0)
(1.402985075 4.405505242e-16 0)
(1.402985075 -3.625037503e-17 0)
(1.402985075 -1.007494395e-16 0)
(1.402985075 1.805790266e-16 0)
(1.402985075 1.849773533e-16 0)
(1.402985075 -6.398060013e-17 0)
(1.402985075 6.96564194e-17 0)
(1.402985075 1.310620256e-17 0)
(1.402985075 2.275855014e-16 0)
(1.402985075 1.448212848e-16 0)
(1.402985075 -1.625808826e-16 0)
(1.402985075 -2.463111184e-18 0)
(1.402985075 -4.32032785e-17 0)
(1.402985075 -2.191309366e-16 0)
(1.402985075 4.669834044e-16 0)
(1.402985075 2.503943083e-16 0)
(1.402985075 -2.153640409e-17 0)
(1.402985075 3.001017042e-16 0)
(1.402985075 2.808034922e-16 0)
(1.402985075 -1.3395421e-16 0)
(1.402985075 -4.509135205e-16 0)
(1.402985075 2.30044717e-16 0)
(1.402985075 3.19630022e-16 0)
(1.402985075 -1.100846457e-16 0)
(1.402985075 -3.029089179e-16 0)
(1.402985075 -2.491090569e-16 0)
(1.402985075 -1.462456726e-16 0)
(1.402985075 4.859110063e-17 0)
(1.402985075 2.520653093e-16 0)
(1.402985075 -2.160034681e-16 0)
(1.402985075 -4.670897093e-16 0)
(1.402985075 -3.363608228e-16 0)
(1.402985075 1.290221095e-16 0)
(1.402985075 1.819981787e-16 0)
(1.402985075 -8.936949195e-17 0)
(1.402985075 -1.401476771e-16 0)
(1.402985075 9.964488071e-17 0)
(1.402985075 5.621480274e-17 0)
(1.402985075 -3.051754758e-16 0)
(1.402985075 7.4795282e-17 0)
(1.402985075 -2.13433558e-16 0)
(1.402985075 -5.476411947e-16 0)
(1.402985075 -1.18143938e-16 0)
(1.402985075 9.941798591e-17 0)
(1.402985075 -2.216915096e-16 0)
(1.402985075 -4.676188675e-16 0)
(1.402985075 6.354128005e-17 0)
(1.402985075 1.915410625e-16 0)
(1.402985075 -1.601011777e-16 0)
(1.402985075 -4.018934008e-16 0)
(1.402985075 2.63170393e-16 0)
(1.402985075 3.615465612e-16 0)
(1.402985075 -2.97526762e-16 0)
(1.402985075 -2.914565212e-16 0)
(1.402985075 1.115197071e-16 0)
(1.402985075 7.433176143e-16 0)
(1.402985075 5.859813178e-16 0)
(1.402985075 4.34412576e-17 0)
(1.402985075 -1.068407534e-16 0)
(1.402985075 1.480841782e-16 0)
(1.402985075 2.153842945e-16 0)
(1.402985075 -2.9820757e-17 0)
(1.402985075 2.168237113e-17 0)
(1.402985075 2.584938666e-16 0)
(1.402985075 1.281272481e-16 0)
(1.402985075 -2.526638149e-16 0)
(1.402985075 -3.256421889e-16 0)
(1.402985075 6.460213958e-18 0)
(1.402985075 -1.141791028e-16 0)
(1.402985075 -2.098179618e-16 0)
(1.402985075 -2.58090013e-16 0)
(1.402985075 -4.690877347e-16 0)
(1.402985075 -1.292097554e-16 0)
(1.402985075 -3.610596878e-17 0)
(1.402985075 1.722374801e-16 0)
(1.402985075 2.948006864e-16 0)
(1.402985075 -3.306390087e-17 0)
(1.402985075 -3.003156499e-17 0)
(1.402985075 -7.411211756e-16 0)
(1.402985075 -2.47055848e-16 0)
(1.402985075 2.633403167e-16 0)
(1.402985075 2.100017587e-17 0)
(1.402985075 -3.728682272e-16 0)
(1.402985075 -5.382293662e-16 0)
(1.402985075 9.990335929e-17 0)
(1.402985075 7.698299283e-16 0)
(1.402985075 8.700360104e-16 0)
(1.402985075 -8.441169642e-17 0)
(1.402985075 -9.39541947e-17 0)
(1.402985075 7.883027865e-16 0)
(1.402985075 4.96685206e-16 0)
(1.402985075 2.373499872e-16 0)
(1.402985075 4.576710736e-16 0)
(1.402985075 3.98886722e-16 0)
(1.402985075 2.221875071e-16 0)
(1.402985075 -1.007434767e-15 0)
(1.402985075 -7.448357849e-16 0)
(1.402985075 2.760936938e-16 0)
(1.402985075 -2.580440038e-16 0)
(1.402985075 -2.045713159e-16 0)
(1.402985075 2.740763369e-16 0)
(1.402985075 7.88903191e-17 0)
(1.402985075 -6.707811811e-17 0)
(1.402985075 -5.768442706e-16 0)
(1.402985075 -8.836347896e-17 0)
(1.402985075 4.877248632e-17 0)
(1.402985075 3.467133604e-17 0)
(1.402985075 7.277962982e-17 0)
(1.402985075 -8.820762882e-17 0)
(1.402985075 1.547578107e-16 0)
(1.402985075 3.306933387e-16 0)
(1.402985075 6.199179063e-16 0)
(1.402985075 1.713643803e-17 0)
(1.402985075 -4.437403233e-17 0)
(1.402985075 3.2786087e-16 0)
(1.402985075 -8.400894268e-16 0)
(1.402985075 -7.151574708e-16 0)
(1.402985075 -8.104685684e-17 0)
(1.402985075 -3.674842641e-16 0)
(1.402985075 -9.484945708e-17 0)
(1.402985075 -8.900796624e-16 0)
(1.402985075 -2.532526301e-16 0)
(1.402985075 9.922460665e-16 0)
(1.402985075 -1.393391362e-16 0)
(1.402985075 1.444818223e-16 0)
(1.402985075 9.500965217e-16 0)
(1.402985075 6.691757214e-16 0)
(1.402985075 4.123275538e-16 0)
(1.402985075 -5.862594775e-16 0)
(1.402985075 -2.271726585e-16 0)
(1.402985075 5.570807022e-16 0)
(1.402985075 -9.501823171e-17 0)
(1.402985075 -9.303483498e-16 0)
(1.402985075 -5.995410377e-16 0)
(1.402985075 1.023231794e-16 0)
(1.402985075 3.54467509e-16 0)
(1.402985075 2.155297911e-16 0)
(1.402985075 -2.655552758e-16 0)
(1.402985075 -3.042450174e-17 0)
(1.402985075 -6.770191678e-17 0)
(1.402985075 -7.319299113e-17 0)
(1.402985075 1.694013887e-16 0)
(1.402985075 1.608806052e-16 0)
(1.402985075 1.494274447e-16 0)
(1.313432836 5.275214627e-17 0)
(1.313432836 3.479785138e-17 0)
(1.313432836 2.381584772e-17 0)
(1.313432836 -2.818156716e-18 0)
(1.313432836 2.967624827e-16 0)
(1.313432836 2.964014959e-16 0)
(1.313432836 1.793320387e-16 0)
(1.313432836 9.702409772e-17 0)
(1.313432836 1.030315812e-16 0)
(1.313432836 1.832702914e-16 0)
(1.313432836 2.917402943e-16 0)
(1.313432836 2.066375212e-16 0)
(1.313432836 -2.390361019e-17 0)
(1.313432836 3.203773423e-17 0)
(1.313432836 1.178494806e-16 0)
(1.313432836 -2.563389608e-16 0)
(1.313432836 -1.414530896e-16 0)
(1.313432836 -6.758361925e-17 0)
(1.313432836 -4.271155486e-16 0)
(1.313432836 -2.76394195e-16 0)
(1.313432836 -3.882210859e-17 0)
(1.313432836 5.765073284e-17 0)
(1.313432836 3.57771975e-17 0)
(1.313432836 -8.385225445e-18 0)
(1.313432836 -2.133491777e-16 0)
(1.313432836 -2.74184074e-16 0)
(1.313432836 -2.567866271e-16 0)
(1.313432836 -2.309437472e-16 0)
(1.313432836 -1.388220728e-17 0)
(1.313432836 -2.886345978e-17 0)
(1.313432836 -1.049929177e-16 0)
(1.313432836 -2.041691341e-16 0)
(1.313432836 -1.46377344e-16 0)
(1.313432836 4.852013805e-17 0)
(1.313432836 4.137558445e-16 0)
(1.313432836 1.982749029e-16 0)
(1.313432836 1.580475793e-16 0)
(1.313432836 -1.063781941e-16 0)
(1.313432836 -1.738165548e-16 0)
(1.313432836 -9.508362976e-19 0)
(1.313432836 -1.997135964e-16 0)
(1.313432836 1.481432708e-16 0)
(1.313432836 -1.385162279e-16 0)
(1.313432836 -5.247117725e-16 0)
(1.313432836 -4.204618664e-16 0)
(1.313432836 -2.392504357e-16 0)
(1.313432836 5.305483711e-17 0)
(1.313432836 2.413079607e-16 0)
(1.313432836 3.350040685e-16 0)
(1.313432836 1.390835079e-16 0)
(1.313432836 1.32953037e-16 0)
(1.313432836 1.626575911e-16 0)
(1.313432836 6.640103418e-17 0)
(1.313432836 1.203027208e-17 0)
(1.313432836 9.38203511e-17 0)
(1.313432836 5.229656475e-16 0)
(1.313432836 3.951225343e-16 0)
(1.313432836 4.199417166e-17 0)
(1.313432836 -6.333470517e-17 0)
(1.313432836 1.642396716e-16 0)
(1.313432836 8.399127905e-17 0)
(1.313432836 -3.437434295e-17 0)
(1.313432836 8.548915163e-17 0)
(1.313432836 -7.775272279e-18 0)
(1.313432836 1.31841527e-16 0)
(1.313432836 2.101127875e-16 0)
(1.313432836 -1.488095466e-16 0)
(1.313432836 -1.628818835e-17 0)
(1.313432836 -6.506580132e-17 0)
(1.313432836 -2.058259567e-16 0)
(1.313432836 4.773387604e-16 0)
(1.313432836 9.533426725e-17 0)
(1.313432836 -6.139714888e-17 0)
(1.313432836 3.626602771e-16 0)
(1.313432836 4.222600628e-16 0)
(1.313432836 -1.380211449e-16 0)
(1.313432836 -6.098276116e-16 0)
(1.313432836 1.991630919e-16 0)
(1.313432836 4.270711248e-16 0)
(1.313432836 -1.278542837e-16 0)
(1.313432836 -2.850065059e-16 0)
(1.313432836 -2.463564685e-16 0)
(1.313432836 -1.566437447e-16 0)
(1.313432836 3.922600665e-17 0)
(1.313432836 2.945105607e-16 0)
(1.313432836 -2.017431432e-18 0)
(1.313432836 -4.069732631e-16 0)
(1.313432836 -4.897879877e-16 0)
(1.313432836 5.499716874e-17 0)
(1.313432836 2.228411255e-16 0)
(1.313432836 -1.428961631e-16 0)
(1.313432836 -1.481664896e-16 0)
(1.313432836 1.632031612e-16 0)
(1.313432836 8.014838026e-18 0)
(1.313432836 -2.839766281e-16 0)
(1.313432836 2.445153596e-16 0)
(1.313432836 -2.166514958e-16 0)
(1.313432836 -6.229223702e-16 0)
(1.313432836 -1.498869136e-16 0)
(1.313432836 2.652673113e-16 0)
(1.313432836 -2.65958531e-16 0)
(1.313432836 -6.025714479e-16 0)
(1.313432836 8.936569096e-17 0)
(1.313432836 3.922023978e-16 0)
(1.313432836 -2.215764892e-16 0)
(1.313432836 -4.974012941e-16 0)
(1.313432836 3.018630665e-16 0)
(1.313432836 5.021383467e-16 0)
(1.313432836 -3.452231518e-16 0)
(1.313432836 -4.3805522e-16 0)
(1.313432836 -5.378289303e-17 0)
(1.313432836 7.171954544e-16 0)
(1.313432836 6.644380026e-16 0)
(1.313432836 1.443184202e-16 0)
(1.313432836 -1.782851809e-16 0)
(1.313432836 -5.271973533e-17 0)
(1.313432836 2.656226098e-16 0)
(1.313432836 1.001012447e-16 0)
(1.313432836 -1.436674541e-17 0)
(1.313432836 1.962796105e-16 0)
(1.313432836 9.46634475e-17 0)
(1.313432836 -5.484703465e-16 0)
(1.313432836 -4.054448465e-16 0)
(1.313432836 2.177312587e-16 0)
(1.313432836 1.998097347e-16 0)
(1.313432836 -1.510052315e-16 0)
(1.313432836 -2.087637469e-16 0)
(1.313432836 -6.29804402e-16 0)
(1.313432836 -2.363640975e-16 0)
(1.313432836 -2.541251806e-17 0)
(1.313432836 1.427436044e-16 0)
(1.313432836 2.98901258e-16 0)
(1.313432836 -5.243329556e-17 0)
(1.313432836 -7.203916991e-17 0)
(1.313432836 -7.151050039e-16 0)
(1.313432836 3.994871303e-20 0)
(1.313432836 4.032301615e-16 0)
(1.313432836 4.520558045e-17 0)
(1.313432836 -5.047797866e-16 0)
(1.313432836 -8.827488289e-16 0)
(1.313432836 1.422990708e-16 0)
(1.313432836 7.427330109e-16 0)
(1.313432836 7.945274251e-16 0)
(1.313432836 -2.773055697e-16 0)
(1.313432836 -1.026886886e-16 0)
(1.313432836 9.567312512e-16 0)
(1.313432836 4.285722753e-16 0)
(1.313432836 2.454596568e-16 0)
(1.313432836 5.572393075e-16 0)
(1.313432836 6.374077978e-16 0)
(1.313432836 3.575659492e-16 0)
(1.313432836 -1.034844335e-15 0)
(1.313432836 -7.42319594e-16 0)
(1.313432836 2.896875585e-16 0)
(1.313432836 -2.775423173e-16 0)
(1.313432836 -2.594855383e-16 0)
(1.313432836 2.939422321e-16 0)
(1.313432836 -2.723929695e-17 0)
(1.313432836 -1.177934452e-16 0)
(1.313432836 -6.073328423e-16 0)
(1.313432836 9.332016622e-18 0)
(1.313432836 9.327729141e-17 0)
(1.313432836 3.078116987e-17 0)
(1.313432836 8.683446701e-17 0)
(1.313432836 -1.595369048e-16 0)
(1.313432836 1.043734025e-16 0)
(1.313432836 3.025154498e-16 0)
(1.313432836 7.462337708e-16 0)
(1.313432836 -9.4867063e-17 0)
(1.313432836 -3.570007719e-17 0)
(1.313432836 4.328078664e-16 0)
(1.313432836 -9.045411094e-16 0)
(1.313432836 -6.687128001e-16 0)
(1.313432836 2.060495739e-17 0)
(1.313432836 -4.149025009e-16 0)
(1.313432836 -8.225238335e-17 0)
(1.313432836 -1.149148705e-15 0)
(1.313432836 -2.282909224e-16 0)
(1.313432836 1.251796896e-15 0)
(1.313432836 -2.606669917e-16 0)
(1.313432836 9.304151059e-17 0)
(1.313432836 1.048243012e-15 0)
(1.313432836 5.559081503e-16 0)
(1.313432836 4.404599628e-16 0)
(1.313432836 -7.683245187e-16 0)
(1.313432836 -2.366937078e-16 0)
(1.313432836 7.962456141e-16 0)
(1.313432836 -9.651451056e-17 0)
(1.313432836 -9.37465595e-16 0)
(1.313432836 -5.544634193e-16 0)
(1.313432836 2.452677162e-16 0)
(1.313432836 5.565163102e-16 0)
(1.313432836 3.142035873e-16 0)
(1.313432836 -3.730657393e-16 0)
(1.313432836 -2.220350311e-16 0)
(1.313432836 -2.457712677e-16 0)
(1.313432836 -7.197737858e-17 0)
(1.313432836 4.443428961e-16 0)
(1.313432836 2.154763174e-16 0)
(1.313432836 1.330359798e-16 0)
(1.194029851 -2.388549341e-16 0)
(1.194029851 -7.070151451e-17 0)
(1.194029851 -3.55565561e-17 0)
(1.194029851 6.926367334e-18 0)
(1.194029851 2.410049818e-16 0)
(1.194029851 2.145454026e-16 0)
(1.194029851 8.961437214e-17 0)
(1.194029851 1.441786831e-16 0)
(1.194029851 7.131624911e-17 0)
(1.194029851 1.582288639e-16 0)
(1.194029851 3.739959145e-16 0)
(1.194029851 2.078043697e-16 0)
(1.194029851 -1.398243112e-16 0)
(1.194029851 1.193770032e-16 0)
(1.194029851 2.145465204e-16 0)
(1.194029851 -1.830266853e-16 0)
(1.194029851 -8.307883296e-17 0)
(1.194029851 -1.532443759e-17 0)
(1.194029851 -4.467814073e-16 0)
(1.194029851 -3.700610732e-16 0)
(1.194029851 -1.000816847e-16 0)
(1.194029851 7.537277579e-17 0)
(1.194029851 1.174419522e-16 0)
(1.194029851 1.068549258e-16 0)
(1.194029851 -1.849403304e-16 0)
(1.194029851 -3.829035931e-16 0)
(1.194029851 -2.518312699e-16 0)
(1.194029851 -1.662281999e-16 0)
(1.194029851 -1.571159572e-17 0)
(1.194029851 -4.101979449e-17 0)
(1.194029851 -1.638852123e-16 0)
(1.194029851 -1.603495126e-16 0)
(1.194029851 -3.929846863e-17 0)
(1.194029851 1.561348219e-16 0)
(1.194029851 3.423451808e-16 0)
(1.194029851 1.075299193e-16 0)
(1.194029851 1.450523263e-16 0)
(1.194029851 -1.477691366e-16 0)
(1.194029851 -1.710681696e-16 0)
(1.194029851 7.459050789e-17 0)
(1.194029851 -2.72096209e-16 0)
(1.194029851 4.797341489e-17 0)
(1.194029851 3.498132581e-17 0)
(1.194029851 -3.154768882e-16 0)
(1.194029851 -3.120714361e-16 0)
(1.194029851 -1.826245784e-16 0)
(1.194029851 -7.639743642e-17 0)
(1.194029851 8.624824939e-18 0)
(1.194029851 2.797195568e-16 0)
(1.194029851 1.719514787e-17 0)
(1.194029851 8.363889157e-17 0)
(1.194029851 2.802916218e-16 0)
(1.194029851 7.555440689e-17 0)
(1.194029851 -5.029663705e-17 0)
(1.194029851 6.931720092e-17 0)
(1.194029851 4.539713366e-16 0)
(1.194029851 3.1861265e-16 0)
(1.194029851 1.269806303e-16 0)
(1.194029851 -8.033884605e-17 0)
(1.194029851 1.178040234e-16 0)
(1.194029851 8.359108235e-17 0)
(1.194029851 -7.045752994e-17 0)
(1.194029851 8.49111349e-17 0)
(1.194029851 -1.465649054e-17 0)
(1.194029851 7.686319419e-17 0)
(1.194029851 2.596759544e-16 0)
(1.194029851 -1.53851201e-16 0)
(1.194029851 -7.887089939e-17 0)
(1.194029851 -2.051197579e-17 0)
(1.194029851 -8.131008605e-17 0)
(1.194029851 4.466042101e-16 0)
(1.194029851 7.562364617e-17 0)
(1.194029851 -1.200728731e-16 0)
(1.194029851 2.295498591e-16 0)
(1.194029851 5.578724638e-16 0)
(1.194029851 -1.917923099e-16 0)
(1.194029851 -7.332236385e-16 0)
(1.194029851 2.898158091e-16 0)
(1.194029851 4.806663842e-16 0)
(1.194029851 -1.15820295e-16 0)
(1.194029851 -2.812172213e-16 0)
(1.194029851 -3.15227565e-16 0)
(1.194029851 -1.523108544e-16 0)
(1.194029851 1.033922506e-16 0)
(1.194029851 2.991089285e-16 0)
(1.194029851 5.63184707e-17 0)
(1.194029851 -3.979126159e-16 0)
(1.194029851 -6.103126438e-16 0)
(1.194029851 3.919971107e-17 0)
(1.194029851 2.569826282e-16 0)
(1.194029851 -1.722581351e-16 0)
(1.194029851 -5.900913885e-17 0)
(1.194029851 2.453231622e-16 0)
(1.194029851 7.554890398e-17 0)
(1.194029851 -3.366718735e-16 0)
(1.194029851 3.27346329e-16 0)
(1.194029851 -1.34907957e-16 0)
(1.194029851 -6.65436777e-16 0)
(1.194029851 -6.276214541e-17 0)
(1.194029851 2.193251945e-16 0)
(1.194029851 -2.9166524e-16 0)
(1.194029851 -4.749937467e-16 0)
(1.194029851 2.224118198e-16 0)
(1.194029851 3.871946414e-16 0)
(1.194029851 -2.964567122e-16 0)
(1.194029851 -4.878955758e-16 0)
(1.194029851 3.4088535e-16 0)
(1.194029851 4.649178706e-16 0)
(1.194029851 -3.067980278e-16 0)
(1.194029851 -4.192166952e-16 0)
(1.194029851 -2.26403081e-17 0)
(1.194029851 5.911885379e-16 0)
(1.194029851 5.029600635e-16 0)
(1.194029851 1.664574339e-16 0)
(1.194029851 -2.447286654e-16 0)
(1.194029851 -9.552329774e-17 0)
(1.194029851 2.877250085e-16 0)
(1.194029851 3.879009526e-17 0)
(1.194029851 -1.124382227e-17 0)
(1.194029851 2.804352663e-16 0)
(1.194029851 7.820216455e-17 0)
(1.194029851 -5.84694497e-16 0)
(1.194029851 -3.673734693e-16 0)
(1.194029851 2.575724663e-16 0)
(1.194029851 1.887213988e-16 0)
(1.194029851 -7.957849573e-17 0)
(1.194029851 -8.058016417e-17 0)
(1.194029851 -4.938441626e-16 0)
(1.194029851 -2.890723332e-16 0)
(1.194029851 -6.193296388e-17 0)
(1.194029851 3.230757669e-17 0)
(1.194029851 3.019009808e-16 0)
(1.194029851 1.825508196e-17 0)
(1.194029851 -2.700398213e-16 0)
(1.194029851 -6.889920908e-16 0)
(1.194029851 2.219649043e-16 0)
(1.194029851 4.924875836e-16 0)
(1.194029851 2.429370938e-18 0)
(1.194029851 -4.835641758e-16 0)
(1.194029851 -9.400362914e-16 0)
(1.194029851 1.000873939e-16 0)
(1.194029851 7.417360988e-16 0)
(1.194029851 5.575679096e-16 0)
(1.194029851 -4.604480235e-16 0)
(1.194029851 -8.576478017e-17 0)
(1.194029851 9.912184194e-16 0)
(1.194029851 2.877629748e-16 0)
(1.194029851 2.394616903e-16 0)
(1.194029851 5.182949331e-16 0)
(1.194029851 8.039059111e-16 0)
(1.194029851 5.466850047e-16 0)
(1.194029851 -1.185379237e-15 0)
(1.194029851 -8.030880122e-16 0)
(1.194029851 3.718315276e-16 0)
(1.194029851 -3.002641147e-16 0)
(1.194029851 -7.83787667e-17 0)
(1.194029851 3.480200945e-16 0)
(1.194029851 -2.215440435e-16 0)
(1.194029851 -1.41293044e-16 0)
(1.194029851 -4.076354272e-16 0)
(1.194029851 4.173417162e-17 0)
(1.194029851 -1.215300251e-17 0)
(1.194029851 -6.966340563e-17 0)
(1.194029851 1.204921543e-16 0)
(1.194029851 -1.056587701e-16 0)
(1.194029851 2.073602062e-16 0)
(1.194029851 2.77495832e-16 0)
(1.194029851 6.484908184e-16 0)
(1.194029851 -1.616466335e-17 0)
(1.194029851 -1.268155748e-16 0)
(1.194029851 5.028178447e-16 0)
(1.194029851 -8.311930693e-16 0)
(1.194029851 -7.468543886e-16 0)
(1.194029851 3.561479081e-17 0)
(1.194029851 -4.068709127e-16 0)
(1.194029851 -3.840690904e-17 0)
(1.194029851 -1.299119256e-15 0)
(1.194029851 -2.836704653e-16 0)
(1.194029851 1.425476665e-15 0)
(1.194029851 -1.954796155e-16 0)
(1.194029851 1.821821039e-16 0)
(1.194029851 1.073269401e-15 0)
(1.194029851 2.908124812e-16 0)
(1.194029851 3.416394293e-16 0)
(1.194029851 -7.511325995e-16 0)
(1.194029851 -3.12882294e-16 0)
(1.194029851 8.460211717e-16 0)
(1.194029851 1.068716849e-17 0)
(1.194029851 -8.273837704e-16 0)
(1.194029851 -6.7028471e-16 0)
(1.194029851 3.08537995e-16 0)
(1.194029851 6.36585071e-16 0)
(1.194029851 4.325508051e-16 0)
(1.194029851 -2.495211143e-16 0)
(1.194029851 -5.363144771e-16 0)
(1.194029851 -3.145984231e-16 0)
(1.194029851 5.373020725e-17 0)
(1.194029851 4.544393496e-16 0)
(1.194029851 4.275787578e-16 0)
(1.194029851 2.526020443e-16 0)
(1.044776119 1.155433446e-17 0)
(1.044776119 -6.926991132e-17 0)
(1.044776119 6.140592406e-17 0)
(1.044776119 7.24899966e-17 0)
(1.044776119 1.130046023e-16 0)
(1.044776119 3.055972771e-18 0)
(1.044776119 6.677843472e-17 0)
(1.044776119 1.698711604e-16 0)
(1.044776119 -2.687009157e-17 0)
(1.044776119 1.505255479e-16 0)
(1.044776119 2.919563421e-16 0)
(1.044776119 1.832869604e-16 0)
(1.044776119 3.576880785e-17 0)
(1.044776119 2.105368583e-16 0)
(1.044776119 1.853947863e-16 0)
(1.044776119 -1.631775308e-16 0)
(1.044776119 6.530449819e-18 0)
(1.044776119 -6.036899293e-17 0)
(1.044776119 -4.765878928e-16 0)
(1.044776119 -3.175004429e-16 0)
(1.044776119 -5.013834763e-17 0)
(1.044776119 1.695818225e-17 0)
(1.044776119 1.612665507e-16 0)
(1.044776119 1.975638728e-16 0)
(1.044776119 -1.336849889e-16 0)
(1.044776119 -3.157985877e-16 0)
(1.044776119 -2.691955917e-16 0)
(1.044776119 -4.368473079e-17 0)
(1.044776119 -2.806527657e-17 0)
(1.044776119 -2.910286869e-16 0)
(1.044776119 -1.344881261e-16 0)
(1.044776119 -3.231135193e-18 0)
(1.044776119 -6.274657038e-17 0)
(1.044776119 1.557650667e-16 0)
(1.044776119 3.066076078e-16 0)
(1.044776119 5.87364732e-17 0)
(1.044776119 9.62968799e-17 0)
(1.044776119 -1.873957177e-16 0)
(1.044776119 -1.933348846e-16 0)
(1.044776119 9.689080654e-17 0)
(1.044776119 -2.115370132e-16 0)
(1.044776119 2.407164908e-18 0)
(1.044776119 1.645044192e-16 0)
(1.044776119 -5.223535594e-17 0)
(1.044776119 -2.363367116e-16 0)
(1.044776119 -1.300152828e-16 0)
(1.044776119 -1.071933697e-16 0)
(1.044776119 -1.464266807e-16 0)
(1.044776119 1.24011522e-16 0)
(1.044776119 1.324919377e-17 0)
(1.044776119 1.188432726e-16 0)
(1.044776119 1.30059574e-16 0)
(1.044776119 8.918573075e-17 0)
(1.044776119 -5.367445346e-17 0)
(1.044776119 -2.86822532e-17 0)
(1.044776119 4.862763846e-16 0)
(1.044776119 3.257771087e-16 0)
(1.044776119 -6.842295804e-17 0)
(1.044776119 -6.955610937e-17 0)
(1.044776119 4.580129489e-17 0)
(1.044776119 7.818710377e-17 0)
(1.044776119 8.365672643e-17 0)
(1.044776119 1.059418468e-16 0)
(1.044776119 -1.060898785e-16 0)
(1.044776119 4.63407017e-17 0)
(1.044776119 1.69765643e-16 0)
(1.044776119 -1.199537955e-16 0)
(1.044776119 1.043814919e-16 0)
(1.044776119 -6.263399332e-18 0)
(1.044776119 -1.387245933e-16 0)
(1.044776119 5.065781335e-16 0)
(1.044776119 -4.906966173e-17 0)
(1.044776119 -3.053959062e-16 0)
(1.044776119 3.407683547e-16 0)
(1.044776119 5.581608811e-16 0)
(1.044776119 -2.587915835e-16 0)
(1.044776119 -7.144387776e-16 0)
(1.044776119 3.104435263e-16 0)
(1.044776119 5.246493856e-16 0)
(1.044776119 -1.087870786e-16 0)
(1.044776119 -1.662546484e-16 0)
(1.044776119 -2.624834198e-16 0)
(1.044776119 -3.677386937e-16 0)
(1.044776119 7.639773352e-17 0)
(1.044776119 5.240351584e-16 0)
(1.044776119 -2.762502434e-17 0)
(1.044776119 -4.002741082e-16 0)
(1.044776119 -4.603078417e-16 0)
(1.044776119 6.238795752e-17 0)
(1.044776119 9.734845512e-17 0)
(1.044776119 -1.396408179e-16 0)
(1.044776119 1.036566649e-16 0)
(1.044776119 4.375564179e-16 0)
(1.044776119 1.647349071e-17 0)
(1.044776119 -4.281717164e-16 0)
(1.044776119 3.781486034e-16 0)
(1.044776119 -1.703803198e-16 0)
(1.044776119 -7.048317376e-16 0)
(1.044776119 -2.812434659e-17 0)
(1.044776119 4.132174322e-16 0)
(1.044776119 -1.984778781e-16 0)
(1.044776119 -7.092637671e-16 0)
(1.044776119 2.483756165e-16 0)
(1.044776119 5.984049446e-16 0)
(1.044776119 -3.040117241e-16 0)
(1.044776119 -5.782757093e-16 0)
(1.044776119 3.991833473e-16 0)
(1.044776119 5.472322778e-16 0)
(1.044776119 -3.237205145e-16 0)
(1.044776119 -4.203894221e-16 0)
(1.044776119 -2.463659559e-16 0)
(1.044776119 5.058604506e-16 0)
(1.044776119 6.332819421e-16 0)
(1.044776119 -2.942623053e-17 0)
(1.044776119 -1.974130185e-16 0)
(1.044776119 -4.782847362e-17 0)
(1.044776119 1.817065808e-16 0)
(1.044776119 6.67586839e-17 0)
(1.044776119 -7.628027322e-17 0)
(1.044776119 1.898383127e-16 0)
(1.044776119 1.499851833e-16 0)
(1.044776119 -5.140179075e-16 0)
(1.044776119 -3.545529028e-16 0)
(1.044776119 4.905635342e-16 0)
(1.044776119 2.461573585e-16 0)
(1.044776119 -2.217349488e-16 0)
(1.044776119 -1.397959702e-16 0)
(1.044776119 -3.809696051e-16 0)
(1.044776119 -8.246279418e-17 0)
(1.044776119 -8.225466823e-17 0)
(1.044776119 -1.233352165e-16 0)
(1.044776119 2.599593621e-16 0)
(1.044776119 3.498909013e-18 0)
(1.044776119 -1.166255664e-16 0)
(1.044776119 -8.670290434e-16 0)
(1.044776119 2.836464387e-16 0)
(1.044776119 9.240014172e-16 0)
(1.044776119 7.521318769e-17 0)
(1.044776119 -8.311305016e-16 0)
(1.044776119 -1.003860605e-15 0)
(1.044776119 2.665705276e-16 0)
(1.044776119 7.604422294e-16 0)
(1.044776119 4.531323655e-16 0)
(1.044776119 -7.569588638e-16 0)
(1.044776119 -1.369668613e-16 0)
(1.044776119 1.115257903e-15 0)
(1.044776119 4.972994584e-17 0)
(1.044776119 -3.159266637e-17 0)
(1.044776119 6.951884561e-16 0)
(1.044776119 9.83418588e-16 0)
(1.044776119 2.476230244e-16 0)
(1.044776119 -1.334493131e-15 0)
(1.044776119 -6.333856905e-16 0)
(1.044776119 6.943663839e-16 0)
(1.044776119 -5.073956791e-16 0)
(1.044776119 -1.814027038e-16 0)
(1.044776119 5.121876143e-16 0)
(1.044776119 -2.05040749e-17 0)
(1.044776119 -1.147684146e-16 0)
(1.044776119 -4.93336394e-16 0)
(1.044776119 2.051561654e-16 0)
(1.044776119 9.199656478e-17 0)
(1.044776119 -1.205671463e-17 0)
(1.044776119 -8.397341292e-19 0)
(1.044776119 -1.594103085e-16 0)
(1.044776119 -1.266723775e-16 0)
(1.044776119 1.631768693e-16 0)
(1.044776119 8.772253978e-16 0)
(1.044776119 -1.23814088e-16 0)
(1.044776119 2.660094367e-17 0)
(1.044776119 6.30473022e-16 0)
(1.044776119 -1.173426966e-15 0)
(1.044776119 -7.268008387e-16 0)
(1.044776119 3.564280173e-16 0)
(1.044776119 -2.070737104e-16 0)
(1.044776119 2.646532227e-17 0)
(1.044776119 -1.363019649e-15 0)
(1.044776119 -2.415894579e-16 0)
(1.044776119 1.453824449e-15 0)
(1.044776119 -4.447635773e-16 0)
(1.044776119 5.567242027e-17 0)
(1.044776119 1.21772317e-15 0)
(1.044776119 4.70148334e-16 0)
(1.044776119 2.601584916e-16 0)
(1.044776119 -1.161888438e-15 0)
(1.044776119 -3.285285147e-16 0)
(1.044776119 1.226162785e-15 0)
(1.044776119 4.600233292e-17 0)
(1.044776119 -1.146760738e-15 0)
(1.044776119 -5.298527937e-16 0)
(1.044776119 5.220481481e-16 0)
(1.044776119 6.539606999e-16 0)
(1.044776119 3.252539537e-16 0)
(1.044776119 -4.751477525e-16 0)
(1.044776119 -2.098683694e-16 0)
(1.044776119 -1.997053027e-16 0)
(1.044776119 -1.784397814e-16 0)
(1.044776119 5.544853044e-16 0)
(1.044776119 1.238425798e-16 0)
(1.044776119 9.058529715e-17 0)
(0.8656716418 -9.850387795e-18 0)
(0.8656716418 -7.062075102e-17 0)
(0.8656716418 7.669349148e-17 0)
(0.8656716418 5.372639794e-17 0)
(0.8656716418 -2.886788779e-17 0)
(0.8656716418 -1.213533417e-16 0)
(0.8656716418 1.336403243e-16 0)
(0.8656716418 1.181010232e-16 0)
(0.8656716418 -5.684787304e-17 0)
(0.8656716418 1.365783932e-16 0)
(0.8656716418 1.674750718e-16 0)
(0.8656716418 1.470478355e-16 0)
(0.8656716418 1.998222473e-16 0)
(0.8656716418 2.20636669e-16 0)
(0.8656716418 1.191250375e-16 0)
(0.8656716418 -9.931055092e-17 0)
(0.8656716418 5.695318837e-17 0)
(0.8656716418 -1.3476185e-16 0)
(0.8656716418 -4.38181814e-16 0)
(0.8656716418 -2.819105749e-16 0)
(0.8656716418 1.669656322e-17 0)
(0.8656716418 6.686037468e-17 0)
(0.8656716418 1.208837054e-16 0)
(0.8656716418 1.793432477e-16 0)
(0.8656716418 -1.532315156e-16 0)
(0.8656716418 -2.228715944e-16 0)
(0.8656716418 -2.527646183e-16 0)
(0.8656716418 2.279538782e-17 0)
(0.8656716418 -8.048130103e-17 0)
(0.8656716418 -3.512270939e-16 0)
(0.8656716418 -6.793637203e-17 0)
(0.8656716418 9.189189616e-17 0)
(0.8656716418 1.706838785e-17 0)
(0.8656716418 1.199086966e-16 0)
(0.8656716418 2.47950014e-16 0)
(0.8656716418 -5.805781521e-17 0)
(0.8656716418 2.129897555e-18 0)
(0.8656716418 -1.789719328e-16 0)
(0.8656716418 -1.287938845e-16 0)
(0.8656716418 1.743375835e-16 0)
(0.8656716418 -2.405781197e-16 0)
(0.8656716418 9.660909557e-17 0)
(0.8656716418 2.106026909e-16 0)
(0.8656716418 8.203942085e-18 0)
(0.8656716418 -1.302674376e-16 0)
(0.8656716418 -1.310989923e-16 0)
(0.8656716418 -9.834842375e-17 0)
(0.8656716418 -7.193870258e-17 0)
(0.8656716418 2.880235349e-17 0)
(0.8656716418 -6.71293643e-17 0)
(0.8656716418 2.900886414e-17 0)
(0.8656716418 7.213423975e-17 0)
(0.8656716418 5.191866327e-17 0)
(0.8656716418 -1.504321882e-17 0)
(0.8656716418 -2.33262928e-17 0)
(0.8656716418 4.227705401e-16 0)
(0.8656716418 2.224788516e-16 0)
(0.8656716418 -1.363021611e-16 0)
(0.8656716418 -6.173925172e-17 0)
(0.8656716418 -2.074709014e-17 0)
(0.8656716418 9.152573364e-17 0)
(0.8656716418 1.762520255e-16 0)
(0.8656716418 3.531627498e-17 0)
(0.8656716418 -1.476706492e-16 0)
(0.8656716418 4.680171384e-17 0)
(0.8656716418 1.114274538e-16 0)
(0.8656716418 -3.202666672e-17 0)
(0.8656716418 2.195920914e-16 0)
(0.8656716418 8.774919523e-17 0)
(0.8656716418 -2.007862966e-16 0)
(0.8656716418 3.977626246e-16 0)
(0.8656716418 -1.961609225e-16 0)
(0.8656716418 -3.672810725e-16 0)
(0.8656716418 4.419675072e-16 0)
(0.8656716418 5.227521533e-16 0)
(0.8656716418 -2.677973612e-16 0)
(0.8656716418 -6.495709311e-16 0)
(0.8656716418 3.309032975e-16 0)
(0.8656716418 4.840224442e-16 0)
(0.8656716418 -1.112440936e-16 0)
(0.8656716418 -1.398478084e-16 0)
(0.8656716418 -2.417198709e-16 0)
(0.8656716418 -3.405546744e-16 0)
(0.8656716418 4.891561915e-17 0)
(0.8656716418 5.302121229e-16 0)
(0.8656716418 -3.082151479e-17 0)
(0.8656716418 -2.899811019e-16 0)
(0.8656716418 -2.957213765e-16 0)
(0.8656716418 1.15488719e-16 0)
(0.8656716418 6.731588281e-17 0)
(0.8656716418 -1.276303246e-16 0)
(0.8656716418 1.089479318e-16 0)
(0.8656716418 3.906248229e-16 0)
(0.8656716418 5.318407774e-18 0)
(0.8656716418 -4.330569849e-16 0)
(0.8656716418 2.503700445e-16 0)
(0.8656716418 -1.871176296e-16 0)
(0.8656716418 -5.192955755e-16 0)
(0.8656716418 1.392159467e-16 0)
(0.8656716418 3.865106312e-16 0)
(0.8656716418 -2.826867575e-16 0)
(0.8656716418 -6.403766343e-16 0)
(0.8656716418 3.51421648e-16 0)
(0.8656716418 6.5527968e-16 0)
(0.8656716418 -2.637049335e-16 0)
(0.8656716418 -5.654045319e-16 0)
(0.8656716418 3.47699642e-16 0)
(0.8656716418 5.104193029e-16 0)
(0.8656716418 -3.180753422e-16 0)
(0.8656716418 -3.829685516e-16 0)
(0.8656716418 -2.790631904e-16 0)
(0.8656716418 4.513222776e-16 0)
(0.8656716418 5.260192251e-16 0)
(0.8656716418 -7.629953001e-17 0)
(0.8656716418 -2.3136142e-16 0)
(0.8656716418 -4.611931909e-17 0)
(0.8656716418 2.481065632e-16 0)
(0.8656716418 -9.625134213e-18 0)
(0.8656716418 -1.956913482e-16 0)
(0.8656716418 1.895625283e-16 0)
(0.8656716418 2.549595402e-16 0)
(0.8656716418 -3.65985381e-16 0)
(0.8656716418 -3.267133633e-16 0)
(0.8656716418 4.684613087e-16 0)
(0.8656716418 1.864115965e-16 0)
(0.8656716418 -2.887597656e-16 0)
(0.8656716418 -1.048335384e-16 0)
(0.8656716418 -2.810764367e-16 0)
(0.8656716418 1.121908768e-16 0)
(0.8656716418 -1.29210048e-16 0)
(0.8656716418 -2.624415254e-16 0)
(0.8656716418 2.678189854e-16 0)
(0.8656716418 -5.661317411e-18 0)
(0.8656716418 2.551553169e-17 0)
(0.8656716418 -8.740972276e-16 0)
(0.8656716418 1.821122263e-16 0)
(0.8656716418 1.050456763e-15 0)
(0.8656716418 2.366288324e-16 0)
(0.8656716418 -8.208069578e-16 0)
(0.8656716418 -1.000562587e-15 0)
(0.8656716418 2.854300901e-16 0)
(0.8656716418 7.086202571e-16 0)
(0.8656716418 2.945998044e-16 0)
(0.8656716418 -8.809699603e-16 0)
(0.8656716418 -1.155032012e-16 0)
(0.8656716418 1.129354703e-15 0)
(0.8656716418 -1.655050821e-16 0)
(0.8656716418 -2.790455123e-16 0)
(0.8656716418 6.734277281e-16 0)
(0.8656716418 9.390327599e-16 0)
(0.8656716418 1.876714189e-16 0)
(0.8656716418 -1.365384281e-15 0)
(0.8656716418 -5.097970077e-16 0)
(0.8656716418 8.681051704e-16 0)
(0.8656716418 -4.909526043e-16 0)
(0.8656716418 -2.627931798e-16 0)
(0.8656716418 4.959174923e-16 0)
(0.8656716418 9.521468963e-17 0)
(0.8656716418 -1.998617799e-17 0)
(0.8656716418 -5.057514704e-16 0)
(0.8656716418 2.804003258e-16 0)
(0.8656716418 1.259716021e-16 0)
(0.8656716418 -2.337800028e-17 0)
(0.8656716418 -2.971534269e-17 0)
(0.8656716418 -1.942483913e-16 0)
(0.8656716418 -1.481666102e-16 0)
(0.8656716418 1.438258196e-16 0)
(0.8656716418 8.151170262e-16 0)
(0.8656716418 -1.775448591e-16 0)
(0.8656716418 2.217612823e-17 0)
(0.8656716418 6.040624734e-16 0)
(0.8656716418 -1.072204465e-15 0)
(0.8656716418 -5.63524147e-16 0)
(0.8656716418 4.299536464e-16 0)
(0.8656716418 -6.385168346e-17 0)
(0.8656716418 7.163414668e-17 0)
(0.8656716418 -1.324154607e-15 0)
(0.8656716418 -2.499388386e-16 0)
(0.8656716418 1.365174339e-15 0)
(0.8656716418 -4.837793508e-16 0)
(0.8656716418 1.616008163e-17 0)
(0.8656716418 1.186954238e-15 0)
(0.8656716418 3.748118269e-16 0)
(0.8656716418 9.152526172e-17 0)
(0.8656716418 -1.238541031e-15 0)
(0.8656716418 -2.029714333e-16 0)
(0.8656716418 1.294125527e-15 0)
(0.8656716418 8.956975588e-17 0)
(0.8656716418 -1.084796114e-15 0)
(0.8656716418 -5.332454491e-16 0)
(0.8656716418 5.210526733e-16 0)
(0.8656716418 7.060744552e-16 0)
(0.8656716418 1.982038849e-16 0)
(0.8656716418 -5.086972445e-16 0)
(0.8656716418 -3.966146025e-17 0)
(0.8656716418 -1.506191291e-16 0)
(0.8656716418 -2.770530348e-16 0)
(0.8656716418 3.982580938e-16 0)
(0.8656716418 1.768163913e-16 0)
(0.8656716418 1.131994418e-16 0)
(0.6567164179 -6.259318721e-17 0)
(0.6567164179 -7.913191242e-17 0)
(0.6567164179 5.699713507e-17 0)
(0.6567164179 6.431822393e-17 0)
(0.6567164179 -1.566299764e-16 0)
(0.6567164179 -2.59311633e-16 0)
(0.6567164179 1.823032306e-16 0)
(0.6567164179 2.299835528e-16 0)
(0.6567164179 -1.405983607e-16 0)
(0.6567164179 4.887476426e-17 0)
(0.6567164179 1.804473677e-16 0)
(0.6567164179 1.897787133e-18 0)
(0.6567164179 1.20780396e-16 0)
(0.6567164179 2.445563028e-16 0)
(0.6567164179 3.428478267e-17 0)
(0.6567164179 -7.951286919e-17 0)
(0.6567164179 1.9387092e-16 0)
(0.6567164179 -2.045676682e-16 0)
(0.6567164179 -4.572742671e-16 0)
(0.6567164179 -1.244356679e-16 0)
(0.6567164179 1.003504498e-16 0)
(0.6567164179 3.962597171e-17 0)
(0.6567164179 2.181198081e-16 0)
(0.6567164179 1.55937672e-16 0)
(0.6567164179 -3.0052287e-16 0)
(0.6567164179 -2.732918513e-16 0)
(0.6567164179 -1.581701553e-16 0)
(0.6567164179 6.696234067e-17 0)
(0.6567164179 -1.241995797e-16 0)
(0.6567164179 -3.172387961e-16 0)
(0.6567164179 -1.316693925e-16 0)
(0.6567164179 9.574953897e-17 0)
(0.6567164179 1.965241723e-16 0)
(0.6567164179 2.046839689e-16 0)
(0.6567164179 1.243761481e-16 0)
(0.6567164179 -2.446661908e-16 0)
(0.6567164179 -3.985331638e-17 0)
(0.6567164179 -1.206764697e-16 0)
(0.6567164179 4.496558461e-17 0)
(0.6567164179 2.772360742e-16 0)
(0.6567164179 -3.388646726e-16 0)
(0.6567164179 2.070606167e-17 0)
(0.6567164179 1.822701981e-16 0)
(0.6567164179 -4.705069592e-18 0)
(0.6567164179 -6.022290196e-17 0)
(0.6567164179 4.386953755e-17 0)
(0.6567164179 -2.770528255e-17 0)
(0.6567164179 -1.430233032e-16 0)
(0.6567164179 3.985430069e-17 0)
(0.6567164179 -2.095406606e-16 0)
(0.6567164179 -6.105245381e-17 0)
(0.6567164179 2.004313179e-16 0)
(0.6567164179 -2.537314311e-17 0)
(0.6567164179 -6.339973461e-17 0)
(0.6567164179 1.048790399e-16 0)
(0.6567164179 4.066478548e-16 0)
(0.6567164179 -1.85662692e-17 0)
(0.6567164179 -1.062690531e-16 0)
(0.6567164179 -1.788952355e-17 0)
(0.6567164179 -3.856333281e-17 0)
(0.6567164179 7.335716213e-17 0)
(0.6567164179 5.294409612e-17 0)
(0.6567164179 -1.295096681e-17 0)
(0.6567164179 -5.222796343e-17 0)
(0.6567164179 6.597581328e-17 0)
(0.6567164179 1.310948466e-16 0)
(0.6567164179 4.732895704e-17 0)
(0.6567164179 2.070457692e-16 0)
(0.6567164179 9.34436132e-17 0)
(0.6567164179 -2.371034289e-16 0)
(0.6567164179 1.838994911e-16 0)
(0.6567164179 -2.561034239e-16 0)
(0.6567164179 -2.225267018e-16 0)
(0.6567164179 3.561107803e-16 0)
(0.6567164179 4.540437203e-16 0)
(0.6567164179 -2.607147233e-16 0)
(0.6567164179 -5.568620377e-16 0)
(0.6567164179 3.876559857e-16 0)
(0.6567164179 3.241535344e-16 0)
(0.6567164179 -8.955201676e-17 0)
(0.6567164179 -2.63509936e-17 0)
(0.6567164179 -2.28969511e-16 0)
(0.6567164179 -1.577165424e-16 0)
(0.6567164179 5.619399911e-17 0)
(0.6567164179 2.435987455e-16 0)
(0.6567164179 -2.020870175e-18 0)
(0.6567164179 -1.910667002e-16 0)
(0.6567164179 -2.918891961e-16 0)
(0.6567164179 2.901871604e-16 0)
(0.6567164179 2.559441947e-16 0)
(0.6567164179 -2.292475109e-16 0)
(0.6567164179 -4.620016913e-17 0)
(0.6567164179 3.305851286e-16 0)
(0.6567164179 7.070462099e-17 0)
(0.6567164179 -4.415047176e-16 0)
(0.6567164179 6.177925358e-17 0)
(0.6567164179 -9.031054247e-17 0)
(0.6567164179 -2.961112354e-16 0)
(0.6567164179 3.029030387e-16 0)
(0.6567164179 1.439166535e-16 0)
(0.6567164179 -4.159322143e-16 0)
(0.6567164179 -3.086589381e-16 0)
(0.6567164179 3.965500419e-16 0)
(0.6567164179 4.381967066e-16 0)
(0.6567164179 -1.9547723e-16 0)
(0.6567164179 -3.916632979e-16 0)
(0.6567164179 2.335633034e-16 0)
(0.6567164179 2.64801411e-16 0)
(0.6567164179 -2.473073944e-16 0)
(0.6567164179 -2.560278997e-16 0)
(0.6567164179 -2.725234053e-17 0)
(0.6567164179 4.783054622e-16 0)
(0.6567164179 1.077350891e-16 0)
(0.6567164179 -7.684027935e-17 0)
(0.6567164179 -3.004760847e-16 0)
(0.6567164179 -2.548751695e-17 0)
(0.6567164179 2.834198716e-16 0)
(0.6567164179 -1.63899451e-16 0)
(0.6567164179 -1.958002963e-16 0)
(0.6567164179 2.184037725e-16 0)
(0.6567164179 2.673805909e-16 0)
(0.6567164179 -2.354751014e-16 0)
(0.6567164179 -2.830679632e-16 0)
(0.6567164179 2.148474762e-16 0)
(0.6567164179 1.125087836e-16 0)
(0.6567164179 -1.106883405e-16 0)
(0.6567164179 2.551318039e-17 0)
(0.6567164179 -1.038077956e-16 0)
(0.6567164179 1.149046757e-16 0)
(0.6567164179 -1.996896158e-16 0)
(0.6567164179 -2.894966728e-16 0)
(0.6567164179 2.005649493e-16 0)
(0.6567164179 4.527343935e-17 0)
(0.6567164179 -4.202250663e-17 0)
(0.6567164179 -6.847478945e-16 0)
(0.6567164179 2.083636027e-16 0)
(0.6567164179 9.207453947e-16 0)
(0.6567164179 1.864203084e-16 0)
(0.6567164179 -5.539437745e-16 0)
(0.6567164179 -8.628362531e-16 0)
(0.6567164179 1.803010352e-16 0)
(0.6567164179 6.886972616e-16 0)
(0.6567164179 6.521932918e-17 0)
(0.6567164179 -7.928445848e-16 0)
(0.6567164179 -5.965647584e-17 0)
(0.6567164179 9.763067043e-16 0)
(0.6567164179 -2.054461582e-16 0)
(0.6567164179 -3.141224356e-16 0)
(0.6567164179 3.397018529e-16 0)
(0.6567164179 7.920293545e-16 0)
(0.6567164179 4.27159339e-16 0)
(0.6567164179 -1.295724651e-15 0)
(0.6567164179 -4.812254316e-16 0)
(0.6567164179 7.679587625e-16 0)
(0.6567164179 -3.699865636e-16 0)
(0.6567164179 -1.374157129e-16 0)
(0.6567164179 4.834879542e-16 0)
(0.6567164179 -4.601514308e-17 0)
(0.6567164179 5.694118881e-17 0)
(0.6567164179 -2.729145866e-16 0)
(0.6567164179 1.543966859e-16 0)
(0.6567164179 1.103956167e-16 0)
(0.6567164179 -6.570172688e-17 0)
(0.6567164179 -4.407215285e-17 0)
(0.6567164179 -2.183702948e-16 0)
(0.6567164179 2.267173661e-16 0)
(0.6567164179 2.027230307e-16 0)
(0.6567164179 3.786664735e-16 0)
(0.6567164179 -6.120959796e-17 0)
(0.6567164179 -2.587697672e-16 0)
(0.6567164179 4.189908634e-16 0)
(0.6567164179 -5.437471972e-16 0)
(0.6567164179 -3.748780191e-16 0)
(0.6567164179 2.80925365e-16 0)
(0.6567164179 -1.133933494e-16 0)
(0.6567164179 8.753254211e-17 0)
(0.6567164179 -1.158670712e-15 0)
(0.6567164179 -1.508032803e-16 0)
(0.6567164179 1.309089629e-15 0)
(0.6567164179 -3.44983545e-16 0)
(0.6567164179 -3.388505394e-17 0)
(0.6567164179 9.238197477e-16 0)
(0.6567164179 3.03274039e-17 0)
(0.6567164179 -1.58583848e-16 0)
(0.6567164179 -7.634151216e-16 0)
(0.6567164179 -7.729965291e-17 0)
(0.6567164179 1.028646426e-15 0)
(0.6567164179 3.941330208e-17 0)
(0.6567164179 -7.160663639e-16 0)
(0.6567164179 -6.037566979e-16 0)
(0.6567164179 3.359638218e-16 0)
(0.6567164179 6.776921964e-16 0)
(0.6567164179 1.966180483e-16 0)
(0.6567164179 -2.390357963e-16 0)
(0.6567164179 -2.891207679e-16 0)
(0.6567164179 -2.535431131e-16 0)
(0.6567164179 -1.241491573e-16 0)
(0.6567164179 1.338238794e-16 0)
(0.6567164179 3.629842165e-16 0)
(0.6567164179 4.146071625e-16 0)
(0.4179104478 2.001038647e-16 0)
(0.4179104478 -3.593599991e-17 0)
(0.4179104478 -3.25633773e-18 0)
(0.4179104478 -4.608161499e-17 0)
(0.4179104478 -2.072480871e-16 0)
(0.4179104478 -2.50711405e-16 0)
(0.4179104478 1.388989259e-16 0)
(0.4179104478 3.0425159e-16 0)
(0.4179104478 -1.055824414e-16 0)
(0.4179104478 -1.061012738e-17 0)
(0.4179104478 1.386238741e-16 0)
(0.4179104478 -4.878253369e-17 0)
(0.4179104478 4.750164672e-17 0)
(0.4179104478 2.174628229e-16 0)
(0.4179104478 -2.405151342e-17 0)
(0.4179104478 -9.969016214e-17 0)
(0.4179104478 1.225895664e-16 0)
(0.4179104478 -1.861314023e-16 0)
(0.4179104478 -2.648397167e-16 0)
(0.4179104478 -2.332403862e-17 0)
(0.4179104478 1.647999417e-16 0)
(0.4179104478 5.625232132e-17 0)
(0.4179104478 1.07967828e-16 0)
(0.4179104478 1.047841563e-16 0)
(0.4179104478 -1.326058241e-16 0)
(0.4179104478 -2.316625668e-16 0)
(0.4179104478 -2.084439882e-16 0)
(0.4179104478 6.287315817e-17 0)
(0.4179104478 -5.944784438e-17 0)
(0.4179104478 -3.429070389e-16 0)
(0.4179104478 -1.176815668e-16 0)
(0.4179104478 1.819211008e-16 0)
(0.4179104478 1.858601095e-16 0)
(0.4179104478 1.544909516e-16 0)
(0.4179104478 1.230111904e-16 0)
(0.4179104478 -3.209694514e-16 0)
(0.4179104478 -8.76473497e-17 0)
(0.4179104478 3.075407589e-17 0)
(0.4179104478 1.046218771e-16 0)
(0.4179104478 2.691790926e-16 0)
(0.4179104478 -3.305401809e-16 0)
(0.4179104478 -3.47198858e-17 0)
(0.4179104478 1.410351952e-16 0)
(0.4179104478 -1.117841351e-17 0)
(0.4179104478 -1.057348093e-16 0)
(0.4179104478 2.404385858e-17 0)
(0.4179104478 1.078343204e-16 0)
(0.4179104478 -4.356632649e-17 0)
(0.4179104478 -6.425835679e-17 0)
(0.4179104478 -1.366959599e-16 0)
(0.4179104478 3.787917058e-17 0)
(0.4179104478 9.139908768e-17 0)
(0.4179104478 -1.651289533e-17 0)
(0.4179104478 -1.491754619e-18 0)
(0.4179104478 5.94840922e-18 0)
(0.4179104478 2.414707627e-16 0)
(0.4179104478 5.139633635e-17 0)
(0.4179104478 -1.369868231e-16 0)
(0.4179104478 -1.479279896e-17 0)
(0.4179104478 -2.593424402e-17 0)
(0.4179104478 -5.752694029e-17 0)
(0.4179104478 9.795318421e-17 0)
(0.4179104478 5.975875937e-17 0)
(0.4179104478 -8.109066869e-17 0)
(0.4179104478 3.189036876e-17 0)
(0.4179104478 6.771876926e-17 0)
(0.4179104478 8.34282878e-17 0)
(0.4179104478 1.937653769e-16 0)
(0.4179104478 -8.411831748e-17 0)
(0.4179104478 -2.394224342e-16 0)
(0.4179104478 2.141997817e-16 0)
(0.4179104478 -2.800876192e-16 0)
(0.4179104478 -1.421581842e-16 0)
(0.4179104478 4.018868166e-16 0)
(0.4179104478 1.778030775e-16 0)
(0.4179104478 -3.46753335e-16 0)
(0.4179104478 -2.300384738e-16 0)
(0.4179104478 3.90294016e-16 0)
(0.4179104478 2.103466005e-16 0)
(0.4179104478 9.828968825e-18 0)
(0.4179104478 1.059599966e-16 0)
(0.4179104478 -1.346416603e-16 0)
(0.4179104478 -3.685160606e-16 0)
(0.4179104478 -3.998563918e-17 0)
(0.4179104478 3.466953301e-16 0)
(0.4179104478 -6.372051578e-17 0)
(0.4179104478 -1.194650943e-16 0)
(0.4179104478 -8.219154285e-17 0)
(0.4179104478 1.936191687e-16 0)
(0.4179104478 9.269123223e-17 0)
(0.4179104478 -1.953985067e-16 0)
(0.4179104478 -1.866729035e-16 0)
(0.4179104478 2.021869582e-16 0)
(0.4179104478 1.567097899e-16 0)
(0.4179104478 -1.827590308e-16 0)
(0.4179104478 1.496512761e-16 0)
(0.4179104478 -7.964924931e-17 0)
(0.4179104478 -2.692519173e-16 0)
(0.4179104478 -3.923777531e-17 0)
(0.4179104478 3.025907707e-16 0)
(0.4179104478 -2.622842235e-17 0)
(0.4179104478 -4.322258812e-16 0)
(0.4179104478 8.900205934e-17 0)
(0.4179104478 3.545140515e-16 0)
(0.4179104478 -6.252546078e-17 0)
(0.4179104478 -1.75249659e-16 0)
(0.4179104478 1.053719339e-16 0)
(0.4179104478 1.451676616e-16 0)
(0.4179104478 -9.987626541e-17 0)
(0.4179104478 -1.223869912e-16 0)
(0.4179104478 -2.989651309e-16 0)
(0.4179104478 3.071761684e-16 0)
(0.4179104478 2.905371629e-16 0)
(0.4179104478 -1.480963895e-16 0)
(0.4179104478 -1.124500767e-16 0)
(0.4179104478 -1.330925876e-16 0)
(0.4179104478 8.86272451e-17 0)
(0.4179104478 6.863149756e-17 0)
(0.4179104478 -8.913976513e-17 0)
(0.4179104478 -9.038064954e-17 0)
(0.4179104478 1.344199118e-16 0)
(0.4179104478 -1.695959979e-16 0)
(0.4179104478 -2.340908368e-16 0)
(0.4179104478 3.233643923e-16 0)
(0.4179104478 2.206956771e-16 0)
(0.4179104478 -2.899964658e-17 0)
(0.4179104478 -1.514284509e-17 0)
(0.4179104478 -1.639076773e-16 0)
(0.4179104478 1.500419639e-16 0)
(0.4179104478 -1.963439897e-16 0)
(0.4179104478 -2.012412099e-16 0)
(0.4179104478 1.541387913e-16 0)
(0.4179104478 -6.887070891e-17 0)
(0.4179104478 1.610451493e-16 0)
(0.4179104478 -5.722053107e-16 0)
(0.4179104478 9.691251304e-17 0)
(0.4179104478 9.039241963e-16 0)
(0.4179104478 2.372914661e-16 0)
(0.4179104478 -6.547021875e-16 0)
(0.4179104478 -6.822667914e-16 0)
(0.4179104478 2.007264011e-16 0)
(0.4179104478 4.178789828e-16 0)
(0.4179104478 2.070880631e-16 0)
(0.4179104478 -6.89878115e-16 0)
(0.4179104478 -1.355223962e-16 0)
(0.4179104478 8.761349262e-16 0)
(0.4179104478 -1.913552676e-16 0)
(0.4179104478 -4.396354081e-16 0)
(0.4179104478 4.643313327e-16 0)
(0.4179104478 6.359606339e-16 0)
(0.4179104478 3.020643999e-17 0)
(0.4179104478 -8.871124831e-16 0)
(0.4179104478 -2.506511075e-16 0)
(0.4179104478 6.058509069e-16 0)
(0.4179104478 -3.937868675e-16 0)
(0.4179104478 -1.400261796e-16 0)
(0.4179104478 3.774036314e-16 0)
(0.4179104478 8.419503245e-17 0)
(0.4179104478 1.635070803e-16 0)
(0.4179104478 -3.679250703e-16 0)
(0.4179104478 1.448423963e-16 0)
(0.4179104478 1.693042738e-16 0)
(0.4179104478 8.390818688e-17 0)
(0.4179104478 -1.29294689e-16 0)
(0.4179104478 -2.153967696e-16 0)
(0.4179104478 -1.518488497e-16 0)
(0.4179104478 1.849223837e-16 0)
(0.4179104478 6.237361384e-16 0)
(0.4179104478 -2.711732257e-16 0)
(0.4179104478 -1.186667051e-16 0)
(0.4179104478 4.181221436e-16 0)
(0.4179104478 -7.207906851e-16 0)
(0.4179104478 -2.747105822e-16 0)
(0.4179104478 5.986033425e-16 0)
(0.4179104478 2.000566607e-17 0)
(0.4179104478 -4.996600702e-17 0)
(0.4179104478 -8.584558884e-16 0)
(0.4179104478 -4.81792363e-17 0)
(0.4179104478 9.976674862e-16 0)
(0.4179104478 -5.051800971e-16 0)
(0.4179104478 -1.181037265e-16 0)
(0.4179104478 7.051802978e-16 0)
(0.4179104478 8.447884174e-17 0)
(0.4179104478 -7.329330711e-17 0)
(0.4179104478 -8.45143798e-16 0)
(0.4179104478 -3.138206882e-17 0)
(0.4179104478 1.003270854e-15 0)
(0.4179104478 -5.937567622e-17 0)
(0.4179104478 -7.104325699e-16 0)
(0.4179104478 -1.083269811e-16 0)
(0.4179104478 3.049082885e-16 0)
(0.4179104478 2.218522138e-16 0)
(0.4179104478 1.909212594e-16 0)
(0.4179104478 -2.95981398e-16 0)
(0.4179104478 -7.765372223e-18 0)
(0.4179104478 -2.715896728e-16 0)
(0.4179104478 -3.324914182e-16 0)
(0.4179104478 4.034375415e-16 0)
(0.4179104478 1.827062846e-16 0)
(0.4179104478 1.807950624e-16 0)
(0.1492537313 7.622143011e-17 0)
(0.1492537313 1.890464741e-17 0)
(0.1492537313 2.401805849e-17 0)
(0.1492537313 -2.925277711e-17 0)
(0.1492537313 -9.682402541e-17 0)
(0.1492537313 -1.14687883e-16 0)
(0.1492537313 8.438419208e-17 0)
(0.1492537313 1.37908873e-16 0)
(0.1492537313 -2.059901311e-17 0)
(0.1492537313 -9.863473121e-18 0)
(0.1492537313 2.571141056e-17 0)
(0.1492537313 -2.536566072e-17 0)
(0.1492537313 2.926949662e-17 0)
(0.1492537313 9.484295008e-17 0)
(0.1492537313 -2.35552664e-17 0)
(0.1492537313 -5.081227284e-17 0)
(0.1492537313 8.133433786e-17 0)
(0.1492537313 -6.368097637e-17 0)
(0.1492537313 -1.225759498e-16 0)
(0.1492537313 2.777110723e-17 0)
(0.1492537313 8.073724471e-17 0)
(0.1492537313 -4.291279703e-18 0)
(0.1492537313 3.733965938e-17 0)
(0.1492537313 5.641979299e-17 0)
(0.1492537313 -5.83627708e-17 0)
(0.1492537313 -9.79597317e-17 0)
(0.1492537313 -1.07979885e-16 0)
(0.1492537313 5.220113102e-17 0)
(0.1492537313 -1.427266125e-18 0)
(0.1492537313 -1.900783505e-16 0)
(0.1492537313 -3.069039521e-17 0)
(0.1492537313 1.026468103e-16 0)
(0.1492537313 3.826325111e-17 0)
(0.1492537313 7.965822211e-17 0)
(0.1492537313 7.188765363e-17 0)
(0.1492537313 -1.942184334e-16 0)
(0.1492537313 -3.269325592e-17 0)
(0.1492537313 2.976029113e-17 0)
(0.1492537313 5.687391122e-17 0)
(0.1492537313 1.595782909e-16 0)
(0.1492537313 -1.733828679e-16 0)
(0.1492537313 -1.478910928e-17 0)
(0.1492537313 4.561592462e-17 0)
(0.1492537313 -3.176403232e-17 0)
(0.1492537313 -4.426995155e-17 0)
(0.1492537313 2.380190055e-17 0)
(0.1492537313 7.260465647e-17 0)
(0.1492537313 -1.139806389e-17 0)
(0.1492537313 -2.932549742e-17 0)
(0.1492537313 -7.948695417e-17 0)
(0.1492537313 2.773363524e-17 0)
(0.1492537313 4.886977772e-17 0)
(0.1492537313 4.20970337e-18 0)
(0.1492537313 3.608875874e-18 0)
(0.1492537313 -3.705167543e-17 0)
(0.1492537313 8.721386049e-17 0)
(0.1492537313 5.021657804e-17 0)
(0.1492537313 -6.449558317e-17 0)
(0.1492537313 8.1205173e-19 0)
(0.1492537313 5.033848179e-18 0)
(0.1492537313 -4.961452626e-17 0)
(0.1492537313 5.847378227e-17 0)
(0.1492537313 3.600375194e-17 0)
(0.1492537313 -6.46292395e-17 0)
(0.1492537313 1.56518075e-17 0)
(0.1492537313 2.167721457e-17 0)
(0.1492537313 2.281431122e-17 0)
(0.1492537313 7.48919986e-17 0)
(0.1492537313 -3.647705107e-17 0)
(0.1492537313 -8.810992396e-17 0)
(0.1492537313 1.098292926e-16 0)
(0.1492537313 -1.566867545e-16 0)
(0.1492537313 -2.119597997e-17 0)
(0.1492537313 2.317132917e-16 0)
(0.1492537313 -1.40984483e-17 0)
(0.1492537313 -2.041311692e-16 0)
(0.1492537313 -3.08262942e-17 0)
(0.1492537313 2.595644525e-16 0)
(0.1492537313 4.266143925e-17 0)
(0.1492537313 -3.309459105e-17 0)
(0.1492537313 2.943120311e-17 0)
(0.1492537313 -8.56197561e-17 0)
(0.1492537313 -1.453270806e-16 0)
(0.1492537313 1.595867781e-17 0)
(0.1492537313 2.06476435e-16 0)
(0.1492537313 -9.106626878e-17 0)
(0.1492537313 -5.643145996e-17 0)
(0.1492537313 -4.273287926e-18 0)
(0.1492537313 1.161246904e-16 0)
(0.1492537313 1.927470063e-17 0)
(0.1492537313 -1.12366821e-16 0)
(0.1492537313 -1.272011623e-16 0)
(0.1492537313 7.584938848e-17 0)
(0.1492537313 1.498636416e-16 0)
(0.1492537313 -2.714622126e-17 0)
(0.1492537313 8.6160769e-17 0)
(0.1492537313 -5.422097813e-17 0)
(0.1492537313 -1.003331873e-16 0)
(0.1492537313 -4.306408621e-17 0)
(0.1492537313 1.334231795e-16 0)
(0.1492537313 7.705365521e-17 0)
(0.1492537313 -1.855986192e-16 0)
(0.1492537313 4.696009149e-17 0)
(0.1492537313 1.016987863e-16 0)
(0.1492537313 -3.354558277e-17 0)
(0.1492537313 -3.112182289e-17 0)
(0.1492537313 5.829006735e-17 0)
(0.1492537313 2.115288427e-17 0)
(0.1492537313 -8.121721403e-17 0)
(0.1492537313 1.867121717e-17 0)
(0.1492537313 -1.734889672e-16 0)
(0.1492537313 9.813581235e-17 0)
(0.1492537313 1.014406312e-16 0)
(0.1492537313 -3.564910537e-17 0)
(0.1492537313 6.159540036e-18 0)
(0.1492537313 -7.467503745e-17 0)
(0.1492537313 -1.352089897e-17 0)
(0.1492537313 6.709310925e-17 0)
(0.1492537313 1.825637081e-17 0)
(0.1492537313 -7.532541718e-17 0)
(0.1492537313 -2.582174216e-17 0)
(0.1492537313 -1.057510876e-16 0)
(0.1492537313 -5.262533671e-17 0)
(0.1492537313 2.101949501e-16 0)
(0.1492537313 4.915175733e-17 0)
(0.1492537313 -4.01548109e-17 0)
(0.1492537313 3.610224149e-17 0)
(0.1492537313 -1.003529324e-16 0)
(0.1492537313 6.91525506e-17 0)
(0.1492537313 -8.990402166e-17 0)
(0.1492537313 -1.326665809e-17 0)
(0.1492537313 1.126054222e-16 0)
(0.1492537313 -1.371196041e-16 0)
(0.1492537313 1.145696387e-16 0)
(0.1492537313 -2.630403504e-16 0)
(0.1492537313 1.982099435e-18 0)
(0.1492537313 3.853979868e-16 0)
(0.1492537313 9.149570958e-17 0)
(0.1492537313 -3.113677294e-16 0)
(0.1492537313 -2.643899952e-16 0)
(0.1492537313 1.921015354e-16 0)
(0.1492537313 1.581032904e-16 0)
(0.1492537313 1.16133473e-16 0)
(0.1492537313 -3.819292642e-16 0)
(0.1492537313 -1.286494994e-16 0)
(0.1492537313 4.650028863e-16 0)
(0.1492537313 -8.433149677e-17 0)
(0.1492537313 -2.214993296e-16 0)
(0.1492537313 2.782916707e-16 0)
(0.1492537313 2.61995191e-16 0)
(0.1492537313 -6.475109142e-17 0)
(0.1492537313 -4.205235495e-16 0)
(0.1492537313 -1.206266657e-16 0)
(0.1492537313 3.224445003e-16 0)
(0.1492537313 -2.041003846e-16 0)
(0.1492537313 -2.014066374e-18 0)
(0.1492537313 2.310153511e-16 0)
(0.1492537313 -1.559820139e-17 0)
(0.1492537313 8.405817986e-17 0)
(0.1492537313 -2.013317075e-16 0)
(0.1492537313 4.446600471e-17 0)
(0.1492537313 1.399717984e-18 0)
(0.1492537313 5.729997007e-17 0)
(0.1492537313 -1.066950756e-18 0)
(0.1492537313 -4.326907997e-17 0)
(0.1492537313 -1.0581709e-16 0)
(0.1492537313 3.545545629e-17 0)
(0.1492537313 4.159711823e-16 0)
(0.1492537313 -1.778293463e-16 0)
(0.1492537313 -9.998393521e-17 0)
(0.1492537313 2.213478684e-16 0)
(0.1492537313 -4.246764759e-16 0)
(0.1492537313 -3.960303858e-17 0)
(0.1492537313 4.389061058e-16 0)
(0.1492537313 -3.926855864e-17 0)
(0.1492537313 -1.238627196e-17 0)
(0.1492537313 -4.104971052e-16 0)
(0.1492537313 -1.632902941e-17 0)
(0.1492537313 5.02937029e-16 0)
(0.1492537313 -3.561272285e-16 0)
(0.1492537313 -2.67778808e-17 0)
(0.1492537313 3.994006753e-16 0)
(0.1492537313 -5.233779655e-17 0)
(0.1492537313 -5.064392493e-18 0)
(0.1492537313 -4.558098792e-16 0)
(0.1492537313 -3.834912349e-17 0)
(0.1492537313 4.983910631e-16 0)
(0.1492537313 -1.087557925e-16 0)
(0.1492537313 -3.369289475e-16 0)
(0.1492537313 1.168773729e-16 0)
(0.1492537313 2.07718652e-16 0)
(0.1492537313 -1.508657441e-17 0)
(0.1492537313 9.739474827e-17 0)
(0.1492537313 -1.309836396e-16 0)
(0.1492537313 1.572463327e-17 0)
(0.1492537313 -1.911950271e-16 0)
(0.1492537313 -1.501028856e-16 0)
(0.1492537313 3.297085366e-16 0)
(0.1492537313 5.963317787e-17 0)
(0.1492537313 -2.029365107e-17 0)
)
;

boundaryField
{
    inlet
    {
        type            cyclic;
    }
    outlet
    {
        type            cyclic;
    }
    topWall
    {
        type            fixedValue;
        value           uniform (0 0 0);
    }
    bottomWall
    {
        type            fixedValue;
        value           uniform (0 0 0);
    }
    frontAndBack
    {
        type            empty;
    }
}


// ************************************************************************* //
