/*--------------------------------*- C++ -*----------------------------------*\
  =========                 |
  \\      /  F ield         | OpenFOAM: The Open Source CFD Toolbox
   \\    /   O peration     | Website:  https://openfoam.org
    \\  /    A nd           | Version:  10
     \\/     M anipulation  |
\*---------------------------------------------------------------------------*/
FoamFile
{
    format      ascii;
    class       surfaceScalarField;
    location    "2000";
    object      phi;
}
// * * * * * * * * * * * * * * * * * * * * * * * * * * * * * * * * * * * * * //

dimensions      [0 3 -1 0 0 0 0];

internalField   nonuniform List<scalar> 
7780
(
7.462686567e-06
1.382320271e-19
7.462686567e-06
2.477944311e-20
7.462686567e-06
7.556548219e-21
7.462686567e-06
2.45360714e-21
7.462686567e-06
-2.0440729e-21
7.462686567e-06
-4.116666074e-21
7.462686567e-06
-3.736466777e-22
7.462686567e-06
9.366874899e-22
7.462686567e-06
-3.179218713e-21
7.462686567e-06
-3.442474767e-22
7.462686567e-06
4.617996001e-22
7.462686567e-06
5.864549987e-22
7.462686567e-06
1.627587824e-22
7.462686567e-06
3.245143783e-21
7.462686567e-06
1.992516085e-21
7.462686567e-06
-4.653225541e-21
7.462686567e-06
-3.888054029e-21
7.462686567e-06
2.84781645e-21
7.462686567e-06
-9.244760706e-22
7.462686567e-06
-9.222549459e-22
7.462686567e-06
1.266797393e-21
7.462686567e-06
-4.223138956e-21
7.462686567e-06
-3.960333811e-21
7.462686567e-06
3.470810603e-21
7.462686567e-06
2.777096105e-21
7.462686567e-06
2.777998532e-21
7.462686567e-06
1.086601796e-21
7.462686567e-06
2.958006962e-21
7.462686567e-06
2.216573078e-22
7.462686567e-06
-5.582599831e-21
7.462686567e-06
1.589578119e-21
7.462686567e-06
-1.227479271e-21
7.462686567e-06
-3.31485262e-21
7.462686567e-06
2.235055243e-21
7.462686567e-06
-4.834163302e-21
7.462686567e-06
9.962577607e-22
7.462686567e-06
-3.161713725e-21
7.462686567e-06
-9.317393554e-22
7.462686567e-06
1.506182669e-21
7.462686567e-06
2.880867671e-21
7.462686567e-06
3.573989956e-21
7.462686567e-06
-1.7991186e-21
7.462686567e-06
4.956106674e-21
7.462686567e-06
-7.974259793e-21
7.462686567e-06
3.256270035e-22
7.462686567e-06
6.681505359e-22
7.462686567e-06
-4.936235781e-21
7.462686567e-06
5.587591103e-21
7.462686567e-06
-2.312761836e-21
7.462686567e-06
2.736196718e-21
7.462686567e-06
4.280225552e-21
7.462686567e-06
-6.995354382e-21
7.462686567e-06
1.402438479e-21
7.462686567e-06
3.466580017e-21
7.462686567e-06
-3.384676259e-21
7.462686567e-06
-1.737331868e-21
7.462686567e-06
7.31860959e-21
7.462686567e-06
-3.513932394e-21
7.462686567e-06
3.961535806e-21
7.462686567e-06
2.849569267e-21
7.462686567e-06
-6.680342344e-21
7.462686567e-06
4.089072668e-21
7.462686567e-06
-5.620647892e-22
7.462686567e-06
-5.058417795e-21
7.462686567e-06
-1.900946433e-21
7.462686567e-06
3.817986763e-21
7.462686567e-06
-8.954401335e-22
7.462686567e-06
8.419380791e-22
7.462686567e-06
7.207833502e-21
7.462686567e-06
1.213170111e-22
7.462686567e-06
-1.320262409e-20
7.462686567e-06
3.250425407e-21
7.462686567e-06
1.440941962e-20
7.462686567e-06
-9.206351422e-21
7.462686567e-06
-1.112997319e-20
7.462686567e-06
8.884340628e-21
7.462686567e-06
1.089595123e-20
7.462686567e-06
-1.480201384e-21
7.462686567e-06
-1.8468278e-20
7.462686567e-06
4.627092656e-21
7.462686567e-06
7.782444716e-21
7.462686567e-06
-9.000558524e-21
7.462686567e-06
-1.190783841e-21
7.462686567e-06
5.083925671e-21
7.462686567e-06
6.161928093e-21
7.462686567e-06
5.65106703e-21
7.462686567e-06
-3.072425937e-21
7.462686567e-06
-7.536813902e-21
7.462686567e-06
-8.207214231e-21
7.462686567e-06
1.051251795e-20
7.462686567e-06
1.066261806e-20
7.462686567e-06
-1.103022748e-20
7.462686567e-06
-1.15877684e-20
7.462686567e-06
1.271842431e-20
7.462686567e-06
2.902170067e-21
7.462686567e-06
-1.416835044e-20
7.462686567e-06
9.461057985e-21
7.462686567e-06
9.278207301e-21
7.462686567e-06
-1.229050138e-20
7.462686567e-06
-1.111848354e-20
7.462686567e-06
1.081983274e-20
7.462686567e-06
1.049788703e-20
7.462686567e-06
-3.280022514e-21
7.462686567e-06
-8.396832737e-21
7.462686567e-06
4.88770581e-22
7.462686567e-06
9.304227061e-21
7.462686567e-06
-4.576112314e-21
7.462686567e-06
-1.26885571e-20
7.462686567e-06
3.350141233e-21
7.462686567e-06
2.092415416e-20
7.462686567e-06
-8.14187828e-21
7.462686567e-06
-1.483854872e-20
7.462686567e-06
9.256948582e-21
7.462686567e-06
6.351022737e-21
7.462686567e-06
5.294363588e-21
7.462686567e-06
-5.148659831e-21
7.462686567e-06
-1.76315207e-20
7.462686567e-06
1.397900246e-20
7.462686567e-06
1.859158488e-20
7.462686567e-06
-9.648244031e-21
7.462686567e-06
-1.625442397e-20
7.462686567e-06
9.940459178e-22
7.462686567e-06
1.417227426e-20
7.462686567e-06
2.094156883e-22
7.462686567e-06
-2.788223348e-22
7.462686567e-06
-3.462649629e-22
7.462686567e-06
1.468055493e-21
7.462686567e-06
-5.465895299e-21
7.462686567e-06
-1.797118777e-20
7.462686567e-06
1.513580914e-20
7.462686567e-06
5.353274184e-21
7.462686567e-06
-5.894846866e-21
7.462686567e-06
6.521410488e-21
7.462686567e-06
-1.219710287e-20
7.462686567e-06
3.829842337e-21
7.462686567e-06
5.255514815e-21
7.462686567e-06
-9.594565326e-21
7.462686567e-06
-4.65030085e-22
7.462686567e-06
1.078083733e-20
7.462686567e-06
2.326746542e-21
7.462686567e-06
-1.359657956e-20
7.462686567e-06
-8.177178421e-21
7.462686567e-06
3.179232784e-21
7.462686567e-06
9.521507745e-21
7.462686567e-06
4.331747411e-21
7.462686567e-06
-5.332645512e-21
7.462686567e-06
1.532967583e-20
7.462686567e-06
1.757278923e-21
7.462686567e-06
-1.868903947e-20
7.462686567e-06
3.730446535e-22
7.462686567e-06
-1.442830993e-21
7.462686567e-06
1.808234266e-20
7.462686567e-06
-1.176105333e-21
7.462686567e-06
-2.365102098e-20
7.462686567e-06
2.513010592e-20
7.462686567e-06
1.134657237e-20
7.462686567e-06
-1.954576587e-20
7.462686567e-06
-9.827052139e-21
7.462686567e-06
-5.245180138e-21
7.462686567e-06
2.006047234e-20
7.462686567e-06
8.123170971e-21
7.462686567e-06
-9.686513861e-21
7.462686567e-06
-2.297575881e-21
7.462686567e-06
4.817208804e-21
7.462686567e-06
-5.393596208e-21
7.462686567e-06
-1.265622931e-20
7.462686567e-06
2.290621128e-21
7.462686567e-06
-9.913005343e-22
7.462686567e-06
1.087871256e-20
7.462686567e-06
1.373275845e-20
7.462686567e-06
-1.53050078e-20
7.462686567e-06
-6.697290762e-23
7.462686567e-06
1.916600081e-20
7.462686567e-06
-2.492248637e-20
7.462686567e-06
8.487748271e-21
7.462686567e-06
-6.666560977e-21
7.462686567e-06
-4.966367041e-21
7.462686567e-06
2.102659552e-20
7.462686567e-06
-2.73376546e-20
7.462686567e-06
2.187064535e-20
7.462686567e-06
6.698227759e-21
7.462686567e-06
-2.217728416e-20
7.462686567e-06
1.388064153e-20
7.462686567e-06
-1.627425435e-20
7.462686567e-06
5.658006216e-21
7.462686567e-06
2.219759356e-20
7.462686567e-06
-2.466805068e-20
7.462686567e-06
8.471580295e-21
7.462686567e-06
1.920641423e-20
7.462686567e-06
-1.832108302e-20
7.462686567e-06
-1.184536737e-20
7.462686567e-06
7.112432375e-21
7.462686567e-06
-5.670780458e-21
7.462686567e-06
-3.799739256e-21
7.462686567e-06
1.812193634e-20
7.462686567e-06
-6.72779674e-21
7.462686567e-06
3.823991605e-21
7.462686567e-06
4.477709435e-21
7.462686567e-06
-2.349798965e-20
1.387679865e-20
2.089552239e-05
1.297949504e-19
2.089552239e-05
4.491121995e-20
2.089552239e-05
2.649054023e-20
2.089552239e-05
9.989602048e-21
2.089552239e-05
-4.762768546e-22
2.089552239e-05
-8.219355936e-21
2.089552239e-05
2.00038859e-22
2.089552239e-05
2.417209659e-21
2.089552239e-05
-5.946911958e-21
2.089552239e-05
2.217858469e-21
2.089552239e-05
5.318295652e-21
2.089552239e-05
-3.873744632e-21
2.089552239e-05
-9.377589005e-22
2.089552239e-05
2.026891558e-21
2.089552239e-05
4.783173725e-21
2.089552239e-05
-1.391487967e-20
2.089552239e-05
-3.183306164e-21
2.089552239e-05
2.175545599e-21
2.089552239e-05
-3.638521174e-21
2.089552239e-05
3.862867591e-22
2.089552239e-05
-4.460970137e-21
2.089552239e-05
-6.52570461e-21
2.089552239e-05
-8.072694911e-21
2.089552239e-05
1.052295188e-20
2.089552239e-05
1.680841103e-20
2.089552239e-05
3.661131416e-21
2.089552239e-05
3.643353827e-21
2.089552239e-05
9.39721485e-21
2.089552239e-05
-3.879335106e-22
2.089552239e-05
-1.03459079e-20
2.089552239e-05
3.618804026e-21
2.089552239e-05
-2.865092766e-21
2.089552239e-05
-1.488569068e-20
2.089552239e-05
1.271200524e-21
2.089552239e-05
-9.419922377e-21
2.089552239e-05
-2.186731941e-21
2.089552239e-05
1.07448044e-21
2.089552239e-05
-3.385648712e-21
2.089552239e-05
2.627920831e-21
2.089552239e-05
6.617485099e-21
2.089552239e-05
5.098048659e-21
2.089552239e-05
1.635120352e-21
2.089552239e-05
1.045111936e-20
2.089552239e-05
-1.556249595e-20
2.089552239e-05
-2.517516175e-21
2.089552239e-05
-2.244763203e-21
2.089552239e-05
-9.194121347e-21
2.089552239e-05
5.61640355e-21
2.089552239e-05
-5.594946653e-22
2.089552239e-05
4.309249678e-21
2.089552239e-05
8.896492023e-21
2.089552239e-05
-1.072979814e-20
2.089552239e-05
2.07274326e-21
2.089552239e-05
7.293460852e-21
2.089552239e-05
-4.874320408e-21
2.089552239e-05
-2.214133225e-21
2.089552239e-05
8.037305616e-21
2.089552239e-05
-8.532264998e-21
2.089552239e-05
1.066906251e-20
2.089552239e-05
5.801375495e-21
2.089552239e-05
-1.437923426e-20
2.089552239e-05
5.083710833e-21
2.089552239e-05
1.379015936e-21
2.089552239e-05
-1.242861332e-20
2.089552239e-05
-3.329941461e-21
2.089552239e-05
7.296164854e-21
2.089552239e-05
-1.623193626e-21
2.089552239e-05
1.30750518e-20
2.089552239e-05
1.914921119e-20
2.089552239e-05
-1.627274727e-20
2.089552239e-05
-2.912009216e-20
2.089552239e-05
1.448453473e-20
2.089552239e-05
1.738892394e-20
2.089552239e-05
-1.148476373e-20
2.089552239e-05
-1.578379663e-20
2.089552239e-05
1.246337514e-20
2.089552239e-05
2.139161786e-20
2.089552239e-05
-8.774072514e-21
2.089552239e-05
-3.059903137e-20
2.089552239e-05
4.478500386e-21
2.089552239e-05
1.569666336e-20
2.089552239e-05
-1.879993215e-20
2.089552239e-05
-4.63422206e-21
2.089552239e-05
2.507748869e-20
2.089552239e-05
1.353501132e-20
2.089552239e-05
9.279942024e-21
2.089552239e-05
-1.452029384e-21
2.089552239e-05
-2.539127609e-20
2.089552239e-05
-1.360004742e-20
2.089552239e-05
2.714451552e-20
2.089552239e-05
1.760409679e-20
2.089552239e-05
-2.123901758e-20
2.089552239e-05
-1.559097293e-20
2.089552239e-05
1.711940745e-20
2.089552239e-05
5.935932901e-22
2.089552239e-05
-2.072623506e-20
2.089552239e-05
1.398844329e-20
2.089552239e-05
1.315585082e-20
2.089552239e-05
-2.030296021e-20
2.089552239e-05
-2.106394733e-20
2.089552239e-05
1.8385088e-20
2.089552239e-05
2.184202646e-20
2.089552239e-05
2.29311251e-21
2.089552239e-05
-1.150027503e-20
2.089552239e-05
-9.24922772e-21
2.089552239e-05
1.254514127e-20
2.089552239e-05
-6.470688142e-21
2.089552239e-05
-2.071122976e-20
2.089552239e-05
1.004993731e-20
2.089552239e-05
3.046875455e-20
2.089552239e-05
-8.603904962e-21
2.089552239e-05
-1.940738894e-20
2.089552239e-05
1.660641103e-20
2.089552239e-05
1.236875386e-20
2.089552239e-05
2.769947539e-21
2.089552239e-05
-1.279391109e-20
2.089552239e-05
-2.213322402e-20
2.089552239e-05
2.651349919e-20
2.089552239e-05
3.41349097e-20
2.089552239e-05
-1.864546667e-20
2.089552239e-05
-3.124447789e-20
2.089552239e-05
1.937464286e-22
2.089552239e-05
2.402822824e-20
2.089552239e-05
1.539061279e-20
2.089552239e-05
6.665752771e-21
2.089552239e-05
-8.841173837e-21
2.089552239e-05
-4.760055285e-21
2.089552239e-05
-2.530007122e-20
2.089552239e-05
-2.665402119e-20
2.089552239e-05
3.429111873e-20
2.089552239e-05
1.073328426e-20
2.089552239e-05
-8.149648796e-21
2.089552239e-05
-7.744277774e-22
2.089552239e-05
-2.191940031e-20
2.089552239e-05
1.728913255e-21
2.089552239e-05
6.504986203e-21
2.089552239e-05
-5.961514226e-21
2.089552239e-05
-2.985826912e-21
2.089552239e-05
1.643659797e-20
2.089552239e-05
9.487682282e-23
2.089552239e-05
-3.668998376e-20
2.089552239e-05
-1.204057933e-20
2.089552239e-05
9.810997766e-21
2.089552239e-05
2.489534221e-20
2.089552239e-05
1.791881978e-20
2.089552239e-05
-8.362204003e-21
2.089552239e-05
2.036205751e-20
2.089552239e-05
6.186948531e-21
2.089552239e-05
-2.097313884e-20
2.089552239e-05
-1.759295692e-20
2.089552239e-05
-8.041832942e-21
2.089552239e-05
3.843583497e-20
2.089552239e-05
3.222636112e-21
2.089552239e-05
-3.449188508e-20
2.089552239e-05
4.076750416e-20
2.089552239e-05
1.500068174e-20
2.089552239e-05
-3.360387592e-20
2.089552239e-05
-2.193747872e-20
2.089552239e-05
2.187204798e-23
2.089552239e-05
3.90179268e-20
2.089552239e-05
8.412260295e-21
2.089552239e-05
-1.607554241e-20
2.089552239e-05
9.728566736e-21
2.089552239e-05
9.142658682e-21
2.089552239e-05
-3.573106376e-20
2.089552239e-05
-2.257189114e-20
2.089552239e-05
8.442796229e-21
2.089552239e-05
6.213018973e-21
2.089552239e-05
2.75630985e-20
2.089552239e-05
1.081076542e-20
2.089552239e-05
-1.540055148e-20
2.089552239e-05
-2.111148066e-21
2.089552239e-05
2.33541944e-20
2.089552239e-05
-3.944648879e-20
2.089552239e-05
7.801797679e-21
2.089552239e-05
-1.639254641e-20
2.089552239e-05
-5.382574543e-21
2.089552239e-05
3.928687924e-20
2.089552239e-05
-3.84546745e-20
2.089552239e-05
3.076804696e-20
2.089552239e-05
2.272641543e-20
2.089552239e-05
-3.651351804e-20
2.089552239e-05
1.12830779e-20
2.089552239e-05
-2.389692904e-20
2.089552239e-05
6.156179296e-21
2.089552239e-05
5.153633611e-20
2.089552239e-05
-3.439510124e-20
2.089552239e-05
1.051870976e-20
2.089552239e-05
2.825687722e-20
2.089552239e-05
-4.39076388e-20
2.089552239e-05
-2.45341024e-20
2.089552239e-05
1.602204542e-20
2.089552239e-05
-1.588611994e-20
2.089552239e-05
4.430838334e-21
2.089552239e-05
2.583223216e-20
2.089552239e-05
-1.285664467e-20
2.089552239e-05
2.172332243e-21
2.089552239e-05
4.333903277e-21
2.089552239e-05
-4.977436321e-20
1.812545686e-20
3.28358209e-05
1.307608974e-19
3.28358209e-05
6.024720471e-20
3.28358209e-05
4.084096172e-20
3.28358209e-05
1.980542195e-20
3.28358209e-05
7.765395657e-23
3.28358209e-05
1.01515859e-21
3.28358209e-05
2.941889719e-21
3.28358209e-05
-1.406889182e-21
3.28358209e-05
-1.215396475e-20
3.28358209e-05
1.234451965e-20
3.28358209e-05
7.841294061e-21
3.28358209e-05
4.144073797e-21
3.28358209e-05
7.271067553e-21
3.28358209e-05
-5.89127856e-21
3.28358209e-05
-5.087770316e-21
3.28358209e-05
-7.809727619e-21
3.28358209e-05
-1.520716664e-20
3.28358209e-05
2.173701052e-22
3.28358209e-05
-2.977031805e-21
3.28358209e-05
-1.442776931e-21
3.28358209e-05
-3.675680056e-21
3.28358209e-05
-1.830138303e-20
3.28358209e-05
-1.854938711e-20
3.28358209e-05
1.372368004e-20
3.28358209e-05
2.213152656e-20
3.28358209e-05
1.669733469e-20
3.28358209e-05
1.214500277e-20
3.28358209e-05
6.926457723e-21
3.28358209e-05
-3.386224979e-21
3.28358209e-05
-1.136970657e-20
3.28358209e-05
-1.158162158e-21
3.28358209e-05
-1.303815228e-21
3.28358209e-05
-1.998721122e-20
3.28358209e-05
-5.174959826e-21
3.28358209e-05
-2.645643881e-20
3.28358209e-05
3.325826735e-22
3.28358209e-05
1.739635972e-21
3.28358209e-05
6.352435562e-21
3.28358209e-05
-1.822153071e-21
3.28358209e-05
1.037262173e-20
3.28358209e-05
1.069797628e-20
3.28358209e-05
-9.381177773e-21
3.28358209e-05
1.577574446e-20
3.28358209e-05
-1.668213731e-20
3.28358209e-05
-1.649384776e-20
3.28358209e-05
-1.034016597e-21
3.28358209e-05
-1.201755536e-20
3.28358209e-05
6.589356019e-21
3.28358209e-05
8.351219563e-21
3.28358209e-05
1.677194784e-22
3.28358209e-05
1.053401765e-20
3.28358209e-05
-1.446669468e-20
3.28358209e-05
1.349248642e-21
3.28358209e-05
2.056805066e-20
3.28358209e-05
-7.582921724e-21
3.28358209e-05
-4.848024969e-21
3.28358209e-05
9.542499631e-21
3.28358209e-05
4.223946426e-22
3.28358209e-05
2.346711616e-20
3.28358209e-05
1.521428999e-21
3.28358209e-05
-2.561485524e-20
3.28358209e-05
7.534767573e-21
3.28358209e-05
1.021763602e-20
3.28358209e-05
-1.363866927e-20
3.28358209e-05
3.182528252e-21
3.28358209e-05
1.112192612e-20
3.28358209e-05
-1.551444071e-21
3.28358209e-05
1.635501211e-20
3.28358209e-05
2.619346161e-20
3.28358209e-05
-2.428019529e-20
3.28358209e-05
-4.348683757e-20
3.28358209e-05
2.809430484e-20
3.28358209e-05
2.038046896e-20
3.28358209e-05
-1.224941762e-20
3.28358209e-05
-1.529329277e-20
3.28358209e-05
1.082828814e-20
3.28358209e-05
3.156280516e-20
3.28358209e-05
-1.315457488e-20
3.28358209e-05
-5.20171206e-20
3.28358209e-05
8.629127519e-23
3.28358209e-05
2.374991871e-20
3.28358209e-05
-2.256276652e-20
3.28358209e-05
-3.274868746e-21
3.28358209e-05
4.913683018e-20
3.28358209e-05
1.602426023e-20
3.28358209e-05
1.019688158e-20
3.28358209e-05
7.682197661e-21
3.28358209e-05
-3.279848756e-20
3.28358209e-05
-1.517394968e-20
3.28358209e-05
3.69717675e-20
3.28358209e-05
4.958883874e-21
3.28358209e-05
-2.931118541e-20
3.28358209e-05
-1.487713799e-20
3.28358209e-05
1.785734445e-20
3.28358209e-05
-1.392517009e-22
3.28358209e-05
-3.620991787e-20
3.28358209e-05
2.472866053e-20
3.28358209e-05
2.488906351e-20
3.28358209e-05
-2.961193487e-20
3.28358209e-05
-3.593401371e-20
3.28358209e-05
2.448372243e-20
3.28358209e-05
4.835530538e-20
3.28358209e-05
8.11365124e-21
3.28358209e-05
-1.951694339e-20
3.28358209e-05
-2.536035027e-20
3.28358209e-05
1.979674653e-20
3.28358209e-05
5.422514676e-21
3.28358209e-05
-3.001740194e-20
3.28358209e-05
1.31555709e-20
3.28358209e-05
3.948548782e-20
3.28358209e-05
5.196235201e-21
3.28358209e-05
-1.931684764e-20
3.28358209e-05
9.389200162e-21
3.28358209e-05
1.855242832e-20
3.28358209e-05
8.115534264e-21
3.28358209e-05
-2.265750975e-20
3.28358209e-05
-3.102190741e-20
3.28358209e-05
4.746315828e-20
3.28358209e-05
4.551846645e-20
3.28358209e-05
-2.383373013e-20
3.28358209e-05
-3.807887691e-20
3.28358209e-05
6.126922586e-22
3.28358209e-05
3.39843105e-20
3.28358209e-05
3.308078029e-20
3.28358209e-05
6.452680778e-21
3.28358209e-05
-2.9196203e-20
3.28358209e-05
2.728488639e-21
3.28358209e-05
-5.385239648e-20
3.28358209e-05
-2.980411068e-20
3.28358209e-05
5.164785798e-20
3.28358209e-05
2.817934598e-20
3.28358209e-05
-9.722024271e-21
3.28358209e-05
-2.770382536e-20
3.28358209e-05
-3.194388476e-20
3.28358209e-05
7.61435618e-21
3.28358209e-05
1.004727219e-20
3.28358209e-05
-9.07357162e-21
3.28358209e-05
-1.382194625e-20
3.28358209e-05
1.228623478e-20
3.28358209e-05
4.169087844e-21
3.28358209e-05
-5.397688297e-20
3.28358209e-05
-9.146448433e-21
3.28358209e-05
1.81148636e-20
3.28358209e-05
3.396509461e-20
3.28358209e-05
3.865566162e-20
3.28358209e-05
-2.130277473e-20
3.28358209e-05
2.204340068e-20
3.28358209e-05
2.295928834e-20
3.28358209e-05
-1.74126468e-20
3.28358209e-05
-3.859584498e-20
3.28358209e-05
-2.866116983e-20
3.28358209e-05
6.774670975e-20
3.28358209e-05
1.277654257e-20
3.28358209e-05
-3.434197947e-20
3.28358209e-05
4.280166158e-20
3.28358209e-05
1.856211256e-20
3.28358209e-05
-4.370869398e-20
3.28358209e-05
-2.981360776e-20
3.28358209e-05
-9.500549426e-21
3.28358209e-05
4.949568689e-20
3.28358209e-05
8.010667026e-21
3.28358209e-05
-3.015363684e-21
3.28358209e-05
2.233180838e-20
3.28358209e-05
6.999728153e-21
3.28358209e-05
-6.199443208e-20
3.28358209e-05
-4.199530195e-20
3.28358209e-05
2.631546698e-20
3.28358209e-05
1.290851334e-20
3.28358209e-05
3.364597881e-20
3.28358209e-05
4.543711045e-21
3.28358209e-05
-1.146475853e-20
3.28358209e-05
2.759302998e-21
3.28358209e-05
1.30482738e-20
3.28358209e-05
-3.542622896e-20
3.28358209e-05
2.207975213e-21
3.28358209e-05
-4.39535919e-20
3.28358209e-05
-1.017483113e-20
3.28358209e-05
5.949914947e-20
3.28358209e-05
-3.189971864e-20
3.28358209e-05
2.695470229e-20
3.28358209e-05
4.071655788e-20
3.28358209e-05
-3.88894459e-20
3.28358209e-05
-8.583569386e-21
3.28358209e-05
-1.339184636e-20
3.28358209e-05
1.384123468e-20
3.28358209e-05
5.766443889e-20
3.28358209e-05
-4.294401559e-20
3.28358209e-05
8.941712679e-21
3.28358209e-05
3.830099676e-20
3.28358209e-05
-7.083200743e-20
3.28358209e-05
-4.223329194e-20
3.28358209e-05
1.250785268e-20
3.28358209e-05
-1.618160104e-20
3.28358209e-05
2.262307903e-20
3.28358209e-05
3.071564236e-20
3.28358209e-05
-3.050971626e-20
3.28358209e-05
6.844671102e-21
3.28358209e-05
2.165057152e-21
3.28358209e-05
-7.122925068e-20
2.205685355e-20
4.328358209e-05
1.250010074e-19
4.328358209e-05
6.896917535e-20
4.328358209e-05
4.672608816e-20
4.328358209e-05
3.261722292e-20
4.328358209e-05
-9.207102637e-22
4.328358209e-05
6.015557465e-21
4.328358209e-05
9.37846719e-21
4.328358209e-05
-6.473307142e-21
4.328358209e-05
-7.470567457e-21
4.328358209e-05
1.994114527e-20
4.328358209e-05
6.774674589e-21
4.328358209e-05
-3.671969627e-21
4.328358209e-05
7.860243752e-21
4.328358209e-05
1.016655595e-21
4.328358209e-05
-8.338733307e-21
4.328358209e-05
-1.182103681e-20
4.328358209e-05
-1.991159475e-20
4.328358209e-05
-2.220992092e-21
4.328358209e-05
-1.808114798e-21
4.328358209e-05
-4.277665579e-21
4.328358209e-05
-1.092137257e-20
4.328358209e-05
-2.438070953e-20
4.328358209e-05
-2.00881969e-20
4.328358209e-05
1.719053229e-20
4.328358209e-05
3.101772259e-20
4.328358209e-05
1.709094187e-20
4.328358209e-05
1.869746389e-20
4.328358209e-05
3.616603945e-21
4.328358209e-05
-1.132320565e-20
4.328358209e-05
-1.689266743e-20
4.328358209e-05
1.236129693e-21
4.328358209e-05
-1.434534929e-20
4.328358209e-05
-3.83766576e-20
4.328358209e-05
-1.559631882e-20
4.328358209e-05
-1.89538511e-20
4.328358209e-05
-6.615712452e-21
4.328358209e-05
1.160593885e-20
4.328358209e-05
1.808166233e-20
4.328358209e-05
6.095106789e-22
4.328358209e-05
1.451857474e-21
4.328358209e-05
5.267127938e-21
4.328358209e-05
-1.028292138e-20
4.328358209e-05
1.496500117e-20
4.328358209e-05
-2.383666293e-20
4.328358209e-05
-1.469819236e-20
4.328358209e-05
1.045998821e-21
4.328358209e-05
-1.327269552e-20
4.328358209e-05
-4.010376687e-21
4.328358209e-05
8.202935174e-21
4.328358209e-05
6.570397751e-21
4.328358209e-05
6.154122064e-21
4.328358209e-05
-9.365568319e-21
4.328358209e-05
8.227557293e-21
4.328358209e-05
2.39034931e-20
4.328358209e-05
-7.438863047e-21
4.328358209e-05
-1.065758109e-20
4.328358209e-05
1.635480709e-20
4.328358209e-05
1.364661696e-20
4.328358209e-05
8.571438597e-21
4.328358209e-05
4.069807863e-22
4.328358209e-05
-4.487324563e-21
4.328358209e-05
1.125640366e-20
4.328358209e-05
1.471867433e-20
4.328358209e-05
-1.555764471e-20
4.328358209e-05
-4.586494132e-21
4.328358209e-05
1.436350754e-20
4.328358209e-05
1.486611404e-21
4.328358209e-05
1.819252708e-20
4.328358209e-05
1.972903896e-20
4.328358209e-05
-2.710694145e-20
4.328358209e-05
-4.605458402e-20
4.328358209e-05
3.089050232e-20
4.328358209e-05
2.206066684e-20
4.328358209e-05
-5.408610173e-21
4.328358209e-05
-1.993969977e-20
4.328358209e-05
-1.037026245e-21
4.328358209e-05
3.638541786e-20
4.328358209e-05
-1.866744916e-20
4.328358209e-05
-5.884747007e-20
4.328358209e-05
4.867658872e-21
4.328358209e-05
2.349004214e-20
4.328358209e-05
-3.175529424e-20
4.328358209e-05
1.231057109e-20
4.328358209e-05
5.980887114e-20
4.328358209e-05
2.491982228e-20
4.328358209e-05
9.038425471e-21
4.328358209e-05
7.622361064e-21
4.328358209e-05
-2.930895326e-20
4.328358209e-05
-2.460623227e-20
4.328358209e-05
4.4624924e-20
4.328358209e-05
-7.174793319e-21
4.328358209e-05
-3.221241148e-20
4.328358209e-05
-1.110555224e-20
4.328358209e-05
1.518693414e-20
4.328358209e-05
-1.337977729e-20
4.328358209e-05
-4.524596666e-20
4.328358209e-05
2.495346656e-20
4.328358209e-05
2.077461059e-20
4.328358209e-05
-2.563457002e-20
4.328358209e-05
-3.464970065e-20
4.328358209e-05
3.955477013e-20
4.328358209e-05
5.541548904e-20
4.328358209e-05
-2.947848271e-21
4.328358209e-05
-2.544071681e-20
4.328358209e-05
-2.589615157e-20
4.328358209e-05
2.177114115e-20
4.328358209e-05
1.268153863e-20
4.328358209e-05
-2.809194079e-20
4.328358209e-05
6.15913275e-21
4.328358209e-05
3.225961428e-20
4.328358209e-05
1.012401764e-20
4.328358209e-05
-1.595855974e-20
4.328358209e-05
3.760733967e-21
4.328358209e-05
2.274730746e-20
4.328358209e-05
1.399784215e-20
4.328358209e-05
-2.967686113e-20
4.328358209e-05
-1.623498296e-20
4.328358209e-05
5.435411696e-20
4.328358209e-05
4.925725357e-20
4.328358209e-05
-2.848977661e-20
4.328358209e-05
-4.478835694e-20
4.328358209e-05
-5.572357936e-22
4.328358209e-05
4.461567918e-20
4.328358209e-05
3.469675668e-20
4.328358209e-05
-6.181961704e-21
4.328358209e-05
-3.224349099e-20
4.328358209e-05
-1.886028314e-21
4.328358209e-05
-7.309436474e-20
4.328358209e-05
-2.858577055e-20
4.328358209e-05
5.779959461e-20
4.328358209e-05
3.704854356e-20
4.328358209e-05
-4.251647876e-21
4.328358209e-05
-3.750325346e-20
4.328358209e-05
-3.473315365e-20
4.328358209e-05
1.477572236e-20
4.328358209e-05
-9.309556517e-22
4.328358209e-05
-8.58314203e-21
4.328358209e-05
-1.963387481e-20
4.328358209e-05
4.445088281e-21
4.328358209e-05
1.657058279e-21
4.328358209e-05
-6.138407163e-20
4.328358209e-05
-8.671410999e-21
4.328358209e-05
1.645729578e-20
4.328358209e-05
4.897511334e-20
4.328358209e-05
5.786875374e-20
4.328358209e-05
-1.59197365e-20
4.328358209e-05
2.819144717e-20
4.328358209e-05
3.775973408e-20
4.328358209e-05
-2.059129946e-20
4.328358209e-05
-7.06989211e-20
4.328358209e-05
-3.54751755e-20
4.328358209e-05
7.539277654e-20
4.328358209e-05
1.443168276e-20
4.328358209e-05
-4.120442576e-20
4.328358209e-05
5.412025922e-20
4.328358209e-05
1.355327483e-20
4.328358209e-05
-4.830581674e-20
4.328358209e-05
-2.545260391e-20
4.328358209e-05
-1.450769915e-20
4.328358209e-05
5.09814889e-20
4.328358209e-05
1.177742546e-22
4.328358209e-05
1.243823258e-20
4.328358209e-05
3.775061706e-20
4.328358209e-05
-7.284491521e-21
4.328358209e-05
-7.434510768e-20
4.328358209e-05
-4.425545981e-20
4.328358209e-05
4.4347177e-20
4.328358209e-05
2.813528432e-20
4.328358209e-05
2.273437522e-20
4.328358209e-05
-2.609668751e-21
4.328358209e-05
6.052937662e-21
4.328358209e-05
1.151001029e-20
4.328358209e-05
-1.34105605e-20
4.328358209e-05
-3.917071901e-20
4.328358209e-05
1.852962899e-20
4.328358209e-05
-7.365027285e-20
4.328358209e-05
-1.229191286e-20
4.328358209e-05
7.494732917e-20
4.328358209e-05
-3.168302064e-20
4.328358209e-05
3.225531706e-20
4.328358209e-05
4.936110598e-20
4.328358209e-05
-3.245939891e-20
4.328358209e-05
-2.909509958e-20
4.328358209e-05
-8.193044509e-21
4.328358209e-05
3.444346553e-20
4.328358209e-05
4.355128504e-20
4.328358209e-05
-4.689997749e-20
4.328358209e-05
1.123567297e-20
4.328358209e-05
4.231340314e-20
4.328358209e-05
-8.586037771e-20
4.328358209e-05
-6.184598497e-20
4.328358209e-05
1.269710804e-20
4.328358209e-05
-4.255013624e-21
4.328358209e-05
2.752516766e-20
4.328358209e-05
1.282111216e-20
4.328358209e-05
-4.324819329e-20
4.328358209e-05
2.633893698e-20
4.328358209e-05
-1.326278404e-21
4.328358209e-05
-7.789351516e-20
2.745150004e-20
5.223880597e-05
1.189502303e-19
5.223880597e-05
7.901999544e-20
5.223880597e-05
4.975745862e-20
5.223880597e-05
3.634353575e-20
5.223880597e-05
1.640582885e-20
5.223880597e-05
1.071354228e-20
5.223880597e-05
1.156696287e-20
5.223880597e-05
-4.21916003e-21
5.223880597e-05
5.761339309e-21
5.223880597e-05
3.133741456e-20
5.223880597e-05
1.154082732e-20
5.223880597e-05
-7.997737304e-21
5.223880597e-05
9.205563375e-21
5.223880597e-05
-6.736319354e-21
5.223880597e-05
-4.618383158e-21
5.223880597e-05
-1.609458701e-20
5.223880597e-05
-2.291655457e-20
5.223880597e-05
-1.881006495e-20
5.223880597e-05
-2.623039107e-21
5.223880597e-05
-3.019456091e-24
5.223880597e-05
-1.409525877e-20
5.223880597e-05
-3.011265191e-20
5.223880597e-05
-2.099739563e-20
5.223880597e-05
1.165558845e-20
5.223880597e-05
2.007733378e-20
5.223880597e-05
3.402547973e-20
5.223880597e-05
2.597886252e-20
5.223880597e-05
1.243638305e-20
5.223880597e-05
-3.175817962e-20
5.223880597e-05
-1.794957991e-20
5.223880597e-05
2.486647594e-21
5.223880597e-05
-1.173145062e-20
5.223880597e-05
-4.923450394e-20
5.223880597e-05
-2.260031043e-20
5.223880597e-05
-1.464119437e-20
5.223880597e-05
-8.213764063e-21
5.223880597e-05
1.75652084e-20
5.223880597e-05
3.225131125e-20
5.223880597e-05
1.644519566e-20
5.223880597e-05
-1.06809361e-20
5.223880597e-05
-5.519041517e-21
5.223880597e-05
-1.278667681e-20
5.223880597e-05
-2.736847611e-21
5.223880597e-05
-1.331720187e-20
5.223880597e-05
-2.714106818e-20
5.223880597e-05
1.486502591e-21
5.223880597e-05
-5.070875036e-21
5.223880597e-05
-1.193277987e-20
5.223880597e-05
5.860782309e-21
5.223880597e-05
6.493373112e-21
5.223880597e-05
-1.136937984e-20
5.223880597e-05
1.571549579e-21
5.223880597e-05
3.386200103e-20
5.223880597e-05
2.415945391e-20
5.223880597e-05
-4.781114387e-21
5.223880597e-05
-1.294940388e-20
5.223880597e-05
1.897068484e-20
5.223880597e-05
2.190802419e-20
5.223880597e-05
8.447927702e-21
5.223880597e-05
4.321012653e-21
5.223880597e-05
-2.709160253e-21
5.223880597e-05
4.15839805e-21
5.223880597e-05
2.450497521e-20
5.223880597e-05
-1.107955693e-21
5.223880597e-05
8.314990873e-23
5.223880597e-05
1.196186502e-20
5.223880597e-05
-1.519644435e-21
5.223880597e-05
1.475284973e-20
5.223880597e-05
1.565250324e-20
5.223880597e-05
-3.247367695e-20
5.223880597e-05
-3.998739093e-20
5.223880597e-05
2.652520052e-20
5.223880597e-05
2.344061821e-20
5.223880597e-05
-1.674504674e-20
5.223880597e-05
-8.279695055e-21
5.223880597e-05
-3.09183057e-22
5.223880597e-05
2.7997403e-20
5.223880597e-05
-2.237219498e-20
5.223880597e-05
-5.101717765e-20
5.223880597e-05
7.461609427e-22
5.223880597e-05
2.933677141e-20
5.223880597e-05
-1.826509284e-20
5.223880597e-05
1.580984777e-20
5.223880597e-05
5.007556055e-20
5.223880597e-05
1.400371189e-20
5.223880597e-05
1.135614683e-20
5.223880597e-05
1.127887052e-20
5.223880597e-05
-1.869463282e-20
5.223880597e-05
-1.352623016e-20
5.223880597e-05
3.89272451e-20
5.223880597e-05
-3.090678902e-20
5.223880597e-05
-4.477378126e-20
5.223880597e-05
-1.682203348e-20
5.223880597e-05
1.697323956e-20
5.223880597e-05
-8.763332992e-21
5.223880597e-05
-4.404499748e-20
5.223880597e-05
1.117470642e-20
5.223880597e-05
2.688101232e-20
5.223880597e-05
-2.233926201e-20
5.223880597e-05
-2.554028663e-20
5.223880597e-05
4.180848779e-20
5.223880597e-05
5.894061501e-20
5.223880597e-05
-9.843951649e-21
5.223880597e-05
-3.236798257e-20
5.223880597e-05
-2.67577829e-20
5.223880597e-05
2.578376918e-20
5.223880597e-05
2.091145476e-20
5.223880597e-05
-3.627150469e-20
5.223880597e-05
1.79758066e-21
5.223880597e-05
3.931844371e-20
5.223880597e-05
8.281226313e-22
5.223880597e-05
-1.610414879e-20
5.223880597e-05
1.0752076e-21
5.223880597e-05
3.574360925e-20
5.223880597e-05
2.771347373e-20
5.223880597e-05
-3.616635805e-20
5.223880597e-05
5.169722422e-21
5.223880597e-05
6.626458145e-20
5.223880597e-05
2.686247856e-20
5.223880597e-05
-2.799055925e-20
5.223880597e-05
-4.175800159e-20
5.223880597e-05
-1.226800757e-21
5.223880597e-05
4.030308542e-20
5.223880597e-05
3.519737838e-20
5.223880597e-05
-2.522529163e-20
5.223880597e-05
-3.531154673e-20
5.223880597e-05
4.070776985e-21
5.223880597e-05
-8.201911327e-20
5.223880597e-05
-2.458533301e-20
5.223880597e-05
6.849879521e-20
5.223880597e-05
4.813325959e-20
5.223880597e-05
-1.75160339e-21
5.223880597e-05
-4.596487049e-20
5.223880597e-05
-4.708796697e-20
5.223880597e-05
5.639720001e-21
5.223880597e-05
3.407304263e-21
5.223880597e-05
-1.734069271e-20
5.223880597e-05
-1.777544064e-20
5.223880597e-05
-6.554826876e-21
5.223880597e-05
-1.311454555e-20
5.223880597e-05
-4.762872477e-20
5.223880597e-05
2.391537241e-21
5.223880597e-05
1.651601693e-20
5.223880597e-05
6.57910589e-20
5.223880597e-05
7.845584808e-20
5.223880597e-05
-9.029675063e-22
5.223880597e-05
3.459991408e-20
5.223880597e-05
3.932451795e-20
5.223880597e-05
-3.501184066e-20
5.223880597e-05
-7.997452796e-20
5.223880597e-05
-4.579584005e-20
5.223880597e-05
6.658497987e-20
5.223880597e-05
1.490185114e-20
5.223880597e-05
-3.901643865e-20
5.223880597e-05
4.020609438e-20
5.223880597e-05
3.095818252e-20
5.223880597e-05
-4.509090064e-20
5.223880597e-05
-4.385329239e-20
5.223880597e-05
-9.597467963e-21
5.223880597e-05
4.331195673e-20
5.223880597e-05
1.218896208e-20
5.223880597e-05
1.541494813e-20
5.223880597e-05
3.692603962e-20
5.223880597e-05
-1.415255358e-20
5.223880597e-05
-6.959831169e-20
5.223880597e-05
-3.774647906e-20
5.223880597e-05
3.36303156e-20
5.223880597e-05
2.664389916e-20
5.223880597e-05
2.082717611e-20
5.223880597e-05
-3.815485823e-21
5.223880597e-05
1.663113884e-20
5.223880597e-05
1.982476867e-20
5.223880597e-05
-4.101459906e-20
5.223880597e-05
-3.811425321e-20
5.223880597e-05
1.586598423e-20
5.223880597e-05
-7.075706003e-20
5.223880597e-05
-9.753239312e-21
5.223880597e-05
6.515101985e-20
5.223880597e-05
-2.208128849e-20
5.223880597e-05
2.659629168e-20
5.223880597e-05
4.788958001e-20
5.223880597e-05
-3.292309261e-20
5.223880597e-05
-4.237930578e-20
5.223880597e-05
2.66366263e-22
5.223880597e-05
5.695059524e-20
5.223880597e-05
5.287484487e-20
5.223880597e-05
-5.245654649e-20
5.223880597e-05
7.297363028e-21
5.223880597e-05
2.687817377e-20
5.223880597e-05
-1.036069989e-19
5.223880597e-05
-6.959051611e-20
5.223880597e-05
1.261174381e-20
5.223880597e-05
1.298333734e-20
5.223880597e-05
1.904739804e-20
5.223880597e-05
-3.637340876e-21
5.223880597e-05
-3.607682779e-20
5.223880597e-05
2.063987209e-20
5.223880597e-05
-2.663386849e-21
5.223880597e-05
-6.589303154e-20
2.387151868e-20
5.970149254e-05
8.845438122e-20
5.970149254e-05
7.393112136e-20
5.970149254e-05
4.961665006e-20
5.970149254e-05
3.920913135e-20
5.970149254e-05
2.980396098e-20
5.970149254e-05
2.578397586e-20
5.970149254e-05
1.404149614e-20
5.970149254e-05
6.390640827e-21
5.970149254e-05
2.254405568e-20
5.970149254e-05
3.334677493e-20
5.970149254e-05
1.057261116e-20
5.970149254e-05
1.011737926e-20
5.970149254e-05
5.842289445e-21
5.970149254e-05
-1.946265481e-20
5.970149254e-05
-2.079892671e-20
5.970149254e-05
-1.741140414e-20
5.970149254e-05
-3.812971401e-20
5.970149254e-05
-1.678547373e-20
5.970149254e-05
-2.640889929e-21
5.970149254e-05
3.187945559e-21
5.970149254e-05
-1.23801295e-20
5.970149254e-05
-3.120515206e-20
5.970149254e-05
-1.112234881e-20
5.970149254e-05
2.915783619e-21
5.970149254e-05
1.778746119e-20
5.970149254e-05
3.181998711e-20
5.970149254e-05
3.255067029e-20
5.970149254e-05
2.059213917e-21
5.970149254e-05
-3.054009676e-20
5.970149254e-05
-1.493467966e-20
5.970149254e-05
1.876270572e-21
5.970149254e-05
-2.455245381e-20
5.970149254e-05
-4.871297572e-20
5.970149254e-05
-2.543715722e-20
5.970149254e-05
-1.55284446e-20
5.970149254e-05
-2.161927557e-20
5.970149254e-05
3.259990194e-20
5.970149254e-05
4.499959947e-20
5.970149254e-05
1.418158078e-20
5.970149254e-05
-1.820404781e-20
5.970149254e-05
-3.782285454e-21
5.970149254e-05
-2.567676662e-20
5.970149254e-05
-2.566074034e-20
5.970149254e-05
-2.242085151e-20
5.970149254e-05
-2.018751581e-20
5.970149254e-05
1.75859372e-21
5.970149254e-05
5.314961097e-21
5.970149254e-05
-1.221317125e-20
5.970149254e-05
4.532033981e-21
5.970149254e-05
8.497959965e-21
5.970149254e-05
-3.945014626e-21
5.970149254e-05
-1.15583549e-20
5.970149254e-05
3.422366195e-20
5.970149254e-05
3.035682561e-20
5.970149254e-05
1.004973486e-20
5.970149254e-05
-8.200647409e-21
5.970149254e-05
2.401825829e-20
5.970149254e-05
3.173482227e-20
5.970149254e-05
1.398297865e-20
5.970149254e-05
2.318053549e-21
5.970149254e-05
2.051490607e-21
5.970149254e-05
9.693563356e-21
5.970149254e-05
1.786133353e-20
5.970149254e-05
1.136529119e-20
5.970149254e-05
4.040144762e-21
5.970149254e-05
1.050935454e-20
5.970149254e-05
-4.8618837e-21
5.970149254e-05
9.798560189e-21
5.970149254e-05
1.077183469e-20
5.970149254e-05
-3.089578627e-20
5.970149254e-05
-3.370918255e-20
5.970149254e-05
1.755340045e-20
5.970149254e-05
2.621407428e-20
5.970149254e-05
-9.005883669e-21
5.970149254e-05
-1.078766345e-20
5.970149254e-05
1.686236815e-21
5.970149254e-05
2.066198077e-20
5.970149254e-05
-2.944121742e-20
5.970149254e-05
-4.638685938e-20
5.970149254e-05
2.953143108e-20
5.970149254e-05
3.017568046e-20
5.970149254e-05
-1.446361562e-20
5.970149254e-05
1.453175824e-20
5.970149254e-05
3.184694469e-20
5.970149254e-05
5.827546268e-21
5.970149254e-05
1.142189011e-20
5.970149254e-05
1.687076165e-21
5.970149254e-05
-2.937199619e-20
5.970149254e-05
4.402026003e-21
5.970149254e-05
3.405508073e-20
5.970149254e-05
-2.892499985e-20
5.970149254e-05
-4.29401295e-20
5.970149254e-05
-2.736037253e-20
5.970149254e-05
-4.10224627e-21
5.970149254e-05
-1.404783757e-20
5.970149254e-05
-3.833260452e-20
5.970149254e-05
1.216846444e-20
5.970149254e-05
2.968054749e-20
5.970149254e-05
-1.775435078e-20
5.970149254e-05
-3.741937549e-20
5.970149254e-05
4.82367616e-20
5.970149254e-05
6.108724365e-20
5.970149254e-05
1.433354178e-21
5.970149254e-05
-3.192740514e-20
5.970149254e-05
-2.808963483e-20
5.970149254e-05
1.143519203e-20
5.970149254e-05
-2.360531177e-22
5.970149254e-05
-3.253665648e-20
5.970149254e-05
7.095573688e-21
5.970149254e-05
3.298412489e-20
5.970149254e-05
4.476313553e-21
5.970149254e-05
-8.702110584e-21
5.970149254e-05
1.844583402e-21
5.970149254e-05
3.475449565e-20
5.970149254e-05
3.153355989e-20
5.970149254e-05
-1.408980468e-20
5.970149254e-05
-5.084777958e-22
5.970149254e-05
6.196051595e-20
5.970149254e-05
2.328704039e-20
5.970149254e-05
-1.547405486e-20
5.970149254e-05
-2.141602862e-20
5.970149254e-05
4.168752647e-21
5.970149254e-05
3.641197022e-20
5.970149254e-05
3.461883936e-21
5.970149254e-05
-4.084308803e-20
5.970149254e-05
-2.87486401e-20
5.970149254e-05
-1.250983641e-20
5.970149254e-05
-7.113646271e-20
5.970149254e-05
-1.679690102e-20
5.970149254e-05
7.441305884e-20
5.970149254e-05
4.874577457e-20
5.970149254e-05
7.165991553e-21
5.970149254e-05
-5.618889939e-20
5.970149254e-05
-4.652257085e-20
5.970149254e-05
1.618017923e-20
5.970149254e-05
-9.63273785e-21
5.970149254e-05
-1.749422695e-20
5.970149254e-05
-3.03236926e-20
5.970149254e-05
-1.51923283e-20
5.970149254e-05
-3.122208672e-21
5.970149254e-05
-4.028884142e-20
5.970149254e-05
-6.789268646e-21
5.970149254e-05
3.152703549e-20
5.970149254e-05
7.467937484e-20
5.970149254e-05
8.081506281e-20
5.970149254e-05
2.408911001e-20
5.970149254e-05
4.292177729e-20
5.970149254e-05
3.808256863e-20
5.970149254e-05
-4.463480233e-20
5.970149254e-05
-8.055084249e-20
5.970149254e-05
-4.7354003e-20
5.970149254e-05
2.905555742e-20
5.970149254e-05
-3.699192294e-21
5.970149254e-05
-3.39511966e-20
5.970149254e-05
5.254710209e-20
5.970149254e-05
4.713547425e-20
5.970149254e-05
-4.691941007e-20
5.970149254e-05
-4.437963613e-20
5.970149254e-05
-3.100529345e-21
5.970149254e-05
4.704592909e-20
5.970149254e-05
1.870222618e-20
5.970149254e-05
-1.185176837e-21
5.970149254e-05
2.070489454e-20
5.970149254e-05
-2.340652629e-20
5.970149254e-05
-5.826111794e-20
5.970149254e-05
-2.594634431e-20
5.970149254e-05
4.223232808e-20
5.970149254e-05
2.83076292e-20
5.970149254e-05
3.451907671e-20
5.970149254e-05
-1.416343649e-20
5.970149254e-05
1.150984887e-21
5.970149254e-05
2.175456919e-20
5.970149254e-05
-4.167430141e-20
5.970149254e-05
-5.088871901e-20
5.970149254e-05
3.965643121e-21
5.970149254e-05
-4.704142156e-20
5.970149254e-05
-2.179694558e-21
5.970149254e-05
4.274682287e-20
5.970149254e-05
-2.014814379e-20
5.970149254e-05
3.523951469e-20
5.970149254e-05
4.500622721e-20
5.970149254e-05
-3.724252253e-20
5.970149254e-05
-3.501342663e-20
5.970149254e-05
-3.31630676e-22
5.970149254e-05
8.384317653e-20
5.970149254e-05
4.677430031e-20
5.970149254e-05
-6.646134772e-20
5.970149254e-05
6.990544879e-21
5.970149254e-05
1.67296302e-20
5.970149254e-05
-8.900209747e-20
5.970149254e-05
-7.246165102e-20
5.970149254e-05
-7.553557948e-21
5.970149254e-05
-1.25460475e-21
5.970149254e-05
1.651695233e-20
5.970149254e-05
-9.657374283e-21
5.970149254e-05
-2.405509316e-20
5.970149254e-05
2.395473258e-20
5.970149254e-05
-5.221954476e-21
5.970149254e-05
-3.774888522e-20
1.702780115e-20
6.567164179e-05
6.839160582e-20
6.567164179e-05
8.039323346e-20
6.567164179e-05
5.420002193e-20
6.567164179e-05
3.639968978e-20
6.567164179e-05
4.231430782e-20
6.567164179e-05
2.080035024e-20
6.567164179e-05
3.046194233e-20
6.567164179e-05
1.926089493e-20
6.567164179e-05
3.923921591e-20
6.567164179e-05
2.910613246e-20
6.567164179e-05
1.240297889e-20
6.567164179e-05
1.412665197e-20
6.567164179e-05
1.239310575e-20
6.567164179e-05
-1.287045121e-20
6.567164179e-05
-3.022511273e-20
6.567164179e-05
-3.975641229e-20
6.567164179e-05
-3.376645435e-20
6.567164179e-05
-3.280248511e-20
6.567164179e-05
-9.274255225e-21
6.567164179e-05
-1.240152156e-20
6.567164179e-05
-3.395776835e-21
6.567164179e-05
-1.509807905e-20
6.567164179e-05
-8.276423397e-21
6.567164179e-05
-4.075968124e-21
6.567164179e-05
4.708427839e-21
6.567164179e-05
1.437975975e-20
6.567164179e-05
2.505284272e-20
6.567164179e-05
-1.587299305e-21
6.567164179e-05
-3.198988889e-20
6.567164179e-05
-9.606441053e-21
6.567164179e-05
-6.868441211e-21
6.567164179e-05
-3.413392424e-20
6.567164179e-05
-4.09579709e-20
6.567164179e-05
-2.184516595e-20
6.567164179e-05
-2.093092707e-20
6.567164179e-05
-7.829268687e-21
6.567164179e-05
3.685923851e-20
6.567164179e-05
4.63528053e-20
6.567164179e-05
1.082049763e-20
6.567164179e-05
-1.531623378e-20
6.567164179e-05
-2.561215426e-20
6.567164179e-05
-4.674063019e-20
6.567164179e-05
-2.573469361e-20
6.567164179e-05
-1.172322654e-20
6.567164179e-05
-1.747673368e-21
6.567164179e-05
-1.656376483e-20
6.567164179e-05
3.288117588e-22
6.567164179e-05
-1.152702529e-20
6.567164179e-05
6.308950815e-21
6.567164179e-05
2.684774931e-21
6.567164179e-05
-3.878685925e-21
6.567164179e-05
-1.133528689e-20
6.567164179e-05
4.292802587e-20
6.567164179e-05
4.395884503e-20
6.567164179e-05
2.06661326e-20
6.567164179e-05
-7.698513474e-21
6.567164179e-05
1.484117581e-20
6.567164179e-05
2.844976176e-20
6.567164179e-05
2.133263348e-20
6.567164179e-05
6.202185671e-21
6.567164179e-05
3.958317255e-21
6.567164179e-05
8.949367829e-21
6.567164179e-05
2.124635514e-20
6.567164179e-05
1.138766853e-20
6.567164179e-05
7.832705526e-21
6.567164179e-05
1.1783534e-20
6.567164179e-05
3.279146332e-21
6.567164179e-05
1.922147896e-20
6.567164179e-05
-1.809671197e-21
6.567164179e-05
-3.526944691e-20
6.567164179e-05
-2.81510541e-20
6.567164179e-05
1.315980279e-20
6.567164179e-05
1.60728398e-20
6.567164179e-05
-1.639443352e-21
6.567164179e-05
-1.354752574e-20
6.567164179e-05
5.504409915e-21
6.567164179e-05
3.340565519e-20
6.567164179e-05
-2.873524086e-20
6.567164179e-05
-4.183610293e-20
6.567164179e-05
3.150395974e-20
6.567164179e-05
1.850879587e-20
6.567164179e-05
-3.095133159e-22
6.567164179e-05
1.795555014e-20
6.567164179e-05
2.169300891e-20
6.567164179e-05
-9.420631961e-23
6.567164179e-05
-5.155591547e-21
6.567164179e-05
-1.488313076e-21
6.567164179e-05
-1.289131002e-20
6.567164179e-05
-1.234404788e-20
6.567164179e-05
2.112220719e-20
6.567164179e-05
-8.093535707e-21
6.567164179e-05
-2.970240989e-20
6.567164179e-05
-3.081239267e-20
6.567164179e-05
-2.356744942e-20
6.567164179e-05
-1.32687217e-20
6.567164179e-05
-4.636118179e-20
6.567164179e-05
-6.11714628e-21
6.567164179e-05
3.685788222e-20
6.567164179e-05
-2.349441891e-21
6.567164179e-05
-3.21281544e-20
6.567164179e-05
3.445032848e-20
6.567164179e-05
5.068041742e-20
6.567164179e-05
1.827468185e-20
6.567164179e-05
-3.435308585e-20
6.567164179e-05
-3.275219708e-20
6.567164179e-05
1.451976819e-20
6.567164179e-05
2.75979751e-22
6.567164179e-05
-4.217975975e-20
6.567164179e-05
7.202200279e-21
6.567164179e-05
3.962708075e-20
6.567164179e-05
1.327454381e-20
6.567164179e-05
-6.959004139e-21
6.567164179e-05
3.07663228e-21
6.567164179e-05
4.453517884e-20
6.567164179e-05
3.059523303e-20
6.567164179e-05
4.587633332e-21
6.567164179e-05
1.484874384e-20
6.567164179e-05
3.835340284e-20
6.567164179e-05
3.03799617e-20
6.567164179e-05
2.785458952e-21
6.567164179e-05
-4.2040956e-21
6.567164179e-05
-7.866441675e-22
6.567164179e-05
9.442668277e-21
6.567164179e-05
-1.145724783e-20
6.567164179e-05
-4.835306087e-20
6.567164179e-05
-4.579288259e-20
6.567164179e-05
-2.634681166e-20
6.567164179e-05
-5.175057602e-20
6.567164179e-05
9.08676046e-21
6.567164179e-05
7.939529391e-20
6.567164179e-05
4.415306972e-20
6.567164179e-05
1.338939641e-20
6.567164179e-05
-5.209528757e-20
6.567164179e-05
-5.990466133e-20
6.567164179e-05
9.268948769e-21
6.567164179e-05
-8.605994015e-21
6.567164179e-05
-3.523614124e-20
6.567164179e-05
-3.744624272e-20
6.567164179e-05
-7.026738502e-21
6.567164179e-05
9.999519855e-21
6.567164179e-05
-3.886468404e-20
6.567164179e-05
-3.108662576e-21
6.567164179e-05
3.149733644e-20
6.567164179e-05
7.810503039e-20
6.567164179e-05
8.884459394e-20
6.567164179e-05
2.70209369e-20
6.567164179e-05
5.154940556e-20
6.567164179e-05
3.267315634e-20
6.567164179e-05
-2.756881048e-20
6.567164179e-05
-6.631069278e-20
6.567164179e-05
-4.870072335e-20
6.567164179e-05
1.641873596e-20
6.567164179e-05
-1.678677089e-20
6.567164179e-05
-3.566549333e-20
6.567164179e-05
4.840735666e-20
6.567164179e-05
3.266464469e-20
6.567164179e-05
-2.823187784e-20
6.567164179e-05
-1.934562852e-20
6.567164179e-05
-2.100925033e-21
6.567164179e-05
4.001192867e-20
6.567164179e-05
-1.828537979e-22
6.567164179e-05
-6.419861576e-21
6.567164179e-05
1.049607122e-20
6.567164179e-05
-1.434484751e-20
6.567164179e-05
-6.722075633e-20
6.567164179e-05
-2.41207372e-20
6.567164179e-05
3.904942749e-20
6.567164179e-05
4.08365711e-20
6.567164179e-05
2.874934528e-20
6.567164179e-05
-1.076893233e-20
6.567164179e-05
1.555636607e-21
6.567164179e-05
8.532389769e-21
6.567164179e-05
-3.90118016e-20
6.567164179e-05
-4.461783244e-20
6.567164179e-05
-8.567352384e-21
6.567164179e-05
-3.060728126e-20
6.567164179e-05
-1.27993323e-20
6.567164179e-05
2.508300534e-20
6.567164179e-05
-1.251953705e-20
6.567164179e-05
3.833156489e-20
6.567164179e-05
4.749689836e-20
6.567164179e-05
-1.441646572e-20
6.567164179e-05
-2.160360751e-20
6.567164179e-05
1.965056654e-20
6.567164179e-05
7.008983216e-20
6.567164179e-05
2.378501342e-20
6.567164179e-05
-5.591392802e-20
6.567164179e-05
-1.330143994e-20
6.567164179e-05
3.180930988e-21
6.567164179e-05
-6.770223201e-20
6.567164179e-05
-7.676018223e-20
6.567164179e-05
-1.912998249e-20
6.567164179e-05
-2.100968666e-21
6.567164179e-05
1.403239768e-20
6.567164179e-05
-3.532393838e-21
6.567164179e-05
-1.589772261e-20
6.567164179e-05
5.986966996e-21
6.567164179e-05
7.61337349e-21
6.567164179e-05
-3.915018177e-20
9.30512053e-21
7.014925373e-05
6.618947442e-20
7.014925373e-05
6.041714194e-20
7.014925373e-05
4.608146992e-20
7.014925373e-05
4.78466046e-20
7.014925373e-05
4.095645389e-20
7.014925373e-05
5.083602676e-20
7.014925373e-05
3.08960469e-20
7.014925373e-05
2.940151631e-20
7.014925373e-05
3.683408456e-20
7.014925373e-05
2.40545697e-20
7.014925373e-05
1.921768185e-20
7.014925373e-05
5.076149985e-21
7.014925373e-05
8.135288862e-21
7.014925373e-05
-4.937582232e-21
7.014925373e-05
-4.099888185e-20
7.014925373e-05
-4.646594015e-20
7.014925373e-05
-3.556604759e-20
7.014925373e-05
-1.839315708e-20
7.014925373e-05
-1.079618233e-20
7.014925373e-05
-1.608300069e-20
7.014925373e-05
-1.098895108e-20
7.014925373e-05
-2.448296789e-21
7.014925373e-05
-1.634825334e-20
7.014925373e-05
-1.277170333e-20
7.014925373e-05
1.065628357e-20
7.014925373e-05
1.011506298e-20
7.014925373e-05
6.268425687e-21
7.014925373e-05
-1.941904012e-20
7.014925373e-05
-2.232454926e-20
7.014925373e-05
-1.231220627e-20
7.014925373e-05
-2.241103395e-20
7.014925373e-05
-3.878385999e-20
7.014925373e-05
-2.450171412e-20
7.014925373e-05
-3.630531258e-20
7.014925373e-05
-7.744726747e-21
7.014925373e-05
9.441788294e-21
7.014925373e-05
2.744545362e-20
7.014925373e-05
3.399148555e-20
7.014925373e-05
3.609004674e-20
7.014925373e-05
-2.075566552e-20
7.014925373e-05
-5.274151433e-20
7.014925373e-05
-3.946308204e-20
7.014925373e-05
-3.037406704e-20
7.014925373e-05
-1.516676664e-20
7.014925373e-05
-1.86463188e-21
7.014925373e-05
-8.434028838e-21
7.014925373e-05
-8.142956962e-21
7.014925373e-05
1.767890464e-20
7.014925373e-05
-6.21558086e-21
7.014925373e-05
-8.547864699e-21
7.014925373e-05
-4.255790051e-21
7.014925373e-05
1.184735524e-20
7.014925373e-05
3.059895428e-20
7.014925373e-05
3.92751787e-20
7.014925373e-05
1.204894796e-20
7.014925373e-05
2.079212102e-20
7.014925373e-05
1.644352112e-20
7.014925373e-05
2.155947639e-20
7.014925373e-05
3.048697557e-20
7.014925373e-05
2.5824772e-20
7.014925373e-05
2.852586275e-21
7.014925373e-05
8.067798248e-21
7.014925373e-05
1.280239671e-20
7.014925373e-05
7.926021105e-21
7.014925373e-05
8.93971505e-21
7.014925373e-05
9.856354268e-21
7.014925373e-05
-1.127914166e-21
7.014925373e-05
2.106490102e-20
7.014925373e-05
-1.11030425e-20
7.014925373e-05
-3.142852699e-20
7.014925373e-05
-6.92777634e-21
7.014925373e-05
7.461548675e-21
7.014925373e-05
1.041897986e-20
7.014925373e-05
1.074256446e-20
7.014925373e-05
-7.64483948e-22
7.014925373e-05
9.963810208e-21
7.014925373e-05
2.207497909e-20
7.014925373e-05
-2.104173417e-20
7.014925373e-05
-2.96347234e-20
7.014925373e-05
1.730840093e-20
7.014925373e-05
1.523849824e-20
7.014925373e-05
7.601641047e-21
7.014925373e-05
6.884630512e-21
7.014925373e-05
1.255370607e-20
7.014925373e-05
-2.338567778e-21
7.014925373e-05
-2.156161123e-20
7.014925373e-05
-1.2790084e-20
7.014925373e-05
2.088449551e-21
7.014925373e-05
-5.846872767e-21
7.014925373e-05
1.034582272e-20
7.014925373e-05
7.629056102e-22
7.014925373e-05
-2.416691582e-20
7.014925373e-05
-2.83897579e-20
7.014925373e-05
-3.023746796e-20
7.014925373e-05
-1.621604757e-20
7.014925373e-05
-5.02627817e-20
7.014925373e-05
-2.133894202e-20
7.014925373e-05
2.082120444e-20
7.014925373e-05
1.418999798e-21
7.014925373e-05
-1.847856767e-20
7.014925373e-05
2.013902869e-20
7.014925373e-05
5.607065692e-20
7.014925373e-05
2.32298502e-20
7.014925373e-05
-3.77252602e-20
7.014925373e-05
-4.010966286e-20
7.014925373e-05
-6.232125094e-21
7.014925373e-05
-5.93391239e-21
7.014925373e-05
-1.253311919e-20
7.014925373e-05
2.161161189e-21
7.014925373e-05
2.658597515e-20
7.014925373e-05
6.71692651e-21
7.014925373e-05
-2.772040432e-21
7.014925373e-05
2.022958642e-20
7.014925373e-05
3.316649887e-20
7.014925373e-05
4.000674673e-20
7.014925373e-05
3.836027376e-20
7.014925373e-05
-8.83922806e-21
7.014925373e-05
2.269053437e-20
7.014925373e-05
3.952090094e-20
7.014925373e-05
1.401984637e-20
7.014925373e-05
6.00026705e-21
7.014925373e-05
-1.102493378e-22
7.014925373e-05
-4.863631221e-21
7.014925373e-05
-2.933541298e-20
7.014925373e-05
-6.59706076e-20
7.014925373e-05
-4.967613346e-20
7.014925373e-05
-1.876939879e-20
7.014925373e-05
-3.367556652e-20
7.014925373e-05
1.271260136e-20
7.014925373e-05
5.801248913e-20
7.014925373e-05
5.398927017e-20
7.014925373e-05
1.242363161e-20
7.014925373e-05
-4.904466678e-20
7.014925373e-05
-6.700153922e-20
7.014925373e-05
2.728440071e-21
7.014925373e-05
-3.136040795e-20
7.014925373e-05
-3.530814904e-20
7.014925373e-05
-1.245434592e-20
7.014925373e-05
7.500228995e-21
7.014925373e-05
9.030247689e-22
7.014925373e-05
-2.969307705e-20
7.014925373e-05
2.519463451e-22
7.014925373e-05
3.898548434e-20
7.014925373e-05
6.311417349e-20
7.014925373e-05
8.159367182e-20
7.014925373e-05
3.981878275e-20
7.014925373e-05
5.487229512e-20
7.014925373e-05
2.007631571e-20
7.014925373e-05
-6.298841812e-21
7.014925373e-05
-4.969669298e-20
7.014925373e-05
-3.464775867e-20
7.014925373e-05
-1.670124835e-20
7.014925373e-05
-4.730741419e-20
7.014925373e-05
-2.214588575e-20
7.014925373e-05
4.139477345e-20
7.014925373e-05
4.079214368e-20
7.014925373e-05
-2.355358831e-20
7.014925373e-05
-1.452369259e-20
7.014925373e-05
-5.591669373e-21
7.014925373e-05
2.606868743e-20
7.014925373e-05
7.586369699e-21
7.014925373e-05
-6.067208632e-21
7.014925373e-05
-5.215646253e-21
7.014925373e-05
-1.42666194e-20
7.014925373e-05
-3.715659308e-20
7.014925373e-05
-1.039362426e-20
7.014925373e-05
4.422398483e-20
7.014925373e-05
4.280602053e-20
7.014925373e-05
2.9230126e-20
7.014925373e-05
-1.297399537e-20
7.014925373e-05
-6.560279553e-21
7.014925373e-05
1.439108576e-21
7.014925373e-05
-3.866246655e-20
7.014925373e-05
-5.631321253e-20
7.014925373e-05
-2.341758515e-21
7.014925373e-05
-1.858287033e-20
7.014925373e-05
-4.473352475e-20
7.014925373e-05
6.210379904e-21
7.014925373e-05
1.010701574e-20
7.014925373e-05
3.855709283e-20
7.014925373e-05
4.615426094e-20
7.014925373e-05
-3.992083506e-21
7.014925373e-05
7.747235658e-21
7.014925373e-05
3.377224469e-20
7.014925373e-05
5.835104749e-20
7.014925373e-05
1.849985607e-20
7.014925373e-05
-5.905548135e-20
7.014925373e-05
-3.551601962e-21
7.014925373e-05
-2.191858676e-21
7.014925373e-05
-7.909650334e-20
7.014925373e-05
-8.040002272e-20
7.014925373e-05
-2.172492921e-20
7.014925373e-05
-2.737078749e-21
7.014925373e-05
2.477524543e-20
7.014925373e-05
4.488889569e-21
7.014925373e-05
-1.085590241e-20
7.014925373e-05
1.087258746e-22
7.014925373e-05
-5.083315458e-21
7.014925373e-05
-3.04185153e-20
3.534086441e-21
7.313432836e-05
4.027071163e-20
7.313432836e-05
3.583941225e-20
7.313432836e-05
5.790839013e-20
7.313432836e-05
5.530147973e-20
7.313432836e-05
3.223624263e-20
7.313432836e-05
5.978043975e-20
7.313432836e-05
3.921189245e-20
7.313432836e-05
3.853601861e-20
7.313432836e-05
4.418209205e-20
7.313432836e-05
1.760132857e-20
7.313432836e-05
-1.030378829e-21
7.313432836e-05
5.606958645e-21
7.313432836e-05
1.728630286e-20
7.313432836e-05
-1.192178668e-20
7.313432836e-05
-4.490291344e-20
7.313432836e-05
-5.004661323e-20
7.313432836e-05
-4.249132874e-20
7.313432836e-05
-2.357443154e-20
7.313432836e-05
-6.686997619e-21
7.313432836e-05
-7.761910923e-21
7.313432836e-05
-6.079067751e-21
7.313432836e-05
-3.825239159e-21
7.313432836e-05
-1.110799374e-20
7.313432836e-05
-1.437609602e-20
7.313432836e-05
9.087423743e-22
7.313432836e-05
-4.945928848e-21
7.313432836e-05
-2.418670006e-20
7.313432836e-05
-1.59170205e-20
7.313432836e-05
-3.946285355e-21
7.313432836e-05
-7.145990374e-21
7.313432836e-05
-3.625868691e-20
7.313432836e-05
-5.043614095e-20
7.313432836e-05
-3.715424747e-20
7.313432836e-05
-3.177373197e-20
7.313432836e-05
-5.580067496e-21
7.313432836e-05
1.731814971e-20
7.313432836e-05
2.793665855e-20
7.313432836e-05
1.696411099e-20
7.313432836e-05
1.133897534e-20
7.313432836e-05
-9.090750785e-21
7.313432836e-05
-4.333372077e-20
7.313432836e-05
-3.237363538e-20
7.313432836e-05
-3.902953567e-20
7.313432836e-05
-2.778044232e-20
7.313432836e-05
2.968656482e-21
7.313432836e-05
1.202592878e-21
7.313432836e-05
-7.535302546e-21
7.313432836e-05
1.642477128e-20
7.313432836e-05
-4.314826902e-21
7.313432836e-05
-3.867494712e-21
7.313432836e-05
-6.692109786e-21
7.313432836e-05
1.318638229e-20
7.313432836e-05
2.538379547e-20
7.313432836e-05
4.301190503e-20
7.313432836e-05
3.573524098e-20
7.313432836e-05
3.345923907e-20
7.313432836e-05
2.23767302e-20
7.313432836e-05
2.347097235e-21
7.313432836e-05
1.978924878e-20
7.313432836e-05
2.879415559e-20
7.313432836e-05
1.596504761e-20
7.313432836e-05
5.468103392e-21
7.313432836e-05
2.151825561e-21
7.313432836e-05
-9.855265941e-21
7.313432836e-05
8.870498569e-21
7.313432836e-05
-2.7118504e-21
7.313432836e-05
7.797725228e-21
7.313432836e-05
2.452860493e-20
7.313432836e-05
-8.896586726e-21
7.313432836e-05
-1.166901413e-20
7.313432836e-05
7.217463192e-21
7.313432836e-05
1.235320017e-20
7.313432836e-05
2.017908388e-20
7.313432836e-05
1.320145587e-20
7.313432836e-05
7.270055877e-21
7.313432836e-05
-5.660686194e-21
7.313432836e-05
9.114895167e-21
7.313432836e-05
-6.107980234e-21
7.313432836e-05
-4.011874162e-21
7.313432836e-05
1.854723633e-20
7.313432836e-05
6.572957698e-21
7.313432836e-05
1.083582879e-20
7.313432836e-05
3.353433913e-21
7.313432836e-05
1.436121406e-20
7.313432836e-05
2.043085742e-22
7.313432836e-05
-3.616381059e-20
7.313432836e-05
-4.821095701e-20
7.313432836e-05
-1.408817915e-20
7.313432836e-05
5.472576916e-21
7.313432836e-05
3.28567466e-21
7.313432836e-05
1.048666989e-20
7.313432836e-05
2.089295277e-21
7.313432836e-05
-2.511704872e-20
7.313432836e-05
-2.771408208e-20
7.313432836e-05
-1.414550927e-20
7.313432836e-05
-4.887815882e-20
7.313432836e-05
-2.42208999e-20
7.313432836e-05
4.474166727e-21
7.313432836e-05
-8.931386176e-21
7.313432836e-05
-1.988641574e-20
7.313432836e-05
7.273144132e-21
7.313432836e-05
4.047775951e-20
7.313432836e-05
2.539566986e-20
7.313432836e-05
-3.230433437e-20
7.313432836e-05
-3.111179298e-20
7.313432836e-05
-2.964483245e-20
7.313432836e-05
7.870572842e-21
7.313432836e-05
-1.267806308e-21
7.313432836e-05
-1.849399856e-21
7.313432836e-05
4.020350656e-21
7.313432836e-05
8.642280563e-21
7.313432836e-05
2.016304148e-20
7.313432836e-05
3.458294287e-20
7.313432836e-05
2.347330469e-20
7.313432836e-05
3.935980355e-20
7.313432836e-05
3.209492153e-20
7.313432836e-05
4.725688262e-21
7.313432836e-05
4.569113566e-21
7.313432836e-05
1.74947097e-20
7.313432836e-05
1.355764596e-20
7.313432836e-05
9.881712143e-21
7.313432836e-05
6.381997071e-21
7.313432836e-05
-1.266172368e-20
7.313432836e-05
-3.401722153e-20
7.313432836e-05
-6.119237194e-20
7.313432836e-05
-6.175441091e-20
7.313432836e-05
-6.778557553e-21
7.313432836e-05
-1.507417914e-20
7.313432836e-05
-1.741268052e-21
7.313432836e-05
5.084918769e-20
7.313432836e-05
4.187840936e-20
7.313432836e-05
1.529996793e-20
7.313432836e-05
-3.831349454e-20
7.313432836e-05
-5.320123463e-20
7.313432836e-05
-3.191644892e-20
7.313432836e-05
-3.248978574e-20
7.313432836e-05
-2.460813183e-20
7.313432836e-05
-2.52704547e-20
7.313432836e-05
-1.239423046e-21
7.313432836e-05
2.28446742e-20
7.313432836e-05
-3.20145706e-20
7.313432836e-05
2.735098501e-20
7.313432836e-05
5.140155289e-20
7.313432836e-05
5.703941825e-20
7.313432836e-05
6.892121023e-20
7.313432836e-05
4.397855791e-20
7.313432836e-05
6.031219288e-20
7.313432836e-05
1.866510613e-20
7.313432836e-05
-1.613410813e-21
7.313432836e-05
-3.670129117e-20
7.313432836e-05
-2.407628274e-20
7.313432836e-05
-4.675575878e-20
7.313432836e-05
-5.488240718e-20
7.313432836e-05
-9.635285881e-21
7.313432836e-05
2.928877781e-20
7.313432836e-05
2.846740412e-20
7.313432836e-05
4.053869158e-21
7.313432836e-05
-1.160407379e-20
7.313432836e-05
-1.869687461e-20
7.313432836e-05
-4.884645671e-21
7.313432836e-05
1.436301638e-20
7.313432836e-05
2.811144691e-21
7.313432836e-05
-1.003693022e-20
7.313432836e-05
-1.128136584e-20
7.313432836e-05
-2.757935277e-20
7.313432836e-05
-4.052020529e-21
7.313432836e-05
4.412283827e-20
7.313432836e-05
5.072338216e-20
7.313432836e-05
2.830761082e-20
7.313432836e-05
-2.110677164e-20
7.313432836e-05
-1.042782848e-20
7.313432836e-05
-1.666176164e-20
7.313432836e-05
-3.964889178e-20
7.313432836e-05
-3.964659997e-20
7.313432836e-05
-2.04257203e-20
7.313432836e-05
-1.484333662e-20
7.313432836e-05
-4.821701052e-20
7.313432836e-05
8.809729787e-22
7.313432836e-05
4.707724861e-21
7.313432836e-05
3.265456078e-20
7.313432836e-05
5.165559411e-20
7.313432836e-05
1.14939117e-20
7.313432836e-05
3.223137883e-20
7.313432836e-05
5.177338762e-20
7.313432836e-05
4.275254412e-20
7.313432836e-05
9.485680846e-21
7.313432836e-05
-5.320211899e-20
7.313432836e-05
-2.15288417e-20
7.313432836e-05
-1.972387326e-20
7.313432836e-05
-7.190501388e-20
7.313432836e-05
-6.050087777e-20
7.313432836e-05
-1.939042375e-20
7.313432836e-05
-2.527518739e-21
7.313432836e-05
2.935846548e-20
7.313432836e-05
3.073675919e-20
7.313432836e-05
-1.766858515e-20
7.313432836e-05
-1.363944455e-20
7.313432836e-05
-5.742812959e-21
7.313432836e-05
-3.159817906e-20
2.771691713e-21
7.462686567e-05
2.867198825e-20
7.462686567e-05
4.921449126e-20
7.462686567e-05
6.231280983e-20
7.462686567e-05
4.938254808e-20
7.462686567e-05
3.801505681e-20
7.462686567e-05
4.855247548e-20
7.462686567e-05
3.920261983e-20
7.462686567e-05
3.420751273e-20
7.462686567e-05
3.722776284e-20
7.462686567e-05
2.800602833e-20
7.462686567e-05
9.65463917e-21
7.462686567e-05
1.311818779e-20
7.462686567e-05
7.804873494e-21
7.462686567e-05
-1.085062801e-20
7.462686567e-05
-2.817251267e-20
7.462686567e-05
-2.407964764e-20
7.462686567e-05
-3.012406845e-20
7.462686567e-05
-2.730840094e-20
7.462686567e-05
-4.86432545e-21
7.462686567e-05
-3.176706218e-21
7.462686567e-05
-2.485031151e-21
7.462686567e-05
-9.367347676e-21
7.462686567e-05
-1.605491225e-20
7.462686567e-05
-1.371827732e-20
7.462686567e-05
-8.082401012e-21
7.462686567e-05
-1.090672781e-20
7.462686567e-05
-2.121066278e-20
7.462686567e-05
-1.126113277e-20
7.462686567e-05
7.097568095e-21
7.462686567e-05
-6.451168805e-21
7.462686567e-05
-3.998952032e-20
7.462686567e-05
-5.462314757e-20
7.462686567e-05
-4.062461764e-20
7.462686567e-05
-2.221903121e-20
7.462686567e-05
-1.738465546e-20
7.462686567e-05
1.772765527e-20
7.462686567e-05
2.029845228e-20
7.462686567e-05
1.309871813e-20
7.462686567e-05
3.869736555e-21
7.462686567e-05
-2.696709731e-20
7.462686567e-05
-2.72285585e-20
7.462686567e-05
-1.60663172e-20
7.462686567e-05
-4.300878982e-20
7.462686567e-05
-3.390784298e-20
7.462686567e-05
-1.357196549e-21
7.462686567e-05
-3.703989117e-21
7.462686567e-05
-5.623433258e-21
7.462686567e-05
1.523618483e-20
7.462686567e-05
1.148570583e-20
7.462686567e-05
-2.780456546e-21
7.462686567e-05
2.833108318e-21
7.462686567e-05
2.347095228e-20
7.462686567e-05
3.154037477e-20
7.462686567e-05
3.217729684e-20
7.462686567e-05
2.918094332e-20
7.462686567e-05
4.554521726e-20
7.462686567e-05
3.854224959e-20
7.462686567e-05
-4.680124195e-21
7.462686567e-05
1.383488842e-20
7.462686567e-05
2.764416995e-20
7.462686567e-05
2.886213367e-20
7.462686567e-05
5.766980716e-21
7.462686567e-05
-1.88070895e-20
7.462686567e-05
-9.07966705e-21
7.462686567e-05
7.192057301e-21
7.462686567e-05
2.048052135e-20
7.462686567e-05
7.204440901e-21
7.462686567e-05
-3.895519228e-21
7.462686567e-05
2.19957696e-21
7.462686567e-05
-3.586717976e-21
7.462686567e-05
1.410796622e-20
7.462686567e-05
3.069465618e-20
7.462686567e-05
2.072839102e-20
7.462686567e-05
7.517372459e-21
7.462686567e-05
1.512185385e-20
7.462686567e-05
-4.897582083e-21
7.462686567e-05
-5.623162082e-21
7.462686567e-05
1.178365192e-21
7.462686567e-05
7.78158154e-21
7.462686567e-05
1.610288702e-20
7.462686567e-05
-8.868888492e-21
7.462686567e-05
-2.235874026e-21
7.462686567e-05
-3.609788988e-21
7.462686567e-05
6.592491791e-21
7.462686567e-05
-6.415774637e-21
7.462686567e-05
-5.692394982e-20
7.462686567e-05
-4.638851861e-20
7.462686567e-05
-8.915059143e-21
7.462686567e-05
9.558235856e-21
7.462686567e-05
1.793513234e-20
7.462686567e-05
1.637107904e-20
7.462686567e-05
-4.968935172e-21
7.462686567e-05
-1.397922317e-20
7.462686567e-05
-3.181781289e-21
7.462686567e-05
-2.157618809e-20
7.462686567e-05
-4.061336599e-20
7.462686567e-05
-2.526947479e-20
7.462686567e-05
-1.994318664e-20
7.462686567e-05
-2.373884978e-20
7.462686567e-05
-2.296498872e-20
7.462686567e-05
1.238150168e-21
7.462686567e-05
2.431309189e-20
7.462686567e-05
2.275121551e-20
7.462686567e-05
-4.093887628e-21
7.462686567e-05
-3.081446855e-20
7.462686567e-05
-2.221990716e-20
7.462686567e-05
-6.143804662e-22
7.462686567e-05
7.747711306e-21
7.462686567e-05
-6.223433002e-21
7.462686567e-05
-2.19161433e-21
7.462686567e-05
1.843852974e-20
7.462686567e-05
3.195290342e-20
7.462686567e-05
3.232244718e-20
7.462686567e-05
2.46362251e-20
7.462686567e-05
3.164611865e-20
7.462686567e-05
4.368931761e-20
7.462686567e-05
1.374602498e-20
7.462686567e-05
-1.572007277e-20
7.462686567e-05
1.037586198e-20
7.462686567e-05
1.688867915e-20
7.462686567e-05
1.904663834e-20
7.462686567e-05
6.925791525e-21
7.462686567e-05
-1.240274387e-20
7.462686567e-05
-2.463777601e-20
7.462686567e-05
-5.534359836e-20
7.462686567e-05
-5.23302935e-20
7.462686567e-05
-2.125001601e-20
7.462686567e-05
-6.695496349e-21
7.462686567e-05
5.902374499e-21
7.462686567e-05
2.138594821e-20
7.462686567e-05
4.104818017e-20
7.462686567e-05
2.663624149e-20
7.462686567e-05
-3.747408483e-20
7.462686567e-05
-4.412689374e-20
7.462686567e-05
-4.946539782e-20
7.462686567e-05
-3.720693487e-20
7.462686567e-05
-3.362242927e-20
7.462686567e-05
-1.865616478e-20
7.462686567e-05
1.424522039e-20
7.462686567e-05
1.377461389e-20
7.462686567e-05
-2.026914829e-20
7.462686567e-05
2.952165108e-20
7.462686567e-05
6.755041815e-20
7.462686567e-05
4.843803636e-20
7.462686567e-05
5.392811411e-20
7.462686567e-05
5.638992598e-20
7.462686567e-05
4.99740491e-20
7.462686567e-05
4.137938004e-20
7.462686567e-05
4.137662815e-21
7.462686567e-05
-1.180729695e-20
7.462686567e-05
-1.131732064e-20
7.462686567e-05
-6.197304477e-20
7.462686567e-05
-7.147466797e-20
7.462686567e-05
-2.469515439e-20
7.462686567e-05
5.912277654e-21
7.462686567e-05
1.751494413e-20
7.462686567e-05
2.593000804e-20
7.462686567e-05
-6.642253482e-21
7.462686567e-05
-3.070808649e-20
7.462686567e-05
-2.164604889e-20
7.462686567e-05
5.903771377e-21
7.462686567e-05
8.981048594e-21
7.462686567e-05
-1.545212737e-20
7.462686567e-05
-1.31911779e-20
7.462686567e-05
-9.963888527e-21
7.462686567e-05
1.462469945e-20
7.462686567e-05
5.122628603e-20
7.462686567e-05
4.665763645e-20
7.462686567e-05
2.672467706e-20
7.462686567e-05
-2.803240279e-20
7.462686567e-05
-3.160296699e-20
7.462686567e-05
-3.366269215e-20
7.462686567e-05
-5.06954198e-20
7.462686567e-05
-3.518846739e-20
7.462686567e-05
-2.170033415e-20
7.462686567e-05
-1.387284241e-20
7.462686567e-05
-5.159894193e-20
7.462686567e-05
-1.322450386e-20
7.462686567e-05
2.279213247e-20
7.462686567e-05
2.533903277e-20
7.462686567e-05
3.691706667e-20
7.462686567e-05
4.13386218e-20
7.462686567e-05
4.937381248e-20
7.462686567e-05
5.279747482e-20
7.462686567e-05
6.478493673e-21
7.462686567e-05
2.581723066e-22
7.462686567e-05
-3.727480096e-21
7.462686567e-05
-3.261480514e-20
7.462686567e-05
-4.013258897e-20
7.462686567e-05
-7.136508521e-20
7.462686567e-05
-4.847106553e-20
7.462686567e-05
-8.288990356e-21
7.462686567e-05
4.528671347e-21
7.462686567e-05
2.555030317e-20
7.462686567e-05
2.537562117e-20
7.462686567e-05
-1.247676002e-21
7.462686567e-05
-1.724598552e-20
7.462686567e-05
-2.941648539e-20
7.462686567e-05
-3.210594489e-20
-9.758263723e-21
7.462686567e-05
1.058362092e-20
7.462686567e-05
4.136554041e-20
7.462686567e-05
6.128016288e-20
7.462686567e-05
4.33048179e-20
7.462686567e-05
4.460018753e-20
7.462686567e-05
3.628652244e-20
7.462686567e-05
3.467277461e-20
7.462686567e-05
3.037866631e-20
7.462686567e-05
1.122643741e-20
7.462686567e-05
1.435821111e-20
7.462686567e-05
2.641373671e-20
7.462686567e-05
1.683195901e-20
7.462686567e-05
1.486034615e-20
7.462686567e-05
-1.200713604e-20
7.462686567e-05
-1.192714224e-20
7.462686567e-05
-1.409619187e-20
7.462686567e-05
-3.044072474e-20
7.462686567e-05
-2.332408984e-20
7.462686567e-05
-1.370772132e-20
7.462686567e-05
1.843929922e-21
7.462686567e-05
-1.66110752e-20
7.462686567e-05
-1.636556271e-20
7.462686567e-05
-1.130575839e-20
7.462686567e-05
-6.079564945e-21
7.462686567e-05
-3.218846882e-21
7.462686567e-05
-1.426913853e-20
7.462686567e-05
-3.131024757e-20
7.462686567e-05
-5.763243488e-21
7.462686567e-05
2.358774339e-21
7.462686567e-05
-1.203575182e-20
7.462686567e-05
-2.583742736e-20
7.462686567e-05
-4.394577821e-20
7.462686567e-05
-4.193340965e-20
7.462686567e-05
-2.471668636e-20
7.462686567e-05
-5.547047865e-21
7.462686567e-05
9.679174231e-21
7.462686567e-05
2.10051704e-20
7.462686567e-05
6.834787074e-21
7.462686567e-05
-3.504583063e-21
7.462686567e-05
-1.858182981e-20
7.462686567e-05
-1.719486063e-20
7.462686567e-05
1.875998363e-21
7.462686567e-05
-3.732620997e-20
7.462686567e-05
-4.458355098e-20
7.462686567e-05
-1.840398299e-20
7.462686567e-05
-7.746983567e-21
7.462686567e-05
-4.127502987e-21
7.462686567e-05
2.845929415e-20
7.462686567e-05
2.671767176e-20
7.462686567e-05
-2.944085745e-21
7.462686567e-05
1.006759032e-20
7.462686567e-05
2.488127323e-20
7.462686567e-05
1.81216423e-20
7.462686567e-05
2.137776696e-20
7.462686567e-05
2.859073383e-20
7.462686567e-05
5.539287068e-20
7.462686567e-05
3.462867528e-20
7.462686567e-05
1.244996558e-20
7.462686567e-05
6.772397504e-21
7.462686567e-05
1.754978142e-20
7.462686567e-05
9.34930602e-21
7.462686567e-05
1.209144905e-20
7.462686567e-05
9.352530474e-21
7.462686567e-05
-5.205982275e-21
7.462686567e-05
3.318063838e-21
7.462686567e-05
9.799554932e-21
7.462686567e-05
-4.162646246e-22
7.462686567e-05
6.250955442e-21
7.462686567e-05
-4.343375214e-22
7.462686567e-05
-4.272822853e-21
7.462686567e-05
3.22186849e-20
7.462686567e-05
4.424640443e-20
7.462686567e-05
-1.275873229e-20
7.462686567e-05
1.211103272e-20
7.462686567e-05
1.894289024e-20
7.462686567e-05
-3.172956892e-21
7.462686567e-05
-1.355315978e-20
7.462686567e-05
1.941895545e-20
7.462686567e-05
2.487476641e-20
7.462686567e-05
-5.248654646e-21
7.462686567e-05
-1.675304774e-20
7.462686567e-05
-1.179638397e-20
7.462686567e-05
-1.212252575e-20
7.462686567e-05
-2.887147552e-21
7.462686567e-05
1.485287903e-20
7.462686567e-05
-4.906461121e-20
7.462686567e-05
-5.052260353e-20
7.462686567e-05
-3.035846035e-20
7.462686567e-05
1.256373533e-20
7.462686567e-05
2.040622572e-20
7.462686567e-05
1.616789951e-20
7.462686567e-05
-1.153663353e-20
7.462686567e-05
-1.445581924e-20
7.462686567e-05
1.062561905e-20
7.462686567e-05
-1.345317196e-20
7.462686567e-05
-1.794091285e-20
7.462686567e-05
-2.681415677e-20
7.462686567e-05
-3.580870613e-20
7.462686567e-05
-3.192945811e-20
7.462686567e-05
-1.652081019e-20
7.462686567e-05
-2.154049077e-20
7.462686567e-05
-8.007244626e-22
7.462686567e-05
2.836503682e-20
7.462686567e-05
1.135162327e-20
7.462686567e-05
-1.605782449e-20
7.462686567e-05
-1.75924137e-20
7.462686567e-05
4.047270855e-21
7.462686567e-05
1.965019135e-20
7.462686567e-05
-1.100972366e-20
7.462686567e-05
-1.597812873e-20
7.462686567e-05
2.098568107e-20
7.462686567e-05
4.991931481e-20
7.462686567e-05
2.753229925e-20
7.462686567e-05
1.100567043e-20
7.462686567e-05
1.649278005e-20
7.462686567e-05
4.339274262e-20
7.462686567e-05
1.396679368e-20
7.462686567e-05
-6.96915198e-21
7.462686567e-05
1.05291588e-20
7.462686567e-05
2.529484207e-20
7.462686567e-05
1.12955561e-20
7.462686567e-05
1.101403889e-20
7.462686567e-05
-1.277233053e-20
7.462686567e-05
-2.963048845e-20
7.462686567e-05
-4.234383678e-20
7.462686567e-05
-4.697508706e-20
7.462686567e-05
-1.704691067e-20
7.462686567e-05
-1.366825771e-20
7.462686567e-05
1.404335408e-20
7.462686567e-05
1.112778469e-20
7.462686567e-05
6.622751161e-21
7.462686567e-05
2.330983473e-20
7.462686567e-05
-2.553547458e-20
7.462686567e-05
-3.571829406e-20
7.462686567e-05
-7.000996567e-20
7.462686567e-05
-5.049747219e-20
7.462686567e-05
-1.951945281e-20
7.462686567e-05
-1.011854624e-20
7.462686567e-05
9.875153054e-21
7.462686567e-05
-7.197068196e-21
7.462686567e-05
-3.724690065e-21
7.462686567e-05
4.954896548e-20
7.462686567e-05
7.874362033e-20
7.462686567e-05
4.263622388e-20
7.462686567e-05
4.452238673e-20
7.462686567e-05
5.209938369e-20
7.462686567e-05
3.817291582e-20
7.462686567e-05
3.281265361e-20
7.462686567e-05
2.712686896e-20
7.462686567e-05
1.013580543e-20
7.462686567e-05
-3.97425297e-21
7.462686567e-05
-7.962671884e-20
7.462686567e-05
-7.535418235e-20
7.462686567e-05
-9.666195543e-21
7.462686567e-05
-1.1902536e-20
7.462686567e-05
-4.356883475e-21
7.462686567e-05
3.386453064e-20
7.462686567e-05
8.2668052e-21
7.462686567e-05
-4.110318899e-20
7.462686567e-05
-4.30720882e-20
7.462686567e-05
2.161374992e-22
7.462686567e-05
5.716565455e-21
7.462686567e-05
-4.277702966e-21
7.462686567e-05
1.520594593e-21
7.462686567e-05
6.114309485e-22
7.462686567e-05
1.589306769e-20
7.462686567e-05
3.777932779e-20
7.462686567e-05
5.613979718e-20
7.462686567e-05
2.935170243e-20
7.462686567e-05
-3.547280036e-20
7.462686567e-05
-2.0836055e-20
7.462686567e-05
-5.935404104e-20
7.462686567e-05
-6.535143937e-20
7.462686567e-05
-4.395335492e-20
7.462686567e-05
-3.450443673e-20
7.462686567e-05
-1.918734557e-20
7.462686567e-05
-4.29737214e-20
7.462686567e-05
-1.21634363e-20
7.462686567e-05
4.220724385e-20
7.462686567e-05
9.015764592e-21
7.462686567e-05
4.174553196e-20
7.462686567e-05
5.753476389e-20
7.462686567e-05
6.832515163e-20
7.462686567e-05
6.437085173e-20
7.462686567e-05
-1.903663052e-20
7.462686567e-05
8.997095142e-22
7.462686567e-05
1.355480174e-20
7.462686567e-05
-2.465058805e-20
7.462686567e-05
-5.767799901e-20
7.462686567e-05
-6.735603109e-20
7.462686567e-05
-4.087788537e-20
7.462686567e-05
1.828645875e-21
7.462686567e-05
9.79449657e-21
7.462686567e-05
4.359340973e-21
7.462686567e-05
3.580013824e-20
7.462686567e-05
6.135056776e-21
7.462686567e-05
-4.250085896e-20
7.462686567e-05
-2.271389916e-20
7.462686567e-05
-1.120327391e-20
1.195547131e-20
7.313432836e-05
8.712318991e-21
7.313432836e-05
2.25796194e-20
7.313432836e-05
2.799503213e-20
7.313432836e-05
2.447161462e-20
7.313432836e-05
3.696663028e-20
7.313432836e-05
3.211306617e-20
7.313432836e-05
3.940147432e-20
7.313432836e-05
3.510735607e-20
7.313432836e-05
2.062374848e-21
7.313432836e-05
1.57561456e-20
7.313432836e-05
2.574579044e-20
7.313432836e-05
1.26795452e-20
7.313432836e-05
-9.423387134e-21
7.313432836e-05
-1.162900814e-21
7.313432836e-05
4.669367825e-21
7.313432836e-05
-3.455133305e-21
7.313432836e-05
-1.291184233e-20
7.313432836e-05
-3.257506949e-20
7.313432836e-05
-2.287976666e-20
7.313432836e-05
-1.469887775e-20
7.313432836e-05
-8.950772335e-21
7.313432836e-05
-1.990173924e-20
7.313432836e-05
-6.563575445e-21
7.313432836e-05
-1.133465381e-20
7.313432836e-05
-5.903032391e-21
7.313432836e-05
-9.968952914e-21
7.313432836e-05
-3.728064578e-20
7.313432836e-05
-2.163451914e-20
7.313432836e-05
1.34011975e-20
7.313432836e-05
-9.345263328e-21
7.313432836e-05
-1.973961026e-20
7.313432836e-05
-3.423629147e-20
7.313432836e-05
-3.021590355e-20
7.313432836e-05
-1.836533103e-20
7.313432836e-05
8.941155431e-21
7.313432836e-05
6.219989814e-21
7.313432836e-05
1.217800923e-20
7.313432836e-05
9.926151947e-21
7.313432836e-05
-1.72409064e-20
7.313432836e-05
-2.2422946e-20
7.313432836e-05
-5.805774946e-21
7.313432836e-05
1.36535134e-20
7.313432836e-05
-2.712131157e-20
7.313432836e-05
-5.222911608e-20
7.313432836e-05
-3.164989489e-20
7.313432836e-05
-2.234780645e-20
7.313432836e-05
1.509721213e-20
7.313432836e-05
2.568589376e-20
7.313432836e-05
3.551567142e-20
7.313432836e-05
1.192494191e-20
7.313432836e-05
4.212753658e-21
7.313432836e-05
2.011982804e-20
7.313432836e-05
3.259208576e-22
7.313432836e-05
1.442031087e-20
7.313432836e-05
1.859136471e-20
7.313432836e-05
5.993908866e-20
7.313432836e-05
4.268577616e-20
7.313432836e-05
4.073236436e-21
7.313432836e-05
3.845403975e-21
7.313432836e-05
2.121851872e-20
7.313432836e-05
7.839139778e-21
7.313432836e-05
4.995980263e-21
7.313432836e-05
6.359304703e-21
7.313432836e-05
1.075700172e-20
7.313432836e-05
1.94604747e-20
7.313432836e-05
1.701464459e-20
7.313432836e-05
5.545155554e-22
7.313432836e-05
-3.831012544e-21
7.313432836e-05
-1.223607062e-20
7.313432836e-05
-5.32588144e-21
7.313432836e-05
3.818499727e-20
7.313432836e-05
3.100267544e-20
7.313432836e-05
-1.544565875e-21
7.313432836e-05
1.490384722e-20
7.313432836e-05
1.533336276e-20
7.313432836e-05
3.806028937e-21
7.313432836e-05
-2.471925838e-20
7.313432836e-05
1.639261071e-20
7.313432836e-05
2.849561118e-20
7.313432836e-05
-1.332243912e-20
7.313432836e-05
-2.633758022e-20
7.313432836e-05
-2.142649963e-20
7.313432836e-05
-1.346310539e-20
7.313432836e-05
1.797233844e-22
7.313432836e-05
1.506050863e-20
7.313432836e-05
-3.462139599e-20
7.313432836e-05
-3.951031428e-20
7.313432836e-05
-2.234502046e-20
7.313432836e-05
1.377232774e-20
7.313432836e-05
2.170621876e-20
7.313432836e-05
1.959383633e-21
7.313432836e-05
-1.387339307e-20
7.313432836e-05
-1.23009233e-20
7.313432836e-05
1.592001683e-20
7.313432836e-05
-1.302998614e-20
7.313432836e-05
-8.590895858e-21
7.313432836e-05
-2.368709434e-20
7.313432836e-05
-6.051513285e-20
7.313432836e-05
-2.539030712e-20
7.313432836e-05
-3.309915894e-21
7.313432836e-05
-3.39771737e-20
7.313432836e-05
-3.170842829e-20
7.313432836e-05
2.30547976e-20
7.313432836e-05
3.663515892e-20
7.313432836e-05
-1.913755389e-20
7.313432836e-05
-2.617506111e-20
7.313432836e-05
2.291063039e-20
7.313432836e-05
3.962054439e-20
7.313432836e-05
-3.890147385e-20
7.313432836e-05
-3.165199697e-20
7.313432836e-05
1.825001117e-20
7.313432836e-05
5.689943298e-20
7.313432836e-05
5.03144171e-20
7.313432836e-05
3.821571142e-21
7.313432836e-05
5.84331405e-21
7.313432836e-05
2.959003995e-20
7.313432836e-05
2.420253954e-20
7.313432836e-05
7.546023929e-21
7.313432836e-05
1.70441445e-20
7.313432836e-05
1.837995319e-20
7.313432836e-05
1.734296978e-20
7.313432836e-05
8.787333805e-21
7.313432836e-05
-1.874962703e-20
7.313432836e-05
-2.264645729e-20
7.313432836e-05
-3.262002096e-20
7.313432836e-05
-3.0446128e-20
7.313432836e-05
-2.219641679e-20
7.313432836e-05
-2.61944009e-20
7.313432836e-05
-1.004038454e-20
7.313432836e-05
6.887071872e-21
7.313432836e-05
5.646076638e-21
7.313432836e-05
1.68419569e-20
7.313432836e-05
-1.50075628e-20
7.313432836e-05
-2.157706541e-20
7.313432836e-05
-7.369558151e-20
7.313432836e-05
-3.066319417e-20
7.313432836e-05
-1.061000738e-20
7.313432836e-05
-1.531278403e-21
7.313432836e-05
-1.517210717e-20
7.313432836e-05
-2.921153593e-20
7.313432836e-05
1.424078382e-21
7.313432836e-05
8.649732412e-20
7.313432836e-05
1.014350544e-19
7.313432836e-05
1.602405409e-20
7.313432836e-05
4.968682626e-21
7.313432836e-05
6.361080455e-20
7.313432836e-05
4.34390886e-20
7.313432836e-05
2.709338168e-20
7.313432836e-05
3.12596087e-20
7.313432836e-05
3.595362375e-20
7.313432836e-05
1.73523348e-20
7.313432836e-05
-7.671032994e-20
7.313432836e-05
-7.022335839e-20
7.313432836e-05
8.712594974e-21
7.313432836e-05
-1.929711118e-20
7.313432836e-05
-2.117484184e-20
7.313432836e-05
1.476587046e-20
7.313432836e-05
3.239793566e-21
7.313432836e-05
-2.694756421e-20
7.313432836e-05
-5.424289696e-20
7.313432836e-05
-9.738797528e-21
7.313432836e-05
9.246129735e-21
7.313432836e-05
3.408298858e-21
7.313432836e-05
1.596496641e-20
7.313432836e-05
2.942868657e-21
7.313432836e-05
9.91278197e-21
7.313432836e-05
4.376448349e-20
7.313432836e-05
5.887380237e-20
7.313432836e-05
1.610864233e-20
7.313432836e-05
-2.537694701e-20
7.313432836e-05
-4.665273972e-24
7.313432836e-05
-9.011804398e-20
7.313432836e-05
-8.583438382e-20
7.313432836e-05
-3.064979725e-20
7.313432836e-05
-3.210076101e-20
7.313432836e-05
-3.936418822e-22
7.313432836e-05
-7.439662422e-20
7.313432836e-05
-1.525116658e-20
7.313432836e-05
8.179221952e-20
7.313432836e-05
1.225297058e-21
7.313432836e-05
1.803746619e-20
7.313432836e-05
8.445483134e-20
7.313432836e-05
7.2179004e-20
7.313432836e-05
4.804073652e-20
7.313432836e-05
-3.847383722e-20
7.313432836e-05
-1.00726018e-20
7.313432836e-05
4.446326268e-20
7.313432836e-05
-2.6710799e-21
7.313432836e-05
-6.703001012e-20
7.313432836e-05
-7.248856642e-20
7.313432836e-05
-1.002214504e-20
7.313432836e-05
2.560417221e-20
7.313432836e-05
2.216705748e-20
7.313432836e-05
-1.414645837e-20
7.313432836e-05
3.126385687e-21
7.313432836e-05
8.02522607e-21
7.313432836e-05
-2.08676117e-20
7.313432836e-05
-1.861737702e-20
7.313432836e-05
-2.328238394e-21
1.045722563e-20
7.014925373e-05
2.161072993e-21
7.014925373e-05
1.158597081e-20
7.014925373e-05
1.042418963e-20
7.014925373e-05
-8.78244556e-21
7.014925373e-05
4.165133731e-20
7.014925373e-05
3.271704736e-20
7.014925373e-05
3.283015507e-20
7.014925373e-05
1.701220608e-20
7.014925373e-05
1.874592338e-20
7.014925373e-05
1.496914434e-20
7.014925373e-05
1.086327064e-20
7.014925373e-05
1.269265099e-20
7.014925373e-05
-4.248008046e-21
7.014925373e-05
-4.990344179e-22
7.014925373e-05
1.564326561e-20
7.014925373e-05
-8.519905622e-21
7.014925373e-05
-2.194203198e-20
7.014925373e-05
-4.510436325e-21
7.014925373e-05
-3.737909261e-20
7.014925373e-05
-3.328300877e-20
7.014925373e-05
-5.248758017e-21
7.014925373e-05
-4.12776283e-21
7.014925373e-05
1.232187843e-20
7.014925373e-05
-6.136550261e-21
7.014925373e-05
-2.103315831e-20
7.014925373e-05
-1.225504477e-20
7.014925373e-05
-3.683878492e-20
7.014925373e-05
-3.023614739e-20
7.014925373e-05
-5.138764891e-21
7.014925373e-05
2.776620884e-22
7.014925373e-05
-2.321274825e-20
7.014925373e-05
-1.856635208e-20
7.014925373e-05
-2.699272023e-20
7.014925373e-05
6.881758402e-22
7.014925373e-05
2.056262682e-20
7.014925373e-05
-6.602438822e-21
7.014925373e-05
8.45718108e-21
7.014925373e-05
-9.303787278e-22
7.014925373e-05
-2.12977238e-20
7.014925373e-05
-8.614100377e-21
7.014925373e-05
-1.856421e-20
7.014925373e-05
2.192987528e-20
7.014925373e-05
-1.036690819e-20
7.014925373e-05
-5.24121979e-20
7.014925373e-05
-2.188206357e-20
7.014925373e-05
-1.06677632e-20
7.014925373e-05
7.949822457e-21
7.014925373e-05
2.134342683e-20
7.014925373e-05
3.37279661e-20
7.014925373e-05
7.987197428e-21
7.014925373e-05
1.340103674e-20
7.014925373e-05
1.817093407e-21
7.014925373e-05
-4.760203463e-21
7.014925373e-05
3.840667141e-21
7.014925373e-05
1.401115055e-20
7.014925373e-05
5.213992663e-20
7.014925373e-05
4.397054169e-20
7.014925373e-05
-3.624342696e-22
7.014925373e-05
-4.280764351e-21
7.014925373e-05
2.555980607e-20
7.014925373e-05
1.315996334e-20
7.014925373e-05
-1.223352308e-21
7.014925373e-05
4.715526937e-21
7.014925373e-05
1.237571862e-20
7.014925373e-05
1.756840883e-20
7.014925373e-05
2.449744791e-20
7.014925373e-05
-1.831956914e-20
7.014925373e-05
7.532589026e-22
7.014925373e-05
-3.970487027e-21
7.014925373e-05
-2.635239033e-20
7.014925373e-05
3.670307766e-20
7.014925373e-05
1.063742975e-20
7.014925373e-05
-6.702482491e-21
7.014925373e-05
3.195615032e-20
7.014925373e-05
3.912255591e-20
7.014925373e-05
-1.843059883e-20
7.014925373e-05
-3.64590467e-20
7.014925373e-05
3.59451459e-20
7.014925373e-05
2.767494068e-20
7.014925373e-05
-2.03826308e-20
7.014925373e-05
-3.690406993e-20
7.014925373e-05
-3.232313657e-20
7.014925373e-05
-1.491698061e-20
7.014925373e-05
1.477234926e-21
7.014925373e-05
1.383508702e-20
7.014925373e-05
-1.339793746e-21
7.014925373e-05
-3.684101507e-20
7.014925373e-05
-3.37087869e-20
7.014925373e-05
5.914947401e-21
7.014925373e-05
3.055577557e-20
7.014925373e-05
-3.102704538e-21
7.014925373e-05
-1.197180208e-20
7.014925373e-05
1.388473736e-20
7.014925373e-05
2.643392236e-21
7.014925373e-05
-2.201814806e-20
7.014925373e-05
1.848942414e-20
7.014925373e-05
-3.256088217e-20
7.014925373e-05
-5.051430748e-20
7.014925373e-05
-3.057169969e-20
7.014925373e-05
8.160305111e-22
7.014925373e-05
-2.205681819e-20
7.014925373e-05
-4.518669128e-20
7.014925373e-05
1.695889916e-20
7.014925373e-05
3.740610689e-20
7.014925373e-05
-1.615302284e-20
7.014925373e-05
-3.415517939e-20
7.014925373e-05
2.643661743e-20
7.014925373e-05
4.058860386e-20
7.014925373e-05
-3.804606335e-20
7.014925373e-05
-4.471131996e-20
7.014925373e-05
7.247013882e-21
7.014925373e-05
6.402866963e-20
7.014925373e-05
4.9240823e-20
7.014925373e-05
6.669873105e-21
7.014925373e-05
-5.949419253e-21
7.014925373e-05
7.428919439e-21
7.014925373e-05
4.61862311e-20
7.014925373e-05
1.788434538e-20
7.014925373e-05
5.059239086e-21
7.014925373e-05
2.37630327e-20
7.014925373e-05
1.927566667e-20
7.014925373e-05
-2.790175782e-20
7.014925373e-05
-2.370213328e-20
7.014925373e-05
-8.559552228e-21
7.014925373e-05
-3.219591912e-21
7.014925373e-05
-1.476368104e-20
7.014925373e-05
-1.356633408e-20
7.014925373e-05
-4.414548397e-20
7.014925373e-05
-2.250619019e-20
7.014925373e-05
3.209455469e-21
7.014925373e-05
-4.364432901e-21
7.014925373e-05
1.004647608e-20
7.014925373e-05
6.138646361e-21
7.014925373e-05
-9.150805716e-21
7.014925373e-05
-8.728780447e-20
7.014925373e-05
-2.50614063e-20
7.014925373e-05
3.923576369e-20
7.014925373e-05
3.866220659e-21
7.014925373e-05
-4.475906967e-20
7.014925373e-05
-7.874183467e-20
7.014925373e-05
2.47171487e-20
7.014925373e-05
8.810334457e-20
7.014925373e-05
9.254619866e-20
7.014925373e-05
-1.436263787e-20
7.014925373e-05
-4.541300744e-21
7.014925373e-05
8.617247433e-20
7.014925373e-05
3.928258322e-20
7.014925373e-05
1.253291338e-20
7.014925373e-05
5.516476802e-20
7.014925373e-05
5.580845537e-20
7.014925373e-05
2.972939667e-20
7.014925373e-05
-9.169458294e-20
7.014925373e-05
-7.634546587e-20
7.014925373e-05
2.778734074e-20
7.014925373e-05
-4.226029129e-20
7.014925373e-05
-3.040912387e-20
7.014925373e-05
1.185685409e-20
7.014925373e-05
8.038922213e-21
7.014925373e-05
-1.387435872e-20
7.014925373e-05
-6.077682254e-20
7.014925373e-05
-7.469122268e-21
7.014925373e-05
1.31418592e-20
7.014925373e-05
9.868231012e-21
7.014925373e-05
9.542816193e-21
7.014925373e-05
-2.934267776e-21
7.014925373e-05
1.7172904e-20
7.014925373e-05
3.927011978e-20
7.014925373e-05
5.977212649e-20
7.014925373e-05
-5.616655126e-21
7.014925373e-05
-1.500128095e-20
7.014925373e-05
1.838481169e-20
7.014925373e-05
-1.033906062e-19
7.014925373e-05
-8.928082345e-20
7.014925373e-05
-1.754093441e-20
7.014925373e-05
-3.209620503e-20
7.014925373e-05
-5.101866766e-21
7.014925373e-05
-1.081865782e-19
7.014925373e-05
-4.714881034e-21
7.014925373e-05
1.291551962e-19
7.014925373e-05
-1.414913284e-20
7.014925373e-05
5.29601529e-22
7.014925373e-05
1.122122852e-19
7.014925373e-05
6.129324977e-20
7.014925373e-05
3.602369997e-20
7.014925373e-05
-5.437740883e-20
7.014925373e-05
-1.258669758e-20
7.014925373e-05
6.507729391e-20
7.014925373e-05
-5.595466773e-21
7.014925373e-05
-8.424072108e-20
7.014925373e-05
-5.83786954e-20
7.014925373e-05
2.566707315e-20
7.014925373e-05
4.316857801e-20
7.014925373e-05
3.181381162e-20
7.014925373e-05
-2.865406003e-20
7.014925373e-05
-2.564162143e-20
7.014925373e-05
-1.86990929e-20
7.014925373e-05
-1.533803985e-20
7.014925373e-05
2.222624803e-20
7.014925373e-05
1.859764237e-20
9.850402581e-21
6.567164179e-05
1.577527404e-21
6.567164179e-05
-3.198024299e-21
6.567164179e-05
-1.561134568e-20
6.567164179e-05
-5.967436692e-21
6.567164179e-05
3.728345452e-20
6.567164179e-05
3.379916238e-20
6.567164179e-05
2.37109386e-20
6.567164179e-05
1.012217651e-20
6.567164179e-05
-1.269332895e-21
6.567164179e-05
1.798547924e-20
6.567164179e-05
3.665243665e-20
6.567164179e-05
2.761431572e-20
6.567164179e-05
-4.036641568e-21
6.567164179e-05
6.42254314e-21
6.567164179e-05
6.830648156e-21
6.567164179e-05
-5.021593169e-21
6.567164179e-05
-1.134307638e-20
6.567164179e-05
-1.193522465e-20
6.567164179e-05
-4.212334007e-20
6.567164179e-05
-2.773259841e-20
6.567164179e-05
-3.516755255e-21
6.567164179e-05
3.669609918e-22
6.567164179e-05
1.093362522e-20
6.567164179e-05
6.424095687e-21
6.567164179e-05
-1.583906335e-20
6.567164179e-05
-4.037407485e-20
6.567164179e-05
-3.601465008e-20
6.567164179e-05
-3.447125523e-20
6.567164179e-05
-3.754053793e-21
6.567164179e-05
7.291208619e-22
6.567164179e-05
-2.153944698e-20
6.567164179e-05
-8.799510376e-21
6.567164179e-05
-2.311547825e-21
6.567164179e-05
1.492374134e-21
6.567164179e-05
1.467287349e-20
6.567164179e-05
-4.407816862e-21
6.567164179e-05
9.297413375e-21
6.567164179e-05
-5.770416509e-21
6.567164179e-05
-8.314919698e-21
6.567164179e-05
8.448946381e-21
6.567164179e-05
-3.505231744e-20
6.567164179e-05
1.546227684e-20
6.567164179e-05
6.411678877e-21
6.567164179e-05
-4.749239774e-20
6.567164179e-05
-3.667477009e-20
6.567164179e-05
-2.184312774e-21
6.567164179e-05
4.885302288e-21
6.567164179e-05
1.472652725e-20
6.567164179e-05
2.408177081e-20
6.567164179e-05
-2.348655973e-21
6.567164179e-05
1.471280819e-20
6.567164179e-05
1.005240637e-20
6.567164179e-05
5.709419489e-21
6.567164179e-05
-1.179245366e-20
6.567164179e-05
-4.809552912e-21
6.567164179e-05
4.696987814e-20
6.567164179e-05
4.442355635e-20
6.567164179e-05
1.10100345e-20
6.567164179e-05
1.507271883e-21
6.567164179e-05
1.479083021e-20
6.567164179e-05
5.816708698e-21
6.567164179e-05
-2.187619324e-20
6.567164179e-05
2.116731355e-20
6.567164179e-05
1.455920599e-20
6.567164179e-05
6.301656512e-21
6.567164179e-05
1.952741208e-20
6.567164179e-05
-6.006675358e-21
6.567164179e-05
-1.474087197e-21
6.567164179e-05
2.080024514e-21
6.567164179e-05
-1.854750626e-20
6.567164179e-05
3.310985944e-20
6.567164179e-05
-1.07276746e-20
6.567164179e-05
-1.160594197e-20
6.567164179e-05
3.085689788e-20
6.567164179e-05
4.27299675e-20
6.567164179e-05
-1.301554451e-20
6.567164179e-05
-4.512404447e-20
6.567164179e-05
3.191706477e-20
6.567164179e-05
3.942014102e-20
6.567164179e-05
-1.425451617e-20
6.567164179e-05
-3.645718998e-20
6.567164179e-05
-3.099400569e-20
6.567164179e-05
-2.09544387e-20
6.567164179e-05
-5.625458306e-21
6.567164179e-05
2.90459696e-20
6.567164179e-05
4.526024127e-21
6.567164179e-05
-1.868423658e-20
6.567164179e-05
-4.098047169e-20
6.567164179e-05
6.032612274e-21
6.567164179e-05
2.48875076e-20
6.567164179e-05
-1.450730786e-21
6.567164179e-05
-1.43714361e-20
6.567164179e-05
1.91126761e-20
6.567164179e-05
6.611424598e-21
6.567164179e-05
-2.902776281e-20
6.567164179e-05
2.299665954e-20
6.567164179e-05
-1.939094231e-20
6.567164179e-05
-7.371875646e-20
6.567164179e-05
-8.708086798e-21
6.567164179e-05
1.987754272e-20
6.567164179e-05
-2.965908521e-20
6.567164179e-05
-4.751986707e-20
6.567164179e-05
2.421128099e-20
6.567164179e-05
4.990230969e-20
6.567164179e-05
-2.266757051e-20
6.567164179e-05
-4.251706973e-20
6.567164179e-05
3.401226951e-20
6.567164179e-05
4.061565099e-20
6.567164179e-05
-4.912958401e-20
6.567164179e-05
-4.018401346e-20
6.567164179e-05
-7.669062929e-21
6.567164179e-05
4.581404392e-20
6.567164179e-05
4.333103849e-20
6.567164179e-05
2.538809174e-20
6.567164179e-05
-1.472028784e-20
6.567164179e-05
1.311352703e-20
6.567164179e-05
3.933735199e-20
6.567164179e-05
8.770152712e-21
6.567164179e-05
1.028306811e-20
6.567164179e-05
3.826293695e-20
6.567164179e-05
2.182889312e-21
6.567164179e-05
-5.575630621e-20
6.567164179e-05
-2.796035888e-20
6.567164179e-05
2.932627749e-20
6.567164179e-05
7.670822205e-21
6.567164179e-05
-9.243138284e-21
6.567164179e-05
-9.838223172e-21
6.567164179e-05
-4.904853767e-20
6.567164179e-05
-1.62497275e-20
6.567164179e-05
-9.469536588e-21
6.567164179e-05
-1.697592164e-21
6.567164179e-05
2.792569581e-20
6.567164179e-05
-3.798254308e-21
6.567164179e-05
-2.186242612e-20
6.567164179e-05
-8.241760484e-20
6.567164179e-05
7.139605461e-21
6.567164179e-05
4.464935641e-20
6.567164179e-05
1.604341597e-21
6.567164179e-05
-5.077468603e-20
6.567164179e-05
-9.157270036e-20
6.567164179e-05
1.457905872e-20
6.567164179e-05
9.457234621e-20
6.567164179e-05
7.850498435e-20
6.567164179e-05
-2.743192651e-20
6.567164179e-05
-6.090052217e-21
6.567164179e-05
9.981177373e-20
6.567164179e-05
3.168142589e-20
6.567164179e-05
2.454607041e-20
6.567164179e-05
5.325238882e-20
6.567164179e-05
6.558264647e-20
6.567164179e-05
3.587303717e-20
6.567164179e-05
-1.085351278e-19
6.567164179e-05
-5.953497513e-20
6.567164179e-05
3.540497834e-20
6.567164179e-05
-4.792717433e-20
6.567164179e-05
-3.934116928e-20
6.567164179e-05
2.449394342e-20
6.567164179e-05
-4.16790976e-21
6.567164179e-05
4.211185347e-21
6.567164179e-05
-5.621919647e-20
6.567164179e-05
-9.359324125e-22
6.567164179e-05
2.407279418e-21
6.567164179e-05
1.101349187e-20
6.567164179e-05
9.620970271e-21
6.567164179e-05
-7.161789811e-21
6.567164179e-05
1.440893899e-20
6.567164179e-05
3.319057717e-20
6.567164179e-05
8.189408644e-20
6.567164179e-05
-9.500117951e-21
6.567164179e-05
-1.655997604e-20
6.567164179e-05
4.38652068e-20
6.567164179e-05
-1.134956768e-19
6.567164179e-05
-9.187084625e-20
6.567164179e-05
-3.368403507e-21
6.567164179e-05
-4.772289268e-20
6.567164179e-05
-1.120232689e-20
6.567164179e-05
-1.12407101e-19
6.567164179e-05
-1.920844392e-20
6.567164179e-05
1.398462566e-19
6.567164179e-05
-1.503608611e-20
6.567164179e-05
1.052751459e-20
6.567164179e-05
1.094226471e-19
6.567164179e-05
4.760147538e-20
6.567164179e-05
3.337359035e-20
6.567164179e-05
-6.720917584e-20
6.567164179e-05
-2.827908557e-20
6.567164179e-05
9.461625592e-20
6.567164179e-05
6.38082087e-22
6.567164179e-05
-8.783647215e-20
6.567164179e-05
-6.485830424e-20
6.567164179e-05
3.372041584e-20
6.567164179e-05
6.765734312e-20
6.567164179e-05
2.977839554e-20
6.567164179e-05
-4.488882037e-20
6.567164179e-05
-3.009958008e-20
6.567164179e-05
-4.118628402e-20
6.567164179e-05
1.617089529e-21
6.567164179e-05
3.712204714e-20
6.567164179e-05
1.779754613e-20
1.467272596e-20
5.970149254e-05
-3.489367595e-21
5.970149254e-05
-1.411542992e-21
5.970149254e-05
-8.709583638e-21
5.970149254e-05
-6.229012924e-24
5.970149254e-05
1.974420821e-20
5.970149254e-05
1.45480251e-20
5.970149254e-05
1.174003165e-20
5.970149254e-05
2.332656832e-20
5.970149254e-05
8.126093665e-21
5.970149254e-05
4.217683382e-21
5.970149254e-05
2.725493023e-20
5.970149254e-05
1.902963267e-20
5.970149254e-05
-4.083973965e-21
5.970149254e-05
2.230965338e-20
5.970149254e-05
2.353053698e-20
5.970149254e-05
-1.504362514e-20
5.970149254e-05
1.936673528e-21
5.970149254e-05
-8.44065916e-21
5.970149254e-05
-4.552226876e-20
5.970149254e-05
-2.73040673e-20
5.970149254e-05
-1.373688637e-20
5.970149254e-05
1.472309683e-22
5.970149254e-05
2.616092987e-20
5.970149254e-05
1.969310868e-20
5.970149254e-05
-2.194558657e-20
5.970149254e-05
-3.858553743e-20
5.970149254e-05
-3.253166821e-20
5.970149254e-05
-2.671010719e-20
5.970149254e-05
-9.149745757e-21
5.970149254e-05
-1.504390011e-20
5.970149254e-05
-2.116063662e-20
5.970149254e-05
-5.216283979e-21
5.970149254e-05
-3.512535689e-21
5.970149254e-05
1.128351921e-20
5.970149254e-05
3.042139675e-20
5.970149254e-05
1.383566306e-21
5.970149254e-05
7.760928841e-21
5.970149254e-05
-2.652139086e-20
5.970149254e-05
-2.175357883e-20
5.970149254e-05
9.568625021e-21
5.970149254e-05
-1.435060949e-20
5.970149254e-05
-4.538204745e-22
5.970149254e-05
2.105066587e-20
5.970149254e-05
-9.280828941e-21
5.970149254e-05
-2.901314054e-20
5.970149254e-05
-4.914331377e-21
5.970149254e-05
-2.295694661e-20
5.970149254e-05
-4.83799025e-21
5.970149254e-05
1.803242697e-20
5.970149254e-05
5.640655731e-23
5.970149254e-05
1.429252598e-20
5.970149254e-05
2.013150909e-20
5.970149254e-05
9.980778439e-21
5.970149254e-05
-1.620279181e-20
5.970149254e-05
-1.142024551e-20
5.970149254e-05
3.005318322e-20
5.970149254e-05
5.353132498e-20
5.970149254e-05
1.382741711e-20
5.970149254e-05
-9.073577326e-21
5.970149254e-05
-2.912745795e-21
5.970149254e-05
-5.082604123e-22
5.970149254e-05
5.096174869e-21
5.970149254e-05
1.770184864e-20
5.970149254e-05
3.104353001e-22
5.970149254e-05
1.147820981e-20
5.970149254e-05
2.262352048e-20
5.970149254e-05
-1.137363119e-20
5.970149254e-05
2.216547537e-21
5.970149254e-05
-1.010196294e-20
5.970149254e-05
-2.239369275e-20
5.970149254e-05
5.172830039e-20
5.970149254e-05
-6.566592282e-21
5.970149254e-05
-2.400480347e-20
5.970149254e-05
3.140236229e-20
5.970149254e-05
4.50972306e-20
5.970149254e-05
-1.991072873e-20
5.970149254e-05
-5.899188006e-20
5.970149254e-05
4.876522013e-20
5.970149254e-05
5.352638964e-20
5.970149254e-05
-2.144584159e-20
5.970149254e-05
-3.088249951e-20
5.970149254e-05
-2.739280242e-20
5.970149254e-05
-3.268892492e-20
5.970149254e-05
7.277586284e-22
5.970149254e-05
4.33768469e-20
5.970149254e-05
2.814610726e-21
5.970149254e-05
-3.188438927e-20
5.970149254e-05
-4.30036164e-20
5.970149254e-05
3.395183416e-21
5.970149254e-05
1.670493796e-20
5.970149254e-05
-4.278959325e-21
5.970149254e-05
1.191317138e-20
5.970149254e-05
3.615503845e-20
5.970149254e-05
4.736214026e-21
5.970149254e-05
-2.997712113e-20
5.970149254e-05
3.064910546e-20
5.970149254e-05
-1.523896258e-20
5.970149254e-05
-6.86463853e-20
5.970149254e-05
-1.023638081e-20
5.970149254e-05
2.244233357e-20
5.970149254e-05
-3.348944309e-20
5.970149254e-05
-4.832668236e-20
5.970149254e-05
2.933630502e-20
5.970149254e-05
5.382170565e-20
5.970149254e-05
-1.161663186e-20
5.970149254e-05
-4.833391955e-20
5.970149254e-05
2.635062177e-20
5.970149254e-05
4.404168721e-20
5.970149254e-05
-3.26207998e-20
5.970149254e-05
-4.219966854e-20
5.970149254e-05
-2.934336578e-20
5.970149254e-05
4.171708896e-20
5.970149254e-05
4.637407719e-20
5.970149254e-05
8.780673053e-21
5.970149254e-05
-1.105895103e-20
5.970149254e-05
5.162337404e-21
5.970149254e-05
3.410466904e-20
5.970149254e-05
1.451032468e-20
5.970149254e-05
5.542943191e-21
5.970149254e-05
2.094888841e-20
5.970149254e-05
1.174304024e-20
5.970149254e-05
-4.237356126e-20
5.970149254e-05
-3.610342198e-20
5.970149254e-05
4.716811261e-20
5.970149254e-05
2.267260807e-20
5.970149254e-05
-1.565381694e-20
5.970149254e-05
-1.779228835e-20
5.970149254e-05
-5.433167637e-20
5.970149254e-05
-1.082830126e-20
5.970149254e-05
-8.679728142e-21
5.970149254e-05
-6.636414986e-21
5.970149254e-05
2.703118699e-20
5.970149254e-05
-3.221221957e-21
5.970149254e-05
-1.84683042e-20
5.970149254e-05
-9.011926802e-20
5.970149254e-05
1.95240978e-20
5.970149254e-05
7.164831821e-20
5.970149254e-05
9.411663522e-21
5.970149254e-05
-6.434372761e-20
5.970149254e-05
-9.623916743e-20
5.970149254e-05
2.220845349e-20
5.970149254e-05
8.374139521e-20
5.970149254e-05
6.609050807e-20
5.970149254e-05
-5.891547226e-20
5.970149254e-05
-1.475019325e-20
5.970149254e-05
9.680559212e-20
5.970149254e-05
2.341235446e-20
5.970149254e-05
1.17527946e-20
5.970149254e-05
5.856389242e-20
5.970149254e-05
7.953999091e-20
5.970149254e-05
3.006500007e-20
5.970149254e-05
-1.131725558e-19
5.970149254e-05
-7.203901596e-20
5.970149254e-05
5.03251266e-20
5.970149254e-05
-4.643488649e-20
5.970149254e-05
-2.208985527e-20
5.970149254e-05
3.877702276e-20
5.970149254e-05
-5.673155558e-21
5.970149254e-05
-1.136185152e-21
5.970149254e-05
-4.690638954e-20
5.970149254e-05
1.123290393e-21
5.970149254e-05
-3.583403358e-21
5.970149254e-05
6.47590638e-21
5.970149254e-05
1.347932018e-20
5.970149254e-05
-1.494869264e-20
5.970149254e-05
9.583880601e-21
5.970149254e-05
2.233527859e-20
5.970149254e-05
8.83022325e-20
5.970149254e-05
-6.603325051e-21
5.970149254e-05
-8.510756201e-21
5.970149254e-05
4.464894253e-20
5.970149254e-05
-1.227837105e-19
5.970149254e-05
-8.835281245e-20
5.970149254e-05
1.683634118e-20
5.970149254e-05
-3.109420976e-20
5.970149254e-05
-4.568512717e-21
5.970149254e-05
-1.237139105e-19
5.970149254e-05
-2.153196594e-20
5.970149254e-05
1.426791618e-19
5.970149254e-05
-2.861189886e-20
5.970149254e-05
1.753774309e-20
5.970149254e-05
1.217923662e-19
5.970149254e-05
4.499832683e-20
5.970149254e-05
3.293910379e-20
5.970149254e-05
-1.01186097e-19
5.970149254e-05
-3.173781901e-20
5.970149254e-05
1.082879937e-19
5.970149254e-05
1.173814715e-22
5.970149254e-05
-9.767783287e-20
5.970149254e-05
-4.858044371e-20
5.970149254e-05
3.988270207e-20
5.970149254e-05
7.351932261e-20
5.970149254e-05
4.225589506e-20
5.970149254e-05
-4.588260104e-20
5.970149254e-05
-5.891733948e-20
5.970149254e-05
-4.210088911e-20
5.970149254e-05
2.248654597e-21
5.970149254e-05
5.193617131e-20
5.970149254e-05
2.086701359e-20
1.248482655e-20
5.223880597e-05
-8.332806455e-22
5.223880597e-05
-1.242539995e-20
5.223880597e-05
9.601318276e-22
5.223880597e-05
-8.167979896e-21
5.223880597e-05
1.148208611e-21
5.223880597e-05
2.792135215e-21
5.223880597e-05
1.275220034e-20
5.223880597e-05
1.742485642e-20
5.223880597e-05
-1.806478712e-21
5.223880597e-05
4.468785065e-21
5.223880597e-05
1.904574277e-20
5.223880597e-05
1.888659647e-20
5.223880597e-05
1.640401624e-20
5.223880597e-05
3.105507609e-20
5.223880597e-05
1.798651842e-20
5.223880597e-05
-2.299540435e-20
5.223880597e-05
9.090750551e-21
5.223880597e-05
-5.176449458e-21
5.223880597e-05
-4.330519128e-20
5.223880597e-05
-2.74467143e-20
5.223880597e-05
-5.35934395e-21
5.223880597e-05
4.839519401e-21
5.223880597e-05
1.153251815e-20
5.223880597e-05
2.070167321e-20
5.223880597e-05
-1.159807356e-21
5.223880597e-05
-3.437597599e-20
5.223880597e-05
-3.736779269e-20
5.223880597e-05
-1.504631444e-20
5.223880597e-05
-1.415021637e-20
5.223880597e-05
-3.205736434e-20
5.223880597e-05
-3.100634848e-21
5.223880597e-05
3.323374078e-21
5.223880597e-05
-1.440863669e-20
5.223880597e-05
1.856725672e-20
5.223880597e-05
2.76547658e-20
5.223880597e-05
-6.686610831e-21
5.223880597e-05
-2.407837711e-21
5.223880597e-05
-1.451950884e-20
5.223880597e-05
-1.608875354e-20
5.223880597e-05
1.22474927e-20
5.223880597e-05
-1.240981295e-20
5.223880597e-05
9.087818322e-21
5.223880597e-05
1.269708964e-20
5.223880597e-05
4.393975055e-21
5.223880597e-05
-1.600669933e-20
5.223880597e-05
-1.409543079e-20
5.223880597e-05
-5.633691864e-21
5.223880597e-05
-7.963802165e-21
5.223880597e-05
4.229422137e-21
5.223880597e-05
-6.964862575e-21
5.223880597e-05
1.410148746e-20
5.223880597e-05
1.508206661e-20
5.223880597e-05
1.304506413e-21
5.223880597e-05
-1.377588025e-20
5.223880597e-05
-7.73303483e-21
5.223880597e-05
3.236963049e-20
5.223880597e-05
3.18314851e-20
5.223880597e-05
-8.87120476e-21
5.223880597e-05
-4.671579164e-21
5.223880597e-05
-7.276269401e-21
5.223880597e-05
7.426246082e-21
5.223880597e-05
7.936644747e-21
5.223880597e-05
1.025981854e-20
5.223880597e-05
6.902924843e-21
5.223880597e-05
6.989513943e-21
5.223880597e-05
1.580636988e-20
5.223880597e-05
-6.187247142e-21
5.223880597e-05
1.441474082e-20
5.223880597e-05
5.745763992e-21
5.223880597e-05
-1.956059152e-20
5.223880597e-05
4.312766404e-20
5.223880597e-05
-2.225411816e-20
5.223880597e-05
-4.013951007e-20
5.223880597e-05
4.328651735e-20
5.223880597e-05
6.43528159e-20
5.223880597e-05
-2.144303517e-20
5.223880597e-05
-7.193637452e-20
5.223880597e-05
4.059960676e-20
5.223880597e-05
6.214726644e-20
5.223880597e-05
-2.297971084e-20
5.223880597e-05
-3.300329318e-20
5.223880597e-05
-2.666739061e-20
5.223880597e-05
-3.188577574e-20
5.223880597e-05
9.388919063e-21
5.223880597e-05
4.151404616e-20
5.223880597e-05
-1.078813081e-21
5.223880597e-05
-2.924077135e-20
5.223880597e-05
-3.606865986e-20
5.223880597e-05
1.176377111e-20
5.223880597e-05
9.348572303e-21
5.223880597e-05
-9.024719833e-21
5.223880597e-05
1.921738651e-20
5.223880597e-05
5.643137301e-20
5.223880597e-05
5.739802925e-21
5.223880597e-05
-5.681132437e-20
5.223880597e-05
3.040448071e-20
5.223880597e-05
-2.1773237e-20
5.223880597e-05
-7.1186426e-20
5.223880597e-05
1.470320826e-20
5.223880597e-05
3.582170354e-20
5.223880597e-05
-3.778788034e-20
5.223880597e-05
-5.735018566e-20
5.223880597e-05
3.259517198e-20
5.223880597e-05
6.330592911e-20
5.223880597e-05
-1.638544987e-20
5.223880597e-05
-5.62022883e-20
5.223880597e-05
3.242408982e-20
5.223880597e-05
5.224821195e-20
5.223880597e-05
-3.809621825e-20
5.223880597e-05
-3.880661562e-20
5.223880597e-05
-2.626326033e-20
5.223880597e-05
4.771035066e-20
5.223880597e-05
4.493502759e-20
5.223880597e-05
-1.13013513e-20
5.223880597e-05
-8.581938147e-21
5.223880597e-05
7.956664947e-21
5.223880597e-05
1.964721771e-20
5.223880597e-05
-3.7329213e-21
5.223880597e-05
-2.624398903e-21
5.223880597e-05
3.265706667e-20
5.223880597e-05
2.73265095e-20
5.223880597e-05
-4.803790712e-20
5.223880597e-05
-3.785145856e-20
5.223880597e-05
4.515033887e-20
5.223880597e-05
2.359499761e-20
5.223880597e-05
-2.496032816e-20
5.223880597e-05
-1.087726726e-20
5.223880597e-05
-3.640084284e-20
5.223880597e-05
7.811731309e-23
5.223880597e-05
-1.938078593e-20
5.223880597e-05
-1.460020408e-20
5.223880597e-05
2.915007489e-20
5.223880597e-05
-6.02033009e-21
5.223880597e-05
-5.227125171e-21
5.223880597e-05
-8.655227333e-20
5.223880597e-05
2.682206912e-20
5.223880597e-05
1.052085976e-19
5.223880597e-05
6.00647032e-21
5.223880597e-05
-8.42749671e-20
5.223880597e-05
-1.060059948e-19
5.223880597e-05
3.132711572e-20
5.223880597e-05
8.653691274e-20
5.223880597e-05
3.79014099e-20
5.223880597e-05
-7.599768246e-20
5.223880597e-05
-1.140149137e-20
5.223880597e-05
1.159947922e-19
5.223880597e-05
-1.426587012e-20
5.223880597e-05
-2.144237784e-20
5.223880597e-05
5.469072139e-20
5.223880597e-05
9.276726253e-20
5.223880597e-05
4.423418739e-20
5.223880597e-05
-1.392135077e-19
5.223880597e-05
-4.928268225e-20
5.223880597e-05
7.303555508e-20
5.223880597e-05
-6.401748679e-20
5.223880597e-05
-2.836834419e-20
5.223880597e-05
4.785612992e-20
5.223880597e-05
5.975261681e-21
5.223880597e-05
3.353499534e-21
5.223880597e-05
-5.020107901e-20
5.223880597e-05
2.765337114e-20
5.223880597e-05
8.683819445e-21
5.223880597e-05
1.68239846e-22
5.223880597e-05
9.3964582e-22
5.223880597e-05
-1.930510042e-20
5.223880597e-05
-6.880708538e-21
5.223880597e-05
2.669076128e-20
5.223880597e-05
8.078854767e-20
5.223880597e-05
-2.535417133e-20
5.223880597e-05
1.322903378e-21
5.223880597e-05
6.759188468e-20
5.223880597e-05
-1.187368281e-19
5.223880597e-05
-8.150828712e-20
5.223880597e-05
2.931317183e-20
5.223880597e-05
-2.494247239e-20
5.223880597e-05
2.53251721e-21
5.223880597e-05
-1.328305884e-19
5.223880597e-05
-1.692677419e-20
5.223880597e-05
1.453237985e-19
5.223880597e-05
-5.097573831e-20
5.223880597e-05
5.910921334e-21
5.223880597e-05
1.287074627e-19
5.223880597e-05
3.634725501e-20
5.223880597e-05
1.776745141e-20
5.223880597e-05
-1.170012883e-19
5.223880597e-05
-1.07987957e-20
5.223880597e-05
1.266375041e-19
5.223880597e-05
-5.434119954e-21
5.223880597e-05
-1.081108565e-19
5.223880597e-05
-5.108759072e-20
5.223880597e-05
5.854123418e-20
5.223880597e-05
6.514884207e-20
5.223880597e-05
2.441755773e-20
5.223880597e-05
-5.23137728e-20
5.223880597e-05
-2.213084618e-20
5.223880597e-05
-2.126536916e-20
5.223880597e-05
-2.350914957e-20
5.223880597e-05
3.612140942e-20
5.223880597e-05
2.159858089e-20
2.675468645e-20
4.328358209e-05
-7.393368577e-21
4.328358209e-05
-4.122209218e-21
4.328358209e-05
2.619437469e-21
4.328358209e-05
3.74765635e-21
4.328358209e-05
-1.466285036e-20
4.328358209e-05
-2.274194301e-20
4.328358209e-05
7.604060485e-21
4.328358209e-05
1.925248815e-20
4.328358209e-05
-7.133736396e-21
4.328358209e-05
5.395591636e-21
4.328358209e-05
1.055419471e-20
4.328358209e-05
1.792064501e-20
4.328358209e-05
3.223270204e-20
4.328358209e-05
2.430618055e-20
4.328358209e-05
1.376666634e-20
4.328358209e-05
-1.85324559e-20
4.328358209e-05
1.065495825e-20
4.328358209e-05
-1.215544462e-20
4.328358209e-05
-3.894316361e-20
4.328358209e-05
-1.6920294e-20
4.328358209e-05
9.196961386e-21
4.328358209e-05
1.050220339e-20
4.328358209e-05
5.66129497e-21
4.328358209e-05
9.770566273e-21
4.328358209e-05
-1.63899821e-20
4.328358209e-05
-2.112672278e-20
4.328358209e-05
-1.781585293e-20
4.328358209e-05
6.253840176e-23
4.328358209e-05
-1.65045454e-20
4.328358209e-05
-3.586408143e-20
4.328358209e-05
-1.005996888e-20
4.328358209e-05
6.89851527e-21
4.328358209e-05
7.005749672e-21
4.328358209e-05
1.612135799e-20
4.328358209e-05
1.906931201e-20
4.328358209e-05
-1.397668184e-20
4.328358209e-05
-7.575204096e-21
4.328358209e-05
-1.883946994e-20
4.328358209e-05
-8.633093129e-21
4.328358209e-05
2.407058275e-20
4.328358209e-05
-2.39376117e-20
4.328358209e-05
7.429203644e-21
4.328358209e-05
2.953350394e-20
4.328358209e-05
2.579401212e-21
4.328358209e-05
-2.188370386e-20
4.328358209e-05
-1.577179682e-20
4.328358209e-05
-1.412722373e-22
4.328358209e-05
-4.501734189e-21
4.328358209e-05
3.666396914e-21
4.328358209e-05
-1.188710325e-20
4.328358209e-05
-8.776286688e-21
4.328358209e-05
1.603421408e-20
4.328358209e-05
1.872151714e-21
4.328358209e-05
-9.108787619e-21
4.328358209e-05
-1.666094025e-22
4.328358209e-05
3.078206356e-20
4.328358209e-05
8.872463244e-21
4.328358209e-05
-1.179385653e-20
4.328358209e-05
-3.536197519e-21
4.328358209e-05
-1.529006782e-21
4.328358209e-05
3.380615509e-21
4.328358209e-05
1.868755914e-20
4.328358209e-05
7.634140939e-21
4.328358209e-05
-1.281202163e-21
4.328358209e-05
1.159553979e-20
4.328358209e-05
1.030476295e-20
4.328358209e-05
-1.310930798e-22
4.328358209e-05
1.661573054e-20
4.328358209e-05
7.262023523e-21
4.328358209e-05
-1.886310278e-20
4.328358209e-05
2.156777359e-20
4.328358209e-05
-2.392333839e-20
4.328358209e-05
-3.187072767e-20
4.328358209e-05
4.273245576e-20
4.328358209e-05
5.50214297e-20
4.328358209e-05
-3.291607287e-20
4.328358209e-05
-5.312167282e-20
4.328358209e-05
4.242576617e-20
4.328358209e-05
4.947016622e-20
4.328358209e-05
-9.733526674e-21
4.328358209e-05
-2.358839181e-20
4.328358209e-05
-2.345699157e-20
4.328358209e-05
-2.365604624e-20
4.328358209e-05
4.066680413e-23
4.328358209e-05
2.939603973e-20
4.328358209e-05
-2.97184197e-22
4.328358209e-05
-1.485318075e-20
4.328358209e-05
-1.988374698e-20
4.328358209e-05
1.941538595e-20
4.328358209e-05
1.624260638e-20
4.328358209e-05
-2.001171757e-20
4.328358209e-05
2.424362384e-21
4.328358209e-05
3.954291057e-20
4.328358209e-05
-5.728973131e-22
4.328358209e-05
-4.187747587e-20
4.328358209e-05
7.550754185e-21
4.328358209e-05
-1.040185477e-20
4.328358209e-05
-4.143507893e-20
4.328358209e-05
1.54767781e-20
4.328358209e-05
3.096923788e-20
4.328358209e-05
-2.992027691e-20
4.328358209e-05
-5.473439197e-20
4.328358209e-05
3.947170481e-20
4.328358209e-05
6.500971975e-20
4.328358209e-05
-1.647669615e-20
4.328358209e-05
-4.739092532e-20
4.328358209e-05
3.235996232e-20
4.328358209e-05
3.592329381e-20
4.328358209e-05
-3.6774448e-20
4.328358209e-05
-3.886576214e-20
4.328358209e-05
-1.306094402e-20
4.328358209e-05
4.356821526e-20
4.328358209e-05
3.105300871e-20
4.328358209e-05
-1.044344986e-20
4.328358209e-05
-2.561220071e-20
4.328358209e-05
-1.246144712e-21
4.328358209e-05
3.138280937e-20
4.328358209e-05
-3.494825577e-21
4.328358209e-05
-1.52637713e-20
4.328358209e-05
1.58580213e-20
4.328358209e-05
3.555441296e-20
4.328358209e-05
-3.486859709e-20
4.328358209e-05
-2.960763137e-20
4.328358209e-05
3.402472929e-20
4.328358209e-05
1.329156699e-20
4.328358209e-05
-1.892723628e-20
4.328358209e-05
-1.259268095e-20
4.328358209e-05
-2.025480651e-20
4.328358209e-05
1.863205278e-20
4.328358209e-05
-1.707089108e-20
4.328358209e-05
-2.907717133e-20
4.328358209e-05
1.952266962e-20
4.328358209e-05
1.015422889e-20
4.328358209e-05
5.576234179e-21
4.328358209e-05
-8.573479873e-20
4.328358209e-05
1.576900346e-20
4.328358209e-05
1.03314368e-19
4.328358209e-05
2.485499918e-20
4.328358209e-05
-7.115249468e-20
4.328358209e-05
-9.483209298e-20
4.328358209e-05
3.054382527e-20
4.328358209e-05
7.548336459e-20
4.328358209e-05
1.63075711e-20
4.328358209e-05
-7.970667615e-20
4.328358209e-05
-8.288725308e-21
4.328358209e-05
1.026945768e-19
4.328358209e-05
-2.582168314e-20
4.328358209e-05
-1.855217848e-20
4.328358209e-05
5.046804926e-20
4.328358209e-05
7.388079494e-20
4.328358209e-05
1.961563611e-20
4.328358209e-05
-1.269520592e-19
4.328358209e-05
-3.537882202e-20
4.328358209e-05
8.728803982e-20
4.328358209e-05
-4.837464539e-20
4.328358209e-05
-2.70012746e-20
4.328358209e-05
4.351965997e-20
4.328358209e-05
1.660531144e-20
4.328358209e-05
9.564731179e-21
4.328358209e-05
-4.319236236e-20
4.328358209e-05
1.627224205e-20
4.328358209e-05
1.029559287e-20
4.328358209e-05
4.712194684e-21
4.328358209e-05
-1.12908848e-20
4.328358209e-05
-1.98394658e-20
4.328358209e-05
1.113473982e-20
4.328358209e-05
1.826761186e-20
4.328358209e-05
7.266633688e-20
4.328358209e-05
-1.720232096e-20
4.328358209e-05
-1.167415069e-20
4.328358209e-05
4.790212844e-20
4.328358209e-05
-8.748641328e-20
4.328358209e-05
-4.998447879e-20
4.328358209e-05
2.763962581e-20
4.328358209e-05
-9.367844062e-21
4.328358209e-05
1.000506551e-20
4.328358209e-05
-1.333118616e-19
4.328358209e-05
-2.726287853e-20
4.328358209e-05
1.353027814e-19
4.328358209e-05
-4.147917268e-20
4.328358209e-05
2.900380496e-22
4.328358209e-05
1.109556785e-19
4.328358209e-05
3.33685735e-20
4.328358209e-05
4.147917777e-21
4.328358209e-05
-1.091279136e-19
4.328358209e-05
-4.824192185e-21
4.328358209e-05
1.167114213e-19
4.328358209e-05
1.290598308e-20
4.328358209e-05
-9.189501164e-20
4.328358209e-05
-6.019052543e-20
4.328358209e-05
4.571264898e-20
4.328358209e-05
7.17169351e-20
4.328358209e-05
1.691463454e-20
4.328358209e-05
-5.351953186e-20
4.328358209e-05
-1.654348366e-20
4.328358209e-05
-2.500422814e-20
4.328358209e-05
-1.55945864e-20
4.328358209e-05
3.196192663e-20
4.328358209e-05
2.853863297e-20
2.087796139e-20
3.28358209e-05
1.353522329e-20
3.28358209e-05
-1.646614198e-20
3.28358209e-05
8.009421042e-21
3.28358209e-05
7.551269204e-21
3.28358209e-05
-1.44880798e-20
3.28358209e-05
-2.722483031e-20
3.28358209e-05
1.830047786e-20
3.28358209e-05
3.610799362e-20
3.28358209e-05
-9.989193786e-21
3.28358209e-05
-4.33419979e-21
3.28358209e-05
1.249270595e-20
3.28358209e-05
-6.414570463e-21
3.28358209e-05
2.861304354e-21
3.28358209e-05
2.999430116e-20
3.28358209e-05
1.112730268e-20
3.28358209e-05
-1.23081133e-20
3.28358209e-05
1.901848458e-20
3.28358209e-05
-1.960349905e-20
3.28358209e-05
-4.06832557e-20
3.28358209e-05
-4.304817588e-21
3.28358209e-05
1.011544761e-20
3.28358209e-05
4.143552831e-21
3.28358209e-05
2.356754965e-20
3.28358209e-05
1.080913315e-20
3.28358209e-05
-3.042788993e-20
3.28358209e-05
-2.056782379e-20
3.28358209e-05
-2.030660116e-20
3.28358209e-05
7.581116131e-21
3.28358209e-05
-1.428227988e-20
3.28358209e-05
-3.456889254e-20
3.28358209e-05
-7.396420152e-21
3.28358209e-05
1.024089001e-20
3.28358209e-05
2.387118016e-20
3.28358209e-05
1.983344417e-20
3.28358209e-05
9.809901897e-21
3.28358209e-05
-2.629755475e-20
3.28358209e-05
-1.425641968e-20
3.28358209e-05
-9.158943369e-21
3.28358209e-05
1.719284136e-20
3.28358209e-05
3.882134026e-20
3.28358209e-05
-4.147274172e-20
3.28358209e-05
-4.516054589e-21
3.28358209e-05
1.860278131e-20
3.28358209e-05
-7.589381807e-21
3.28358209e-05
-6.839105621e-21
3.28358209e-05
5.265811544e-21
3.28358209e-05
6.270505929e-21
3.28358209e-05
-9.244444954e-21
3.28358209e-05
1.347031162e-21
3.28358209e-05
-1.802870054e-20
3.28358209e-05
-2.471945203e-21
3.28358209e-05
1.363327291e-20
3.28358209e-05
-6.875940921e-22
3.28358209e-05
-5.972021026e-21
3.28358209e-05
-2.455233506e-21
3.28358209e-05
3.179056665e-20
3.28358209e-05
-2.081393954e-21
3.28358209e-05
-1.728164759e-20
3.28358209e-05
-1.205311701e-21
3.28358209e-05
5.153881313e-22
3.28358209e-05
-1.158637837e-21
3.28358209e-05
7.668319059e-21
3.28358209e-05
5.766483633e-21
3.28358209e-05
-4.712134889e-21
3.28358209e-05
5.816233332e-21
3.28358209e-05
1.409569336e-20
3.28358209e-05
-1.015087837e-22
3.28358209e-05
2.18861195e-20
3.28358209e-05
-3.874027693e-22
3.28358209e-05
-2.413579163e-20
3.28358209e-05
2.271157594e-20
3.28358209e-05
-2.610804476e-20
3.28358209e-05
-2.303006438e-20
3.28358209e-05
4.213655559e-20
3.28358209e-05
2.970399633e-20
3.28358209e-05
-2.838240828e-20
3.28358209e-05
-3.721008197e-20
3.28358209e-05
2.756383579e-20
3.28358209e-05
2.430765022e-20
3.28358209e-05
2.097605296e-22
3.28358209e-05
7.636389594e-21
3.28358209e-05
-1.987565721e-20
3.28358209e-05
-3.633895106e-20
3.28358209e-05
-6.095929169e-21
3.28358209e-05
3.892556857e-20
3.28358209e-05
-1.717735135e-21
3.28358209e-05
-1.517438013e-20
3.28358209e-05
-1.207872379e-20
3.28358209e-05
2.329760167e-20
3.28358209e-05
1.591988235e-20
3.28358209e-05
-1.80873416e-20
3.28358209e-05
-9.623359357e-21
3.28358209e-05
1.624497206e-20
3.28358209e-05
7.126963473e-21
3.28358209e-05
-3.03724025e-20
3.28358209e-05
1.371686289e-20
3.28358209e-05
-7.870033782e-21
3.28358209e-05
-2.810318373e-20
3.28358209e-05
1.096036339e-20
3.28358209e-05
1.996025675e-20
3.28358209e-05
-2.135174345e-20
3.28358209e-05
-3.45444075e-20
3.28358209e-05
2.761917919e-20
3.28358209e-05
3.566153082e-20
3.28358209e-05
-4.811238449e-21
3.28358209e-05
-2.82538182e-20
3.28358209e-05
1.738616466e-20
3.28358209e-05
2.377697444e-20
3.28358209e-05
-1.751996618e-20
3.28358209e-05
-2.66697118e-20
3.28358209e-05
-2.789008393e-20
3.28358209e-05
4.580944187e-20
3.28358209e-05
2.772326026e-20
3.28358209e-05
-1.988658196e-20
3.28358209e-05
-2.372152777e-20
3.28358209e-05
-1.409319447e-20
3.28358209e-05
1.718354102e-20
3.28358209e-05
8.90688001e-21
3.28358209e-05
-1.657923628e-20
3.28358209e-05
-6.548186313e-22
3.28358209e-05
2.13341538e-20
3.28358209e-05
-1.663874491e-20
3.28358209e-05
-2.124445535e-20
3.28358209e-05
3.422412497e-20
3.28358209e-05
2.191114131e-20
3.28358209e-05
-1.355319494e-20
3.28358209e-05
-9.360160542e-21
3.28358209e-05
-1.344669944e-20
3.28358209e-05
1.695384892e-20
3.28358209e-05
-2.091205528e-20
3.28358209e-05
-2.235263049e-20
3.28358209e-05
1.901619711e-20
3.28358209e-05
-2.279116302e-21
3.28358209e-05
7.464982739e-21
3.28358209e-05
-5.897137992e-20
3.28358209e-05
1.708353039e-20
3.28358209e-05
9.940475784e-20
3.28358209e-05
1.610608335e-20
3.28358209e-05
-7.06995024e-20
3.28358209e-05
-7.200990801e-20
3.28358209e-05
2.103995361e-20
3.28358209e-05
5.408093343e-20
3.28358209e-05
1.811300913e-20
3.28358209e-05
-8.435409447e-20
3.28358209e-05
-1.235550455e-20
3.28358209e-05
9.422957692e-20
3.28358209e-05
-1.53302255e-20
3.28358209e-05
-3.967293767e-20
3.28358209e-05
4.226113329e-20
3.28358209e-05
6.707888953e-20
3.28358209e-05
1.492243315e-20
3.28358209e-05
-1.113327961e-19
3.28358209e-05
-3.373452427e-20
3.28358209e-05
7.338122621e-20
3.28358209e-05
-4.103523126e-20
3.28358209e-05
-2.434197521e-20
3.28358209e-05
5.337254503e-20
3.28358209e-05
1.17379473e-20
3.28358209e-05
1.128036811e-20
3.28358209e-05
-4.159256173e-20
3.28358209e-05
1.313424273e-20
3.28358209e-05
2.273368496e-20
3.28358209e-05
-4.14850856e-22
3.28358209e-05
-1.363073102e-20
3.28358209e-05
-2.131557585e-20
3.28358209e-05
9.979502253e-21
3.28358209e-05
1.888473302e-20
3.28358209e-05
5.12632608e-20
3.28358209e-05
-1.580846789e-20
3.28358209e-05
-1.835228388e-20
3.28358209e-05
4.410847794e-20
3.28358209e-05
-6.460019794e-20
3.28358209e-05
-3.678653428e-20
3.28358209e-05
4.317861834e-20
3.28358209e-05
-2.259314046e-21
3.28358209e-05
-7.209962278e-21
3.28358209e-05
-9.590742313e-20
3.28358209e-05
-1.612499462e-21
3.28358209e-05
1.144647198e-19
3.28358209e-05
-5.493871339e-20
3.28358209e-05
-5.891257897e-21
3.28358209e-05
8.972188568e-20
3.28358209e-05
1.151729271e-20
3.28358209e-05
-1.596369221e-20
3.28358209e-05
-8.615681856e-20
3.28358209e-05
-3.371240153e-21
3.28358209e-05
1.160454622e-19
3.28358209e-05
-3.166273655e-21
3.28358209e-05
-8.222797411e-20
3.28358209e-05
-2.892787238e-20
3.28358209e-05
3.28062987e-20
3.28358209e-05
3.456540549e-20
3.28358209e-05
2.261452245e-20
3.28358209e-05
-3.097746417e-20
3.28358209e-05
-2.069939268e-20
3.28358209e-05
-2.215793059e-20
3.28358209e-05
-1.732422904e-20
3.28358209e-05
2.772932281e-20
3.28358209e-05
1.591115472e-20
3.480271225e-20
2.089552239e-05
1.358063632e-20
2.089552239e-05
2.713326598e-21
2.089552239e-05
-5.68137131e-21
2.089552239e-05
-1.465117789e-20
2.089552239e-05
-1.894254251e-20
2.089552239e-05
-2.422848849e-20
2.089552239e-05
1.049804139e-20
2.089552239e-05
2.646950237e-20
2.089552239e-05
-2.11682433e-21
2.089552239e-05
4.663143737e-22
2.089552239e-05
1.311456798e-20
2.089552239e-05
-5.654832062e-21
2.089552239e-05
-3.126127658e-23
2.089552239e-05
2.241442612e-20
2.089552239e-05
-9.278573207e-21
2.089552239e-05
-1.176430145e-20
2.089552239e-05
5.638656847e-21
2.089552239e-05
-1.065024132e-20
2.089552239e-05
-1.50556238e-20
2.089552239e-05
3.306222451e-21
2.089552239e-05
1.892074717e-20
2.089552239e-05
8.934658264e-22
2.089552239e-05
5.553716812e-21
2.089552239e-05
1.246314562e-20
2.089552239e-05
-6.256947025e-21
2.089552239e-05
-2.102649181e-20
2.089552239e-05
-2.32896556e-20
2.089552239e-05
3.739233307e-21
2.089552239e-05
3.768925357e-22
2.089552239e-05
-2.885119642e-20
2.089552239e-05
-1.297225222e-20
2.089552239e-05
2.10295055e-20
2.089552239e-05
1.323450842e-20
2.089552239e-05
1.259265238e-20
2.089552239e-05
1.054839174e-20
2.089552239e-05
-3.239593929e-20
2.089552239e-05
-5.219669788e-21
2.089552239e-05
1.179500718e-20
2.089552239e-05
3.259987324e-21
2.089552239e-05
2.08276416e-20
2.089552239e-05
-1.847518565e-20
2.089552239e-05
-9.586429771e-21
2.089552239e-05
4.900206813e-21
2.089552239e-05
9.451819588e-22
2.089552239e-05
-9.455732541e-21
2.089552239e-05
2.205117029e-21
2.089552239e-05
1.176226603e-20
2.089552239e-05
-1.497960156e-21
2.089552239e-05
-1.261379881e-21
2.089552239e-05
-1.79950125e-20
2.089552239e-05
6.519379418e-21
2.089552239e-05
1.470443132e-20
2.089552239e-05
-5.145510936e-21
2.089552239e-05
-9.996811847e-23
2.089552239e-05
2.384606683e-21
2.089552239e-05
9.304899132e-21
2.089552239e-05
-4.448340978e-22
2.089552239e-05
-6.561891088e-21
2.089552239e-05
7.918756435e-22
2.089552239e-05
-2.818463318e-22
2.089552239e-05
-1.457024342e-21
2.089552239e-05
2.480297852e-21
2.089552239e-05
3.303453052e-21
2.089552239e-05
-1.79576421e-21
2.089552239e-05
1.94840431e-21
2.089552239e-05
6.12926267e-21
2.089552239e-05
9.668495603e-21
2.089552239e-05
6.82505383e-21
2.089552239e-05
-1.206646849e-20
2.089552239e-05
-1.370041969e-20
2.089552239e-05
5.729370544e-21
2.089552239e-05
-2.070416055e-20
2.089552239e-05
2.948734977e-21
2.089552239e-05
2.714319266e-20
2.089552239e-05
4.021033891e-21
2.089552239e-05
-2.778098848e-20
2.089552239e-05
-6.184844424e-21
2.089552239e-05
4.4556382e-20
2.089552239e-05
8.198200697e-21
2.089552239e-05
-7.81694375e-22
2.089552239e-05
8.61339169e-21
2.089552239e-05
-1.616241254e-20
2.089552239e-05
-2.283358469e-20
2.089552239e-05
4.844087024e-21
2.089552239e-05
1.596935692e-20
2.089552239e-05
-4.258393469e-21
2.089552239e-05
-7.870583921e-21
2.089552239e-05
-1.07291422e-20
2.089552239e-05
2.050021689e-20
2.089552239e-05
8.290386923e-21
2.089552239e-05
-2.02122398e-20
2.089552239e-05
-2.412520357e-20
2.089552239e-05
1.570627379e-20
2.089552239e-05
2.695390404e-20
2.089552239e-05
-4.149390591e-21
2.089552239e-05
4.623904651e-21
2.089552239e-05
-3.932299752e-21
2.089552239e-05
-1.520288443e-20
2.089552239e-05
-9.694175749e-21
2.089552239e-05
1.839616864e-20
2.089552239e-05
7.804847744e-21
2.089552239e-05
-2.854581814e-20
2.089552239e-05
-3.41686694e-21
2.089552239e-05
1.335470224e-20
2.089552239e-05
9.858804842e-21
2.089552239e-05
9.754461587e-22
2.089552239e-05
-2.583984948e-21
2.089552239e-05
-4.323971772e-21
2.089552239e-05
-1.923016248e-22
2.089552239e-05
-5.643372215e-22
2.089552239e-05
-2.263167263e-20
2.089552239e-05
1.316528015e-20
2.089552239e-05
7.814188076e-21
2.089552239e-05
3.678717249e-21
2.089552239e-05
2.499142645e-21
2.089552239e-05
-1.259229042e-20
2.089552239e-05
-5.931203334e-21
2.089552239e-05
1.00884736e-20
2.089552239e-05
5.375289026e-21
2.089552239e-05
-6.962223707e-21
2.089552239e-05
-2.874865168e-21
2.089552239e-05
-1.32972422e-20
2.089552239e-05
-1.404552098e-20
2.089552239e-05
1.371489664e-20
2.089552239e-05
1.221620316e-20
2.089552239e-05
1.016943719e-20
2.089552239e-05
9.974065464e-21
2.089552239e-05
-1.422072473e-20
2.089552239e-05
-1.245799475e-21
2.089552239e-05
-1.354843861e-20
2.089552239e-05
-5.915917754e-21
2.089552239e-05
1.003359659e-20
2.089552239e-05
-8.175210297e-21
2.089552239e-05
1.354118397e-20
2.089552239e-05
-3.245228904e-20
2.089552239e-05
4.332391722e-21
2.089552239e-05
5.521964946e-20
2.089552239e-05
1.792098188e-20
2.089552239e-05
-3.180220548e-20
2.089552239e-05
-5.159948749e-20
2.089552239e-05
7.104057601e-21
2.089552239e-05
2.468668796e-20
2.089552239e-05
1.563227804e-20
2.089552239e-05
-4.368871996e-20
2.089552239e-05
-1.187250399e-20
2.089552239e-05
6.511423795e-20
2.089552239e-05
-1.22870046e-20
2.089552239e-05
-3.678146057e-20
2.089552239e-05
2.994840237e-20
2.089552239e-05
4.892217099e-20
2.089552239e-05
1.081797768e-20
2.089552239e-05
-5.310739084e-20
2.089552239e-05
-2.973745753e-20
2.089552239e-05
2.710300242e-20
2.089552239e-05
-2.063800518e-20
2.089552239e-05
1.943489386e-21
2.089552239e-05
2.039673831e-20
2.089552239e-05
-9.269184637e-21
2.089552239e-05
1.805325056e-20
2.089552239e-05
-1.593806439e-20
2.089552239e-05
2.21829869e-21
2.089552239e-05
-1.655972934e-21
2.089552239e-05
8.44628707e-21
2.089552239e-05
1.486144729e-21
2.089552239e-05
-1.038498839e-20
2.089552239e-05
-9.965273584e-21
2.089552239e-05
9.651920249e-21
2.089552239e-05
5.208522566e-20
2.089552239e-05
-1.662053402e-20
2.089552239e-05
-1.566447627e-20
2.089552239e-05
2.584038761e-20
2.089552239e-05
-4.29788986e-20
2.089552239e-05
-2.104178746e-20
2.089552239e-05
4.455303537e-20
2.089552239e-05
-1.111558875e-20
2.089552239e-05
-2.704620408e-21
2.089552239e-05
-5.234800624e-20
2.089552239e-05
-5.867592889e-21
2.089552239e-05
7.522179091e-20
2.089552239e-05
-2.406513467e-20
2.089552239e-05
-1.005057205e-20
2.089552239e-05
4.119944052e-20
2.089552239e-05
-6.335079634e-21
2.089552239e-05
-6.257893462e-21
2.089552239e-05
-4.039623655e-20
2.089552239e-05
-7.15433678e-21
2.089552239e-05
4.888464528e-20
2.089552239e-05
-9.136230504e-21
2.089552239e-05
-2.908183489e-20
2.089552239e-05
-2.446893786e-21
2.089552239e-05
1.365858537e-20
2.089552239e-05
7.730534024e-21
2.089552239e-05
1.910957879e-20
2.089552239e-05
-4.530034618e-21
2.089552239e-05
-1.130823288e-20
2.089552239e-05
-3.530688766e-20
2.089552239e-05
-2.457721614e-20
2.089552239e-05
3.842591918e-20
2.089552239e-05
2.470884085e-20
1.454425659e-20
7.462686567e-06
7.462686567e-06
7.462686567e-06
7.462686567e-06
7.462686567e-06
7.462686567e-06
7.462686567e-06
7.462686567e-06
7.462686567e-06
7.462686567e-06
7.462686567e-06
7.462686567e-06
7.462686567e-06
7.462686567e-06
7.462686567e-06
7.462686567e-06
7.462686567e-06
7.462686567e-06
7.462686567e-06
7.462686567e-06
7.462686567e-06
7.462686567e-06
7.462686567e-06
7.462686567e-06
7.462686567e-06
7.462686567e-06
7.462686567e-06
7.462686567e-06
7.462686567e-06
7.462686567e-06
7.462686567e-06
7.462686567e-06
7.462686567e-06
7.462686567e-06
7.462686567e-06
7.462686567e-06
7.462686567e-06
7.462686567e-06
7.462686567e-06
7.462686567e-06
7.462686567e-06
7.462686567e-06
7.462686567e-06
7.462686567e-06
7.462686567e-06
7.462686567e-06
7.462686567e-06
7.462686567e-06
7.462686567e-06
7.462686567e-06
7.462686567e-06
7.462686567e-06
7.462686567e-06
7.462686567e-06
7.462686567e-06
7.462686567e-06
7.462686567e-06
7.462686567e-06
7.462686567e-06
7.462686567e-06
7.462686567e-06
7.462686567e-06
7.462686567e-06
7.462686567e-06
7.462686567e-06
7.462686567e-06
7.462686567e-06
7.462686567e-06
7.462686567e-06
7.462686567e-06
7.462686567e-06
7.462686567e-06
7.462686567e-06
7.462686567e-06
7.462686567e-06
7.462686567e-06
7.462686567e-06
7.462686567e-06
7.462686567e-06
7.462686567e-06
7.462686567e-06
7.462686567e-06
7.462686567e-06
7.462686567e-06
7.462686567e-06
7.462686567e-06
7.462686567e-06
7.462686567e-06
7.462686567e-06
7.462686567e-06
7.462686567e-06
7.462686567e-06
7.462686567e-06
7.462686567e-06
7.462686567e-06
7.462686567e-06
7.462686567e-06
7.462686567e-06
7.462686567e-06
7.462686567e-06
7.462686567e-06
7.462686567e-06
7.462686567e-06
7.462686567e-06
7.462686567e-06
7.462686567e-06
7.462686567e-06
7.462686567e-06
7.462686567e-06
7.462686567e-06
7.462686567e-06
7.462686567e-06
7.462686567e-06
7.462686567e-06
7.462686567e-06
7.462686567e-06
7.462686567e-06
7.462686567e-06
7.462686567e-06
7.462686567e-06
7.462686567e-06
7.462686567e-06
7.462686567e-06
7.462686567e-06
7.462686567e-06
7.462686567e-06
7.462686567e-06
7.462686567e-06
7.462686567e-06
7.462686567e-06
7.462686567e-06
7.462686567e-06
7.462686567e-06
7.462686567e-06
7.462686567e-06
7.462686567e-06
7.462686567e-06
7.462686567e-06
7.462686567e-06
7.462686567e-06
7.462686567e-06
7.462686567e-06
7.462686567e-06
7.462686567e-06
7.462686567e-06
7.462686567e-06
7.462686567e-06
7.462686567e-06
7.462686567e-06
7.462686567e-06
7.462686567e-06
7.462686567e-06
7.462686567e-06
7.462686567e-06
7.462686567e-06
7.462686567e-06
7.462686567e-06
7.462686567e-06
7.462686567e-06
7.462686567e-06
7.462686567e-06
7.462686567e-06
7.462686567e-06
7.462686567e-06
7.462686567e-06
7.462686567e-06
7.462686567e-06
7.462686567e-06
7.462686567e-06
7.462686567e-06
7.462686567e-06
7.462686567e-06
7.462686567e-06
7.462686567e-06
7.462686567e-06
7.462686567e-06
7.462686567e-06
7.462686567e-06
7.462686567e-06
7.462686567e-06
7.462686567e-06
7.462686567e-06
7.462686567e-06
7.462686567e-06
7.462686567e-06
7.462686567e-06
7.462686567e-06
7.462686567e-06
7.462686567e-06
7.462686567e-06
7.462686567e-06
7.462686567e-06
7.462686567e-06
7.462686567e-06
7.462686567e-06
7.462686567e-06
7.462686567e-06
7.462686567e-06
7.462686567e-06
)
;

boundaryField
{
    inlet
    {
        type            cyclic;
        value           nonuniform List<scalar> 
20
(
-5.970149254e-05
-6.567164179e-05
-7.014925373e-05
-7.313432836e-05
-7.462686567e-05
-7.462686567e-05
-7.313432836e-05
-7.014925373e-05
-6.567164179e-05
-5.970149254e-05
-5.223880597e-05
-4.328358209e-05
-3.28358209e-05
-2.089552239e-05
-7.462686567e-06
-5.223880597e-05
-4.328358209e-05
-3.28358209e-05
-2.089552239e-05
-7.462686567e-06
)
;
    }
    outlet
    {
        type            cyclic;
        value           nonuniform List<scalar> 
20
(
5.970149254e-05
6.567164179e-05
7.014925373e-05
7.313432836e-05
7.462686567e-05
7.462686567e-05
7.313432836e-05
7.014925373e-05
6.567164179e-05
5.970149254e-05
5.223880597e-05
4.328358209e-05
3.28358209e-05
2.089552239e-05
7.462686567e-06
5.223880597e-05
4.328358209e-05
3.28358209e-05
2.089552239e-05
7.462686567e-06
)
;
    }
    topWall
    {
        type            calculated;
        value           uniform 0;
    }
    bottomWall
    {
        type            calculated;
        value           uniform 0;
    }
    frontAndBack
    {
        type            empty;
        value           nonuniform List<scalar> 0();
    }
}


// ************************************************************************* //
