/*--------------------------------*- C++ -*----------------------------------*\
  =========                 |
  \\      /  F ield         | OpenFOAM: The Open Source CFD Toolbox
   \\    /   O peration     | Website:  https://openfoam.org
    \\  /    A nd           | Version:  10
     \\/     M anipulation  |
\*---------------------------------------------------------------------------*/
FoamFile
{
    format      ascii;
    class       volVectorField;
    location    "2000";
    object      U;
}
// * * * * * * * * * * * * * * * * * * * * * * * * * * * * * * * * * * * * * //

dimensions      [0 1 -1 0 0 0 0];

internalField   nonuniform List<vector> 
4000
(
(0.1492537313 6.861178201e-16 0)
(0.1492537313 1.151707292e-16 0)
(0.1492537313 7.070031734e-18 0)
(0.1492537313 -1.461183762e-17 0)
(0.1492537313 -2.297479301e-17 0)
(0.1492537313 -1.834211249e-17 0)
(0.1492537313 5.206395311e-18 0)
(0.1492537313 -4.465964675e-18 0)
(0.1492537313 -3.089791243e-17 0)
(0.1492537313 1.616297671e-17 0)
(0.1492537313 1.053536973e-17 0)
(0.1492537313 -1.86153192e-17 0)
(0.1492537313 -6.220718329e-18 0)
(0.1492537313 2.463824316e-17 0)
(0.1492537313 1.439262561e-17 0)
(0.1492537313 -2.613161224e-17 0)
(0.1492537313 -1.909970657e-17 0)
(0.1492537313 2.035164666e-17 0)
(0.1492537313 1.747166734e-18 0)
(0.1492537313 2.176113707e-17 0)
(0.1492537313 2.156307292e-17 0)
(0.1492537313 -5.773031843e-17 0)
(0.1492537313 -1.668229569e-17 0)
(0.1492537313 3.578415453e-17 0)
(0.1492537313 8.93839389e-18 0)
(0.1492537313 2.073230085e-17 0)
(0.1492537313 -1.686750012e-17 0)
(0.1492537313 4.759840753e-18 0)
(0.1492537313 2.070585534e-17 0)
(0.1492537313 -4.087789899e-17 0)
(0.1492537313 5.852672217e-18 0)
(0.1492537313 -2.591558723e-17 0)
(0.1492537313 1.536573518e-17 0)
(0.1492537313 3.921742418e-18 0)
(0.1492537313 -3.202960191e-17 0)
(0.1492537313 7.81470158e-17 0)
(0.1492537313 -5.045544139e-17 0)
(0.1492537313 -3.334001805e-17 0)
(0.1492537313 5.708265784e-18 0)
(0.1492537313 1.480085036e-17 0)
(0.1492537313 7.582471483e-17 0)
(0.1492537313 -5.224099914e-17 0)
(0.1492537313 1.307977257e-17 0)
(0.1492537313 -5.315973187e-17 0)
(0.1492537313 -9.623536378e-18 0)
(0.1492537313 2.091782862e-17 0)
(0.1492537313 9.847367394e-18 0)
(0.1492537313 5.378181504e-17 0)
(0.1492537313 -5.337265837e-17 0)
(0.1492537313 -2.237194107e-17 0)
(0.1492537313 4.327156782e-17 0)
(0.1492537313 -1.167557318e-18 0)
(0.1492537313 4.201912165e-17 0)
(0.1492537313 -3.661251519e-17 0)
(0.1492537313 -4.6837958e-17 0)
(0.1492537313 3.837509845e-17 0)
(0.1492537313 6.568593839e-17 0)
(0.1492537313 -4.945778617e-17 0)
(0.1492537313 1.835072559e-18 0)
(0.1492537313 1.868756397e-17 0)
(0.1492537313 -1.094936203e-17 0)
(0.1492537313 7.949438973e-18 0)
(0.1492537313 8.504092035e-18 0)
(0.1492537313 -1.78482515e-17 0)
(0.1492537313 -5.289926216e-17 0)
(0.1492537313 4.579015482e-17 0)
(0.1492537313 6.213687438e-17 0)
(0.1492537313 -5.212593741e-17 0)
(0.1492537313 -4.064605782e-17 0)
(0.1492537313 9.422732517e-17 0)
(0.1492537313 -7.336646064e-17 0)
(0.1492537313 -3.423550754e-17 0)
(0.1492537313 1.645271833e-16 0)
(0.1492537313 -1.088998288e-16 0)
(0.1492537313 -1.08412819e-16 0)
(0.1492537313 1.015705502e-16 0)
(0.1492537313 7.271318322e-17 0)
(0.1492537313 6.856950143e-18 0)
(0.1492537313 -1.730203871e-16 0)
(0.1492537313 4.449933422e-17 0)
(0.1492537313 1.108076472e-16 0)
(0.1492537313 -2.11701057e-17 0)
(0.1492537313 -1.122699686e-17 0)
(0.1492537313 -7.731615374e-17 0)
(0.1492537313 3.941282667e-18 0)
(0.1492537313 5.243820253e-17 0)
(0.1492537313 6.830759635e-17 0)
(0.1492537313 9.261936394e-18 0)
(0.1492537313 -1.580603833e-16 0)
(0.1492537313 5.587641142e-17 0)
(0.1492537313 9.927275309e-17 0)
(0.1492537313 -6.823059715e-18 0)
(0.1492537313 -1.088174219e-16 0)
(0.1492537313 5.683792408e-17 0)
(0.1492537313 6.442917532e-17 0)
(0.1492537313 -1.163792674e-16 0)
(0.1492537313 1.216057047e-16 0)
(0.1492537313 1.853727472e-17 0)
(0.1492537313 -1.182615675e-16 0)
(0.1492537313 -1.600902297e-17 0)
(0.1492537313 4.502503867e-17 0)
(0.1492537313 1.102084643e-16 0)
(0.1492537313 -9.647193624e-17 0)
(0.1492537313 -1.038589111e-16 0)
(0.1492537313 8.171500489e-17 0)
(0.1492537313 1.094398595e-16 0)
(0.1492537313 -2.541782197e-18 0)
(0.1492537313 -2.209289448e-16 0)
(0.1492537313 6.488639409e-18 0)
(0.1492537313 2.331057946e-16 0)
(0.1492537313 -8.329241448e-17 0)
(0.1492537313 -1.163885786e-16 0)
(0.1492537313 8.969647467e-17 0)
(0.1492537313 -1.213015668e-18 0)
(0.1492537313 9.583707227e-17 0)
(0.1492537313 -9.116142544e-17 0)
(0.1492537313 -1.278359158e-16 0)
(0.1492537313 1.22620856e-16 0)
(0.1492537313 1.172032406e-16 0)
(0.1492537313 -1.911989006e-17 0)
(0.1492537313 -2.265211332e-16 0)
(0.1492537313 5.681600543e-18 0)
(0.1492537313 2.102849392e-16 0)
(0.1492537313 -9.858753279e-17 0)
(0.1492537313 -9.889032812e-17 0)
(0.1492537313 8.473465063e-17 0)
(0.1492537313 1.084448622e-16 0)
(0.1492537313 -7.661447962e-18 0)
(0.1492537313 -2.340488582e-16 0)
(0.1492537313 1.245041583e-16 0)
(0.1492537313 8.919497794e-18 0)
(0.1492537313 -1.16150856e-16 0)
(0.1492537313 9.272753326e-17 0)
(0.1492537313 -1.003480302e-16 0)
(0.1492537313 2.136502287e-16 0)
(0.1492537313 1.049716977e-17 0)
(0.1492537313 -2.168484916e-16 0)
(0.1492537313 8.365960138e-17 0)
(0.1492537313 5.43320607e-18 0)
(0.1492537313 1.11853714e-16 0)
(0.1492537313 -1.787730699e-17 0)
(0.1492537313 -1.951342055e-16 0)
(0.1492537313 4.992514294e-18 0)
(0.1492537313 1.060612436e-16 0)
(0.1492537313 3.048748803e-18 0)
(0.1492537313 -3.650594973e-17 0)
(0.1492537313 2.325596867e-16 0)
(0.1492537313 -6.976843024e-17 0)
(0.1492537313 -3.057605467e-16 0)
(0.1492537313 8.863753268e-17 0)
(0.1492537313 9.096788593e-17 0)
(0.1492537313 1.221804796e-16 0)
(0.1492537313 -8.740088981e-17 0)
(0.1492537313 -2.349567483e-16 0)
(0.1492537313 3.328284381e-16 0)
(0.1492537313 1.153096293e-16 0)
(0.1492537313 -2.16613814e-16 0)
(0.1492537313 -1.071602405e-16 0)
(0.1492537313 -9.816611779e-17 0)
(0.1492537313 2.173976524e-16 0)
(0.1492537313 8.307779311e-17 0)
(0.1492537313 2.284525585e-18 0)
(0.1492537313 -8.866072417e-17 0)
(0.1492537313 -9.188518965e-17 0)
(0.1492537313 1.568208184e-16 0)
(0.1492537313 -9.856087627e-17 0)
(0.1492537313 2.033402985e-17 0)
(0.1492537313 -9.899478942e-17 0)
(0.1492537313 -9.524496684e-18 0)
(0.1492537313 2.864929259e-16 0)
(0.1492537313 -1.957874294e-16 0)
(0.1492537313 6.853189289e-18 0)
(0.1492537313 2.994214481e-17 0)
(0.1492537313 -2.15727279e-16 0)
(0.1492537313 3.434278403e-16 0)
(0.1492537313 -3.595209379e-17 0)
(0.1492537313 -1.352564098e-16 0)
(0.1492537313 5.976373092e-17 0)
(0.1492537313 -2.483496902e-16 0)
(0.1492537313 3.121539763e-16 0)
(0.1492537313 2.354323946e-17 0)
(0.1492537313 -1.498271438e-16 0)
(0.1492537313 2.27382616e-17 0)
(0.1492537313 -5.982039845e-18 0)
(0.1492537313 1.079418313e-16 0)
(0.1492537313 -1.584010631e-16 0)
(0.1492537313 -1.560214267e-16 0)
(0.1492537313 3.242649212e-16 0)
(0.1492537313 1.233281665e-16 0)
(0.1492537313 -2.471358943e-16 0)
(0.1492537313 -9.828365571e-17 0)
(0.1492537313 1.189381909e-16 0)
(0.1492537313 -2.578826821e-17 0)
(0.1492537313 -9.277729861e-17 0)
(0.1492537313 2.060744868e-16 0)
(0.1492537313 -2.298438368e-16 0)
(0.1492537313 1.097852695e-16 0)
(0.1492537313 2.158192246e-16 0)
(0.1492537313 -3.333569977e-16 0)
(0.1492537313 7.977153859e-17 0)
(0.4179104478 1.442718204e-15 0)
(0.4179104478 3.769361957e-16 0)
(0.4179104478 1.712706175e-16 0)
(0.4179104478 6.189143652e-17 0)
(0.4179104478 -1.755153433e-17 0)
(0.4179104478 -7.226759596e-17 0)
(0.4179104478 -1.145602302e-17 0)
(0.4179104478 1.979160733e-17 0)
(0.4179104478 -4.994906599e-17 0)
(0.4179104478 9.829747348e-18 0)
(0.4179104478 3.045434523e-17 0)
(0.4179104478 -1.553630268e-17 0)
(0.4179104478 -5.983149309e-18 0)
(0.4179104478 2.807932684e-17 0)
(0.4179104478 4.468362938e-17 0)
(0.4179104478 -9.378123186e-17 0)
(0.4179104478 -3.92120607e-17 0)
(0.4179104478 3.831241641e-17 0)
(0.4179104478 -3.440845885e-17 0)
(0.4179104478 -9.440504853e-18 0)
(0.4179104478 5.952682167e-18 0)
(0.4179104478 -3.805505117e-17 0)
(0.4179104478 -7.685917129e-17 0)
(0.4179104478 4.189934551e-17 0)
(0.4179104478 1.176186119e-16 0)
(0.4179104478 4.517176555e-17 0)
(0.4179104478 -1.400373591e-17 0)
(0.4179104478 6.095965888e-17 0)
(0.4179104478 1.916619641e-17 0)
(0.4179104478 -8.747775363e-17 0)
(0.4179104478 2.930542375e-17 0)
(0.4179104478 -2.650174911e-17 0)
(0.4179104478 -7.034128373e-17 0)
(0.4179104478 3.776584327e-17 0)
(0.4179104478 -6.890357364e-17 0)
(0.4179104478 3.008845337e-18 0)
(0.4179104478 -2.796061027e-17 0)
(0.4179104478 -4.95519575e-17 0)
(0.4179104478 1.36159444e-17 0)
(0.4179104478 4.336370951e-17 0)
(0.4179104478 7.396946375e-17 0)
(0.4179104478 2.183044045e-17 0)
(0.4179104478 5.911456915e-17 0)
(0.4179104478 -1.483185527e-16 0)
(0.4179104478 3.543789274e-17 0)
(0.4179104478 -3.989652374e-17 0)
(0.4179104478 -9.667009481e-17 0)
(0.4179104478 1.042776613e-16 0)
(0.4179104478 -3.583424624e-17 0)
(0.4179104478 8.618555205e-17 0)
(0.4179104478 7.490903396e-17 0)
(0.4179104478 -1.272798336e-16 0)
(0.4179104478 1.376998932e-18 0)
(0.4179104478 4.939806861e-17 0)
(0.4179104478 -7.195789738e-17 0)
(0.4179104478 -3.096529487e-17 0)
(0.4179104478 1.566936558e-16 0)
(0.4179104478 -7.616049348e-17 0)
(0.4179104478 4.679516341e-17 0)
(0.4179104478 6.952039389e-17 0)
(0.4179104478 -1.200479334e-16 0)
(0.4179104478 1.804693394e-17 0)
(0.4179104478 -9.429271992e-18 0)
(0.4179104478 -8.717095444e-17 0)
(0.4179104478 -3.343900223e-17 0)
(0.4179104478 1.066067545e-16 0)
(0.4179104478 -4.406872836e-17 0)
(0.4179104478 3.661656599e-17 0)
(0.4179104478 1.855703533e-16 0)
(0.4179104478 -6.050964519e-17 0)
(0.4179104478 -2.477501831e-16 0)
(0.4179104478 5.13647937e-17 0)
(0.4179104478 2.344453087e-16 0)
(0.4179104478 -1.369902996e-16 0)
(0.4179104478 -1.623440949e-16 0)
(0.4179104478 1.376589741e-16 0)
(0.4179104478 1.591777862e-16 0)
(0.4179104478 -2.127562395e-17 0)
(0.4179104478 -3.064190621e-16 0)
(0.4179104478 7.525654243e-17 0)
(0.4179104478 1.144942194e-16 0)
(0.4179104478 -1.311882185e-16 0)
(0.4179104478 -1.550374665e-17 0)
(0.4179104478 7.894062012e-17 0)
(0.4179104478 1.620002151e-16 0)
(0.4179104478 1.340650665e-16 0)
(0.4179104478 -1.387356798e-16 0)
(0.4179104478 -1.994031588e-16 0)
(0.4179104478 -8.85353319e-17 0)
(0.4179104478 1.905590085e-16 0)
(0.4179104478 2.624629162e-16 0)
(0.4179104478 -2.435776406e-16 0)
(0.4179104478 -2.353891882e-16 0)
(0.4179104478 2.830721845e-16 0)
(0.4179104478 2.914567854e-17 0)
(0.4179104478 -2.169616382e-16 0)
(0.4179104478 1.030296059e-16 0)
(0.4179104478 1.712152691e-16 0)
(0.4179104478 -2.191382883e-16 0)
(0.4179104478 -2.078325028e-16 0)
(0.4179104478 2.937296684e-16 0)
(0.4179104478 1.163590879e-16 0)
(0.4179104478 -7.236739732e-17 0)
(0.4179104478 -1.44360669e-16 0)
(0.4179104478 6.534598245e-17 0)
(0.4179104478 1.354568274e-16 0)
(0.4179104478 -1.385040426e-16 0)
(0.4179104478 -1.146739263e-16 0)
(0.4179104478 5.786043004e-17 0)
(0.4179104478 2.682601196e-16 0)
(0.4179104478 -2.0167261e-16 0)
(0.4179104478 -1.895543537e-16 0)
(0.4179104478 2.298979002e-16 0)
(0.4179104478 1.65528523e-16 0)
(0.4179104478 4.261656402e-17 0)
(0.4179104478 -1.706043235e-16 0)
(0.4179104478 -2.223326081e-16 0)
(0.4179104478 2.407330139e-16 0)
(0.4179104478 2.441693269e-16 0)
(0.4179104478 -1.798595881e-16 0)
(0.4179104478 -1.52482822e-16 0)
(0.4179104478 9.523990246e-18 0)
(0.4179104478 1.299011876e-16 0)
(0.4179104478 9.056788633e-18 0)
(0.4179104478 1.18066737e-16 0)
(0.4179104478 5.230412467e-17 0)
(0.4179104478 -1.149324068e-16 0)
(0.4179104478 -1.244907744e-16 0)
(0.4179104478 -2.386082861e-16 0)
(0.4179104478 2.576151604e-16 0)
(0.4179104478 4.845031003e-17 0)
(0.4179104478 -1.035930343e-16 0)
(0.4179104478 2.045662931e-16 0)
(0.4179104478 -2.163586303e-16 0)
(0.4179104478 -1.033456169e-16 0)
(0.4179104478 9.946918029e-17 0)
(0.4179104478 -3.152894028e-17 0)
(0.4179104478 -3.482884991e-17 0)
(0.4179104478 1.741199077e-16 0)
(0.4179104478 3.686357478e-17 0)
(0.4179104478 -2.618912299e-16 0)
(0.4179104478 -1.56585118e-16 0)
(0.4179104478 3.365317577e-17 0)
(0.4179104478 2.051199298e-16 0)
(0.4179104478 8.079955623e-17 0)
(0.4179104478 1.534657281e-17 0)
(0.4179104478 2.061908214e-16 0)
(0.4179104478 -9.779693096e-17 0)
(0.4179104478 -2.601666449e-16 0)
(0.4179104478 1.782702042e-18 0)
(0.4179104478 3.007644323e-17 0)
(0.4179104478 2.779597802e-16 0)
(0.4179104478 -8.071320968e-17 0)
(0.4179104478 -3.632592188e-16 0)
(0.4179104478 4.695337677e-16 0)
(0.4179104478 1.95537641e-16 0)
(0.4179104478 -3.222954439e-16 0)
(0.4179104478 -2.165450009e-16 0)
(0.4179104478 -9.217832843e-17 0)
(0.4179104478 3.612579527e-16 0)
(0.4179104478 2.028412954e-16 0)
(0.4179104478 -2.441078443e-16 0)
(0.4179104478 -6.091796189e-17 0)
(0.4179104478 1.402530713e-16 0)
(0.4179104478 -6.273639935e-17 0)
(0.4179104478 -2.084415934e-16 0)
(0.4179104478 -6.324395704e-17 0)
(0.4179104478 2.319691006e-17 0)
(0.4179104478 2.042166815e-16 0)
(0.4179104478 2.281090979e-16 0)
(0.4179104478 -1.46154095e-16 0)
(0.4179104478 -7.128231062e-17 0)
(0.4179104478 2.977508123e-16 0)
(0.4179104478 -5.383208532e-16 0)
(0.4179104478 6.888635727e-17 0)
(0.4179104478 6.259625058e-17 0)
(0.4179104478 -3.589733454e-17 0)
(0.4179104478 2.917478788e-16 0)
(0.4179104478 -4.552879256e-16 0)
(0.4179104478 4.098496167e-16 0)
(0.4179104478 8.671320217e-17 0)
(0.4179104478 -3.631531756e-16 0)
(0.4179104478 3.17574828e-16 0)
(0.4179104478 -5.107561009e-16 0)
(0.4179104478 7.077563516e-17 0)
(0.4179104478 6.220436992e-16 0)
(0.4179104478 -4.309295573e-16 0)
(0.4179104478 1.480651539e-16 0)
(0.4179104478 3.310074679e-16 0)
(0.4179104478 -2.988017841e-16 0)
(0.4179104478 -3.034845522e-16 0)
(0.4179104478 1.382053218e-16 0)
(0.4179104478 -8.444708357e-17 0)
(0.4179104478 -8.428238345e-17 0)
(0.4179104478 2.150128202e-16 0)
(0.4179104478 1.142611333e-16 0)
(0.4179104478 5.910598358e-17 0)
(0.4179104478 -1.314063371e-16 0)
(0.4179104478 -2.892298622e-16 0)
(0.4179104478 1.832362053e-16 0)
(0.6567164179 1.489448422e-15 0)
(0.6567164179 5.583796316e-16 0)
(0.6567164179 3.373341392e-16 0)
(0.6567164179 1.400000886e-16 0)
(0.6567164179 -5.21116171e-18 0)
(0.6567164179 -4.500664341e-17 0)
(0.6567164179 9.264517031e-18 0)
(0.6567164179 6.276318077e-18 0)
(0.6567164179 -1.035284191e-16 0)
(0.6567164179 4.323521125e-17 0)
(0.6567164179 6.194656464e-17 0)
(0.6567164179 1.960053684e-17 0)
(0.6567164179 3.050730505e-17 0)
(0.6567164179 -2.219810443e-17 0)
(0.6567164179 -1.496716348e-18 0)
(0.6567164179 -1.168797782e-16 0)
(0.6567164179 -8.03664533e-17 0)
(0.6567164179 6.930242401e-18 0)
(0.6567164179 -2.456665611e-17 0)
(0.6567164179 2.682062747e-18 0)
(0.6567164179 -5.176417022e-17 0)
(0.6567164179 -1.106735321e-16 0)
(0.6567164179 -1.169581184e-16 0)
(0.6567164179 1.302744943e-16 0)
(0.6567164179 1.761709633e-16 0)
(0.6567164179 7.152761426e-17 0)
(0.6567164179 1.025901988e-16 0)
(0.6567164179 9.000694728e-17 0)
(0.6567164179 -1.55578875e-17 0)
(0.6567164179 -1.20130293e-16 0)
(0.6567164179 -4.73018946e-19 0)
(0.6567164179 8.835206863e-18 0)
(0.6567164179 -1.895066135e-16 0)
(0.6567164179 3.065624987e-18 0)
(0.6567164179 -1.807570772e-16 0)
(0.6567164179 -5.146509989e-17 0)
(0.6567164179 6.687237457e-18 0)
(0.6567164179 2.729781342e-17 0)
(0.6567164179 3.75409442e-17 0)
(0.6567164179 1.067482509e-16 0)
(0.6567164179 2.809148888e-17 0)
(0.6567164179 -5.171898031e-17 0)
(0.6567164179 1.903445162e-16 0)
(0.6567164179 -1.525374135e-16 0)
(0.6567164179 -9.785935047e-17 0)
(0.6567164179 1.704943005e-18 0)
(0.6567164179 -1.351452964e-16 0)
(0.6567164179 2.800215079e-17 0)
(0.6567164179 7.21376864e-17 0)
(0.6567164179 -1.628998851e-17 0)
(0.6567164179 1.159193919e-16 0)
(0.6567164179 -9.970616043e-17 0)
(0.6567164179 -4.029469117e-17 0)
(0.6567164179 1.543068043e-16 0)
(0.6567164179 3.611091344e-18 0)
(0.6567164179 -1.85335455e-17 0)
(0.6567164179 -1.056881664e-17 0)
(0.6567164179 -6.711870166e-17 0)
(0.6567164179 2.490170132e-16 0)
(0.6567164179 2.642271931e-17 0)
(0.6567164179 -2.385639924e-16 0)
(0.6567164179 1.229848489e-16 0)
(0.6567164179 6.069430261e-17 0)
(0.6567164179 -1.792970592e-16 0)
(0.6567164179 3.200104942e-17 0)
(0.6567164179 5.762441248e-17 0)
(0.6567164179 -3.166004914e-17 0)
(0.6567164179 1.712881075e-16 0)
(0.6567164179 2.826699345e-16 0)
(0.6567164179 -2.223150573e-16 0)
(0.6567164179 -4.126390392e-16 0)
(0.6567164179 2.564845151e-16 0)
(0.6567164179 1.658508905e-16 0)
(0.6567164179 -1.18091119e-16 0)
(0.6567164179 -1.711915241e-16 0)
(0.6567164179 1.591696887e-16 0)
(0.6567164179 2.711379641e-16 0)
(0.6567164179 -1.89196069e-16 0)
(0.6567164179 -3.29938291e-16 0)
(0.6567164179 5.204210869e-17 0)
(0.6567164179 1.853031458e-16 0)
(0.6567164179 -2.763997367e-16 0)
(0.6567164179 -9.949539683e-17 0)
(0.6567164179 4.719433367e-16 0)
(0.6567164179 1.475783983e-16 0)
(0.6567164179 8.974661537e-17 0)
(0.6567164179 3.333601021e-17 0)
(0.6567164179 -3.495829304e-16 0)
(0.6567164179 -9.315776269e-17 0)
(0.6567164179 3.230134828e-16 0)
(0.6567164179 8.665188421e-17 0)
(0.6567164179 -2.184531929e-16 0)
(0.6567164179 -9.775142457e-17 0)
(0.6567164179 8.495438539e-17 0)
(0.6567164179 -2.646360322e-17 0)
(0.6567164179 -2.105999588e-16 0)
(0.6567164179 1.98927201e-16 0)
(0.6567164179 1.31071119e-16 0)
(0.6567164179 -2.096119632e-16 0)
(0.6567164179 -2.384011878e-16 0)
(0.6567164179 8.741425651e-17 0)
(0.6567164179 3.670401319e-16 0)
(0.6567164179 1.624759733e-16 0)
(0.6567164179 -1.291361368e-16 0)
(0.6567164179 -3.123296879e-16 0)
(0.6567164179 1.680059692e-16 0)
(0.6567164179 -4.481722728e-18 0)
(0.6567164179 -2.789911786e-16 0)
(0.6567164179 1.782871519e-16 0)
(0.6567164179 3.699847842e-16 0)
(0.6567164179 4.606480314e-17 0)
(0.6567164179 -2.762294769e-16 0)
(0.6567164179 1.539717711e-16 0)
(0.6567164179 8.962122298e-17 0)
(0.6567164179 -3.833537151e-17 0)
(0.6567164179 1.357475326e-17 0)
(0.6567164179 -3.513504744e-16 0)
(0.6567164179 2.947739402e-16 0)
(0.6567164179 5.523173625e-16 0)
(0.6567164179 -2.18263787e-16 0)
(0.6567164179 -4.400210997e-16 0)
(0.6567164179 -3.208857352e-17 0)
(0.6567164179 3.033592869e-16 0)
(0.6567164179 3.376389147e-16 0)
(0.6567164179 8.027730858e-17 0)
(0.6567164179 -3.39412967e-16 0)
(0.6567164179 3.040346981e-17 0)
(0.6567164179 -3.24800664e-16 0)
(0.6567164179 -3.204188225e-16 0)
(0.6567164179 3.68460282e-16 0)
(0.6567164179 2.874368678e-16 0)
(0.6567164179 -2.867916018e-17 0)
(0.6567164179 -3.001496498e-16 0)
(0.6567164179 -2.298493315e-16 0)
(0.6567164179 9.326112078e-17 0)
(0.6567164179 1.135830265e-16 0)
(0.6567164179 -1.360336149e-16 0)
(0.6567164179 -5.518138145e-17 0)
(0.6567164179 2.424388634e-16 0)
(0.6567164179 -1.262574806e-16 0)
(0.6567164179 -4.921087932e-16 0)
(0.6567164179 -3.295918007e-17 0)
(0.6567164179 1.751235758e-16 0)
(0.6567164179 2.315102468e-16 0)
(0.6567164179 2.933312035e-16 0)
(0.6567164179 -1.528409135e-16 0)
(0.6567164179 1.848176148e-16 0)
(0.6567164179 2.337197041e-16 0)
(0.6567164179 -2.107278484e-16 0)
(0.6567164179 -3.213719057e-16 0)
(0.6567164179 -2.665047587e-16 0)
(0.6567164179 5.536725157e-16 0)
(0.6567164179 2.868874215e-16 0)
(0.6567164179 -3.124934996e-16 0)
(0.6567164179 1.934911041e-16 0)
(0.6567164179 1.4038804e-16 0)
(0.6567164179 -3.379967152e-16 0)
(0.6567164179 -2.008734339e-16 0)
(0.6567164179 5.035867389e-17 0)
(0.6567164179 3.864206101e-16 0)
(0.6567164179 3.3916145e-17 0)
(0.6567164179 -1.093308765e-16 0)
(0.6567164179 2.371415454e-16 0)
(0.6567164179 1.531122724e-16 0)
(0.6567164179 -7.173267153e-16 0)
(0.6567164179 -3.180343265e-16 0)
(0.6567164179 1.777699492e-16 0)
(0.6567164179 8.659415441e-17 0)
(0.6567164179 4.861354353e-16 0)
(0.6567164179 1.203239413e-17 0)
(0.6567164179 -2.512822672e-16 0)
(0.6567164179 3.865285732e-18 0)
(0.6567164179 3.806823341e-16 0)
(0.6567164179 -2.59995212e-16 0)
(0.6567164179 -2.25576815e-16 0)
(0.6567164179 -3.32471927e-16 0)
(0.6567164179 1.737120933e-19 0)
(0.6567164179 5.061906951e-16 0)
(0.6567164179 -2.942171731e-16 0)
(0.6567164179 1.090231351e-16 0)
(0.6567164179 3.945462951e-16 0)
(0.6567164179 -3.784078904e-16 0)
(0.6567164179 5.832098925e-17 0)
(0.6567164179 9.040439826e-18 0)
(0.6567164179 -8.469240309e-17 0)
(0.6567164179 5.696662497e-16 0)
(0.6567164179 -3.175406675e-16 0)
(0.6567164179 -1.702460148e-16 0)
(0.6567164179 3.189479747e-16 0)
(0.6567164179 -4.405414109e-16 0)
(0.6567164179 -2.071465244e-16 0)
(0.6567164179 7.171914688e-17 0)
(0.6567164179 -2.115004825e-16 0)
(0.6567164179 1.618342131e-16 0)
(0.6567164179 3.596069003e-16 0)
(0.6567164179 -2.290975264e-16 0)
(0.6567164179 -1.32284783e-16 0)
(0.6567164179 1.018588096e-16 0)
(0.6567164179 -6.626251742e-16 0)
(0.6567164179 1.854691997e-16 0)
(0.8656716418 1.249874987e-15 0)
(0.8656716418 6.461341494e-16 0)
(0.8656716418 4.489642492e-16 0)
(0.8656716418 2.593637792e-16 0)
(0.8656716418 -3.964273047e-18 0)
(0.8656716418 2.327375405e-17 0)
(0.8656716418 5.498273854e-17 0)
(0.8656716418 -5.853749286e-17 0)
(0.8656716418 -1.071208679e-16 0)
(0.8656716418 1.770706021e-16 0)
(0.8656716418 5.422893555e-17 0)
(0.8656716418 -9.89122592e-18 0)
(0.8656716418 9.015389753e-17 0)
(0.8656716418 -1.341183167e-17 0)
(0.8656716418 -5.792330623e-17 0)
(0.8656716418 -8.987491828e-17 0)
(0.8656716418 -1.766750722e-16 0)
(0.8656716418 -3.895060982e-18 0)
(0.8656716418 -2.829226505e-17 0)
(0.8656716418 -3.485155502e-17 0)
(0.8656716418 -6.410760378e-17 0)
(0.8656716418 -2.314901246e-16 0)
(0.8656716418 -2.156543812e-16 0)
(0.8656716418 1.814144497e-16 0)
(0.8656716418 2.742185389e-16 0)
(0.8656716418 1.751722978e-16 0)
(0.8656716418 1.544336751e-16 0)
(0.8656716418 6.737744283e-17 0)
(0.8656716418 -7.580802975e-17 0)
(0.8656716418 -1.301358307e-16 0)
(0.8656716418 -9.673713436e-18 0)
(0.8656716418 -8.785742266e-17 0)
(0.8656716418 -2.974310236e-16 0)
(0.8656716418 -1.077941446e-16 0)
(0.8656716418 -2.235194119e-16 0)
(0.8656716418 -2.016226973e-17 0)
(0.8656716418 7.14922749e-17 0)
(0.8656716418 1.178427052e-16 0)
(0.8656716418 -2.831634585e-17 0)
(0.8656716418 5.965019612e-17 0)
(0.8656716418 1.079618959e-16 0)
(0.8656716418 -6.931647307e-17 0)
(0.8656716418 1.481501099e-16 0)
(0.8656716418 -2.03516658e-16 0)
(0.8656716418 -1.765344117e-16 0)
(0.8656716418 1.147156839e-17 0)
(0.8656716418 -1.115602913e-16 0)
(0.8656716418 1.618246787e-17 0)
(0.8656716418 7.44746192e-17 0)
(0.8656716418 4.596436488e-17 0)
(0.8656716418 7.746636558e-17 0)
(0.8656716418 -1.396412657e-16 0)
(0.8656716418 8.397580681e-17 0)
(0.8656716418 2.284345206e-16 0)
(0.8656716418 -1.0575129e-16 0)
(0.8656716418 -9.682043522e-17 0)
(0.8656716418 1.518977636e-16 0)
(0.8656716418 8.832942698e-17 0)
(0.8656716418 1.322907741e-16 0)
(0.8656716418 3.856936018e-18 0)
(0.8656716418 -1.320196283e-16 0)
(0.8656716418 1.031429195e-16 0)
(0.8656716418 1.126541493e-16 0)
(0.8656716418 -1.511466091e-16 0)
(0.8656716418 -1.857588451e-17 0)
(0.8656716418 1.136576109e-16 0)
(0.8656716418 1.640068282e-19 0)
(0.8656716418 2.036120827e-16 0)
(0.8656716418 2.051504249e-16 0)
(0.8656716418 -2.988099551e-16 0)
(0.8656716418 -4.056234607e-16 0)
(0.8656716418 3.436392247e-16 0)
(0.8656716418 1.69483421e-16 0)
(0.8656716418 -7.132921354e-17 0)
(0.8656716418 -1.532804603e-16 0)
(0.8656716418 -1.483354087e-17 0)
(0.8656716418 3.886985214e-16 0)
(0.8656716418 -1.158856666e-16 0)
(0.8656716418 -6.137869541e-16 0)
(0.8656716418 -2.733313589e-17 0)
(0.8656716418 2.439872437e-16 0)
(0.8656716418 -2.557506521e-16 0)
(0.8656716418 7.13926788e-17 0)
(0.8656716418 5.752177178e-16 0)
(0.8656716418 1.854418517e-16 0)
(0.8656716418 6.896202631e-17 0)
(0.8656716418 1.360872751e-16 0)
(0.8656716418 -2.932270652e-16 0)
(0.8656716418 -2.587388786e-16 0)
(0.8656716418 4.432151506e-16 0)
(0.8656716418 -4.066012645e-17 0)
(0.8656716418 -3.28096719e-16 0)
(0.8656716418 -1.121941704e-16 0)
(0.8656716418 2.021217703e-16 0)
(0.8656716418 -4.935422238e-17 0)
(0.8656716418 -4.475249402e-16 0)
(0.8656716418 2.809217243e-16 0)
(0.8656716418 2.563351041e-16 0)
(0.8656716418 -2.984590078e-16 0)
(0.8656716418 -4.125207095e-16 0)
(0.8656716418 3.477055503e-16 0)
(0.8656716418 5.351932753e-16 0)
(0.8656716418 -2.235665699e-17 0)
(0.8656716418 -2.278733359e-16 0)
(0.8656716418 -2.694859918e-16 0)
(0.8656716418 2.110300621e-16 0)
(0.8656716418 1.289765269e-16 0)
(0.8656716418 -3.006573468e-16 0)
(0.8656716418 8.297768472e-17 0)
(0.8656716418 3.402665101e-16 0)
(0.8656716418 9.273571866e-17 0)
(0.8656716418 -1.31754922e-16 0)
(0.8656716418 -1.163631695e-17 0)
(0.8656716418 2.342519967e-16 0)
(0.8656716418 1.428752755e-16 0)
(0.8656716418 -3.605891651e-16 0)
(0.8656716418 -1.791334816e-16 0)
(0.8656716418 5.649315105e-16 0)
(0.8656716418 4.237549932e-16 0)
(0.8656716418 -2.868441598e-16 0)
(0.8656716418 -4.238499078e-16 0)
(0.8656716418 4.175160628e-17 0)
(0.8656716418 4.124901503e-16 0)
(0.8656716418 3.402507685e-16 0)
(0.8656716418 -3.564479311e-17 0)
(0.8656716418 -2.983836681e-16 0)
(0.8656716418 1.17353012e-17 0)
(0.8656716418 -7.599208952e-16 0)
(0.8656716418 -2.370162536e-16 0)
(0.8656716418 6.287609017e-16 0)
(0.8656716418 2.820190369e-16 0)
(0.8656716418 -9.86920683e-17 0)
(0.8656716418 -3.225721125e-16 0)
(0.8656716418 -3.376847168e-16 0)
(0.8656716418 1.122523699e-16 0)
(0.8656716418 2.850458483e-17 0)
(0.8656716418 -2.595375917e-17 0)
(0.8656716418 -1.92923006e-16 0)
(0.8656716418 5.316830136e-17 0)
(0.8656716418 1.001908976e-16 0)
(0.8656716418 -6.431375889e-16 0)
(0.8656716418 -6.806118945e-17 0)
(0.8656716418 1.995631579e-16 0)
(0.8656716418 4.280048312e-16 0)
(0.8656716418 5.015442094e-16 0)
(0.8656716418 -2.806958483e-16 0)
(0.8656716418 2.266763197e-16 0)
(0.8656716418 3.398131485e-16 0)
(0.8656716418 -9.812416888e-17 0)
(0.8656716418 -5.760523571e-16 0)
(0.8656716418 -3.173258376e-16 0)
(0.8656716418 7.785127994e-16 0)
(0.8656716418 3.015588568e-17 0)
(0.8656716418 -3.787531767e-16 0)
(0.8656716418 5.958040761e-16 0)
(0.8656716418 1.311297501e-16 0)
(0.8656716418 -5.071793639e-16 0)
(0.8656716418 -2.890202237e-16 0)
(0.8656716418 -1.446751865e-16 0)
(0.8656716418 5.327060939e-16 0)
(0.8656716418 1.621029421e-17 0)
(0.8656716418 8.235161822e-17 0)
(0.8656716418 3.42481727e-16 0)
(0.8656716418 -5.169693742e-17 0)
(0.8656716418 -7.033581528e-16 0)
(0.8656716418 -4.441778862e-16 0)
(0.8656716418 4.479540818e-16 0)
(0.8656716418 2.499606766e-16 0)
(0.8656716418 1.747417249e-16 0)
(0.8656716418 -3.67718077e-17 0)
(0.8656716418 5.189321552e-17 0)
(0.8656716418 1.059330795e-16 0)
(0.8656716418 -1.393826526e-16 0)
(0.8656716418 -3.439635856e-16 0)
(0.8656716418 2.608276468e-16 0)
(0.8656716418 -7.236921801e-16 0)
(0.8656716418 -1.433917112e-16 0)
(0.8656716418 7.637354947e-16 0)
(0.8656716418 -3.390342731e-16 0)
(0.8656716418 3.371681121e-16 0)
(0.8656716418 4.632457427e-16 0)
(0.8656716418 -3.731786939e-16 0)
(0.8656716418 -3.244350868e-16 0)
(0.8656716418 -9.281204693e-17 0)
(0.8656716418 3.402559785e-16 0)
(0.8656716418 4.502664047e-16 0)
(0.8656716418 -4.616495471e-16 0)
(0.8656716418 2.253469369e-16 0)
(0.8656716418 3.960799389e-16 0)
(0.8656716418 -9.079555202e-16 0)
(0.8656716418 -5.322749713e-16 0)
(0.8656716418 1.769763464e-16 0)
(0.8656716418 -1.194366178e-16 0)
(0.8656716418 3.247249587e-16 0)
(0.8656716418 2.217439629e-16 0)
(0.8656716418 -4.704266356e-16 0)
(0.8656716418 2.611180927e-16 0)
(0.8656716418 3.201832816e-18 0)
(0.8656716418 -7.875640652e-16 0)
(0.8656716418 2.76588404e-16 0)
(1.044776119 1.228990514e-15 0)
(1.044776119 7.586525838e-16 0)
(1.044776119 4.953272078e-16 0)
(1.044776119 3.41787872e-16 0)
(1.044776119 7.011065524e-17 0)
(1.044776119 6.977260589e-17 0)
(1.044776119 1.006007683e-16 0)
(1.044776119 -4.860745216e-17 0)
(1.044776119 -2.14057671e-17 0)
(1.044776119 2.506879031e-16 0)
(1.044776119 9.306834056e-17 0)
(1.044776119 -4.279990529e-17 0)
(1.044776119 7.700854062e-17 0)
(1.044776119 -1.775894809e-17 0)
(1.044776119 -6.540992324e-17 0)
(1.044776119 -1.400103091e-16 0)
(1.044776119 -2.210855291e-16 0)
(1.044776119 -8.956629328e-17 0)
(1.044776119 -3.176699337e-17 0)
(1.044776119 -2.705786467e-17 0)
(1.044776119 -1.21060121e-16 0)
(1.044776119 -2.817827762e-16 0)
(1.044776119 -2.060542473e-16 0)
(1.044776119 1.51362917e-16 0)
(1.044776119 2.709588891e-16 0)
(1.044776119 2.673899234e-16 0)
(1.044776119 2.241115859e-16 0)
(1.044776119 8.175727075e-17 0)
(1.044776119 -2.080473813e-16 0)
(1.044776119 -1.927114832e-16 0)
(1.044776119 2.628173487e-17 0)
(1.044776119 -1.250977323e-16 0)
(1.044776119 -4.521554905e-16 0)
(1.044776119 -2.100178793e-16 0)
(1.044776119 -1.83111695e-16 0)
(1.044776119 -6.701042238e-17 0)
(1.044776119 1.687840572e-16 0)
(1.044776119 2.639494956e-16 0)
(1.044776119 7.06202798e-17 0)
(1.044776119 -5.15610868e-17 0)
(1.044776119 1.34014885e-17 0)
(1.044776119 -9.900520398e-17 0)
(1.044776119 7.75032991e-17 0)
(1.044776119 -2.130065945e-16 0)
(1.044776119 -2.152124342e-16 0)
(1.044776119 4.34224945e-17 0)
(1.044776119 -8.675678171e-17 0)
(1.044776119 -8.372809139e-17 0)
(1.044776119 6.652142496e-17 0)
(1.044776119 4.998047925e-17 0)
(1.044776119 -2.923610574e-17 0)
(1.044776119 -5.181805142e-17 0)
(1.044776119 2.313636207e-16 0)
(1.044776119 2.433517547e-16 0)
(1.044776119 -7.869992213e-17 0)
(1.044776119 -9.727906921e-17 0)
(1.044776119 1.858466387e-16 0)
(1.044776119 1.570524468e-16 0)
(1.044776119 1.083733472e-16 0)
(1.044776119 2.259238029e-17 0)
(1.044776119 -4.214186128e-17 0)
(1.044776119 9.286057588e-17 0)
(1.044776119 1.968170827e-16 0)
(1.044776119 -7.936415726e-17 0)
(1.044776119 -5.018422233e-17 0)
(1.044776119 1.185040389e-16 0)
(1.044776119 1.495939992e-17 0)
(1.044776119 2.134491279e-16 0)
(1.044776119 1.656660287e-16 0)
(1.044776119 -3.595902259e-16 0)
(1.044776119 -3.959674984e-16 0)
(1.044776119 3.295238829e-16 0)
(1.044776119 1.946062491e-16 0)
(1.044776119 -1.234415527e-16 0)
(1.044776119 -1.369518242e-16 0)
(1.044776119 -1.793709702e-17 0)
(1.044776119 3.643053311e-16 0)
(1.044776119 -1.953686864e-16 0)
(1.044776119 -5.988056034e-16 0)
(1.044776119 3.726629889e-17 0)
(1.044776119 2.773199824e-16 0)
(1.044776119 -2.80121119e-16 0)
(1.044776119 1.39402218e-16 0)
(1.044776119 5.934217422e-16 0)
(1.044776119 2.063521442e-16 0)
(1.044776119 7.935707469e-17 0)
(1.044776119 1.476658775e-16 0)
(1.044776119 -2.446669775e-16 0)
(1.044776119 -2.431630374e-16 0)
(1.044776119 4.633405597e-16 0)
(1.044776119 -1.921646988e-16 0)
(1.044776119 -4.06299215e-16 0)
(1.044776119 -1.237085324e-16 0)
(1.044776119 1.751278106e-16 0)
(1.044776119 -1.231103031e-16 0)
(1.044776119 -4.920866242e-16 0)
(1.044776119 2.464131769e-16 0)
(1.044776119 2.832277752e-16 0)
(1.044776119 -2.988956451e-16 0)
(1.044776119 -3.477313171e-16 0)
(1.044776119 4.498467871e-16 0)
(1.044776119 5.753958957e-16 0)
(1.044776119 -8.000790966e-17 0)
(1.044776119 -2.603597924e-16 0)
(1.044776119 -3.237499043e-16 0)
(1.044776119 2.096654272e-16 0)
(1.044776119 2.077673438e-16 0)
(1.044776119 -3.279785865e-16 0)
(1.044776119 1.492375875e-17 0)
(1.044776119 3.550913164e-16 0)
(1.044776119 7.050378109e-17 0)
(1.044776119 -1.319571166e-16 0)
(1.044776119 6.979039479e-18 0)
(1.044776119 2.740253629e-16 0)
(1.044776119 2.269979241e-16 0)
(1.044776119 -3.852146246e-16 0)
(1.044776119 -3.822236542e-17 0)
(1.044776119 6.383724024e-16 0)
(1.044776119 4.014119471e-16 0)
(1.044776119 -3.106831203e-16 0)
(1.044776119 -4.987547186e-16 0)
(1.044776119 6.021695915e-18 0)
(1.044776119 4.493436297e-16 0)
(1.044776119 3.66417481e-16 0)
(1.044776119 -1.551876916e-16 0)
(1.044776119 -3.22728117e-16 0)
(1.044776119 -5.295879643e-18 0)
(1.044776119 -8.547807458e-16 0)
(1.044776119 -2.628600922e-16 0)
(1.044776119 7.043540101e-16 0)
(1.044776119 3.971788711e-16 0)
(1.044776119 -5.018425769e-17 0)
(1.044776119 -4.19941771e-16 0)
(1.044776119 -4.070526667e-16 0)
(1.044776119 1.157742967e-16 0)
(1.044776119 7.817665618e-18 0)
(1.044776119 -5.76787842e-17 0)
(1.044776119 -2.321933796e-16 0)
(1.044776119 -4.065807601e-17 0)
(1.044776119 -2.481231748e-17 0)
(1.044776119 -6.105509854e-16 0)
(1.044776119 -1.695612552e-17 0)
(1.044776119 1.894727605e-16 0)
(1.044776119 5.874438097e-16 0)
(1.044776119 7.271587271e-16 0)
(1.044776119 -1.221467325e-16 0)
(1.044776119 2.643637187e-16 0)
(1.044776119 3.838060042e-16 0)
(1.044776119 -1.769931701e-16 0)
(1.044776119 -7.873839936e-16 0)
(1.044776119 -4.39667433e-16 0)
(1.044776119 7.729554257e-16 0)
(1.044776119 8.348825828e-17 0)
(1.044776119 -4.029338521e-16 0)
(1.044776119 5.693523371e-16 0)
(1.044776119 2.002793331e-16 0)
(1.044776119 -4.998218965e-16 0)
(1.044776119 -3.691460614e-16 0)
(1.044776119 -1.420223253e-16 0)
(1.044776119 5.098731342e-16 0)
(1.044776119 5.609181889e-17 0)
(1.044776119 1.542623453e-16 0)
(1.044776119 3.864841625e-16 0)
(1.044776119 -1.146708141e-16 0)
(1.044776119 -7.314628977e-16 0)
(1.044776119 -4.381044605e-16 0)
(1.044776119 4.111888029e-16 0)
(1.044776119 3.392913124e-16 0)
(1.044776119 1.996357878e-16 0)
(1.044776119 -6.337729846e-17 0)
(1.044776119 1.356154118e-16 0)
(1.044776119 1.451327638e-16 0)
(1.044776119 -3.262629874e-16 0)
(1.044776119 -3.452279902e-16 0)
(1.044776119 2.638722061e-16 0)
(1.044776119 -8.326738789e-16 0)
(1.044776119 -1.346158984e-16 0)
(1.044776119 8.017979355e-16 0)
(1.044776119 -3.26039424e-16 0)
(1.044776119 2.926593179e-16 0)
(1.044776119 5.359181454e-16 0)
(1.044776119 -3.2430451e-16 0)
(1.044776119 -4.406972262e-16 0)
(1.044776119 -6.658084209e-17 0)
(1.044776119 5.134795558e-16 0)
(1.044776119 4.983851887e-16 0)
(1.044776119 -4.806410755e-16 0)
(1.044776119 1.280492072e-16 0)
(1.044776119 3.477234429e-16 0)
(1.044776119 -1.035751999e-15 0)
(1.044776119 -6.857632097e-16 0)
(1.044776119 1.613615195e-16 0)
(1.044776119 2.728301659e-17 0)
(1.044776119 2.825059207e-16 0)
(1.044776119 1.162000241e-16 0)
(1.044776119 -4.800087028e-16 0)
(1.044776119 2.198448827e-16 0)
(1.044776119 -5.003350281e-18 0)
(1.044776119 -7.72214459e-16 0)
(1.044776119 2.656379668e-16 0)
(1.194029851 1.075282543e-15 0)
(1.194029851 7.837951052e-16 0)
(1.194029851 4.854140861e-16 0)
(1.194029851 3.753391394e-16 0)
(1.194029851 2.245079627e-16 0)
(1.194029851 1.818591318e-16 0)
(1.194029851 1.316536452e-16 0)
(1.194029851 1.715913229e-17 0)
(1.194029851 1.396128899e-16 0)
(1.194029851 3.25984866e-16 0)
(1.194029851 1.257300266e-16 0)
(1.194029851 -1.151460106e-17 0)
(1.194029851 7.913478803e-17 0)
(1.194029851 -1.441049545e-16 0)
(1.194029851 -1.316974755e-16 0)
(1.194029851 -1.510240079e-16 0)
(1.194029851 -2.923100073e-16 0)
(1.194029851 -2.117147486e-16 0)
(1.194029851 -2.626024564e-17 0)
(1.194029851 2.055272906e-17 0)
(1.194029851 -1.466034587e-16 0)
(1.194029851 -3.165010649e-16 0)
(1.194029851 -1.532849582e-16 0)
(1.194029851 7.461386641e-17 0)
(1.194029851 1.789894823e-16 0)
(1.194029851 3.455814565e-16 0)
(1.194029851 3.29877927e-16 0)
(1.194029851 7.066459203e-17 0)
(1.194029851 -3.383447312e-16 0)
(1.194029851 -1.749829553e-16 0)
(1.194029851 6.149790534e-17 0)
(1.194029851 -2.026140827e-16 0)
(1.194029851 -4.950740388e-16 0)
(1.194029851 -2.411044699e-16 0)
(1.194029851 -1.475137498e-16 0)
(1.194029851 -1.590836845e-16 0)
(1.194029851 2.310505933e-16 0)
(1.194029851 3.955546425e-16 0)
(1.194029851 1.677987619e-16 0)
(1.194029851 -1.071630588e-16 0)
(1.194029851 -4.041188991e-17 0)
(1.194029851 -2.058139426e-16 0)
(1.194029851 -1.451761809e-16 0)
(1.194029851 -1.51808981e-16 0)
(1.194029851 -2.474739661e-16 0)
(1.194029851 -3.702907785e-17 0)
(1.194029851 2.680171332e-17 0)
(1.194029851 -1.271181657e-16 0)
(1.194029851 4.662671163e-17 0)
(1.194029851 9.580611501e-17 0)
(1.194029851 -8.547219328e-17 0)
(1.194029851 -4.58840623e-17 0)
(1.194029851 3.479332026e-16 0)
(1.194029851 2.668495302e-16 0)
(1.194029851 -1.071311305e-17 0)
(1.194029851 -1.22359849e-16 0)
(1.194029851 2.647411853e-16 0)
(1.194029851 3.06402394e-16 0)
(1.194029851 5.154127174e-17 0)
(1.194029851 4.837176833e-17 0)
(1.194029851 3.453125825e-17 0)
(1.194029851 4.166878165e-17 0)
(1.194029851 2.198411705e-16 0)
(1.194029851 4.775090683e-17 0)
(1.194029851 1.649842953e-17 0)
(1.194029851 1.429801877e-16 0)
(1.194029851 -2.739926947e-17 0)
(1.194029851 9.097645227e-17 0)
(1.194029851 1.350967599e-16 0)
(1.194029851 -2.533133678e-16 0)
(1.194029851 -4.26456656e-16 0)
(1.194029851 1.696185929e-16 0)
(1.194029851 2.916342981e-16 0)
(1.194029851 -1.150962387e-16 0)
(1.194029851 -9.011613329e-17 0)
(1.194029851 2.886233264e-17 0)
(1.194029851 1.790527862e-16 0)
(1.194029851 -2.787260364e-16 0)
(1.194029851 -4.27063329e-16 0)
(1.194029851 1.695311651e-16 0)
(1.194029851 2.939828693e-16 0)
(1.194029851 -1.821388091e-16 0)
(1.194029851 1.5110598e-16 0)
(1.194029851 3.965659022e-16 0)
(1.194029851 1.37858243e-16 0)
(1.194029851 1.545433061e-16 0)
(1.194029851 2.881538193e-17 0)
(1.194029851 -2.331533556e-16 0)
(1.194029851 1.649574703e-17 0)
(1.194029851 3.48448958e-16 0)
(1.194029851 -3.733574625e-16 0)
(1.194029851 -4.227007533e-16 0)
(1.194029851 -2.215097289e-16 0)
(1.194029851 5.85264205e-17 0)
(1.194029851 -9.426117124e-17 0)
(1.194029851 -3.42151565e-16 0)
(1.194029851 4.9763447e-17 0)
(1.194029851 2.494756536e-16 0)
(1.194029851 -1.482994178e-16 0)
(1.194029851 -2.917074405e-16 0)
(1.194029851 4.255555786e-16 0)
(1.194029851 5.882753477e-16 0)
(1.194029851 -3.424906839e-17 0)
(1.194029851 -3.731761068e-16 0)
(1.194029851 -2.173737569e-16 0)
(1.194029851 1.758448574e-16 0)
(1.194029851 8.417811122e-17 0)
(1.194029851 -3.235151402e-16 0)
(1.194029851 4.907710267e-17 0)
(1.194029851 3.869427958e-16 0)
(1.194029851 -2.088424517e-17 0)
(1.194029851 -1.709852253e-16 0)
(1.194029851 3.041401422e-18 0)
(1.194029851 4.073195072e-16 0)
(1.194029851 3.422444166e-16 0)
(1.194029851 -2.743209992e-16 0)
(1.194029851 -1.004568114e-17 0)
(1.194029851 6.804967388e-16 0)
(1.194029851 1.693314253e-16 0)
(1.194029851 -2.09116534e-16 0)
(1.194029851 -2.27352912e-16 0)
(1.194029851 -5.700455272e-17 0)
(1.194029851 4.044082571e-16 0)
(1.194029851 2.150658753e-16 0)
(1.194029851 -3.950101249e-16 0)
(1.194029851 -3.175576729e-16 0)
(1.194029851 -2.04351783e-17 0)
(1.194029851 -7.933933782e-16 0)
(1.194029851 -2.618727214e-16 0)
(1.194029851 6.973653718e-16 0)
(1.194029851 5.31781213e-16 0)
(1.194029851 8.385499982e-17 0)
(1.194029851 -5.589965138e-16 0)
(1.194029851 -4.702811901e-16 0)
(1.194029851 1.184833868e-16 0)
(1.194029851 -3.108761966e-17 0)
(1.194029851 -2.222834567e-16 0)
(1.194029851 -1.50269586e-16 0)
(1.194029851 -1.255931601e-16 0)
(1.194029851 -1.378139481e-16 0)
(1.194029851 -3.571896164e-16 0)
(1.194029851 -6.997874093e-17 0)
(1.194029851 2.08186638e-16 0)
(1.194029851 7.349431465e-16 0)
(1.194029851 7.674083111e-16 0)
(1.194029851 1.70191254e-16 0)
(1.194029851 4.589632538e-16 0)
(1.194029851 4.163839505e-16 0)
(1.194029851 -5.236370494e-16 0)
(1.194029851 -8.229414177e-16 0)
(1.194029851 -3.932988722e-16 0)
(1.194029851 3.900767174e-16 0)
(1.194029851 1.479982466e-16 0)
(1.194029851 -3.371607297e-16 0)
(1.194029851 3.869574535e-16 0)
(1.194029851 4.378628745e-16 0)
(1.194029851 -4.384200063e-16 0)
(1.194029851 -4.36963621e-16 0)
(1.194029851 -5.516189293e-17 0)
(1.194029851 4.314337577e-16 0)
(1.194029851 1.486893607e-16 0)
(1.194029851 8.117715946e-17 0)
(1.194029851 3.331583008e-16 0)
(1.194029851 -2.170477177e-16 0)
(1.194029851 -6.62460407e-16 0)
(1.194029851 -2.971137706e-16 0)
(1.194029851 3.70698167e-16 0)
(1.194029851 2.250007267e-16 0)
(1.194029851 2.420732809e-16 0)
(1.194029851 -3.991877636e-17 0)
(1.194029851 1.890253623e-16 0)
(1.194029851 1.918057386e-16 0)
(1.194029851 -4.324423732e-16 0)
(1.194029851 -4.721062908e-16 0)
(1.194029851 5.208588881e-17 0)
(1.194029851 -5.00512007e-16 0)
(1.194029851 -1.242694504e-16 0)
(1.194029851 4.875761989e-16 0)
(1.194029851 -6.051778433e-17 0)
(1.194029851 2.861212356e-16 0)
(1.194029851 3.563873762e-16 0)
(1.194029851 -3.534042313e-16 0)
(1.194029851 -3.495019412e-16 0)
(1.194029851 2.634585225e-17 0)
(1.194029851 6.721810653e-16 0)
(1.194029851 5.029991141e-16 0)
(1.194029851 -5.914126061e-16 0)
(1.194029851 1.134005665e-16 0)
(1.194029851 1.961378197e-16 0)
(1.194029851 -9.867954766e-16 0)
(1.194029851 -6.843960853e-16 0)
(1.194029851 6.916300426e-17 0)
(1.194029851 1.270933109e-16 0)
(1.194029851 6.951925708e-17 0)
(1.194029851 -2.237291437e-16 0)
(1.194029851 -2.136212602e-16 0)
(1.194029851 3.160286081e-16 0)
(1.194029851 -7.693571059e-17 0)
(1.194029851 -5.541101347e-16 0)
(1.194029851 1.852356268e-16 0)
(1.313432836 7.218634331e-16 0)
(1.313432836 7.951875573e-16 0)
(1.313432836 5.327670923e-16 0)
(1.313432836 3.732168176e-16 0)
(1.313432836 3.304263161e-16 0)
(1.313432836 2.356991852e-16 0)
(1.313432836 2.267902048e-16 0)
(1.313432836 1.023905169e-16 0)
(1.313432836 3.30034325e-16 0)
(1.313432836 3.15972686e-16 0)
(1.313432836 1.177104399e-16 0)
(1.313432836 1.325728821e-16 0)
(1.313432836 1.003623935e-16 0)
(1.313432836 -1.598542664e-16 0)
(1.313432836 -2.657402762e-16 0)
(1.313432836 -2.792292307e-16 0)
(1.313432836 -3.586313529e-16 0)
(1.313432836 -2.799465644e-16 0)
(1.313432836 -8.427204821e-17 0)
(1.313432836 -3.490829431e-17 0)
(1.313432836 -9.127833434e-17 0)
(1.313432836 -2.445012955e-16 0)
(1.313432836 -7.822800405e-17 0)
(1.313432836 1.638786423e-18 0)
(1.313432836 1.138036483e-16 0)
(1.313432836 2.442066973e-16 0)
(1.313432836 3.151171665e-16 0)
(1.313432836 -8.147198167e-18 0)
(1.313432836 -3.181840406e-16 0)
(1.313432836 -1.10311796e-16 0)
(1.313432836 -4.508805353e-17 0)
(1.313432836 -2.801670898e-16 0)
(1.313432836 -4.528602308e-16 0)
(1.313432836 -2.479102949e-16 0)
(1.313432836 -2.082658698e-16 0)
(1.313432836 -1.41161948e-16 0)
(1.313432836 3.746819903e-16 0)
(1.313432836 4.683376176e-16 0)
(1.313432836 1.376179149e-16 0)
(1.313432836 -1.846838772e-16 0)
(1.313432836 -1.3523514e-16 0)
(1.313432836 -3.952914791e-16 0)
(1.313432836 -2.833789693e-16 0)
(1.313432836 -1.351367649e-16 0)
(1.313432836 -1.012408673e-16 0)
(1.313432836 -2.252415052e-17 0)
(1.313432836 -7.013880619e-18 0)
(1.313432836 -1.519746439e-16 0)
(1.313432836 4.949267479e-17 0)
(1.313432836 6.067476901e-17 0)
(1.313432836 -5.539236938e-17 0)
(1.313432836 -8.859372163e-17 0)
(1.313432836 3.769254963e-16 0)
(1.313432836 3.844167717e-16 0)
(1.313432836 1.985397728e-16 0)
(1.313432836 -1.08441698e-16 0)
(1.313432836 1.674163128e-16 0)
(1.313432836 3.506207531e-16 0)
(1.313432836 2.059409655e-16 0)
(1.313432836 1.574415514e-17 0)
(1.313432836 -1.406033949e-17 0)
(1.313432836 8.042794541e-17 0)
(1.313432836 1.936145692e-16 0)
(1.313432836 1.511094502e-16 0)
(1.313432836 7.219445162e-17 0)
(1.313432836 1.056613342e-16 0)
(1.313432836 1.981788247e-18 0)
(1.313432836 1.327985213e-16 0)
(1.313432836 5.813058519e-17 0)
(1.313432836 -3.245707384e-16 0)
(1.313432836 -3.334190392e-16 0)
(1.313432836 1.377285697e-16 0)
(1.313432836 2.21267389e-16 0)
(1.313432836 -8.160392121e-17 0)
(1.313432836 -1.375343361e-16 0)
(1.313432836 8.074018204e-17 0)
(1.313432836 2.893977693e-16 0)
(1.313432836 -3.063466232e-16 0)
(1.313432836 -4.573108323e-16 0)
(1.313432836 3.076733199e-16 0)
(1.313432836 2.767538219e-16 0)
(1.313432836 -3.378247841e-17 0)
(1.313432836 1.681057953e-16 0)
(1.313432836 2.552491199e-16 0)
(1.313432836 -1.893780843e-17 0)
(1.313432836 6.912117813e-17 0)
(1.313432836 5.391969533e-17 0)
(1.313432836 -1.931559485e-16 0)
(1.313432836 -4.398249269e-17 0)
(1.313432836 2.450836444e-16 0)
(1.313432836 -1.49370148e-16 0)
(1.313432836 -3.729167257e-16 0)
(1.313432836 -3.047725222e-16 0)
(1.313432836 -1.346955043e-16 0)
(1.313432836 -1.373836769e-16 0)
(1.313432836 -4.590458435e-16 0)
(1.313432836 3.4354193e-17 0)
(1.313432836 3.575164272e-16 0)
(1.313432836 -8.293458163e-17 0)
(1.313432836 -3.721980759e-16 0)
(1.313432836 3.908781959e-16 0)
(1.313432836 6.02678738e-16 0)
(1.313432836 9.858366176e-17 0)
(1.313432836 -3.379006668e-16 0)
(1.313432836 -3.121940728e-16 0)
(1.313432836 1.448293277e-16 0)
(1.313432836 -5.546996094e-17 0)
(1.313432836 -3.975920593e-16 0)
(1.313432836 1.024120515e-16 0)
(1.313432836 3.718719466e-16 0)
(1.313432836 1.385532223e-16 0)
(1.313432836 -8.332473706e-17 0)
(1.313432836 8.258414631e-18 0)
(1.313432836 3.99042162e-16 0)
(1.313432836 2.699302693e-16 0)
(1.313432836 -1.594145327e-17 0)
(1.313432836 1.046679043e-16 0)
(1.313432836 4.649249633e-16 0)
(1.313432836 2.75944535e-16 0)
(1.313432836 -4.984447072e-17 0)
(1.313432836 -1.59079994e-16 0)
(1.313432836 2.114756442e-17 0)
(1.313432836 2.086310825e-16 0)
(1.313432836 -8.589121419e-17 0)
(1.313432836 -4.178399679e-16 0)
(1.313432836 -3.375897731e-16 0)
(1.313432836 -2.564300225e-16 0)
(1.313432836 -5.718913422e-16 0)
(1.313432836 -5.852343399e-17 0)
(1.313432836 7.087177612e-16 0)
(1.313432836 4.584781523e-16 0)
(1.313432836 7.181802842e-17 0)
(1.313432836 -4.632385147e-16 0)
(1.313432836 -5.423076115e-16 0)
(1.313432836 1.563645435e-16 0)
(1.313432836 -6.218880828e-17 0)
(1.313432836 -3.172714464e-16 0)
(1.313432836 -3.498956377e-16 0)
(1.313432836 -6.428029391e-17 0)
(1.313432836 8.057422462e-17 0)
(1.313432836 -4.035025485e-16 0)
(1.313432836 -9.894367865e-17 0)
(1.313432836 2.834809655e-16 0)
(1.313432836 8.121747762e-16 0)
(1.313432836 9.038081852e-16 0)
(1.313432836 2.533546845e-16 0)
(1.313432836 4.460825505e-16 0)
(1.313432836 3.537632903e-16 0)
(1.313432836 -3.71902832e-16 0)
(1.313432836 -7.694180231e-16 0)
(1.313432836 -5.014652532e-16 0)
(1.313432836 3.122311691e-16 0)
(1.313432836 -9.184332417e-17 0)
(1.313432836 -4.213738724e-16 0)
(1.313432836 5.196178104e-16 0)
(1.313432836 4.378006503e-16 0)
(1.313432836 -3.510782041e-16 0)
(1.313432836 -3.589169727e-16 0)
(1.313432836 -3.621996812e-17 0)
(1.313432836 4.856634833e-16 0)
(1.313432836 1.12786712e-16 0)
(1.313432836 -4.215568781e-17 0)
(1.313432836 1.448870576e-16 0)
(1.313432836 -1.740195668e-16 0)
(1.313432836 -6.258480064e-16 0)
(1.313432836 -2.492738315e-16 0)
(1.313432836 4.020233997e-16 0)
(1.313432836 2.883132655e-16 0)
(1.313432836 3.661090923e-16 0)
(1.313432836 -9.803816506e-17 0)
(1.313432836 -8.373229784e-17 0)
(1.313432836 2.289865711e-16 0)
(1.313432836 -3.597407636e-16 0)
(1.313432836 -5.446525785e-16 0)
(1.313432836 -4.372764353e-17 0)
(1.313432836 -4.136987865e-16 0)
(1.313432836 1.149014714e-17 0)
(1.313432836 3.103050498e-16 0)
(1.313432836 -2.568252955e-16 0)
(1.313432836 4.520689192e-16 0)
(1.313432836 4.871493862e-16 0)
(1.313432836 -2.799050415e-16 0)
(1.313432836 -3.156464119e-16 0)
(1.313432836 6.71112652e-17 0)
(1.313432836 8.612151984e-16 0)
(1.313432836 3.758010928e-16 0)
(1.313432836 -6.430643148e-16 0)
(1.313432836 -8.78756132e-17 0)
(1.313432836 1.262207866e-16 0)
(1.313432836 -7.426282855e-16 0)
(1.313432836 -7.950249933e-16 0)
(1.313432836 -1.718326452e-16 0)
(1.313432836 -1.95057973e-17 0)
(1.313432836 2.07770557e-16 0)
(1.313432836 -5.835033974e-17 0)
(1.313432836 -1.913079294e-16 0)
(1.313432836 1.225979995e-16 0)
(1.313432836 -4.605132445e-17 0)
(1.313432836 -3.042693667e-16 0)
(1.313432836 1.501001945e-16 0)
(1.402985075 6.959899338e-16 0)
(1.402985075 6.835873133e-16 0)
(1.402985075 4.843746818e-16 0)
(1.402985075 4.326931342e-16 0)
(1.402985075 4.369689345e-16 0)
(1.402985075 3.645975073e-16 0)
(1.402985075 3.02537622e-16 0)
(1.402985075 2.482848795e-16 0)
(1.402985075 3.850567747e-16 0)
(1.402985075 2.757715095e-16 0)
(1.402985075 1.600886945e-16 0)
(1.402985075 9.883913658e-17 0)
(1.402985075 1.102738117e-16 0)
(1.402985075 -9.799292952e-17 0)
(1.402985075 -3.659039039e-16 0)
(1.402985075 -4.485253098e-16 0)
(1.402985075 -3.698587718e-16 0)
(1.402985075 -2.437756937e-16 0)
(1.402985075 -9.338781531e-17 0)
(1.402985075 -1.484977849e-16 0)
(1.402985075 -8.976306547e-17 0)
(1.402985075 -9.486113636e-17 0)
(1.402985075 -1.102756863e-16 0)
(1.402985075 -8.880930897e-17 0)
(1.402985075 9.731520591e-17 0)
(1.402985075 1.34217265e-16 0)
(1.402985075 1.361182272e-16 0)
(1.402985075 -9.791861645e-17 0)
(1.402985075 -2.928234712e-16 0)
(1.402985075 -1.220964411e-16 0)
(1.402985075 -1.572351941e-16 0)
(1.402985075 -3.747871915e-16 0)
(1.402985075 -3.412070229e-16 0)
(1.402985075 -2.837243812e-16 0)
(1.402985075 -1.431593913e-16 0)
(1.402985075 5.649330014e-18 0)
(1.402985075 3.347440898e-16 0)
(1.402985075 4.17561665e-16 0)
(1.402985075 2.505697504e-16 0)
(1.402985075 -1.765212447e-16 0)
(1.402985075 -4.158796181e-16 0)
(1.402985075 -4.382262314e-16 0)
(1.402985075 -2.643343289e-16 0)
(1.402985075 -1.146141923e-16 0)
(1.402985075 8.005219113e-18 0)
(1.402985075 -1.57379808e-16 0)
(1.402985075 -3.458909818e-17 0)
(1.402985075 3.999267128e-17 0)
(1.402985075 -1.968384799e-17 0)
(1.402985075 -2.651187444e-17 0)
(1.402985075 -3.296283597e-17 0)
(1.402985075 -2.268344702e-17 0)
(1.402985075 3.610349788e-16 0)
(1.402985075 4.12096007e-16 0)
(1.402985075 1.851945181e-16 0)
(1.402985075 9.662783752e-17 0)
(1.402985075 1.52767662e-16 0)
(1.402985075 2.219203765e-16 0)
(1.402985075 2.714060114e-16 0)
(1.402985075 1.796089125e-16 0)
(1.402985075 1.411523361e-17 0)
(1.402985075 8.847461659e-17 0)
(1.402985075 1.960820929e-16 0)
(1.402985075 8.225490286e-17 0)
(1.402985075 9.498340907e-17 0)
(1.402985075 1.285418387e-16 0)
(1.402985075 1.190177852e-18 0)
(1.402985075 2.152487187e-16 0)
(1.402985075 -8.11985744e-17 0)
(1.402985075 -3.51550284e-16 0)
(1.402985075 -1.653078894e-16 0)
(1.402985075 9.07075678e-17 0)
(1.402985075 1.212102564e-16 0)
(1.402985075 6.748829649e-17 0)
(1.402985075 -6.761058362e-17 0)
(1.402985075 5.657216105e-17 0)
(1.402985075 2.869164737e-16 0)
(1.402985075 -2.449686903e-16 0)
(1.402985075 -3.476369606e-16 0)
(1.402985075 2.659068566e-16 0)
(1.402985075 1.68295524e-16 0)
(1.402985075 4.316902204e-17 0)
(1.402985075 1.433273912e-16 0)
(1.402985075 1.709027545e-16 0)
(1.402985075 4.555908255e-18 0)
(1.402985075 -1.448378489e-16 0)
(1.402985075 -8.408283406e-17 0)
(1.402985075 -2.989626755e-17 0)
(1.402985075 -5.934941881e-17 0)
(1.402985075 1.600494377e-16 0)
(1.402985075 -3.613846506e-17 0)
(1.402985075 -2.843799365e-16 0)
(1.402985075 -3.240377043e-16 0)
(1.402985075 -3.178747239e-16 0)
(1.402985075 -1.561334095e-16 0)
(1.402985075 -4.560467868e-16 0)
(1.402985075 -1.271074397e-16 0)
(1.402985075 2.767012011e-16 0)
(1.402985075 -4.173018074e-18 0)
(1.402985075 -2.298593001e-16 0)
(1.402985075 2.901517664e-16 0)
(1.402985075 5.580885815e-16 0)
(1.402985075 2.10912368e-16 0)
(1.402985075 -3.906121164e-16 0)
(1.402985075 -3.752461284e-16 0)
(1.402985075 3.281472285e-17 0)
(1.402985075 -2.022828728e-17 0)
(1.402985075 -3.085313188e-16 0)
(1.402985075 1.749613147e-17 0)
(1.402985075 3.59381456e-16 0)
(1.402985075 1.194466316e-16 0)
(1.402985075 -2.994384641e-17 0)
(1.402985075 1.205882783e-16 0)
(1.402985075 3.605892456e-16 0)
(1.402985075 3.772262517e-16 0)
(1.402985075 2.151285139e-16 0)
(1.402985075 -2.279629059e-18 0)
(1.402985075 2.966743447e-16 0)
(1.402985075 3.864853586e-16 0)
(1.402985075 7.970875344e-17 0)
(1.402985075 6.854253449e-18 0)
(1.402985075 5.431254277e-18 0)
(1.402985075 8.827374959e-18 0)
(1.402985075 -2.277701157e-16 0)
(1.402985075 -5.771953735e-16 0)
(1.402985075 -5.082034746e-16 0)
(1.402985075 -2.305550358e-16 0)
(1.402985075 -4.632933474e-16 0)
(1.402985075 9.090041495e-17 0)
(1.402985075 7.261738014e-16 0)
(1.402985075 5.139962009e-16 0)
(1.402985075 1.449230604e-16 0)
(1.402985075 -5.484416877e-16 0)
(1.402985075 -6.406376886e-16 0)
(1.402985075 8.237551786e-17 0)
(1.402985075 -1.922325684e-16 0)
(1.402985075 -2.954438407e-16 0)
(1.402985075 -2.569705092e-16 0)
(1.402985075 -1.813700229e-17 0)
(1.402985075 5.50248647e-17 0)
(1.402985075 -3.426148499e-16 0)
(1.402985075 8.006660892e-18 0)
(1.402985075 3.609185802e-16 0)
(1.402985075 7.005749546e-16 0)
(1.402985075 8.578398561e-16 0)
(1.402985075 3.438712949e-16 0)
(1.402985075 5.650513835e-16 0)
(1.402985075 2.560258903e-16 0)
(1.402985075 -1.722090333e-16 0)
(1.402985075 -5.852765361e-16 0)
(1.402985075 -4.569453168e-16 0)
(1.402985075 -3.94010899e-17 0)
(1.402985075 -3.149062014e-16 0)
(1.402985075 -2.343137802e-16 0)
(1.402985075 4.74110123e-16 0)
(1.402985075 3.505280848e-16 0)
(1.402985075 -2.680321371e-16 0)
(1.402985075 -1.356194373e-16 0)
(1.402985075 -2.349907e-17 0)
(1.402985075 3.075438762e-16 0)
(1.402985075 3.696673059e-17 0)
(1.402985075 -4.672539226e-17 0)
(1.402985075 -6.939694102e-18 0)
(1.402985075 -1.388872163e-16 0)
(1.402985075 -4.899364598e-16 0)
(1.402985075 -2.180588744e-16 0)
(1.402985075 3.889654816e-16 0)
(1.402985075 4.557041522e-16 0)
(1.402985075 3.117087517e-16 0)
(1.402985075 -1.735443627e-16 0)
(1.402985075 3.600141365e-18 0)
(1.402985075 4.200097536e-17 0)
(1.402985075 -4.180993834e-16 0)
(1.402985075 -4.870470219e-16 0)
(1.402985075 -7.700438744e-17 0)
(1.402985075 -2.187833784e-16 0)
(1.402985075 -2.77546545e-16 0)
(1.402985075 1.569635269e-16 0)
(1.402985075 -1.408175655e-17 0)
(1.402985075 3.470299352e-16 0)
(1.402985075 4.929354354e-16 0)
(1.402985075 -1.003406481e-16 0)
(1.402985075 -6.193402638e-17 0)
(1.402985075 2.576200733e-16 0)
(1.402985075 6.698003061e-16 0)
(1.402985075 2.219821759e-16 0)
(1.402985075 -6.329003324e-16 0)
(1.402985075 -7.953822217e-17 0)
(1.402985075 5.715067224e-17 0)
(1.402985075 -7.110226979e-16 0)
(1.402985075 -7.93479631e-16 0)
(1.402985075 -2.492791974e-16 0)
(1.402985075 -4.494426481e-17 0)
(1.402985075 2.01657978e-16 0)
(1.402985075 2.637211821e-17 0)
(1.402985075 -1.627805836e-16 0)
(1.402985075 -2.583622681e-18 0)
(1.402985075 7.326058176e-17 0)
(1.402985075 -3.43629635e-16 0)
(1.402985075 5.461578856e-17 0)
(1.462686567 5.358482503e-16 0)
(1.462686567 5.002620222e-16 0)
(1.462686567 5.325231136e-16 0)
(1.462686567 4.837697618e-16 0)
(1.462686567 3.737612641e-16 0)
(1.462686567 5.671676125e-16 0)
(1.462686567 3.637292157e-16 0)
(1.462686567 3.76852363e-16 0)
(1.462686567 4.128464565e-16 0)
(1.462686567 1.995453728e-16 0)
(1.462686567 1.003098311e-16 0)
(1.462686567 3.751025772e-17 0)
(1.462686567 9.723367841e-17 0)
(1.462686567 -7.98567918e-17 0)
(1.462686567 -4.090007382e-16 0)
(1.462686567 -5.03092297e-16 0)
(1.462686567 -4.174405571e-16 0)
(1.462686567 -2.034874254e-16 0)
(1.462686567 -5.607680655e-17 0)
(1.462686567 -1.400379668e-16 0)
(1.462686567 -8.035921688e-17 0)
(1.462686567 -5.223040292e-18 0)
(1.462686567 -1.296010434e-16 0)
(1.462686567 -1.234217645e-16 0)
(1.462686567 2.167774362e-17 0)
(1.462686567 -5.484139004e-19 0)
(1.462686567 -7.422125028e-17 0)
(1.462686567 -1.715741214e-16 0)
(1.462686567 -1.546163498e-16 0)
(1.462686567 -1.030677881e-16 0)
(1.462686567 -2.924020431e-16 0)
(1.462686567 -4.56705144e-16 0)
(1.462686567 -2.995066721e-16 0)
(1.462686567 -3.616221386e-16 0)
(1.462686567 -1.005069286e-16 0)
(1.462686567 1.433147127e-16 0)
(1.462686567 2.846162707e-16 0)
(1.462686567 2.817019143e-16 0)
(1.462686567 2.438210536e-16 0)
(1.462686567 -1.558528094e-16 0)
(1.462686567 -4.667622298e-16 0)
(1.462686567 -3.512442193e-16 0)
(1.462686567 -3.58158506e-16 0)
(1.462686567 -2.263164804e-16 0)
(1.462686567 2.168043533e-17 0)
(1.462686567 -3.053247122e-17 0)
(1.462686567 -7.349176408e-17 0)
(1.462686567 1.747694665e-16 0)
(1.462686567 -4.599872673e-17 0)
(1.462686567 -8.665075044e-17 0)
(1.462686567 -5.629203796e-17 0)
(1.462686567 1.258707726e-16 0)
(1.462686567 2.738405844e-16 0)
(1.462686567 4.259429785e-16 0)
(1.462686567 2.385687864e-16 0)
(1.462686567 2.800447213e-16 0)
(1.462686567 2.087744411e-16 0)
(1.462686567 1.216569158e-16 0)
(1.462686567 2.688931255e-16 0)
(1.462686567 2.447025039e-16 0)
(1.462686567 9.027258992e-17 0)
(1.462686567 6.883893794e-17 0)
(1.462686567 7.403118238e-17 0)
(1.462686567 4.497269108e-18 0)
(1.462686567 1.007114919e-16 0)
(1.462686567 4.274271599e-17 0)
(1.462686567 2.619284906e-17 0)
(1.462686567 1.991480847e-16 0)
(1.462686567 -1.076972819e-16 0)
(1.462686567 -2.200127306e-16 0)
(1.462686567 3.86279558e-18 0)
(1.462686567 1.365951621e-16 0)
(1.462686567 1.591344217e-16 0)
(1.462686567 1.266497227e-16 0)
(1.462686567 6.760326613e-18 0)
(1.462686567 -2.875556919e-18 0)
(1.462686567 1.808646859e-16 0)
(1.462686567 -1.168707727e-16 0)
(1.462686567 -1.608757932e-16 0)
(1.462686567 2.128918221e-16 0)
(1.462686567 9.87910007e-17 0)
(1.462686567 1.121763976e-16 0)
(1.462686567 7.807628954e-17 0)
(1.462686567 1.191890229e-16 0)
(1.462686567 3.700892862e-18 0)
(1.462686567 -3.025264922e-16 0)
(1.462686567 -3.293841681e-16 0)
(1.462686567 -5.687258231e-17 0)
(1.462686567 6.440949931e-18 0)
(1.462686567 7.945467474e-17 0)
(1.462686567 4.969613857e-17 0)
(1.462686567 -1.041215821e-16 0)
(1.462686567 -2.977569433e-16 0)
(1.462686567 -3.08170806e-16 0)
(1.462686567 -1.557774378e-16 0)
(1.462686567 -5.140379751e-16 0)
(1.462686567 -2.340520328e-16 0)
(1.462686567 1.399494092e-16 0)
(1.462686567 -2.65642055e-17 0)
(1.462686567 -1.940159324e-16 0)
(1.462686567 1.498385513e-16 0)
(1.462686567 4.804167995e-16 0)
(1.462686567 2.427099282e-16 0)
(1.462686567 -3.425918459e-16 0)
(1.462686567 -3.459781725e-16 0)
(1.462686567 -2.006407436e-16 0)
(1.462686567 1.13402876e-17 0)
(1.462686567 -5.202325879e-17 0)
(1.462686567 7.921454554e-18 0)
(1.462686567 1.356254732e-16 0)
(1.462686567 4.916779689e-17 0)
(1.462686567 9.94209109e-17 0)
(1.462686567 3.104903749e-16 0)
(1.462686567 3.002245426e-16 0)
(1.462686567 4.023164453e-16 0)
(1.462686567 3.618068548e-16 0)
(1.462686567 -2.270262242e-17 0)
(1.462686567 1.438327555e-16 0)
(1.462686567 2.715604783e-16 0)
(1.462686567 1.138479511e-16 0)
(1.462686567 9.063475287e-17 0)
(1.462686567 3.26254835e-17 0)
(1.462686567 -1.256303071e-16 0)
(1.462686567 -3.194337052e-16 0)
(1.462686567 -6.359658172e-16 0)
(1.462686567 -6.00388381e-16 0)
(1.462686567 -1.185332762e-16 0)
(1.462686567 -2.538765108e-16 0)
(1.462686567 7.025009264e-17 0)
(1.462686567 5.668170537e-16 0)
(1.462686567 5.0015997e-16 0)
(1.462686567 1.2196399e-16 0)
(1.462686567 -4.534424705e-16 0)
(1.462686567 -5.781617708e-16 0)
(1.462686567 -1.457999241e-16 0)
(1.462686567 -3.172762262e-16 0)
(1.462686567 -2.90325278e-16 0)
(1.462686567 -1.928579958e-16 0)
(1.462686567 4.219660822e-17 0)
(1.462686567 1.389129728e-16 0)
(1.462686567 -3.101568476e-16 0)
(1.462686567 1.653123877e-16 0)
(1.462686567 4.41665925e-16 0)
(1.462686567 5.767209208e-16 0)
(1.462686567 7.654421409e-16 0)
(1.462686567 4.229689575e-16 0)
(1.462686567 5.902675286e-16 0)
(1.462686567 1.914339584e-16 0)
(1.462686567 -4.772384682e-17 0)
(1.462686567 -4.302661677e-16 0)
(1.462686567 -3.064560481e-16 0)
(1.462686567 -3.236794318e-16 0)
(1.462686567 -5.091750544e-16 0)
(1.462686567 -1.496793457e-16 0)
(1.462686567 3.323609884e-16 0)
(1.462686567 3.412465218e-16 0)
(1.462686567 -8.788165664e-17 0)
(1.462686567 -1.080499257e-16 0)
(1.462686567 -1.183081997e-16 0)
(1.462686567 1.230430974e-16 0)
(1.462686567 1.156470842e-16 0)
(1.462686567 -1.402812328e-17 0)
(1.462686567 -9.338662664e-17 0)
(1.462686567 -1.36470553e-16 0)
(1.462686567 -3.327361186e-16 0)
(1.462686567 -5.588608287e-17 0)
(1.462686567 4.585052454e-16 0)
(1.462686567 4.521296622e-16 0)
(1.462686567 2.575290501e-16 0)
(1.462686567 -1.872395719e-16 0)
(1.462686567 -7.985689719e-17 0)
(1.462686567 -8.312923412e-17 0)
(1.462686567 -3.850159439e-16 0)
(1.462686567 -4.599254944e-16 0)
(1.462686567 -9.665427938e-17 0)
(1.462686567 -1.507000584e-16 0)
(1.462686567 -4.985418545e-16 0)
(1.462686567 2.038826742e-18 0)
(1.462686567 6.875963787e-17 0)
(1.462686567 3.472566228e-16 0)
(1.462686567 5.200565782e-16 0)
(1.462686567 4.411363828e-17 0)
(1.462686567 1.900570826e-16 0)
(1.462686567 4.188378242e-16 0)
(1.462686567 5.09112972e-16 0)
(1.462686567 1.434092605e-16 0)
(1.462686567 -5.527329847e-16 0)
(1.462686567 -1.224113003e-16 0)
(1.462686567 -1.142384262e-16 0)
(1.462686567 -7.322068712e-16 0)
(1.462686567 -7.17041214e-16 0)
(1.462686567 -2.194029327e-16 0)
(1.462686567 -9.052804444e-18 0)
(1.462686567 2.629800392e-16 0)
(1.462686567 1.635412543e-16 0)
(1.462686567 -1.664923449e-16 0)
(1.462686567 -6.561493928e-17 0)
(1.462686567 -2.77203623e-17 0)
(1.462686567 -3.321492635e-16 0)
(1.462686567 2.636469435e-17 0)
(1.492537313 3.324311952e-16 0)
(1.492537313 3.952866532e-16 0)
(1.492537313 6.150078046e-16 0)
(1.492537313 5.467556933e-16 0)
(1.492537313 3.619505103e-16 0)
(1.492537313 5.422837603e-16 0)
(1.492537313 4.027253987e-16 0)
(1.492537313 3.602132923e-16 0)
(1.492537313 4.194789625e-16 0)
(1.492537313 2.561653108e-16 0)
(1.492537313 1.45133437e-17 0)
(1.492537313 1.098431384e-16 0)
(1.492537313 1.362391036e-16 0)
(1.492537313 -1.303728916e-16 0)
(1.492537313 -3.784199323e-16 0)
(1.492537313 -3.848686039e-16 0)
(1.492537313 -3.72585416e-16 0)
(1.492537313 -2.422397834e-16 0)
(1.492537313 -5.190131408e-17 0)
(1.492537313 -6.164711686e-17 0)
(1.492537313 -4.206477742e-17 0)
(1.492537313 -5.164893264e-17 0)
(1.492537313 -1.547634432e-16 0)
(1.492537313 -1.613463293e-16 0)
(1.492537313 -1.772030191e-17 0)
(1.492537313 -8.496038938e-17 0)
(1.492537313 -2.58936689e-16 0)
(1.492537313 -1.387322652e-16 0)
(1.492537313 3.025514345e-17 0)
(1.492537313 -8.247379532e-17 0)
(1.492537313 -4.03647417e-16 0)
(1.492537313 -5.364639171e-16 0)
(1.492537313 -4.044223513e-16 0)
(1.492537313 -2.796851215e-16 0)
(1.492537313 -9.084606282e-17 0)
(1.492537313 1.874155562e-16 0)
(1.492537313 2.282529106e-16 0)
(1.492537313 1.519384993e-16 0)
(1.492537313 9.22895122e-17 0)
(1.492537313 -1.71987407e-16 0)
(1.492537313 -3.554749402e-16 0)
(1.492537313 -2.649924727e-16 0)
(1.492537313 -4.039834824e-16 0)
(1.492537313 -2.972744361e-16 0)
(1.492537313 1.600457205e-17 0)
(1.492537313 -3.160008073e-18 0)
(1.492537313 -8.027973373e-17 0)
(1.492537313 1.896342311e-16 0)
(1.492537313 3.363754459e-17 0)
(1.492537313 -6.566268791e-17 0)
(1.492537313 -1.558303291e-17 0)
(1.492537313 1.790738154e-16 0)
(1.492537313 3.05660853e-16 0)
(1.492537313 3.753514427e-16 0)
(1.492537313 3.322802701e-16 0)
(1.492537313 4.030827038e-16 0)
(1.492537313 2.985158306e-16 0)
(1.492537313 4.657578679e-18 0)
(1.492537313 1.807680471e-16 0)
(1.492537313 2.999443377e-16 0)
(1.492537313 2.379765201e-16 0)
(1.492537313 3.86521538e-17 0)
(1.492537313 -1.116073264e-16 0)
(1.492537313 -1.000947375e-16 0)
(1.492537313 7.729079258e-17 0)
(1.492537313 9.848323762e-17 0)
(1.492537313 8.25910324e-17 0)
(1.492537313 1.115500161e-16 0)
(1.492537313 -2.538413243e-17 0)
(1.492537313 -7.006589765e-17 0)
(1.492537313 9.296343537e-17 0)
(1.492537313 1.851354561e-16 0)
(1.492537313 2.115711638e-16 0)
(1.492537313 1.128896698e-16 0)
(1.492537313 1.237085461e-16 0)
(1.492537313 -3.809783128e-17 0)
(1.492537313 2.954254996e-17 0)
(1.492537313 -1.22442927e-17 0)
(1.492537313 -7.125643328e-18 0)
(1.492537313 1.658806585e-16 0)
(1.492537313 3.889874604e-17 0)
(1.492537313 6.002311556e-17 0)
(1.492537313 -1.903401088e-17 0)
(1.492537313 1.156373965e-16 0)
(1.492537313 -3.938411471e-17 0)
(1.492537313 -4.894564578e-16 0)
(1.492537313 -4.803370712e-16 0)
(1.492537313 -1.342972617e-16 0)
(1.492537313 5.941129911e-17 0)
(1.492537313 1.286169194e-16 0)
(1.492537313 1.548567112e-16 0)
(1.492537313 -2.772614145e-17 0)
(1.492537313 -1.857221017e-16 0)
(1.492537313 -1.732372566e-16 0)
(1.492537313 -2.019000291e-16 0)
(1.492537313 -4.763477355e-16 0)
(1.492537313 -2.507118837e-16 0)
(1.492537313 -6.923943413e-17 0)
(1.492537313 -1.528033569e-16 0)
(1.492537313 -2.107357977e-16 0)
(1.492537313 3.067713184e-17 0)
(1.492537313 3.311668592e-16 0)
(1.492537313 2.401761942e-16 0)
(1.492537313 -1.716645652e-16 0)
(1.492537313 -3.062450596e-16 0)
(1.492537313 -2.508572713e-16 0)
(1.492537313 1.787375928e-17 0)
(1.492537313 1.865944419e-17 0)
(1.492537313 -2.584074151e-17 0)
(1.492537313 1.016741294e-17 0)
(1.492537313 1.388000649e-16 0)
(1.492537313 2.680136067e-16 0)
(1.492537313 3.393982813e-16 0)
(1.492537313 2.346525914e-16 0)
(1.492537313 3.538992904e-16 0)
(1.492537313 4.09589741e-16 0)
(1.492537313 9.25011674e-17 0)
(1.492537313 -8.01912452e-17 0)
(1.492537313 1.395085729e-16 0)
(1.492537313 1.825429745e-16 0)
(1.492537313 1.270313442e-16 0)
(1.492537313 8.86955539e-17 0)
(1.492537313 -1.176451916e-16 0)
(1.492537313 -3.449899365e-16 0)
(1.492537313 -6.17735446e-16 0)
(1.492537313 -5.840905737e-16 0)
(1.492537313 -1.288871004e-16 0)
(1.492537313 -7.136322458e-17 0)
(1.492537313 3.779934749e-17 0)
(1.492537313 3.41190393e-16 0)
(1.492537313 4.127599198e-16 0)
(1.492537313 2.103122001e-16 0)
(1.492537313 -3.867428524e-16 0)
(1.492537313 -4.966335057e-16 0)
(1.492537313 -3.849819628e-16 0)
(1.492537313 -3.47175241e-16 0)
(1.492537313 -3.152002055e-16 0)
(1.492537313 -2.101157635e-16 0)
(1.492537313 1.007828277e-16 0)
(1.492537313 1.983048139e-16 0)
(1.492537313 -2.449735069e-16 0)
(1.492537313 2.546097149e-16 0)
(1.492537313 6.057439827e-16 0)
(1.492537313 5.706226211e-16 0)
(1.492537313 5.971854058e-16 0)
(1.492537313 5.023218268e-16 0)
(1.492537313 5.520292058e-16 0)
(1.492537313 2.991471753e-16 0)
(1.492537313 1.188976816e-17 0)
(1.492537313 -2.447847766e-16 0)
(1.492537313 -1.971141861e-16 0)
(1.492537313 -5.392157438e-16 0)
(1.492537313 -6.296690136e-16 0)
(1.492537313 -1.900715432e-16 0)
(1.492537313 1.902628055e-16 0)
(1.492537313 2.37263215e-16 0)
(1.492537313 1.381108593e-16 0)
(1.492537313 -9.237691127e-17 0)
(1.492537313 -2.450489708e-16 0)
(1.492537313 -1.161778379e-16 0)
(1.492537313 1.034901329e-16 0)
(1.492537313 6.789939962e-17 0)
(1.492537313 -1.066257224e-16 0)
(1.492537313 -1.267474477e-16 0)
(1.492537313 -1.905074279e-16 0)
(1.492537313 5.728950399e-17 0)
(1.492537313 4.763441743e-16 0)
(1.492537313 4.773300301e-16 0)
(1.492537313 2.654855935e-16 0)
(1.492537313 -2.517514387e-16 0)
(1.492537313 -2.675130952e-16 0)
(1.492537313 -2.218577233e-16 0)
(1.492537313 -4.215433295e-16 0)
(1.492537313 -3.866676202e-16 0)
(1.492537313 -1.988101478e-16 0)
(1.492537313 -1.496777575e-16 0)
(1.492537313 -5.12645884e-16 0)
(1.492537313 -7.963569853e-17 0)
(1.492537313 1.321301914e-16 0)
(1.492537313 3.062485204e-16 0)
(1.492537313 4.37430364e-16 0)
(1.492537313 2.689168178e-16 0)
(1.492537313 4.14280377e-16 0)
(1.492537313 5.403702836e-16 0)
(1.492537313 2.540626105e-16 0)
(1.492537313 4.620761191e-17 0)
(1.492537313 -2.781063564e-16 0)
(1.492537313 -2.917194304e-16 0)
(1.492537313 -2.855537485e-16 0)
(1.492537313 -7.190836875e-16 0)
(1.492537313 -5.695631774e-16 0)
(1.492537313 -1.585635527e-16 0)
(1.492537313 -1.518344514e-17 0)
(1.492537313 2.944738972e-16 0)
(1.492537313 3.173600019e-16 0)
(1.492537313 -7.936173697e-17 0)
(1.492537313 -1.512835827e-16 0)
(1.492537313 -1.848238115e-16 0)
(1.492537313 -3.129773681e-16 0)
(1.492537313 -2.18284634e-17 0)
(1.492537313 1.956073299e-16 0)
(1.492537313 4.342507283e-16 0)
(1.492537313 6.050514301e-16 0)
(1.492537313 4.780362806e-16 0)
(1.492537313 4.426010302e-16 0)
(1.492537313 4.382797469e-16 0)
(1.492537313 3.607813095e-16 0)
(1.492537313 3.013406687e-16 0)
(1.492537313 2.351592038e-16 0)
(1.492537313 2.077406145e-16 0)
(1.492537313 1.816460682e-16 0)
(1.492537313 1.337294469e-16 0)
(1.492537313 1.232935401e-16 0)
(1.492537313 -1.00273276e-16 0)
(1.492537313 -2.344870787e-16 0)
(1.492537313 -2.055102001e-16 0)
(1.492537313 -2.775977379e-16 0)
(1.492537313 -2.535506487e-16 0)
(1.492537313 -1.113428422e-16 0)
(1.492537313 1.416722029e-17 0)
(1.492537313 -9.07069128e-17 0)
(1.492537313 -1.368127807e-16 0)
(1.492537313 -1.345965463e-16 0)
(1.492537313 -1.279028048e-16 0)
(1.492537313 -5.367069328e-17 0)
(1.492537313 -1.271695909e-16 0)
(1.492537313 -2.713772649e-16 0)
(1.492537313 -1.084037889e-16 0)
(1.492537313 4.860861085e-17 0)
(1.492537313 -9.539003905e-17 0)
(1.492537313 -3.591738454e-16 0)
(1.492537313 -5.16924081e-16 0)
(1.492537313 -4.22814305e-16 0)
(1.492537313 -2.310489628e-16 0)
(1.492537313 -1.093308953e-16 0)
(1.492537313 1.228858181e-16 0)
(1.492537313 2.30176646e-16 0)
(1.492537313 1.072349158e-16 0)
(1.492537313 -1.584788798e-17 0)
(1.492537313 -2.219976788e-16 0)
(1.492537313 -2.16213765e-16 0)
(1.492537313 -6.604681096e-17 0)
(1.492537313 -3.931702734e-16 0)
(1.492537313 -3.918407941e-16 0)
(1.492537313 -1.023771089e-16 0)
(1.492537313 -5.579232024e-17 0)
(1.492537313 -3.563221205e-17 0)
(1.492537313 2.079985784e-16 0)
(1.492537313 1.889932667e-16 0)
(1.492537313 -2.861551273e-17 0)
(1.492537313 6.348248162e-17 0)
(1.492537313 2.55606611e-16 0)
(1.492537313 2.68840471e-16 0)
(1.492537313 3.000076247e-16 0)
(1.492537313 2.914548384e-16 0)
(1.492537313 4.855179299e-16 0)
(1.492537313 3.827768668e-16 0)
(1.492537313 4.240610738e-17 0)
(1.492537313 7.635029881e-17 0)
(1.492537313 2.195520006e-16 0)
(1.492537313 1.985307706e-16 0)
(1.492537313 1.03769324e-16 0)
(1.492537313 -6.131303533e-17 0)
(1.492537313 -7.924453511e-17 0)
(1.492537313 6.563425459e-17 0)
(1.492537313 1.499155243e-16 0)
(1.492537313 4.413203602e-17 0)
(1.492537313 2.017176054e-17 0)
(1.492537313 -7.345412589e-18 0)
(1.492537313 -1.708188961e-17 0)
(1.492537313 2.263464461e-16 0)
(1.492537313 3.753006773e-16 0)
(1.492537313 4.58931807e-17 0)
(1.492537313 1.109596251e-16 0)
(1.492537313 1.863226495e-16 0)
(1.492537313 -4.103490315e-17 0)
(1.492537313 -1.18097798e-16 0)
(1.492537313 1.081402863e-16 0)
(1.492537313 2.062952778e-16 0)
(1.492537313 3.526782492e-17 0)
(1.492537313 -1.369211291e-16 0)
(1.492537313 -5.452419005e-17 0)
(1.492537313 -5.911405104e-17 0)
(1.492537313 1.99305294e-17 0)
(1.492537313 1.690585179e-17 0)
(1.492537313 -5.56717373e-16 0)
(1.492537313 -5.116359047e-16 0)
(1.492537313 -1.961010245e-16 0)
(1.492537313 1.149305664e-16 0)
(1.492537313 1.742111834e-16 0)
(1.492537313 1.781972182e-16 0)
(1.492537313 -6.01274833e-17 0)
(1.492537313 -1.638600144e-16 0)
(1.492537313 3.491843026e-17 0)
(1.492537313 -1.626073339e-16 0)
(1.492537313 -2.840580458e-16 0)
(1.492537313 -2.929715992e-16 0)
(1.492537313 -2.706246651e-16 0)
(1.492537313 -2.813879973e-16 0)
(1.492537313 -2.065150195e-16 0)
(1.492537313 -8.994271106e-17 0)
(1.492537313 9.97329006e-17 0)
(1.492537313 2.447955308e-16 0)
(1.492537313 4.209499013e-17 0)
(1.492537313 -2.163054405e-16 0)
(1.492537313 -1.869493477e-16 0)
(1.492537313 9.913067338e-18 0)
(1.492537313 1.50141849e-16 0)
(1.492537313 -8.153751809e-17 0)
(1.492537313 -1.104555106e-16 0)
(1.492537313 2.035016204e-16 0)
(1.492537313 3.980272951e-16 0)
(1.492537313 2.637397951e-16 0)
(1.492537313 2.027605089e-16 0)
(1.492537313 2.8289111e-16 0)
(1.492537313 4.279407887e-16 0)
(1.492537313 1.291822735e-16 0)
(1.492537313 -1.055702504e-16 0)
(1.492537313 7.679281588e-17 0)
(1.492537313 1.868425687e-16 0)
(1.492537313 1.583820269e-16 0)
(1.492537313 9.934806514e-17 0)
(1.492537313 -9.318616234e-17 0)
(1.492537313 -2.614867581e-16 0)
(1.492537313 -5.25697395e-16 0)
(1.492537313 -5.019534777e-16 0)
(1.492537313 -1.961822677e-16 0)
(1.492537313 -6.315693481e-17 0)
(1.492537313 1.038733918e-16 0)
(1.492537313 1.565701486e-16 0)
(1.492537313 2.205024347e-16 0)
(1.492537313 2.502365964e-16 0)
(1.492537313 -2.810995674e-16 0)
(1.492537313 -4.064801272e-16 0)
(1.492537313 -5.948120665e-16 0)
(1.492537313 -4.654789185e-16 0)
(1.492537313 -2.952121116e-16 0)
(1.492537313 -1.201707986e-16 0)
(1.492537313 1.355886062e-16 0)
(1.492537313 4.833584761e-17 0)
(1.492537313 -1.081697376e-16 0)
(1.492537313 4.106172947e-16 0)
(1.492537313 7.498456538e-16 0)
(1.492537313 4.666560946e-16 0)
(1.492537313 5.000449646e-16 0)
(1.492537313 5.268041549e-16 0)
(1.492537313 4.258166767e-16 0)
(1.492537313 3.852299296e-16 0)
(1.492537313 1.494882636e-16 0)
(1.492537313 -1.240546737e-17 0)
(1.492537313 -6.005554789e-17 0)
(1.492537313 -7.251814097e-16 0)
(1.492537313 -7.613596781e-16 0)
(1.492537313 -1.905185304e-16 0)
(1.492537313 -2.826166664e-17 0)
(1.492537313 6.204155267e-17 0)
(1.492537313 3.108361018e-16 0)
(1.492537313 3.628809839e-17 0)
(1.492537313 -3.426216877e-16 0)
(1.492537313 -3.362781671e-16 0)
(1.492537313 4.820349668e-17 0)
(1.492537313 7.227842125e-17 0)
(1.492537313 -9.043771861e-17 0)
(1.492537313 -4.469642836e-17 0)
(1.492537313 -3.77683632e-17 0)
(1.492537313 1.726221894e-16 0)
(1.492537313 4.394390605e-16 0)
(1.492537313 5.130647129e-16 0)
(1.492537313 2.875661178e-16 0)
(1.492537313 -3.159785644e-16 0)
(1.492537313 -2.780391532e-16 0)
(1.492537313 -4.778705339e-16 0)
(1.492537313 -5.814299661e-16 0)
(1.492537313 -4.004542676e-16 0)
(1.492537313 -3.015097603e-16 0)
(1.492537313 -1.736678583e-16 0)
(1.492537313 -4.619956717e-16 0)
(1.492537313 -1.263774301e-16 0)
(1.492537313 3.041009336e-16 0)
(1.492537313 1.667996359e-16 0)
(1.492537313 3.809320051e-16 0)
(1.492537313 4.888684056e-16 0)
(1.492537313 6.270121334e-16 0)
(1.492537313 6.153117252e-16 0)
(1.492537313 -6.420031143e-17 0)
(1.492537313 1.679947291e-17 0)
(1.492537313 3.658964836e-17 0)
(1.492537313 -2.545472348e-16 0)
(1.492537313 -5.024334032e-16 0)
(1.492537313 -7.307046923e-16 0)
(1.492537313 -4.393547942e-16 0)
(1.492537313 -4.667625995e-17 0)
(1.492537313 7.557917308e-17 0)
(1.492537313 1.513913827e-16 0)
(1.492537313 3.035291861e-16 0)
(1.492537313 6.514031406e-17 0)
(1.492537313 -3.103051182e-16 0)
(1.492537313 -2.981925089e-16 0)
(1.492537313 -1.838433427e-16 0)
(1.492537313 1.188641557e-17 0)
(1.462686567 3.504516246e-17 0)
(1.462686567 3.312282031e-16 0)
(1.462686567 4.788308594e-16 0)
(1.462686567 3.548675263e-16 0)
(1.462686567 3.897525919e-16 0)
(1.462686567 3.573326267e-16 0)
(1.462686567 3.873227935e-16 0)
(1.462686567 3.140838161e-16 0)
(1.462686567 5.970551921e-17 0)
(1.462686567 1.2194455e-16 0)
(1.462686567 2.649698622e-16 0)
(1.462686567 1.594067119e-16 0)
(1.462686567 3.806525503e-17 0)
(1.462686567 -7.684754269e-17 0)
(1.462686567 -4.865107092e-17 0)
(1.462686567 -9.695658431e-17 0)
(1.462686567 -2.046251758e-16 0)
(1.462686567 -2.472397867e-16 0)
(1.462686567 -1.879039324e-16 0)
(1.462686567 -7.051217564e-17 0)
(1.462686567 -1.215512241e-16 0)
(1.462686567 -1.960540947e-16 0)
(1.462686567 -1.086981263e-16 0)
(1.462686567 -8.493807834e-17 0)
(1.462686567 -5.459424108e-17 0)
(1.462686567 -1.320596471e-16 0)
(1.462686567 -3.620618515e-16 0)
(1.462686567 -1.363156217e-16 0)
(1.462686567 9.484115733e-17 0)
(1.462686567 -1.201326784e-16 0)
(1.462686567 -2.451947386e-16 0)
(1.462686567 -3.899263519e-16 0)
(1.462686567 -3.580427682e-16 0)
(1.462686567 -2.209006695e-16 0)
(1.462686567 1.923396461e-17 0)
(1.462686567 9.017668581e-17 0)
(1.462686567 1.684285397e-16 0)
(1.462686567 7.384863229e-17 0)
(1.462686567 -9.959051933e-17 0)
(1.462686567 -2.252226148e-16 0)
(1.462686567 -8.016568561e-17 0)
(1.462686567 1.111473551e-16 0)
(1.462686567 -3.560904317e-16 0)
(1.462686567 -5.12223697e-16 0)
(1.462686567 -2.586082282e-16 0)
(1.462686567 -1.432325789e-16 0)
(1.462686567 5.62052335e-17 0)
(1.462686567 2.940289624e-16 0)
(1.462686567 3.361590065e-16 0)
(1.462686567 5.152857043e-17 0)
(1.462686567 4.264990334e-17 0)
(1.462686567 2.18089305e-16 0)
(1.462686567 1.033928598e-16 0)
(1.462686567 1.792914509e-16 0)
(1.462686567 2.815463501e-16 0)
(1.462686567 6.153618613e-16 0)
(1.462686567 3.68221673e-16 0)
(1.462686567 6.077349988e-17 0)
(1.462686567 6.143175239e-17 0)
(1.462686567 1.840503507e-16 0)
(1.462686567 7.801727246e-17 0)
(1.462686567 6.735523197e-17 0)
(1.462686567 8.402000203e-17 0)
(1.462686567 5.468841952e-17 0)
(1.462686567 1.20882806e-16 0)
(1.462686567 1.164816754e-16 0)
(1.462686567 -3.300891115e-18 0)
(1.462686567 -4.668104065e-18 0)
(1.462686567 -6.222422715e-17 0)
(1.462686567 -6.478208264e-17 0)
(1.462686567 3.454872583e-16 0)
(1.462686567 4.01637763e-16 0)
(1.462686567 -5.025933891e-17 0)
(1.462686567 1.113709951e-16 0)
(1.462686567 1.438368004e-16 0)
(1.462686567 3.060462437e-18 0)
(1.462686567 -1.712641796e-16 0)
(1.462686567 1.824472908e-16 0)
(1.462686567 2.507184293e-16 0)
(1.462686567 -7.634045423e-17 0)
(1.462686567 -2.135997669e-16 0)
(1.462686567 -1.416752986e-16 0)
(1.462686567 -1.135305325e-16 0)
(1.462686567 -2.068257414e-17 0)
(1.462686567 1.16440602e-16 0)
(1.462686567 -4.255246528e-16 0)
(1.462686567 -4.456931432e-16 0)
(1.462686567 -2.358909425e-16 0)
(1.462686567 1.109080749e-16 0)
(1.462686567 1.951872567e-16 0)
(1.462686567 9.781541324e-17 0)
(1.462686567 -1.164294362e-16 0)
(1.462686567 -1.222778529e-16 0)
(1.462686567 1.633333567e-16 0)
(1.462686567 -1.199852954e-16 0)
(1.462686567 -1.732477382e-16 0)
(1.462686567 -2.471160105e-16 0)
(1.462686567 -4.802966362e-16 0)
(1.462686567 -3.290738827e-16 0)
(1.462686567 -1.142302512e-16 0)
(1.462686567 -2.879007653e-16 0)
(1.462686567 -1.62542164e-16 0)
(1.462686567 2.714390146e-16 0)
(1.462686567 2.58650428e-16 0)
(1.462686567 -1.709364657e-16 0)
(1.462686567 -2.03285169e-16 0)
(1.462686567 1.354128741e-16 0)
(1.462686567 2.982418336e-16 0)
(1.462686567 -2.483451305e-16 0)
(1.462686567 -2.568486044e-16 0)
(1.462686567 2.187522539e-16 0)
(1.462686567 5.38942447e-16 0)
(1.462686567 3.732145266e-16 0)
(1.462686567 5.545884981e-17 0)
(1.462686567 8.276789055e-17 0)
(1.462686567 3.811186636e-16 0)
(1.462686567 2.259120332e-16 0)
(1.462686567 -3.514448232e-17 0)
(1.462686567 1.491245282e-16 0)
(1.462686567 2.379318409e-16 0)
(1.462686567 1.410351816e-16 0)
(1.462686567 1.021243563e-16 0)
(1.462686567 -1.72498859e-16 0)
(1.462686567 -2.843689427e-16 0)
(1.462686567 -3.52460593e-16 0)
(1.462686567 -3.642605312e-16 0)
(1.462686567 -2.018323486e-16 0)
(1.462686567 -1.541014649e-16 0)
(1.462686567 4.568747251e-17 0)
(1.462686567 4.764931959e-17 0)
(1.462686567 3.915883698e-17 0)
(1.462686567 1.869809908e-16 0)
(1.462686567 -1.839325296e-16 0)
(1.462686567 -2.870541349e-16 0)
(1.462686567 -7.400005118e-16 0)
(1.462686567 -4.036061679e-16 0)
(1.462686567 -1.345138896e-16 0)
(1.462686567 -8.458042158e-17 0)
(1.462686567 -9.38069228e-19 0)
(1.462686567 -1.270346952e-16 0)
(1.462686567 -2.249042114e-17 0)
(1.462686567 6.719461896e-16 0)
(1.462686567 9.009026277e-16 0)
(1.462686567 3.095607623e-16 0)
(1.462686567 2.741609538e-16 0)
(1.462686567 5.779472166e-16 0)
(1.462686567 3.830256986e-16 0)
(1.462686567 2.866902683e-16 0)
(1.462686567 3.239984407e-16 0)
(1.462686567 2.213268154e-16 0)
(1.462686567 4.702550387e-17 0)
(1.462686567 -7.505733679e-16 0)
(1.462686567 -7.636005297e-16 0)
(1.462686567 -3.001795839e-17 0)
(1.462686567 -1.314932811e-16 0)
(1.462686567 -1.258210175e-16 0)
(1.462686567 2.422766615e-16 0)
(1.462686567 6.520311251e-17 0)
(1.462686567 -3.313936511e-16 0)
(1.462686567 -4.868585081e-16 0)
(1.462686567 -2.240801852e-17 0)
(1.462686567 9.021076389e-17 0)
(1.462686567 -2.502499832e-17 0)
(1.462686567 9.750877915e-17 0)
(1.462686567 5.245348202e-17 0)
(1.462686567 1.330720996e-16 0)
(1.462686567 3.907018166e-16 0)
(1.462686567 5.45308406e-16 0)
(1.462686567 2.542246265e-16 0)
(1.462686567 -3.091435521e-16 0)
(1.462686567 -1.444379381e-16 0)
(1.462686567 -7.192546328e-16 0)
(1.462686567 -7.41529409e-16 0)
(1.462686567 -4.118796839e-16 0)
(1.462686567 -3.389108354e-16 0)
(1.462686567 -1.306020868e-16 0)
(1.462686567 -5.385580563e-16 0)
(1.462686567 -1.310815117e-16 0)
(1.462686567 5.471567869e-16 0)
(1.462686567 9.129418253e-17 0)
(1.462686567 3.183533091e-16 0)
(1.462686567 7.130932983e-16 0)
(1.462686567 7.098025952e-16 0)
(1.462686567 5.277139616e-16 0)
(1.462686567 -2.667150283e-16 0)
(1.462686567 -3.542848367e-17 0)
(1.462686567 2.738092181e-16 0)
(1.462686567 -1.630267908e-16 0)
(1.462686567 -6.154304503e-16 0)
(1.462686567 -6.630164123e-16 0)
(1.462686567 -2.353293672e-16 0)
(1.462686567 1.042485659e-16 0)
(1.462686567 1.135927685e-16 0)
(1.462686567 -2.713219345e-18 0)
(1.462686567 2.50180372e-16 0)
(1.462686567 5.770636144e-17 0)
(1.462686567 -3.26525119e-16 0)
(1.462686567 -2.28233778e-16 0)
(1.462686567 -6.657535463e-17 0)
(1.462686567 1.153711929e-16 0)
(1.402985075 9.963360014e-17 0)
(1.402985075 1.820707891e-16 0)
(1.402985075 1.808188415e-16 0)
(1.402985075 9.482075041e-17 0)
(1.402985075 3.923810322e-16 0)
(1.402985075 3.170159907e-16 0)
(1.402985075 3.470162004e-16 0)
(1.402985075 2.540439725e-16 0)
(1.402985075 8.519488415e-17 0)
(1.402985075 1.583327436e-16 0)
(1.402985075 1.955755912e-16 0)
(1.402985075 1.192035002e-16 0)
(1.402985075 -6.574850938e-17 0)
(1.402985075 -1.189166968e-17 0)
(1.402985075 1.119419086e-16 0)
(1.402985075 -2.710106368e-17 0)
(1.402985075 -1.716189169e-16 0)
(1.402985075 -2.119026837e-16 0)
(1.402985075 -2.956784217e-16 0)
(1.402985075 -2.322031502e-16 0)
(1.402985075 -8.76395139e-17 0)
(1.402985075 -1.108117532e-16 0)
(1.402985075 2.005538267e-17 0)
(1.402985075 -9.237909269e-17 0)
(1.402985075 -1.386025489e-16 0)
(1.402985075 -1.084767058e-16 0)
(1.402985075 -3.653381953e-16 0)
(1.402985075 -2.633363225e-16 0)
(1.402985075 1.848683045e-17 0)
(1.402985075 -4.368145415e-17 0)
(1.402985075 -1.934443141e-16 0)
(1.402985075 -2.596150503e-16 0)
(1.402985075 -3.021719493e-16 0)
(1.402985075 -7.438176394e-17 0)
(1.402985075 1.275930078e-16 0)
(1.402985075 -1.341385838e-18 0)
(1.402985075 1.038560398e-16 0)
(1.402985075 5.899055483e-17 0)
(1.402985075 -1.802718222e-16 0)
(1.402985075 -1.443543719e-16 0)
(1.402985075 -1.400350347e-16 0)
(1.402985075 1.89179742e-16 0)
(1.402985075 -1.7825786e-16 0)
(1.402985075 -5.494291868e-16 0)
(1.402985075 -2.762000407e-16 0)
(1.402985075 -1.768794344e-16 0)
(1.402985075 1.326716881e-16 0)
(1.402985075 2.667791028e-16 0)
(1.402985075 3.442867659e-16 0)
(1.402985075 1.032961975e-16 0)
(1.402985075 1.115445514e-16 0)
(1.402985075 9.842232222e-17 0)
(1.402985075 -3.432028292e-17 0)
(1.402985075 7.950443298e-17 0)
(1.402985075 1.450024876e-16 0)
(1.402985075 5.731366404e-16 0)
(1.402985075 4.482042498e-16 0)
(1.402985075 2.45911282e-17 0)
(1.402985075 7.87474059e-18 0)
(1.402985075 2.528631006e-16 0)
(1.402985075 9.51059373e-17 0)
(1.402985075 -1.751394021e-17 0)
(1.402985075 7.180030362e-17 0)
(1.402985075 1.096698947e-16 0)
(1.402985075 1.732881654e-16 0)
(1.402985075 1.977721902e-16 0)
(1.402985075 -7.825166182e-17 0)
(1.402985075 -1.156385266e-17 0)
(1.402985075 -8.434930627e-17 0)
(1.402985075 -1.742991586e-16 0)
(1.402985075 3.978582082e-16 0)
(1.402985075 1.922619779e-16 0)
(1.402985075 -4.996677455e-17 0)
(1.402985075 2.425746813e-16 0)
(1.402985075 2.735754945e-16 0)
(1.402985075 -7.589462003e-17 0)
(1.402985075 -2.826519114e-16 0)
(1.402985075 2.597700897e-16 0)
(1.402985075 2.829021496e-16 0)
(1.402985075 -1.621532878e-16 0)
(1.402985075 -3.154828694e-16 0)
(1.402985075 -2.720839709e-16 0)
(1.402985075 -1.583465543e-16 0)
(1.402985075 7.767661209e-18 0)
(1.402985075 1.617975919e-16 0)
(1.402985075 -1.839417863e-16 0)
(1.402985075 -3.939064646e-16 0)
(1.402985075 -2.975158146e-16 0)
(1.402985075 1.163908482e-16 0)
(1.402985075 2.709402939e-16 0)
(1.402985075 -1.581507608e-17 0)
(1.402985075 -1.323413109e-16 0)
(1.402985075 2.244677716e-17 0)
(1.402985075 1.138008201e-16 0)
(1.402985075 -1.685385779e-16 0)
(1.402985075 5.889901913e-17 0)
(1.402985075 -3.161956863e-16 0)
(1.402985075 -5.821768018e-16 0)
(1.402985075 -2.805670039e-16 0)
(1.402985075 -2.694214473e-18 0)
(1.402985075 -2.584063594e-16 0)
(1.402985075 -3.778472947e-16 0)
(1.402985075 1.970093553e-16 0)
(1.402985075 3.418785669e-16 0)
(1.402985075 -1.594747642e-16 0)
(1.402985075 -2.918839056e-16 0)
(1.402985075 2.637407578e-16 0)
(1.402985075 4.133348073e-16 0)
(1.402985075 -4.031239538e-16 0)
(1.402985075 -3.681305462e-16 0)
(1.402985075 1.157032834e-16 0)
(1.402985075 6.164567502e-16 0)
(1.402985075 5.395619097e-16 0)
(1.402985075 1.285497097e-17 0)
(1.402985075 -1.156647248e-17 0)
(1.402985075 2.032104239e-16 0)
(1.402985075 3.338342691e-16 0)
(1.402985075 1.198235513e-16 0)
(1.402985075 1.07012106e-16 0)
(1.402985075 2.154284288e-16 0)
(1.402985075 1.957674743e-16 0)
(1.402985075 -8.083736056e-17 0)
(1.402985075 -2.107880635e-16 0)
(1.402985075 -1.521406226e-16 0)
(1.402985075 -1.586671134e-16 0)
(1.402985075 -2.272225298e-16 0)
(1.402985075 -1.835737051e-16 0)
(1.402985075 -3.497588424e-16 0)
(1.402985075 -1.753708053e-16 0)
(1.402985075 3.11243568e-17 0)
(1.402985075 1.82859354e-17 0)
(1.402985075 1.587675616e-16 0)
(1.402985075 -5.441274501e-17 0)
(1.402985075 -1.329958983e-16 0)
(1.402985075 -7.985238841e-16 0)
(1.402985075 -2.97653097e-16 0)
(1.402985075 1.523835806e-16 0)
(1.402985075 2.678336348e-17 0)
(1.402985075 -3.184393018e-16 0)
(1.402985075 -5.587472479e-16 0)
(1.402985075 1.423150931e-16 0)
(1.402985075 8.931436859e-16 0)
(1.402985075 1.009908141e-15 0)
(1.402985075 1.424725019e-17 0)
(1.402985075 -4.741172907e-17 0)
(1.402985075 7.499212307e-16 0)
(1.402985075 4.45174182e-16 0)
(1.402985075 1.762123216e-16 0)
(1.402985075 4.397381196e-16 0)
(1.402985075 4.845132299e-16 0)
(1.402985075 2.139400231e-16 0)
(1.402985075 -8.878905042e-16 0)
(1.402985075 -7.201361702e-16 0)
(1.402985075 2.097966207e-16 0)
(1.402985075 -3.371585153e-16 0)
(1.402985075 -2.741056621e-16 0)
(1.402985075 1.542391657e-16 0)
(1.402985075 6.119019682e-17 0)
(1.402985075 -1.909065334e-16 0)
(1.402985075 -5.877562536e-16 0)
(1.402985075 -9.441524267e-17 0)
(1.402985075 1.177941157e-16 0)
(1.402985075 8.493915319e-17 0)
(1.402985075 1.204390228e-16 0)
(1.402985075 5.37068709e-18 0)
(1.402985075 1.605454601e-16 0)
(1.402985075 4.180172986e-16 0)
(1.402985075 6.255720675e-16 0)
(1.402985075 4.915803708e-17 0)
(1.402985075 -1.933310456e-16 0)
(1.402985075 1.40766765e-16 0)
(1.402985075 -1.016637361e-15 0)
(1.402985075 -9.268366464e-16 0)
(1.402985075 -2.334923459e-16 0)
(1.402985075 -3.183027899e-16 0)
(1.402985075 -9.166296812e-19 0)
(1.402985075 -9.379819327e-16 0)
(1.402985075 -1.231236946e-16 0)
(1.402985075 1.092069442e-15 0)
(1.402985075 -1.029386927e-16 0)
(1.402985075 7.35297531e-17 0)
(1.402985075 9.908083499e-16 0)
(1.402985075 6.831485788e-16 0)
(1.402985075 4.771410733e-16 0)
(1.402985075 -5.014202169e-16 0)
(1.402985075 -1.428963264e-16 0)
(1.402985075 5.655505132e-16 0)
(1.402985075 -4.193580726e-17 0)
(1.402985075 -7.636338817e-16 0)
(1.402985075 -6.397887868e-16 0)
(1.402985075 7.385949697e-17 0)
(1.402985075 3.369708394e-16 0)
(1.402985075 2.900605667e-16 0)
(1.402985075 -2.489579408e-16 0)
(1.402985075 -1.168410887e-16 0)
(1.402985075 -5.91472312e-17 0)
(1.402985075 -1.78131584e-16 0)
(1.402985075 3.795636654e-17 0)
(1.402985075 4.626076686e-17 0)
(1.402985075 6.705763131e-17 0)
(1.313432836 9.04852775e-17 0)
(1.313432836 4.203430722e-17 0)
(1.313432836 -3.502943028e-17 0)
(1.313432836 -8.90738981e-17 0)
(1.313432836 3.807878913e-16 0)
(1.313432836 3.190394987e-16 0)
(1.313432836 2.985935947e-16 0)
(1.313432836 1.590855626e-16 0)
(1.313432836 9.892076268e-17 0)
(1.313432836 1.70401925e-16 0)
(1.313432836 2.196643953e-16 0)
(1.313432836 2.067567101e-16 0)
(1.313432836 -2.526862171e-17 0)
(1.313432836 4.866322992e-17 0)
(1.313432836 1.171071884e-16 0)
(1.313432836 -6.773416926e-17 0)
(1.313432836 -1.766319497e-16 0)
(1.313432836 -9.619674141e-17 0)
(1.313432836 -3.777092911e-16 0)
(1.313432836 -3.054812997e-16 0)
(1.313432836 -5.206024982e-17 0)
(1.313432836 -2.559122026e-17 0)
(1.313432836 1.116248011e-16 0)
(1.313432836 -1.032457619e-17 0)
(1.313432836 -1.714533521e-16 0)
(1.313432836 -2.801903022e-16 0)
(1.313432836 -3.950186503e-16 0)
(1.313432836 -3.136686098e-16 0)
(1.313432836 -2.801801359e-17 0)
(1.313432836 1.559658855e-17 0)
(1.313432836 -2.024618618e-16 0)
(1.313432836 -1.364165947e-16 0)
(1.313432836 -1.375723403e-16 0)
(1.313432836 7.124557104e-18 0)
(1.313432836 2.102268118e-16 0)
(1.313432836 -3.40172647e-17 0)
(1.313432836 7.545563366e-17 0)
(1.313432836 -4.435837466e-17 0)
(1.313432836 -1.703229117e-16 0)
(1.313432836 1.969732521e-18 0)
(1.313432836 -2.582385654e-16 0)
(1.313432836 1.940255557e-16 0)
(1.313432836 -1.721826372e-17 0)
(1.313432836 -5.048731405e-16 0)
(1.313432836 -3.195077163e-16 0)
(1.313432836 -5.573463084e-17 0)
(1.313432836 7.850145058e-17 0)
(1.313432836 1.83879596e-16 0)
(1.313432836 3.027728783e-16 0)
(1.313432836 7.222076571e-17 0)
(1.313432836 1.41815955e-16 0)
(1.313432836 4.937524062e-17 0)
(1.313432836 -2.686877917e-18 0)
(1.313432836 -5.338630983e-17 0)
(1.313432836 2.587309203e-17 0)
(1.313432836 4.543634228e-16 0)
(1.313432836 4.801304045e-16 0)
(1.313432836 6.562486253e-17 0)
(1.313432836 -3.712036037e-17 0)
(1.313432836 1.955198965e-16 0)
(1.313432836 8.550869287e-17 0)
(1.313432836 -8.219365143e-17 0)
(1.313432836 1.377702014e-16 0)
(1.313432836 1.027012983e-16 0)
(1.313432836 1.233430468e-16 0)
(1.313432836 2.157235492e-16 0)
(1.313432836 -1.329368194e-16 0)
(1.313432836 -2.925261341e-18 0)
(1.313432836 -4.363046968e-17 0)
(1.313432836 -2.043725599e-16 0)
(1.313432836 3.758455311e-16 0)
(1.313432836 -2.352048589e-18 0)
(1.313432836 -1.17479154e-16 0)
(1.313432836 3.287568264e-16 0)
(1.313432836 4.01986823e-16 0)
(1.313432836 -1.76851799e-16 0)
(1.313432836 -4.269484765e-16 0)
(1.313432836 3.378024313e-16 0)
(1.313432836 3.635630522e-16 0)
(1.313432836 -1.83533425e-16 0)
(1.313432836 -3.365005965e-16 0)
(1.313432836 -2.877599224e-16 0)
(1.313432836 -2.036654568e-16 0)
(1.313432836 -2.211908639e-17 0)
(1.313432836 2.563694863e-16 0)
(1.313432836 2.129370924e-17 0)
(1.313432836 -2.754899004e-16 0)
(1.313432836 -3.783926144e-16 0)
(1.313432836 4.537908523e-17 0)
(1.313432836 2.506720645e-16 0)
(1.313432836 -1.311384463e-17 0)
(1.313432836 -1.366649611e-16 0)
(1.313432836 1.566355207e-16 0)
(1.313432836 4.789180942e-17 0)
(1.313432836 -2.168051837e-16 0)
(1.313432836 2.498177574e-16 0)
(1.313432836 -2.418143115e-16 0)
(1.313432836 -6.923249599e-16 0)
(1.313432836 -2.268698157e-16 0)
(1.313432836 1.594720098e-16 0)
(1.313432836 -2.470166024e-16 0)
(1.313432836 -5.259369706e-16 0)
(1.313432836 1.900490174e-16 0)
(1.313432836 4.776601141e-16 0)
(1.313432836 -1.904639211e-16 0)
(1.313432836 -3.826703863e-16 0)
(1.313432836 3.201406246e-16 0)
(1.313432836 4.350927201e-16 0)
(1.313432836 -4.430872412e-16 0)
(1.313432836 -4.41369439e-16 0)
(1.313432836 -5.821883071e-17 0)
(1.313432836 5.467000523e-16 0)
(1.313432836 5.203946066e-16 0)
(1.313432836 1.682471113e-16 0)
(1.313432836 -9.696472292e-17 0)
(1.313432836 6.288602566e-17 0)
(1.313432836 3.979573026e-16 0)
(1.313432836 1.89752719e-16 0)
(1.313432836 1.055601111e-16 0)
(1.313432836 2.903328836e-16 0)
(1.313432836 8.515645349e-17 0)
(1.313432836 -4.521657883e-16 0)
(1.313432836 -2.771772837e-16 0)
(1.313432836 1.592309488e-16 0)
(1.313432836 6.215477644e-17 0)
(1.313432836 -9.825444999e-17 0)
(1.313432836 -1.044917767e-16 0)
(1.313432836 -5.18825956e-16 0)
(1.313432836 -1.957144574e-16 0)
(1.313432836 -1.960165782e-17 0)
(1.313432836 -2.711338606e-17 0)
(1.313432836 1.945754826e-16 0)
(1.313432836 8.879154092e-19 0)
(1.313432836 -1.126584026e-16 0)
(1.313432836 -8.689021215e-16 0)
(1.313432836 -9.335114436e-17 0)
(1.313432836 4.226832941e-16 0)
(1.313432836 5.939717129e-17 0)
(1.313432836 -5.140747249e-16 0)
(1.313432836 -8.910227677e-16 0)
(1.313432836 2.135344533e-16 0)
(1.313432836 9.280654758e-16 0)
(1.313432836 8.995048609e-16 0)
(1.313432836 -2.162370476e-16 0)
(1.313432836 -8.590629095e-17 0)
(1.313432836 9.197873842e-16 0)
(1.313432836 3.459785955e-16 0)
(1.313432836 2.177931224e-16 0)
(1.313432836 5.810014589e-16 0)
(1.313432836 5.85843894e-16 0)
(1.313432836 2.998084056e-16 0)
(1.313432836 -9.732339515e-16 0)
(1.313432836 -6.639404158e-16 0)
(1.313432836 3.197985968e-16 0)
(1.313432836 -4.67721754e-16 0)
(1.313432836 -3.731380745e-16 0)
(1.313432836 1.709665624e-16 0)
(1.313432836 3.621117787e-17 0)
(1.313432836 -5.433079538e-17 0)
(1.313432836 -6.090208436e-16 0)
(1.313432836 -3.165739435e-17 0)
(1.313432836 8.675910511e-17 0)
(1.313432836 1.172173072e-16 0)
(1.313432836 8.387782097e-17 0)
(1.313432836 -6.074546783e-17 0)
(1.313432836 1.115658261e-16 0)
(1.313432836 3.899305978e-16 0)
(1.313432836 7.979817565e-16 0)
(1.313432836 -1.106384202e-16 0)
(1.313432836 -1.321795678e-16 0)
(1.313432836 3.149307728e-16 0)
(1.313432836 -1.154163584e-15 0)
(1.313432836 -9.119935794e-16 0)
(1.313432836 -7.009182652e-17 0)
(1.313432836 -3.947186178e-16 0)
(1.313432836 -9.22930807e-17 0)
(1.313432836 -1.11709875e-15 0)
(1.313432836 -1.19214099e-16 0)
(1.313432836 1.354792036e-15 0)
(1.313432836 -1.723455821e-16 0)
(1.313432836 3.900015026e-17 0)
(1.313432836 1.126274817e-15 0)
(1.313432836 5.913373385e-16 0)
(1.313432836 3.648335342e-16 0)
(1.313432836 -6.679489336e-16 0)
(1.313432836 -2.06483447e-16 0)
(1.313432836 8.633996235e-16 0)
(1.313432836 -2.15577249e-17 0)
(1.313432836 -9.134641998e-16 0)
(1.313432836 -6.202524256e-16 0)
(1.313432836 3.129278977e-16 0)
(1.313432836 5.764018541e-16 0)
(1.313432836 3.158205099e-16 0)
(1.313432836 -4.181064034e-16 0)
(1.313432836 -2.739453428e-16 0)
(1.313432836 -2.880707236e-16 0)
(1.313432836 -1.013480062e-16 0)
(1.313432836 3.389218829e-16 0)
(1.313432836 1.201595843e-16 0)
(1.313432836 1.020423305e-16 0)
(1.194029851 -1.963555913e-16 0)
(1.194029851 -5.419099897e-17 0)
(1.194029851 -1.356414966e-16 0)
(1.194029851 -6.361844925e-17 0)
(1.194029851 2.760923409e-16 0)
(1.194029851 2.670480837e-16 0)
(1.194029851 1.617038863e-16 0)
(1.194029851 1.61171528e-16 0)
(1.194029851 5.56681463e-17 0)
(1.194029851 9.77109781e-17 0)
(1.194029851 3.218025734e-16 0)
(1.194029851 2.519692204e-16 0)
(1.194029851 -6.475237299e-17 0)
(1.194029851 1.45444916e-16 0)
(1.194029851 1.96336759e-16 0)
(1.194029851 -1.072454357e-16 0)
(1.194029851 -6.345493896e-17 0)
(1.194029851 -6.682908797e-17 0)
(1.194029851 -4.408641734e-16 0)
(1.194029851 -3.08239807e-16 0)
(1.194029851 -9.311259875e-17 0)
(1.194029851 9.362270607e-19 0)
(1.194029851 2.1354244e-16 0)
(1.194029851 1.612264796e-16 0)
(1.194029851 -2.313853357e-16 0)
(1.194029851 -4.191157881e-16 0)
(1.194029851 -3.247371035e-16 0)
(1.194029851 -3.542643445e-16 0)
(1.194029851 -6.813654869e-17 0)
(1.194029851 6.062760051e-19 0)
(1.194029851 -2.170582984e-16 0)
(1.194029851 -8.448718475e-17 0)
(1.194029851 -1.445851811e-17 0)
(1.194029851 7.594612548e-17 0)
(1.194029851 2.221149851e-16 0)
(1.194029851 -2.226473179e-17 0)
(1.194029851 1.095179811e-16 0)
(1.194029851 -1.596970884e-16 0)
(1.194029851 -1.523064878e-16 0)
(1.194029851 6.624133514e-17 0)
(1.194029851 -2.344782811e-16 0)
(1.194029851 8.988531586e-17 0)
(1.194029851 1.287138008e-16 0)
(1.194029851 -2.77386768e-16 0)
(1.194029851 -3.083750638e-16 0)
(1.194029851 -5.308913111e-17 0)
(1.194029851 -1.235032993e-16 0)
(1.194029851 3.996024534e-17 0)
(1.194029851 2.549861359e-16 0)
(1.194029851 -2.55636138e-17 0)
(1.194029851 1.308542366e-16 0)
(1.194029851 1.857154525e-16 0)
(1.194029851 7.303030543e-17 0)
(1.194029851 -1.529536688e-16 0)
(1.194029851 -7.179722956e-17 0)
(1.194029851 3.953562357e-16 0)
(1.194029851 4.449660761e-16 0)
(1.194029851 1.413457499e-16 0)
(1.194029851 -3.925507033e-17 0)
(1.194029851 6.254269544e-17 0)
(1.194029851 6.169251382e-17 0)
(1.194029851 -1.374619224e-16 0)
(1.194029851 1.496211985e-16 0)
(1.194029851 1.281657892e-16 0)
(1.194029851 8.562289801e-17 0)
(1.194029851 2.395171452e-16 0)
(1.194029851 -9.93534792e-17 0)
(1.194029851 -3.000615271e-17 0)
(1.194029851 -1.587066702e-19 0)
(1.194029851 -1.968447874e-16 0)
(1.194029851 3.898478132e-16 0)
(1.194029851 -8.4469696e-17 0)
(1.194029851 -1.659228354e-16 0)
(1.194029851 2.646246028e-16 0)
(1.194029851 4.819490633e-16 0)
(1.194029851 -1.146390455e-16 0)
(1.194029851 -5.571049365e-16 0)
(1.194029851 4.275196815e-16 0)
(1.194029851 4.726087777e-16 0)
(1.194029851 -2.014405073e-16 0)
(1.194029851 -4.118548371e-16 0)
(1.194029851 -3.237545547e-16 0)
(1.194029851 -1.606793354e-16 0)
(1.194029851 2.231400759e-17 0)
(1.194029851 3.019399984e-16 0)
(1.194029851 8.138645002e-17 0)
(1.194029851 -2.574034665e-16 0)
(1.194029851 -4.901239696e-16 0)
(1.194029851 4.669684109e-17 0)
(1.194029851 2.503767099e-16 0)
(1.194029851 -4.419460057e-17 0)
(1.194029851 -2.932567624e-18 0)
(1.194029851 3.287929268e-16 0)
(1.194029851 8.719874212e-17 0)
(1.194029851 -3.340652424e-16 0)
(1.194029851 2.584625338e-16 0)
(1.194029851 -1.585792705e-16 0)
(1.194029851 -6.924323553e-16 0)
(1.194029851 -3.88910703e-17 0)
(1.194029851 1.309074035e-16 0)
(1.194029851 -3.979296076e-16 0)
(1.194029851 -3.795742201e-16 0)
(1.194029851 3.092697065e-16 0)
(1.194029851 4.888629677e-16 0)
(1.194029851 -1.644817039e-16 0)
(1.194029851 -4.592270714e-16 0)
(1.194029851 2.989859517e-16 0)
(1.194029851 3.95471606e-16 0)
(1.194029851 -4.071689143e-16 0)
(1.194029851 -4.069799802e-16 0)
(1.194029851 -7.746210268e-17 0)
(1.194029851 4.570316775e-16 0)
(1.194029851 3.231138458e-16 0)
(1.194029851 1.98972766e-16 0)
(1.194029851 -1.545332457e-16 0)
(1.194029851 1.067292589e-16 0)
(1.194029851 4.176876994e-16 0)
(1.194029851 7.484301845e-17 0)
(1.194029851 7.132436043e-17 0)
(1.194029851 3.581131531e-16 0)
(1.194029851 7.160622887e-17 0)
(1.194029851 -5.053427158e-16 0)
(1.194029851 -3.260892037e-16 0)
(1.194029851 3.227862212e-16 0)
(1.194029851 1.27957789e-16 0)
(1.194029851 -7.751212563e-17 0)
(1.194029851 -9.642559882e-17 0)
(1.194029851 -4.922201824e-16 0)
(1.194029851 -1.811180063e-16 0)
(1.194029851 -1.013259342e-16 0)
(1.194029851 -2.958927393e-17 0)
(1.194029851 2.772026092e-16 0)
(1.194029851 -4.735920705e-18 0)
(1.194029851 -2.762131285e-16 0)
(1.194029851 -8.403500718e-16 0)
(1.194029851 1.917230359e-16 0)
(1.194029851 5.450988361e-16 0)
(1.194029851 -8.360376906e-19 0)
(1.194029851 -4.877866625e-16 0)
(1.194029851 -9.420688144e-16 0)
(1.194029851 1.450696221e-16 0)
(1.194029851 9.294498044e-16 0)
(1.194029851 6.534193088e-16 0)
(1.194029851 -4.055856993e-16 0)
(1.194029851 -7.470232334e-17 0)
(1.194029851 9.496507889e-16 0)
(1.194029851 2.818991058e-16 0)
(1.194029851 2.111955279e-16 0)
(1.194029851 4.406775338e-16 0)
(1.194029851 7.466459703e-16 0)
(1.194029851 5.106190777e-16 0)
(1.194029851 -1.153661281e-15 0)
(1.194029851 -7.015830599e-16 0)
(1.194029851 3.940575998e-16 0)
(1.194029851 -4.570523437e-16 0)
(1.194029851 -2.512330914e-16 0)
(1.194029851 3.160433987e-16 0)
(1.194029851 -1.247511084e-16 0)
(1.194029851 1.245721949e-17 0)
(1.194029851 -4.371757e-16 0)
(1.194029851 -4.607161677e-17 0)
(1.194029851 -6.611603576e-17 0)
(1.194029851 4.419974428e-17 0)
(1.194029851 1.631745806e-16 0)
(1.194029851 -9.821699565e-17 0)
(1.194029851 2.481757331e-16 0)
(1.194029851 2.968072939e-16 0)
(1.194029851 7.134402318e-16 0)
(1.194029851 -2.07301359e-17 0)
(1.194029851 -1.535101282e-16 0)
(1.194029851 4.250663089e-16 0)
(1.194029851 -1.061791787e-15 0)
(1.194029851 -9.087732968e-16 0)
(1.194029851 -4.411741408e-17 0)
(1.194029851 -4.755275366e-16 0)
(1.194029851 -4.467244163e-17 0)
(1.194029851 -1.175088576e-15 0)
(1.194029851 -1.9981042e-16 0)
(1.194029851 1.477469278e-15 0)
(1.194029851 -1.59712864e-16 0)
(1.194029851 1.543643194e-16 0)
(1.194029851 1.147772029e-15 0)
(1.194029851 3.925663779e-16 0)
(1.194029851 2.79592228e-16 0)
(1.194029851 -7.147554364e-16 0)
(1.194029851 -3.199280029e-16 0)
(1.194029851 9.052886984e-16 0)
(1.194029851 1.911740767e-18 0)
(1.194029851 -8.393197177e-16 0)
(1.194029851 -6.170201518e-16 0)
(1.194029851 3.425313799e-16 0)
(1.194029851 7.76614858e-16 0)
(1.194029851 3.817298131e-16 0)
(1.194029851 -3.799019698e-16 0)
(1.194029851 -5.984635485e-16 0)
(1.194029851 -4.526171531e-16 0)
(1.194029851 7.962063189e-17 0)
(1.194029851 3.596777749e-16 0)
(1.194029851 3.931944414e-16 0)
(1.194029851 2.340873328e-16 0)
(1.044776119 3.373403208e-17 0)
(1.044776119 -6.226543397e-17 0)
(1.044776119 -3.678185248e-17 0)
(1.044776119 -2.973786253e-17 0)
(1.044776119 1.187110443e-16 0)
(1.044776119 6.311855005e-17 0)
(1.044776119 1.192567964e-16 0)
(1.044776119 1.947199074e-16 0)
(1.044776119 -9.013857546e-18 0)
(1.044776119 6.157546812e-17 0)
(1.044776119 2.672166968e-16 0)
(1.044776119 2.107477831e-16 0)
(1.044776119 6.525582194e-17 0)
(1.044776119 2.630602182e-16 0)
(1.044776119 2.0553695e-16 0)
(1.044776119 -2.131973735e-16 0)
(1.044776119 6.198257439e-17 0)
(1.044776119 -7.626983842e-17 0)
(1.044776119 -4.649390616e-16 0)
(1.044776119 -2.536360221e-16 0)
(1.044776119 -6.651337636e-17 0)
(1.044776119 2.931250338e-17 0)
(1.044776119 1.836936267e-16 0)
(1.044776119 1.872877552e-16 0)
(1.044776119 -1.110880401e-16 0)
(1.044776119 -3.583883108e-16 0)
(1.044776119 -3.485250748e-16 0)
(1.044776119 -1.748636164e-16 0)
(1.044776119 -1.126227562e-16 0)
(1.044776119 -2.797974355e-16 0)
(1.044776119 -1.153547295e-16 0)
(1.044776119 -1.828255572e-18 0)
(1.044776119 -7.898453254e-17 0)
(1.044776119 1.587742816e-16 0)
(1.044776119 2.888530655e-16 0)
(1.044776119 -1.632792052e-17 0)
(1.044776119 2.282680329e-17 0)
(1.044776119 -2.258951918e-16 0)
(1.044776119 -1.888008391e-16 0)
(1.044776119 1.274061405e-16 0)
(1.044776119 -1.390507112e-16 0)
(1.044776119 5.334216086e-17 0)
(1.044776119 2.06621844e-16 0)
(1.044776119 -3.466131308e-17 0)
(1.044776119 -2.528700844e-16 0)
(1.044776119 -8.446265047e-17 0)
(1.044776119 -1.110059885e-16 0)
(1.044776119 -8.601378075e-17 0)
(1.044776119 8.567801329e-17 0)
(1.044776119 -1.468256685e-17 0)
(1.044776119 1.413443988e-16 0)
(1.044776119 1.632150806e-16 0)
(1.044776119 4.55026773e-17 0)
(1.044776119 -1.583641961e-16 0)
(1.044776119 -1.169322341e-16 0)
(1.044776119 3.441325513e-16 0)
(1.044776119 4.369248231e-16 0)
(1.044776119 -1.274622041e-17 0)
(1.044776119 -5.709687862e-17 0)
(1.044776119 -4.790123466e-17 0)
(1.044776119 2.155282673e-17 0)
(1.044776119 1.023427138e-16 0)
(1.044776119 1.492972449e-16 0)
(1.044776119 2.427457841e-18 0)
(1.044776119 9.194874531e-17 0)
(1.044776119 1.875136082e-16 0)
(1.044776119 -8.752220195e-17 0)
(1.044776119 1.0649046e-16 0)
(1.044776119 -4.043337484e-17 0)
(1.044776119 -2.387006187e-16 0)
(1.044776119 4.939389262e-16 0)
(1.044776119 -1.554525509e-16 0)
(1.044776119 -3.422589166e-16 0)
(1.044776119 4.03346915e-16 0)
(1.044776119 5.654342734e-16 0)
(1.044776119 -2.183840188e-16 0)
(1.044776119 -6.520540294e-16 0)
(1.044776119 4.312662936e-16 0)
(1.044776119 5.834240024e-16 0)
(1.044776119 -2.017979301e-16 0)
(1.044776119 -2.852862669e-16 0)
(1.044776119 -2.677078882e-16 0)
(1.044776119 -3.78452253e-16 0)
(1.044776119 3.7797116e-17 0)
(1.044776119 4.764456946e-16 0)
(1.044776119 1.473107368e-17 0)
(1.044776119 -3.115677805e-16 0)
(1.044776119 -3.659029876e-16 0)
(1.044776119 5.33606172e-17 0)
(1.044776119 1.016749203e-16 0)
(1.044776119 -6.973114432e-17 0)
(1.044776119 1.662629263e-16 0)
(1.044776119 4.922556864e-16 0)
(1.044776119 5.354536104e-17 0)
(1.044776119 -4.377203417e-16 0)
(1.044776119 3.272796895e-16 0)
(1.044776119 -2.078256599e-16 0)
(1.044776119 -7.06172848e-16 0)
(1.044776119 -8.791696694e-19 0)
(1.044776119 3.555453889e-16 0)
(1.044776119 -3.162089345e-16 0)
(1.044776119 -6.071681322e-16 0)
(1.044776119 3.037976722e-16 0)
(1.044776119 6.455720567e-16 0)
(1.044776119 -1.592176285e-16 0)
(1.044776119 -5.50355563e-16 0)
(1.044776119 3.372088735e-16 0)
(1.044776119 5.39567756e-16 0)
(1.044776119 -3.696666451e-16 0)
(1.044776119 -4.348290146e-16 0)
(1.044776119 -3.329092957e-16 0)
(1.044776119 4.472267928e-16 0)
(1.044776119 5.367249191e-16 0)
(1.044776119 -3.974029308e-17 0)
(1.044776119 -1.113745594e-16 0)
(1.044776119 5.270149368e-17 0)
(1.044776119 2.701123201e-16 0)
(1.044776119 7.371111226e-17 0)
(1.044776119 -4.192393133e-18 0)
(1.044776119 2.408069384e-16 0)
(1.044776119 2.149660279e-16 0)
(1.044776119 -4.752640403e-16 0)
(1.044776119 -3.87076141e-16 0)
(1.044776119 5.325296217e-16 0)
(1.044776119 2.84662713e-16 0)
(1.044776119 -2.393301862e-16 0)
(1.044776119 -1.832525792e-16 0)
(1.044776119 -4.598196224e-16 0)
(1.044776119 -1.282942764e-17 0)
(1.044776119 -1.2753479e-16 0)
(1.044776119 -1.366993986e-16 0)
(1.044776119 2.804181142e-16 0)
(1.044776119 -4.005651693e-17 0)
(1.044776119 -8.844741855e-17 0)
(1.044776119 -9.252204399e-16 0)
(1.044776119 2.221282499e-16 0)
(1.044776119 9.672453028e-16 0)
(1.044776119 1.075176764e-16 0)
(1.044776119 -8.343152298e-16 0)
(1.044776119 -1.042634332e-15 0)
(1.044776119 2.950857088e-16 0)
(1.044776119 8.434879298e-16 0)
(1.044776119 5.418472152e-16 0)
(1.044776119 -7.296060568e-16 0)
(1.044776119 -1.43004002e-16 0)
(1.044776119 1.108951581e-15 0)
(1.044776119 3.780287095e-17 0)
(1.044776119 -6.611315816e-17 0)
(1.044776119 6.347755655e-16 0)
(1.044776119 8.669211842e-16 0)
(1.044776119 2.827292756e-16 0)
(1.044776119 -1.250875439e-15 0)
(1.044776119 -5.616776658e-16 0)
(1.044776119 6.451570165e-16 0)
(1.044776119 -5.758800954e-16 0)
(1.044776119 -3.019453295e-16 0)
(1.044776119 4.225322494e-16 0)
(1.044776119 6.026501461e-17 0)
(1.044776119 1.386234904e-17 0)
(1.044776119 -5.461759821e-16 0)
(1.044776119 1.646281789e-16 0)
(1.044776119 6.475965097e-17 0)
(1.044776119 5.568196457e-17 0)
(1.044776119 4.257865627e-17 0)
(1.044776119 -1.624423998e-16 0)
(1.044776119 -6.853523508e-17 0)
(1.044776119 2.377072941e-16 0)
(1.044776119 9.557179229e-16 0)
(1.044776119 -1.935269927e-16 0)
(1.044776119 -5.569345826e-18 0)
(1.044776119 6.037266462e-16 0)
(1.044776119 -1.304736873e-15 0)
(1.044776119 -8.81021337e-16 0)
(1.044776119 2.953775017e-16 0)
(1.044776119 -2.434144916e-16 0)
(1.044776119 -2.959409586e-17 0)
(1.044776119 -1.331258299e-15 0)
(1.044776119 -1.945910827e-16 0)
(1.044776119 1.441216471e-15 0)
(1.044776119 -4.221020188e-16 0)
(1.044776119 1.177616806e-16 0)
(1.044776119 1.282288143e-15 0)
(1.044776119 4.773751456e-16 0)
(1.044776119 2.838184227e-16 0)
(1.044776119 -1.201194559e-15 0)
(1.044776119 -2.273410539e-16 0)
(1.044776119 1.265712653e-15 0)
(1.044776119 3.871831721e-18 0)
(1.044776119 -1.120548502e-15 0)
(1.044776119 -4.719871833e-16 0)
(1.044776119 5.302457536e-16 0)
(1.044776119 6.966982115e-16 0)
(1.044776119 3.112080682e-16 0)
(1.044776119 -5.797113274e-16 0)
(1.044776119 -3.386846411e-16 0)
(1.044776119 -3.087170691e-16 0)
(1.044776119 -1.340386185e-16 0)
(1.044776119 5.034501584e-16 0)
(1.044776119 1.274243608e-16 0)
(1.044776119 1.21237935e-16 0)
(0.8656716418 1.015409407e-17 0)
(0.8656716418 -7.967213086e-17 0)
(0.8656716418 2.404864845e-17 0)
(0.8656716418 -1.492054683e-17 0)
(0.8656716418 -5.719196254e-17 0)
(0.8656716418 -9.249458739e-17 0)
(0.8656716418 8.368561033e-17 0)
(0.8656716418 1.936231582e-16 0)
(0.8656716418 -3.727163822e-17 0)
(0.8656716418 3.257034044e-17 0)
(0.8656716418 1.368152723e-16 0)
(0.8656716418 1.833252188e-16 0)
(0.8656716418 2.632694831e-16 0)
(0.8656716418 2.864576596e-16 0)
(0.8656716418 1.841219649e-16 0)
(0.8656716418 -1.853853384e-16 0)
(0.8656716418 9.347586009e-17 0)
(0.8656716418 -1.088148373e-16 0)
(0.8656716418 -4.130754884e-16 0)
(0.8656716418 -2.314926967e-16 0)
(0.8656716418 2.468026416e-17 0)
(0.8656716418 1.006723211e-16 0)
(0.8656716418 8.183531071e-17 0)
(0.8656716418 1.395683049e-16 0)
(0.8656716418 -8.093643333e-17 0)
(0.8656716418 -2.485965312e-16 0)
(0.8656716418 -2.944418662e-16 0)
(0.8656716418 -7.940958118e-17 0)
(0.8656716418 -1.682408088e-16 0)
(0.8656716418 -3.590396406e-16 0)
(0.8656716418 -5.877887793e-17 0)
(0.8656716418 8.46922217e-17 0)
(0.8656716418 -3.58312279e-17 0)
(0.8656716418 1.657209791e-16 0)
(0.8656716418 2.566863164e-16 0)
(0.8656716418 -1.210030445e-16 0)
(0.8656716418 -6.246263571e-17 0)
(0.8656716418 -1.603255365e-16 0)
(0.8656716418 -1.092312515e-16 0)
(0.8656716418 2.007599035e-16 0)
(0.8656716418 -2.240062453e-16 0)
(0.8656716418 7.862665776e-17 0)
(0.8656716418 2.42366523e-16 0)
(0.8656716418 5.272583049e-17 0)
(0.8656716418 -1.800591765e-16 0)
(0.8656716418 -1.727544302e-16 0)
(0.8656716418 -2.719816376e-17 0)
(0.8656716418 -3.561006472e-17 0)
(0.8656716418 8.755619408e-18 0)
(0.8656716418 -9.131008064e-17 0)
(0.8656716418 5.907065486e-17 0)
(0.8656716418 1.150485542e-16 0)
(0.8656716418 3.074289573e-17 0)
(0.8656716418 -9.912520299e-17 0)
(0.8656716418 -7.952762033e-17 0)
(0.8656716418 2.770222569e-16 0)
(0.8656716418 2.30496113e-16 0)
(0.8656716418 -9.570398493e-17 0)
(0.8656716418 -6.199144919e-17 0)
(0.8656716418 -4.081721007e-17 0)
(0.8656716418 2.659125885e-17 0)
(0.8656716418 1.82669536e-16 0)
(0.8656716418 1.238062832e-16 0)
(0.8656716418 -6.30720524e-18 0)
(0.8656716418 9.564955931e-17 0)
(0.8656716418 1.024171547e-16 0)
(0.8656716418 -4.117736911e-17 0)
(0.8656716418 1.561303555e-16 0)
(0.8656716418 5.475604015e-17 0)
(0.8656716418 -1.837949597e-16 0)
(0.8656716418 3.522562192e-16 0)
(0.8656716418 -2.305099719e-16 0)
(0.8656716418 -3.719351638e-16 0)
(0.8656716418 4.644224894e-16 0)
(0.8656716418 5.686751071e-16 0)
(0.8656716418 -2.924098775e-16 0)
(0.8656716418 -6.142067455e-16 0)
(0.8656716418 3.950007672e-16 0)
(0.8656716418 5.706174837e-16 0)
(0.8656716418 -1.267828912e-16 0)
(0.8656716418 -2.734878565e-16 0)
(0.8656716418 -2.48558463e-16 0)
(0.8656716418 -3.449475434e-16 0)
(0.8656716418 1.642845048e-17 0)
(0.8656716418 4.565777e-16 0)
(0.8656716418 -1.008241896e-17 0)
(0.8656716418 -2.250150084e-16 0)
(0.8656716418 -2.478065781e-16 0)
(0.8656716418 1.243312678e-16 0)
(0.8656716418 9.842430233e-17 0)
(0.8656716418 -1.282594798e-16 0)
(0.8656716418 1.272469775e-16 0)
(0.8656716418 4.453842205e-16 0)
(0.8656716418 2.324035725e-17 0)
(0.8656716418 -4.541181673e-16 0)
(0.8656716418 2.090500695e-16 0)
(0.8656716418 -1.596470589e-16 0)
(0.8656716418 -5.752630898e-16 0)
(0.8656716418 9.686857484e-17 0)
(0.8656716418 3.851471339e-16 0)
(0.8656716418 -2.679448854e-16 0)
(0.8656716418 -6.236959822e-16 0)
(0.8656716418 3.363034777e-16 0)
(0.8656716418 6.779843564e-16 0)
(0.8656716418 -1.429395747e-16 0)
(0.8656716418 -5.049248682e-16 0)
(0.8656716418 3.133707624e-16 0)
(0.8656716418 4.601763672e-16 0)
(0.8656716418 -3.470052296e-16 0)
(0.8656716418 -4.039614201e-16 0)
(0.8656716418 -3.152951342e-16 0)
(0.8656716418 4.338574192e-16 0)
(0.8656716418 4.698762264e-16 0)
(0.8656716418 -1.079823154e-16 0)
(0.8656716418 -1.468959672e-16 0)
(0.8656716418 -8.359260455e-18 0)
(0.8656716418 2.272813577e-16 0)
(0.8656716418 2.202898728e-17 0)
(0.8656716418 -9.798540429e-17 0)
(0.8656716418 1.725832003e-16 0)
(0.8656716418 3.221525923e-16 0)
(0.8656716418 -3.986332207e-16 0)
(0.8656716418 -3.244557784e-16 0)
(0.8656716418 4.735806277e-16 0)
(0.8656716418 2.07966396e-16 0)
(0.8656716418 -2.587439844e-16 0)
(0.8656716418 -1.481277206e-16 0)
(0.8656716418 -3.208492182e-16 0)
(0.8656716418 1.241314875e-16 0)
(0.8656716418 -1.764043419e-16 0)
(0.8656716418 -2.20717887e-16 0)
(0.8656716418 2.358662779e-16 0)
(0.8656716418 -3.415383174e-18 0)
(0.8656716418 5.495991673e-17 0)
(0.8656716418 -8.930685614e-16 0)
(0.8656716418 1.855495402e-16 0)
(0.8656716418 1.106556674e-15 0)
(0.8656716418 1.876567231e-16 0)
(0.8656716418 -8.570306266e-16 0)
(0.8656716418 -1.000735323e-15 0)
(0.8656716418 3.229238347e-16 0)
(0.8656716418 7.871399447e-16 0)
(0.8656716418 3.233319193e-16 0)
(0.8656716418 -8.558705794e-16 0)
(0.8656716418 -1.408431382e-16 0)
(0.8656716418 1.129864475e-15 0)
(0.8656716418 -1.905880327e-16 0)
(0.8656716418 -2.425688138e-16 0)
(0.8656716418 6.21933558e-16 0)
(0.8656716418 8.67174161e-16 0)
(0.8656716418 2.049968362e-16 0)
(0.8656716418 -1.343780794e-15 0)
(0.8656716418 -4.39199915e-16 0)
(0.8656716418 8.604772218e-16 0)
(0.8656716418 -5.694683056e-16 0)
(0.8656716418 -2.99827435e-16 0)
(0.8656716418 4.718110528e-16 0)
(0.8656716418 1.640689148e-16 0)
(0.8656716418 7.609876729e-17 0)
(0.8656716418 -5.247740958e-16 0)
(0.8656716418 2.299892665e-16 0)
(0.8656716418 1.087152287e-16 0)
(0.8656716418 4.488081282e-17 0)
(0.8656716418 -6.991927143e-17 0)
(0.8656716418 -1.972029968e-16 0)
(0.8656716418 -7.209435012e-17 0)
(0.8656716418 2.243037256e-16 0)
(0.8656716418 8.759896554e-16 0)
(0.8656716418 -2.246060371e-16 0)
(0.8656716418 -2.288430004e-17 0)
(0.8656716418 6.007898317e-16 0)
(0.8656716418 -1.132067894e-15 0)
(0.8656716418 -6.679435873e-16 0)
(0.8656716418 3.608460893e-16 0)
(0.8656716418 -1.242083093e-16 0)
(0.8656716418 3.217182701e-17 0)
(0.8656716418 -1.320736906e-15 0)
(0.8656716418 -2.227976811e-16 0)
(0.8656716418 1.387974609e-15 0)
(0.8656716418 -5.255133148e-16 0)
(0.8656716418 2.394054369e-17 0)
(0.8656716418 1.242577373e-15 0)
(0.8656716418 4.039803121e-16 0)
(0.8656716418 1.341586146e-16 0)
(0.8656716418 -1.273885588e-15 0)
(0.8656716418 -9.484068513e-17 0)
(0.8656716418 1.336415409e-15 0)
(0.8656716418 4.249599994e-17 0)
(0.8656716418 -1.086833492e-15 0)
(0.8656716418 -4.945884284e-16 0)
(0.8656716418 5.470978681e-16 0)
(0.8656716418 6.447107367e-16 0)
(0.8656716418 2.283235639e-16 0)
(0.8656716418 -5.787666578e-16 0)
(0.8656716418 -1.446962211e-16 0)
(0.8656716418 -2.464791835e-16 0)
(0.8656716418 -2.251648333e-16 0)
(0.8656716418 4.225029629e-16 0)
(0.8656716418 1.539810148e-16 0)
(0.8656716418 1.590090039e-16 0)
(0.6567164179 -2.42194905e-17 0)
(0.6567164179 -1.188557683e-16 0)
(0.6567164179 4.356734279e-17 0)
(0.6567164179 4.514185553e-17 0)
(0.6567164179 -1.738943606e-16 0)
(0.6567164179 -3.015942351e-16 0)
(0.6567164179 1.234162222e-16 0)
(0.6567164179 3.063106212e-16 0)
(0.6567164179 -8.414861925e-17 0)
(0.6567164179 1.134178874e-17 0)
(0.6567164179 1.439310739e-16 0)
(0.6567164179 1.740140761e-17 0)
(0.6567164179 1.465037138e-16 0)
(0.6567164179 3.127757322e-16 0)
(0.6567164179 8.480356761e-17 0)
(0.6567164179 -1.566873802e-16 0)
(0.6567164179 1.673510687e-16 0)
(0.6567164179 -1.513333555e-16 0)
(0.6567164179 -4.133630861e-16 0)
(0.6567164179 -9.034351268e-17 0)
(0.6567164179 9.689352213e-17 0)
(0.6567164179 5.328825287e-17 0)
(0.6567164179 1.76985755e-16 0)
(0.6567164179 1.515643495e-16 0)
(0.6567164179 -2.563493863e-16 0)
(0.6567164179 -2.690948617e-16 0)
(0.6567164179 -1.985129255e-16 0)
(0.6567164179 3.753740986e-17 0)
(0.6567164179 -1.522611309e-16 0)
(0.6567164179 -3.4376346e-16 0)
(0.6567164179 -1.152857165e-16 0)
(0.6567164179 8.238773071e-17 0)
(0.6567164179 1.936510434e-16 0)
(0.6567164179 2.16023334e-16 0)
(0.6567164179 1.460277221e-16 0)
(0.6567164179 -2.376753413e-16 0)
(0.6567164179 -1.191433023e-16 0)
(0.6567164179 -1.327118347e-16 0)
(0.6567164179 3.618904054e-17 0)
(0.6567164179 3.193005884e-16 0)
(0.6567164179 -2.9289285e-16 0)
(0.6567164179 -1.468784358e-18 0)
(0.6567164179 1.888945091e-16 0)
(0.6567164179 -8.061416049e-18 0)
(0.6567164179 -1.187675388e-16 0)
(0.6567164179 9.239062344e-18 0)
(0.6567164179 1.795066588e-17 0)
(0.6567164179 -1.157321276e-16 0)
(0.6567164179 7.776582376e-17 0)
(0.6567164179 -2.221068566e-16 0)
(0.6567164179 -6.415232698e-17 0)
(0.6567164179 2.210214637e-16 0)
(0.6567164179 -3.49632752e-17 0)
(0.6567164179 -1.039548968e-16 0)
(0.6567164179 5.191280847e-17 0)
(0.6567164179 3.328302511e-16 0)
(0.6567164179 -5.515617711e-17 0)
(0.6567164179 -1.281389664e-16 0)
(0.6567164179 -2.092964203e-17 0)
(0.6567164179 -1.558241864e-17 0)
(0.6567164179 6.471326964e-17 0)
(0.6567164179 4.240709338e-17 0)
(0.6567164179 3.562598007e-17 0)
(0.6567164179 3.770019187e-17 0)
(0.6567164179 8.359841627e-17 0)
(0.6567164179 1.612869252e-16 0)
(0.6567164179 -7.523179012e-18 0)
(0.6567164179 1.576862653e-16 0)
(0.6567164179 6.875258254e-17 0)
(0.6567164179 -2.093646517e-16 0)
(0.6567164179 1.583060289e-16 0)
(0.6567164179 -2.533167248e-16 0)
(0.6567164179 -2.407579503e-16 0)
(0.6567164179 3.608809289e-16 0)
(0.6567164179 4.840847639e-16 0)
(0.6567164179 -2.681196818e-16 0)
(0.6567164179 -5.025544039e-16 0)
(0.6567164179 4.161192712e-16 0)
(0.6567164179 3.565725912e-16 0)
(0.6567164179 -7.948606244e-17 0)
(0.6567164179 -9.410910922e-17 0)
(0.6567164179 -2.547598818e-16 0)
(0.6567164179 -1.854202288e-16 0)
(0.6567164179 3.76891231e-17 0)
(0.6567164179 2.123072252e-16 0)
(0.6567164179 -8.868579169e-18 0)
(0.6567164179 -1.491772599e-16 0)
(0.6567164179 -2.433274188e-16 0)
(0.6567164179 2.960580057e-16 0)
(0.6567164179 2.449318702e-16 0)
(0.6567164179 -2.385158368e-16 0)
(0.6567164179 -5.220490947e-17 0)
(0.6567164179 3.246545309e-16 0)
(0.6567164179 6.319537177e-17 0)
(0.6567164179 -4.154587575e-16 0)
(0.6567164179 4.315537129e-17 0)
(0.6567164179 -6.691408827e-17 0)
(0.6567164179 -3.035307104e-16 0)
(0.6567164179 2.446016672e-16 0)
(0.6567164179 1.331842054e-16 0)
(0.6567164179 -3.955707754e-16 0)
(0.6567164179 -3.087962972e-16 0)
(0.6567164179 4.052223979e-16 0)
(0.6567164179 4.428482623e-16 0)
(0.6567164179 -9.137710456e-17 0)
(0.6567164179 -3.471071851e-16 0)
(0.6567164179 2.445130078e-16 0)
(0.6567164179 2.12650208e-16 0)
(0.6567164179 -2.860700833e-16 0)
(0.6567164179 -2.946646923e-16 0)
(0.6567164179 -5.089840513e-17 0)
(0.6567164179 4.636448653e-16 0)
(0.6567164179 1.015881891e-16 0)
(0.6567164179 -1.056669447e-16 0)
(0.6567164179 -2.698772888e-16 0)
(0.6567164179 -3.533314799e-17 0)
(0.6567164179 2.543953299e-16 0)
(0.6567164179 -7.29351301e-17 0)
(0.6567164179 -1.283963666e-16 0)
(0.6567164179 1.847885197e-16 0)
(0.6567164179 2.585398862e-16 0)
(0.6567164179 -2.675743895e-16 0)
(0.6567164179 -2.516782702e-16 0)
(0.6567164179 2.172830619e-16 0)
(0.6567164179 9.697244462e-17 0)
(0.6567164179 -8.904691417e-17 0)
(0.6567164179 5.897756538e-18 0)
(0.6567164179 -1.163307112e-16 0)
(0.6567164179 9.067405694e-17 0)
(0.6567164179 -1.993016594e-16 0)
(0.6567164179 -2.428991806e-16 0)
(0.6567164179 2.018651312e-16 0)
(0.6567164179 7.014970511e-17 0)
(0.6567164179 -3.159939656e-17 0)
(0.6567164179 -6.606348515e-16 0)
(0.6567164179 2.192581216e-16 0)
(0.6567164179 9.572378391e-16 0)
(0.6567164179 1.604544246e-16 0)
(0.6567164179 -5.643255453e-16 0)
(0.6567164179 -8.773018677e-16 0)
(0.6567164179 2.000980324e-16 0)
(0.6567164179 7.033803343e-16 0)
(0.6567164179 5.898910274e-17 0)
(0.6567164179 -7.796872596e-16 0)
(0.6567164179 -6.610173054e-17 0)
(0.6567164179 9.671851744e-16 0)
(0.6567164179 -2.148054529e-16 0)
(0.6567164179 -2.8064668e-16 0)
(0.6567164179 2.944992712e-16 0)
(0.6567164179 7.462155897e-16 0)
(0.6567164179 4.458682278e-16 0)
(0.6567164179 -1.267875906e-15 0)
(0.6567164179 -4.58053453e-16 0)
(0.6567164179 7.369585154e-16 0)
(0.6567164179 -4.015467601e-16 0)
(0.6567164179 -1.735111891e-16 0)
(0.6567164179 5.087244539e-16 0)
(0.6567164179 4.198179529e-18 0)
(0.6567164179 1.154874295e-16 0)
(0.6567164179 -2.861640436e-16 0)
(0.6567164179 1.037167117e-16 0)
(0.6567164179 8.588184278e-17 0)
(0.6567164179 -4.549584452e-17 0)
(0.6567164179 -6.469350338e-17 0)
(0.6567164179 -2.02910997e-16 0)
(0.6567164179 3.202170762e-16 0)
(0.6567164179 1.96492841e-16 0)
(0.6567164179 4.183886418e-16 0)
(0.6567164179 -7.997472535e-17 0)
(0.6567164179 -2.621338168e-16 0)
(0.6567164179 4.200000395e-16 0)
(0.6567164179 -5.616237381e-16 0)
(0.6567164179 -4.197875703e-16 0)
(0.6567164179 2.277256813e-16 0)
(0.6567164179 -1.442505989e-16 0)
(0.6567164179 6.336285918e-17 0)
(0.6567164179 -1.158030635e-15 0)
(0.6567164179 -1.585193783e-16 0)
(0.6567164179 1.35374416e-15 0)
(0.6567164179 -3.737570704e-16 0)
(0.6567164179 -2.965045917e-17 0)
(0.6567164179 9.602497285e-16 0)
(0.6567164179 6.160214127e-17 0)
(0.6567164179 -1.374154208e-16 0)
(0.6567164179 -7.345721926e-16 0)
(0.6567164179 -4.216944261e-17 0)
(0.6567164179 1.012099118e-15 0)
(0.6567164179 3.875565465e-17 0)
(0.6567164179 -7.120834531e-16 0)
(0.6567164179 -5.977315864e-16 0)
(0.6567164179 3.281618469e-16 0)
(0.6567164179 6.22882573e-16 0)
(0.6567164179 2.227804071e-16 0)
(0.6567164179 -2.853227313e-16 0)
(0.6567164179 -3.534190348e-16 0)
(0.6567164179 -2.616331018e-16 0)
(0.6567164179 -9.207906118e-17 0)
(0.6567164179 1.508168101e-16 0)
(0.6567164179 3.520844536e-16 0)
(0.6567164179 4.400868265e-16 0)
(0.4179104478 2.093474274e-16 0)
(0.4179104478 -4.523502486e-17 0)
(0.4179104478 -6.701021159e-18 0)
(0.4179104478 -5.058506863e-17 0)
(0.4179104478 -1.850473803e-16 0)
(0.4179104478 -2.71776766e-16 0)
(0.4179104478 1.514020933e-16 0)
(0.4179104478 3.027637674e-16 0)
(0.4179104478 -6.356409616e-17 0)
(0.4179104478 -5.723213596e-18 0)
(0.4179104478 1.183749173e-16 0)
(0.4179104478 -4.332007696e-17 0)
(0.4179104478 1.399306863e-17 0)
(0.4179104478 2.588005707e-16 0)
(0.4179104478 9.225499521e-18 0)
(0.4179104478 -1.392306198e-16 0)
(0.4179104478 1.095825805e-16 0)
(0.4179104478 -1.469645276e-16 0)
(0.4179104478 -2.725428543e-16 0)
(0.4179104478 -2.849184245e-17 0)
(0.4179104478 1.767176734e-16 0)
(0.4179104478 5.355621438e-17 0)
(0.4179104478 1.114766928e-16 0)
(0.4179104478 1.008355934e-16 0)
(0.4179104478 -1.539717454e-16 0)
(0.4179104478 -1.99449336e-16 0)
(0.4179104478 -2.255846144e-16 0)
(0.4179104478 5.669509606e-17 0)
(0.4179104478 -6.237259027e-17 0)
(0.4179104478 -3.485050232e-16 0)
(0.4179104478 -9.116601565e-17 0)
(0.4179104478 1.885008637e-16 0)
(0.4179104478 1.695294028e-16 0)
(0.4179104478 1.461137844e-16 0)
(0.4179104478 1.161473246e-16 0)
(0.4179104478 -2.907303045e-16 0)
(0.4179104478 -1.007941196e-16 0)
(0.4179104478 7.588101903e-18 0)
(0.4179104478 1.075438325e-16 0)
(0.4179104478 3.177151028e-16 0)
(0.4179104478 -3.289576933e-16 0)
(0.4179104478 -5.821715772e-17 0)
(0.4179104478 1.412379853e-16 0)
(0.4179104478 -3.182504962e-17 0)
(0.4179104478 -9.24018908e-17 0)
(0.4179104478 3.689884582e-18 0)
(0.4179104478 1.004765828e-16 0)
(0.4179104478 -2.6333091e-17 0)
(0.4179104478 -2.538005398e-17 0)
(0.4179104478 -1.690620865e-16 0)
(0.4179104478 2.602442219e-17 0)
(0.4179104478 1.124113575e-16 0)
(0.4179104478 -2.041327251e-17 0)
(0.4179104478 -8.335990456e-18 0)
(0.4179104478 -2.04274989e-17 0)
(0.4179104478 2.259616145e-16 0)
(0.4179104478 1.979017754e-17 0)
(0.4179104478 -1.800326343e-16 0)
(0.4179104478 4.101327919e-19 0)
(0.4179104478 1.208138414e-18 0)
(0.4179104478 -3.152759269e-17 0)
(0.4179104478 1.042428352e-16 0)
(0.4179104478 6.134336026e-17 0)
(0.4179104478 -6.811630203e-17 0)
(0.4179104478 3.388332513e-17 0)
(0.4179104478 8.331766198e-17 0)
(0.4179104478 5.851412616e-17 0)
(0.4179104478 1.954539172e-16 0)
(0.4179104478 -9.39545117e-17 0)
(0.4179104478 -2.29565562e-16 0)
(0.4179104478 1.927656992e-16 0)
(0.4179104478 -2.730021365e-16 0)
(0.4179104478 -1.416079661e-16 0)
(0.4179104478 4.060708694e-16 0)
(0.4179104478 1.798995251e-16 0)
(0.4179104478 -3.460436393e-16 0)
(0.4179104478 -2.318317278e-16 0)
(0.4179104478 4.026131457e-16 0)
(0.4179104478 2.255530912e-16 0)
(0.4179104478 -5.139802975e-20 0)
(0.4179104478 8.769506591e-17 0)
(0.4179104478 -1.654228475e-16 0)
(0.4179104478 -3.691318617e-16 0)
(0.4179104478 -3.279428206e-17 0)
(0.4179104478 3.384444437e-16 0)
(0.4179104478 -5.067841773e-17 0)
(0.4179104478 -1.209119554e-16 0)
(0.4179104478 -6.470569622e-17 0)
(0.4179104478 2.275747354e-16 0)
(0.4179104478 7.981705255e-17 0)
(0.4179104478 -2.05747941e-16 0)
(0.4179104478 -1.881824096e-16 0)
(0.4179104478 1.775789324e-16 0)
(0.4179104478 1.487349314e-16 0)
(0.4179104478 -1.816461164e-16 0)
(0.4179104478 1.612726e-16 0)
(0.4179104478 -7.154391179e-17 0)
(0.4179104478 -2.662148725e-16 0)
(0.4179104478 -3.92641517e-17 0)
(0.4179104478 2.84666256e-16 0)
(0.4179104478 -3.203663109e-17 0)
(0.4179104478 -4.339334057e-16 0)
(0.4179104478 1.150661578e-16 0)
(0.4179104478 3.220700527e-16 0)
(0.4179104478 1.048567287e-18 0)
(0.4179104478 -1.838765761e-16 0)
(0.4179104478 9.353878256e-17 0)
(0.4179104478 1.653008147e-16 0)
(0.4179104478 -1.102017621e-16 0)
(0.4179104478 -1.663028676e-16 0)
(0.4179104478 -3.285886422e-16 0)
(0.4179104478 3.380979727e-16 0)
(0.4179104478 2.853021219e-16 0)
(0.4179104478 -1.469947802e-16 0)
(0.4179104478 -1.199675797e-16 0)
(0.4179104478 -1.465429432e-16 0)
(0.4179104478 5.741144443e-17 0)
(0.4179104478 1.232818031e-16 0)
(0.4179104478 -9.767299478e-17 0)
(0.4179104478 -6.878217139e-17 0)
(0.4179104478 1.269188144e-16 0)
(0.4179104478 -1.752145113e-16 0)
(0.4179104478 -2.129829329e-16 0)
(0.4179104478 3.110257335e-16 0)
(0.4179104478 2.365221369e-16 0)
(0.4179104478 -3.938659345e-17 0)
(0.4179104478 -5.424513399e-17 0)
(0.4179104478 -1.772331937e-16 0)
(0.4179104478 1.512936951e-16 0)
(0.4179104478 -1.781858259e-16 0)
(0.4179104478 -1.862421722e-16 0)
(0.4179104478 1.555604619e-16 0)
(0.4179104478 -4.438330508e-17 0)
(0.4179104478 1.746116081e-16 0)
(0.4179104478 -5.534761924e-16 0)
(0.4179104478 1.145710467e-16 0)
(0.4179104478 8.935115366e-16 0)
(0.4179104478 2.175899998e-16 0)
(0.4179104478 -6.427169499e-16 0)
(0.4179104478 -6.877045012e-16 0)
(0.4179104478 1.954388109e-16 0)
(0.4179104478 4.158897343e-16 0)
(0.4179104478 2.149305379e-16 0)
(0.4179104478 -7.376446169e-16 0)
(0.4179104478 -1.38535247e-16 0)
(0.4179104478 9.024349845e-16 0)
(0.4179104478 -1.977137076e-16 0)
(0.4179104478 -4.468353218e-16 0)
(0.4179104478 4.775472517e-16 0)
(0.4179104478 6.24290206e-16 0)
(0.4179104478 8.040441496e-18 0)
(0.4179104478 -8.853357039e-16 0)
(0.4179104478 -2.574997588e-16 0)
(0.4179104478 6.097526686e-16 0)
(0.4179104478 -3.951502449e-16 0)
(0.4179104478 -1.6737481e-16 0)
(0.4179104478 4.082933787e-16 0)
(0.4179104478 8.433781061e-17 0)
(0.4179104478 1.651384442e-16 0)
(0.4179104478 -3.964160864e-16 0)
(0.4179104478 1.338190835e-16 0)
(0.4179104478 1.596592922e-16 0)
(0.4179104478 7.436108011e-17 0)
(0.4179104478 -1.115301595e-16 0)
(0.4179104478 -1.927522301e-16 0)
(0.4179104478 -1.185595628e-16 0)
(0.4179104478 1.584798852e-16 0)
(0.4179104478 6.736471644e-16 0)
(0.4179104478 -2.614608414e-16 0)
(0.4179104478 -1.0743331e-16 0)
(0.4179104478 4.18503094e-16 0)
(0.4179104478 -7.219844312e-16 0)
(0.4179104478 -3.064570225e-16 0)
(0.4179104478 5.722832892e-16 0)
(0.4179104478 -1.174948076e-17 0)
(0.4179104478 -3.575158503e-17 0)
(0.4179104478 -8.433411666e-16 0)
(0.4179104478 -2.259235309e-17 0)
(0.4179104478 1.013747888e-15 0)
(0.4179104478 -5.285842145e-16 0)
(0.4179104478 -1.107483986e-16 0)
(0.4179104478 7.226372452e-16 0)
(0.4179104478 1.032982539e-16 0)
(0.4179104478 -8.123813379e-17 0)
(0.4179104478 -8.285342698e-16 0)
(0.4179104478 -2.362390247e-17 0)
(0.4179104478 9.946385107e-16 0)
(0.4179104478 -7.014045919e-17 0)
(0.4179104478 -7.010658139e-16 0)
(0.4179104478 -1.225852319e-16 0)
(0.4179104478 3.013321319e-16 0)
(0.4179104478 2.204607973e-16 0)
(0.4179104478 1.819277462e-16 0)
(0.4179104478 -2.823696577e-16 0)
(0.4179104478 -4.815409183e-17 0)
(0.4179104478 -2.731947244e-16 0)
(0.4179104478 -3.077047408e-16 0)
(0.4179104478 4.167813823e-16 0)
(0.4179104478 1.877277617e-16 0)
(0.4179104478 2.08463188e-16 0)
(0.1492537313 6.444605111e-17 0)
(0.1492537313 7.492678432e-18 0)
(0.1492537313 1.361982403e-17 0)
(0.1492537313 -4.744571373e-17 0)
(0.1492537313 -1.071333472e-16 0)
(0.1492537313 -9.784711043e-17 0)
(0.1492537313 7.886100085e-17 0)
(0.1492537313 1.365567934e-16 0)
(0.1492537313 -2.772736918e-17 0)
(0.1492537313 -2.212066168e-17 0)
(0.1492537313 2.860880851e-17 0)
(0.1492537313 -2.420258794e-17 0)
(0.1492537313 2.685620911e-17 0)
(0.1492537313 9.664429767e-17 0)
(0.1492537313 -2.323351996e-17 0)
(0.1492537313 -5.906610124e-17 0)
(0.1492537313 8.285393955e-17 0)
(0.1492537313 -6.902694685e-17 0)
(0.1492537313 -1.181729794e-16 0)
(0.1492537313 5.136206833e-17 0)
(0.1492537313 9.001694317e-17 0)
(0.1492537313 -3.530177299e-18 0)
(0.1492537313 3.747192945e-17 0)
(0.1492537313 5.135935802e-17 0)
(0.1492537313 -5.749523931e-17 0)
(0.1492537313 -9.861288808e-17 0)
(0.1492537313 -1.005170174e-16 0)
(0.1492537313 6.321530638e-17 0)
(0.1492537313 -4.82905739e-18 0)
(0.1492537313 -1.81152281e-16 0)
(0.1492537313 -4.515037032e-17 0)
(0.1492537313 1.089974174e-16 0)
(0.1492537313 6.232830235e-17 0)
(0.1492537313 7.220172909e-17 0)
(0.1492537313 7.274894168e-17 0)
(0.1492537313 -1.98652701e-16 0)
(0.1492537313 -2.84080867e-17 0)
(0.1492537313 3.033656473e-17 0)
(0.1492537313 6.098888362e-17 0)
(0.1492537313 1.55128077e-16 0)
(0.1492537313 -1.631811774e-16 0)
(0.1492537313 -2.39329274e-17 0)
(0.1492537313 5.535207425e-17 0)
(0.1492537313 -2.473678078e-17 0)
(0.1492537313 -5.314752859e-17 0)
(0.1492537313 1.899350294e-17 0)
(0.1492537313 7.045808034e-17 0)
(0.1492537313 -3.783129333e-18 0)
(0.1492537313 -1.62055884e-17 0)
(0.1492537313 -6.736664267e-17 0)
(0.1492537313 1.546150565e-17 0)
(0.1492537313 5.943848451e-17 0)
(0.1492537313 -6.013611486e-19 0)
(0.1492537313 -8.65470837e-18 0)
(0.1492537313 -4.824057588e-17 0)
(0.1492537313 7.47602516e-17 0)
(0.1492537313 4.536946344e-17 0)
(0.1492537313 -7.085440752e-17 0)
(0.1492537313 -1.703845475e-17 0)
(0.1492537313 -2.121115942e-18 0)
(0.1492537313 -5.399241934e-17 0)
(0.1492537313 6.87259361e-17 0)
(0.1492537313 5.610849459e-17 0)
(0.1492537313 -7.2338787e-17 0)
(0.1492537313 7.606590148e-18 0)
(0.1492537313 1.785571846e-17 0)
(0.1492537313 1.20045504e-17 0)
(0.1492537313 7.203154969e-17 0)
(0.1492537313 -3.175567567e-17 0)
(0.1492537313 -9.628372825e-17 0)
(0.1492537313 1.064829923e-16 0)
(0.1492537313 -1.511777538e-16 0)
(0.1492537313 -3.418548933e-17 0)
(0.1492537313 2.32826247e-16 0)
(0.1492537313 -1.449323123e-17 0)
(0.1492537313 -2.012272611e-16 0)
(0.1492537313 -2.726517155e-17 0)
(0.1492537313 2.693087884e-16 0)
(0.1492537313 5.449559614e-17 0)
(0.1492537313 -3.617402203e-17 0)
(0.1492537313 3.688232983e-17 0)
(0.1492537313 -7.877332266e-17 0)
(0.1492537313 -1.48346403e-16 0)
(0.1492537313 2.244814729e-17 0)
(0.1492537313 2.047552943e-16 0)
(0.1492537313 -7.889871681e-17 0)
(0.1492537313 -5.668612452e-17 0)
(0.1492537313 -1.114498695e-17 0)
(0.1492537313 1.197476304e-16 0)
(0.1492537313 2.040876577e-17 0)
(0.1492537313 -1.195163335e-16 0)
(0.1492537313 -1.234901159e-16 0)
(0.1492537313 7.804602015e-17 0)
(0.1492537313 1.486006537e-16 0)
(0.1492537313 -2.920380467e-17 0)
(0.1492537313 8.925610322e-17 0)
(0.1492537313 -4.479710323e-17 0)
(0.1492537313 -9.899684459e-17 0)
(0.1492537313 -4.207625906e-17 0)
(0.1492537313 1.283202043e-16 0)
(0.1492537313 7.173815914e-17 0)
(0.1492537313 -2.034773737e-16 0)
(0.1492537313 4.046027345e-17 0)
(0.1492537313 1.103212503e-16 0)
(0.1492537313 -1.570391467e-17 0)
(0.1492537313 -2.820567053e-17 0)
(0.1492537313 5.767389638e-17 0)
(0.1492537313 2.592871587e-17 0)
(0.1492537313 -7.527273624e-17 0)
(0.1492537313 6.605105806e-18 0)
(0.1492537313 -1.858887025e-16 0)
(0.1492537313 9.962963205e-17 0)
(0.1492537313 1.001792621e-16 0)
(0.1492537313 -4.713874142e-17 0)
(0.1492537313 9.745763024e-18 0)
(0.1492537313 -7.615554311e-17 0)
(0.1492537313 -1.925765125e-17 0)
(0.1492537313 6.237708524e-17 0)
(0.1492537313 3.494366575e-17 0)
(0.1492537313 -7.154091129e-17 0)
(0.1492537313 -1.870490079e-17 0)
(0.1492537313 -1.037001426e-16 0)
(0.1492537313 -5.274048402e-17 0)
(0.1492537313 2.231057128e-16 0)
(0.1492537313 6.118130361e-17 0)
(0.1492537313 -3.948139312e-17 0)
(0.1492537313 4.804630893e-17 0)
(0.1492537313 -1.105330408e-16 0)
(0.1492537313 7.348847254e-17 0)
(0.1492537313 -7.546490947e-17 0)
(0.1492537313 -2.784293224e-17 0)
(0.1492537313 1.170635125e-16 0)
(0.1492537313 -1.342872924e-16 0)
(0.1492537313 1.220354099e-16 0)
(0.1492537313 -2.611659219e-16 0)
(0.1492537313 -1.011421815e-17 0)
(0.1492537313 3.818583152e-16 0)
(0.1492537313 8.408831106e-17 0)
(0.1492537313 -2.968938984e-16 0)
(0.1492537313 -2.572516775e-16 0)
(0.1492537313 1.95497163e-16 0)
(0.1492537313 1.50165012e-16 0)
(0.1492537313 1.200416642e-16 0)
(0.1492537313 -3.859088692e-16 0)
(0.1492537313 -1.435634669e-16 0)
(0.1492537313 4.627978942e-16 0)
(0.1492537313 -8.65391232e-17 0)
(0.1492537313 -2.140692171e-16 0)
(0.1492537313 2.796573955e-16 0)
(0.1492537313 2.532837204e-16 0)
(0.1492537313 -7.127393236e-17 0)
(0.1492537313 -4.114744451e-16 0)
(0.1492537313 -1.269024367e-16 0)
(0.1492537313 3.297384933e-16 0)
(0.1492537313 -2.075390378e-16 0)
(0.1492537313 -8.702809266e-18 0)
(0.1492537313 2.333747193e-16 0)
(0.1492537313 -6.984168798e-18 0)
(0.1492537313 7.474110831e-17 0)
(0.1492537313 -1.871131144e-16 0)
(0.1492537313 4.145208633e-17 0)
(0.1492537313 -1.923143611e-18 0)
(0.1492537313 4.858253895e-17 0)
(0.1492537313 3.863966196e-18 0)
(0.1492537313 -3.490168976e-17 0)
(0.1492537313 -9.585475168e-17 0)
(0.1492537313 3.84931259e-17 0)
(0.1492537313 4.018948242e-16 0)
(0.1492537313 -1.873769614e-16 0)
(0.1492537313 -9.729619698e-17 0)
(0.1492537313 2.197927916e-16 0)
(0.1492537313 -4.084932802e-16 0)
(0.1492537313 -4.388312063e-17 0)
(0.1492537313 4.301264735e-16 0)
(0.1492537313 -4.345890736e-17 0)
(0.1492537313 -1.670376619e-17 0)
(0.1492537313 -4.196349643e-16 0)
(0.1492537313 -3.015695745e-17 0)
(0.1492537313 4.98736128e-16 0)
(0.1492537313 -3.590775936e-16 0)
(0.1492537313 -2.918288283e-17 0)
(0.1492537313 3.930980184e-16 0)
(0.1492537313 -3.449595415e-17 0)
(0.1492537313 -8.553157773e-18 0)
(0.1492537313 -4.496195829e-16 0)
(0.1492537313 -3.88820729e-17 0)
(0.1492537313 4.848932595e-16 0)
(0.1492537313 -9.532610772e-17 0)
(0.1492537313 -3.334097379e-16 0)
(0.1492537313 1.065324387e-16 0)
(0.1492537313 2.181354861e-16 0)
(0.1492537313 -1.639350761e-17 0)
(0.1492537313 9.500461719e-17 0)
(0.1492537313 -1.41546727e-16 0)
(0.1492537313 9.912403457e-19 0)
(0.1492537313 -1.860928565e-16 0)
(0.1492537313 -1.642323038e-16 0)
(0.1492537313 3.245789553e-16 0)
(0.1492537313 4.730190626e-17 0)
(0.1492537313 -1.556383751e-17 0)
)
;

boundaryField
{
    inlet
    {
        type            cyclic;
    }
    outlet
    {
        type            cyclic;
    }
    topWall
    {
        type            fixedValue;
        value           uniform (0 0 0);
    }
    bottomWall
    {
        type            fixedValue;
        value           uniform (0 0 0);
    }
    frontAndBack
    {
        type            empty;
    }
}


// ************************************************************************* //
