/*--------------------------------*- C++ -*----------------------------------*\
  =========                 |
  \\      /  F ield         | OpenFOAM: The Open Source CFD Toolbox
   \\    /   O peration     | Website:  https://openfoam.org
    \\  /    A nd           | Version:  10
     \\/     M anipulation  |
\*---------------------------------------------------------------------------*/
FoamFile
{
    format      ascii;
    class       surfaceScalarField;
    location    "2500";
    object      phi;
}
// * * * * * * * * * * * * * * * * * * * * * * * * * * * * * * * * * * * * * //

dimensions      [0 3 -1 0 0 0 0];

internalField   nonuniform List<scalar> 
7780
(
7.462686567e-06
1.788273215e-19
7.462686567e-06
1.477531404e-20
7.462686567e-06
1.843763024e-21
7.462686567e-06
9.301088269e-22
7.462686567e-06
-6.229189759e-22
7.462686567e-06
-3.876399039e-21
7.462686567e-06
1.713350142e-21
7.462686567e-06
1.983328537e-21
7.462686567e-06
-7.649680559e-22
7.462686567e-06
9.967737991e-22
7.462686567e-06
4.63689577e-22
7.462686567e-06
-7.558589822e-22
7.462686567e-06
-2.178423764e-21
7.462686567e-06
1.236473781e-21
7.462686567e-06
1.386807268e-21
7.462686567e-06
-3.253075256e-21
7.462686567e-06
-2.703662086e-21
7.462686567e-06
3.622198227e-21
7.462686567e-06
-9.633689624e-22
7.462686567e-06
-1.915405283e-22
7.462686567e-06
1.087782825e-22
7.462686567e-06
-6.028666307e-21
7.462686567e-06
-5.384958804e-21
7.462686567e-06
3.78133966e-21
7.462686567e-06
6.272795014e-21
7.462686567e-06
2.711572992e-21
7.462686567e-06
-1.504455019e-22
7.462686567e-06
3.740987803e-21
7.462686567e-06
-5.177709737e-23
7.462686567e-06
-5.362226623e-21
7.462686567e-06
2.060223076e-21
7.462686567e-06
-1.06499924e-21
7.462686567e-06
-2.548303862e-21
7.462686567e-06
2.101205194e-21
7.462686567e-06
-8.559863582e-21
7.462686567e-06
3.231545828e-21
7.462686567e-06
-2.397550818e-21
7.462686567e-06
-6.438553554e-22
7.462686567e-06
4.277642709e-21
7.462686567e-06
3.127402884e-21
7.462686567e-06
3.127011716e-21
7.462686567e-06
-3.941600638e-21
7.462686567e-06
4.524764446e-21
7.462686567e-06
-8.660657547e-21
7.462686567e-06
1.392327304e-21
7.462686567e-06
-7.516349262e-22
7.462686567e-06
-3.124477008e-21
7.462686567e-06
3.47223435e-21
7.462686567e-06
-3.221921246e-21
7.462686567e-06
2.190330154e-21
7.462686567e-06
4.663794584e-21
7.462686567e-06
-3.690292558e-21
7.462686567e-06
-1.479968857e-21
7.462686567e-06
4.913764488e-21
7.462686567e-06
-2.520913971e-21
7.462686567e-06
-8.327753721e-22
7.462686567e-06
5.77817221e-21
7.462686567e-06
-5.194181219e-21
7.462686567e-06
1.838084451e-21
7.462686567e-06
2.910090321e-21
7.462686567e-06
-6.56408837e-21
7.462686567e-06
4.108769028e-21
7.462686567e-06
2.23172024e-21
7.462686567e-06
-6.202490508e-21
7.462686567e-06
-3.875049873e-21
7.462686567e-06
5.568586133e-21
7.462686567e-06
-5.899165542e-22
7.462686567e-06
7.057135101e-22
7.462686567e-06
9.826817982e-21
7.462686567e-06
3.099495626e-23
7.462686567e-06
-1.346237082e-20
7.462686567e-06
2.190933165e-21
7.462686567e-06
1.369749834e-20
7.462686567e-06
-9.102764756e-21
7.462686567e-06
-9.753415916e-21
7.462686567e-06
7.268748301e-21
7.462686567e-06
1.106263081e-20
7.462686567e-06
-4.915234579e-22
7.462686567e-06
-1.756167983e-20
7.462686567e-06
3.465874211e-21
7.462686567e-06
8.598127492e-21
7.462686567e-06
-7.537421031e-21
7.462686567e-06
-2.657256032e-21
7.462686567e-06
5.177555779e-21
7.462686567e-06
6.375783687e-21
7.462686567e-06
3.594996141e-21
7.462686567e-06
-2.262703638e-21
7.462686567e-06
-8.391385185e-21
7.462686567e-06
-7.089339401e-21
7.462686567e-06
1.141587314e-20
7.462686567e-06
9.391800553e-21
7.462686567e-06
-1.034111737e-20
7.462686567e-06
-1.065137957e-20
7.462686567e-06
1.051912223e-20
7.462686567e-06
2.954144039e-21
7.462686567e-06
-1.280620686e-20
7.462686567e-06
9.440050114e-21
7.462686567e-06
7.943125966e-21
7.462686567e-06
-1.1264862e-20
7.462686567e-06
-1.266532241e-20
7.462686567e-06
1.124767075e-20
7.462686567e-06
1.233490673e-20
7.462686567e-06
-4.997270365e-21
7.462686567e-06
-6.708203924e-21
7.462686567e-06
1.024550786e-22
7.462686567e-06
7.983845042e-21
7.462686567e-06
-2.523125622e-21
7.462686567e-06
-1.242201834e-20
7.462686567e-06
3.679205871e-21
7.462686567e-06
1.80867197e-20
7.462686567e-06
-7.845690774e-21
7.462686567e-06
-1.471981846e-20
7.462686567e-06
9.698917241e-21
7.462686567e-06
5.931296568e-21
7.462686567e-06
6.523236585e-21
7.462686567e-06
-5.47114141e-21
7.462686567e-06
-1.614722528e-20
7.462686567e-06
1.121674108e-20
7.462686567e-06
1.845736188e-20
7.462686567e-06
-8.551373478e-21
7.462686567e-06
-1.794503031e-20
7.462686567e-06
1.710560581e-21
7.462686567e-06
1.47462696e-20
7.462686567e-06
-2.253871973e-21
7.462686567e-06
1.384553265e-21
7.462686567e-06
7.871157823e-22
7.462686567e-06
2.28761524e-21
7.462686567e-06
-6.593293675e-21
7.462686567e-06
-1.663877186e-20
7.462686567e-06
1.56452592e-20
7.462686567e-06
7.047709888e-21
7.462686567e-06
-9.109608366e-21
7.462686567e-06
5.460462712e-21
7.462686567e-06
-1.276798926e-20
7.462686567e-06
3.406927901e-21
7.462686567e-06
6.670595795e-21
7.462686567e-06
-8.191146865e-21
7.462686567e-06
-5.270142961e-22
7.462686567e-06
8.735408333e-21
7.462686567e-06
2.789504586e-21
7.462686567e-06
-1.423797141e-20
7.462686567e-06
-7.520152973e-21
7.462686567e-06
3.679634118e-21
7.462686567e-06
1.065913202e-20
7.462686567e-06
4.182761044e-21
7.462686567e-06
-5.048662503e-21
7.462686567e-06
1.54657094e-20
7.462686567e-06
-3.779119154e-22
7.462686567e-06
-1.761471973e-20
7.462686567e-06
6.405715867e-22
7.462686567e-06
-2.684725295e-21
7.462686567e-06
1.782045788e-20
7.462686567e-06
-2.85843897e-22
7.462686567e-06
-2.288512558e-20
7.462686567e-06
2.61865184e-20
7.462686567e-06
8.988661858e-21
7.462686567e-06
-2.050402109e-20
7.462686567e-06
-8.735482724e-21
7.462686567e-06
-6.275478165e-21
7.462686567e-06
1.986333258e-20
7.462686567e-06
6.990189301e-21
7.462686567e-06
-1.057276712e-20
7.462686567e-06
-1.097085758e-21
7.462686567e-06
4.007163564e-21
7.462686567e-06
-5.254920716e-21
7.462686567e-06
-9.705593717e-21
7.462686567e-06
1.976045034e-21
7.462686567e-06
6.889880819e-23
7.462686567e-06
7.659931864e-21
7.462686567e-06
1.421248325e-20
7.462686567e-06
-1.502933088e-20
7.462686567e-06
4.141025977e-22
7.462686567e-06
1.886533924e-20
7.462686567e-06
-2.33445442e-20
7.462686567e-06
9.7209043e-21
7.462686567e-06
-5.265935538e-21
7.462686567e-06
-4.652968349e-21
7.462686567e-06
1.897477434e-20
7.462686567e-06
-2.826387308e-20
7.462686567e-06
2.276348218e-20
7.462686567e-06
7.832971347e-21
7.462686567e-06
-2.09868267e-20
7.462686567e-06
1.182792007e-20
7.462686567e-06
-1.490817654e-20
7.462686567e-06
3.167860251e-21
7.462686567e-06
2.238917104e-20
7.462686567e-06
-2.568295613e-20
7.462686567e-06
9.466517453e-21
7.462686567e-06
1.728783396e-20
7.462686567e-06
-1.876519902e-20
7.462686567e-06
-1.392013071e-20
7.462686567e-06
8.202472556e-21
7.462686567e-06
-5.133894946e-21
7.462686567e-06
-4.654021878e-22
7.462686567e-06
1.662834655e-20
7.462686567e-06
-6.334130046e-21
7.462686567e-06
6.149651408e-21
7.462686567e-06
2.3701342e-21
7.462686567e-06
-2.743583466e-20
5.735411158e-21
2.089552239e-05
1.367626045e-19
2.089552239e-05
4.532435959e-20
2.089552239e-05
1.716280839e-20
2.089552239e-05
9.058021554e-21
2.089552239e-05
1.040115849e-21
2.089552239e-05
-6.222704141e-21
2.089552239e-05
-2.749378393e-21
2.089552239e-05
1.012026316e-20
2.089552239e-05
4.704011643e-21
2.089552239e-05
6.657566777e-21
2.089552239e-05
-3.666542164e-21
2.089552239e-05
-3.044074391e-21
2.089552239e-05
-2.51633612e-21
2.089552239e-05
-1.223384628e-21
2.089552239e-05
4.902189015e-21
2.089552239e-05
-7.829923298e-21
2.089552239e-05
-6.55228455e-21
2.089552239e-05
2.525265452e-21
2.089552239e-05
-4.762458105e-21
2.089552239e-05
-4.796797709e-22
2.089552239e-05
-3.543351531e-21
2.089552239e-05
-1.455654558e-20
2.089552239e-05
-9.310481974e-21
2.089552239e-05
8.915952372e-21
2.089552239e-05
1.56140465e-20
2.089552239e-05
1.00001298e-20
2.089552239e-05
3.148973662e-21
2.089552239e-05
5.788948392e-21
2.089552239e-05
2.876369329e-21
2.089552239e-05
-1.565496464e-20
2.089552239e-05
2.403311261e-21
2.089552239e-05
-9.34165067e-22
2.089552239e-05
-1.172632443e-20
2.089552239e-05
-5.376936885e-21
2.089552239e-05
-1.170156015e-20
2.089552239e-05
3.465590178e-21
2.089552239e-05
8.61939486e-22
2.089552239e-05
2.600473116e-21
2.089552239e-05
3.182661078e-21
2.089552239e-05
5.009606779e-21
2.089552239e-05
9.952538876e-21
2.089552239e-05
-1.571286827e-21
2.089552239e-05
9.849526356e-21
2.089552239e-05
-2.000249725e-20
2.089552239e-05
-6.057832819e-21
2.089552239e-05
3.255045802e-21
2.089552239e-05
-6.659590341e-21
2.089552239e-05
-6.218591793e-22
2.089552239e-05
-2.294435428e-21
2.089552239e-05
7.469308118e-21
2.089552239e-05
1.005995528e-20
2.089552239e-05
-9.502605558e-21
2.089552239e-05
-4.402161335e-21
2.089552239e-05
1.288977892e-20
2.089552239e-05
-5.862435028e-21
2.089552239e-05
-3.860024527e-22
2.089552239e-05
8.046741119e-21
2.089552239e-05
-7.344681129e-21
2.089552239e-05
7.738866589e-21
2.089552239e-05
1.730760225e-21
2.089552239e-05
-1.678157001e-20
2.089552239e-05
9.225730451e-21
2.089552239e-05
6.121594011e-21
2.089552239e-05
-1.443235243e-20
2.089552239e-05
-3.602179796e-21
2.089552239e-05
1.135420308e-20
2.089552239e-05
-1.36696321e-21
2.089552239e-05
1.471262628e-20
2.089552239e-05
1.850530646e-20
2.089552239e-05
-1.242917064e-20
2.089552239e-05
-3.172846518e-20
2.089552239e-05
1.905625382e-20
2.089552239e-05
1.715314227e-20
2.089552239e-05
-1.410850179e-20
2.089552239e-05
-1.353930595e-20
2.089552239e-05
1.384210895e-20
2.089552239e-05
1.983309695e-20
2.089552239e-05
-1.026359365e-20
2.089552239e-05
-2.963887918e-20
2.089552239e-05
8.904505227e-21
2.089552239e-05
1.20621623e-20
2.089552239e-05
-1.989653157e-20
2.089552239e-05
-8.236954001e-21
2.089552239e-05
2.331696626e-20
2.089552239e-05
1.257593496e-20
2.089552239e-05
2.970489491e-21
2.089552239e-05
7.294092745e-22
2.089552239e-05
-2.203783512e-20
2.089552239e-05
-1.605159352e-20
2.089552239e-05
2.106823469e-20
2.089552239e-05
1.796665668e-20
2.089552239e-05
-2.189048862e-20
2.089552239e-05
-1.728316993e-20
2.089552239e-05
1.417957258e-20
2.089552239e-05
8.279047925e-22
2.089552239e-05
-1.821838093e-20
2.089552239e-05
2.175532375e-20
2.089552239e-05
1.147028254e-20
2.089552239e-05
-2.467790003e-20
2.089552239e-05
-2.184485405e-20
2.089552239e-05
2.305628842e-20
2.089552239e-05
2.366899472e-20
2.089552239e-05
4.498047955e-22
2.089552239e-05
-7.795028653e-21
2.089552239e-05
-1.244346407e-20
2.089552239e-05
1.605973225e-20
2.089552239e-05
-1.145677414e-21
2.089552239e-05
-2.116211808e-20
2.089552239e-05
6.509157148e-21
2.089552239e-05
2.705997497e-20
2.089552239e-05
-1.375564081e-20
2.089552239e-05
-1.89353865e-20
2.089552239e-05
1.86862372e-20
2.089552239e-05
1.596751648e-20
2.089552239e-05
5.204607686e-21
2.089552239e-05
-8.39507565e-21
2.089552239e-05
-2.526730149e-20
2.089552239e-05
2.45101463e-20
2.089552239e-05
3.385430219e-20
2.089552239e-05
-2.225025292e-20
2.089552239e-05
-2.808639163e-20
2.089552239e-05
1.555225434e-21
2.089552239e-05
2.313059167e-20
2.089552239e-05
1.042961949e-20
2.089552239e-05
4.19122268e-21
2.089552239e-05
-9.17954406e-21
2.089552239e-05
1.861716186e-21
2.089552239e-05
-2.705864639e-20
2.089552239e-05
-2.303117161e-20
2.089552239e-05
3.559562004e-20
2.089552239e-05
1.563128589e-20
2.089552239e-05
-8.225479183e-21
2.089552239e-05
-5.0683899e-21
2.089552239e-05
-1.967685531e-20
2.089552239e-05
-3.67324949e-21
2.089552239e-05
9.110612345e-21
2.089552239e-05
-6.116609156e-21
2.089552239e-05
-3.207516601e-21
2.089552239e-05
1.981144895e-20
2.089552239e-05
1.997798768e-21
2.089552239e-05
-3.656158176e-20
2.089552239e-05
-1.169856997e-20
2.089552239e-05
1.062590973e-20
2.089552239e-05
2.193260473e-20
2.089552239e-05
1.53156263e-20
2.089552239e-05
-8.069637294e-21
2.089552239e-05
2.05905992e-20
2.089552239e-05
7.950134396e-21
2.089552239e-05
-2.251972164e-20
2.089552239e-05
-1.414831362e-20
2.089552239e-05
-8.707094218e-21
2.089552239e-05
3.804499087e-20
2.089552239e-05
9.637751178e-21
2.089552239e-05
-3.098647419e-20
2.089552239e-05
3.706306258e-20
2.089552239e-05
8.463980331e-21
2.089552239e-05
-3.414164057e-20
2.089552239e-05
-1.499489935e-20
2.089552239e-05
-6.808484366e-21
2.089552239e-05
3.375984676e-20
2.089552239e-05
9.697414896e-21
2.089552239e-05
-1.283097583e-20
2.089552239e-05
8.987857161e-21
2.089552239e-05
1.171900771e-20
2.089552239e-05
-3.821759274e-20
2.089552239e-05
-1.963354656e-20
2.089552239e-05
1.193656653e-20
2.089552239e-05
8.449048566e-21
2.089552239e-05
2.081342355e-20
2.089552239e-05
1.579087642e-20
2.089552239e-05
-1.126754769e-20
2.089552239e-05
-3.891878494e-21
2.089552239e-05
2.264296474e-20
2.089552239e-05
-3.45660625e-20
2.089552239e-05
1.214474263e-20
2.089552239e-05
-1.757254147e-20
2.089552239e-05
-8.893834175e-21
2.089552239e-05
3.78540341e-20
2.089552239e-05
-4.250058631e-20
2.089552239e-05
3.178482642e-20
2.089552239e-05
2.166278349e-20
2.089552239e-05
-3.37378216e-20
2.089552239e-05
1.131156161e-20
2.089552239e-05
-2.296508632e-20
2.089552239e-05
2.326981886e-22
2.089552239e-05
5.082221694e-20
2.089552239e-05
-3.827936943e-20
2.089552239e-05
6.496056627e-21
2.089552239e-05
2.834512088e-20
2.089552239e-05
-4.335310286e-20
2.089552239e-05
-2.694496636e-20
2.089552239e-05
1.627699912e-20
2.089552239e-05
-1.047312651e-20
2.089552239e-05
7.444178766e-21
2.089552239e-05
3.00965741e-20
2.089552239e-05
-7.538364957e-21
2.089552239e-05
5.464527528e-21
2.089552239e-05
-5.156594702e-21
2.089552239e-05
-5.135915925e-20
1.138326884e-20
3.28358209e-05
1.230237123e-19
3.28358209e-05
5.949410751e-20
3.28358209e-05
3.177931118e-20
3.28358209e-05
2.128546379e-20
3.28358209e-05
9.38343132e-21
3.28358209e-05
4.455094627e-21
3.28358209e-05
2.534257513e-21
3.28358209e-05
9.390190333e-21
3.28358209e-05
5.585469057e-21
3.28358209e-05
1.104260589e-20
3.28358209e-05
-1.129569756e-20
3.28358209e-05
-5.142955284e-21
3.28358209e-05
5.160958237e-21
3.28358209e-05
-6.91146353e-21
3.28358209e-05
-8.223180542e-21
3.28358209e-05
-1.176786343e-21
3.28358209e-05
-1.212744226e-20
3.28358209e-05
-5.969266209e-21
3.28358209e-05
-5.788162304e-21
3.28358209e-05
-4.022849814e-21
3.28358209e-05
-2.81869794e-21
3.28358209e-05
-2.232214629e-20
3.28358209e-05
-1.89141211e-20
3.28358209e-05
1.447495886e-20
3.28358209e-05
1.929706057e-20
3.28358209e-05
1.088079469e-20
3.28358209e-05
1.904274366e-20
3.28358209e-05
6.172935788e-21
3.28358209e-05
-1.554078991e-21
3.28358209e-05
-2.007784922e-20
3.28358209e-05
4.041756944e-22
3.28358209e-05
1.372728868e-21
3.28358209e-05
-1.096905948e-20
3.28358209e-05
-9.110189233e-21
3.28358209e-05
-2.177688674e-20
3.28358209e-05
-1.039805334e-21
3.28358209e-05
1.215666698e-20
3.28358209e-05
3.590267522e-21
3.28358209e-05
5.982382071e-21
3.28358209e-05
8.68420301e-21
3.28358209e-05
8.254514824e-21
3.28358209e-05
-6.439073894e-21
3.28358209e-05
1.226597276e-20
3.28358209e-05
-2.154739813e-20
3.28358209e-05
-1.139897769e-20
3.28358209e-05
-3.296143567e-21
3.28358209e-05
-1.344186014e-20
3.28358209e-05
3.489965302e-21
3.28358209e-05
4.84279712e-21
3.28358209e-05
1.624582376e-22
3.28358209e-05
6.773156188e-21
3.28358209e-05
-9.70846525e-21
3.28358209e-05
1.738368738e-21
3.28358209e-05
1.801684603e-20
3.28358209e-05
-8.212453429e-21
3.28358209e-05
-6.275287228e-21
3.28358209e-05
1.215113635e-20
3.28358209e-05
-5.185492539e-21
3.28358209e-05
1.485312436e-20
3.28358209e-05
3.211002939e-21
3.28358209e-05
-1.907529053e-20
3.28358209e-05
4.343214716e-21
3.28358209e-05
1.311773043e-20
3.28358209e-05
-1.923287934e-20
3.28358209e-05
6.832442915e-22
3.28358209e-05
7.963009044e-21
3.28358209e-05
2.246727646e-22
3.28358209e-05
2.569796668e-20
3.28358209e-05
3.06308707e-20
3.28358209e-05
-2.959790739e-20
3.28358209e-05
-5.076395087e-20
3.28358209e-05
2.768128424e-20
3.28358209e-05
1.751553303e-20
3.28358209e-05
-6.603689409e-21
3.28358209e-05
-1.387452642e-20
3.28358209e-05
1.252211335e-20
3.28358209e-05
2.313432223e-20
3.28358209e-05
-1.29446592e-20
3.28358209e-05
-3.909771289e-20
3.28358209e-05
-1.089742727e-21
3.28358209e-05
2.445646165e-20
3.28358209e-05
-2.682131049e-20
3.28358209e-05
-5.567272612e-21
3.28358209e-05
3.917187218e-20
3.28358209e-05
1.431540083e-20
3.28358209e-05
1.881354062e-21
3.28358209e-05
2.513648023e-22
3.28358209e-05
-3.235450339e-20
3.28358209e-05
-2.258904446e-20
3.28358209e-05
3.657817741e-20
3.28358209e-05
6.003525425e-21
3.28358209e-05
-3.000187426e-20
3.28358209e-05
-2.065337805e-20
3.28358209e-05
2.556870382e-20
3.28358209e-05
1.635255234e-21
3.28358209e-05
-2.883953801e-20
3.28358209e-05
2.303065513e-20
3.28358209e-05
1.81784379e-20
3.28358209e-05
-2.165316871e-20
3.28358209e-05
-3.35723664e-20
3.28358209e-05
2.05774876e-20
3.28358209e-05
4.412747637e-20
3.28358209e-05
1.717427538e-20
3.28358209e-05
-1.912594317e-20
3.28358209e-05
-2.938868526e-20
3.28358209e-05
2.923737077e-20
3.28358209e-05
2.801897325e-21
3.28358209e-05
-2.965409528e-20
3.28358209e-05
4.142769328e-21
3.28358209e-05
2.072480729e-20
3.28358209e-05
-5.497331602e-22
3.28358209e-05
-2.3524973e-20
3.28358209e-05
1.647724224e-20
3.28358209e-05
2.828088709e-20
3.28358209e-05
1.477747697e-20
3.28358209e-05
-1.134786662e-20
3.28358209e-05
-2.925292675e-20
3.28358209e-05
3.542184587e-20
3.28358209e-05
3.847582867e-20
3.28358209e-05
-2.500773006e-20
3.28358209e-05
-3.445448807e-20
3.28358209e-05
5.894889791e-22
3.28358209e-05
3.735390996e-20
3.28358209e-05
2.988647381e-20
3.28358209e-05
-3.246660041e-21
3.28358209e-05
-2.778746617e-20
3.28358209e-05
2.075065368e-21
3.28358209e-05
-5.680033369e-20
3.28358209e-05
-2.775466228e-20
3.28358209e-05
5.816678417e-20
3.28358209e-05
2.497088354e-20
3.28358209e-05
1.079056749e-21
3.28358209e-05
-3.246680006e-20
3.28358209e-05
-3.196548479e-20
3.28358209e-05
8.232622825e-21
3.28358209e-05
4.729545141e-21
3.28358209e-05
-5.968454456e-21
3.28358209e-05
-1.024687847e-20
3.28358209e-05
2.579662078e-20
3.28358209e-05
-3.210664473e-23
3.28358209e-05
-6.260501029e-20
3.28358209e-05
2.471787352e-21
3.28358209e-05
1.637873842e-20
3.28358209e-05
2.994755469e-20
3.28358209e-05
3.162835363e-20
3.28358209e-05
-1.806820496e-20
3.28358209e-05
1.913081411e-20
3.28358209e-05
2.781711062e-20
3.28358209e-05
-1.428069573e-20
3.28358209e-05
-4.733109886e-20
3.28358209e-05
-2.923868904e-20
3.28358209e-05
7.115880744e-20
3.28358209e-05
1.309041349e-20
3.28358209e-05
-3.174258526e-20
3.28358209e-05
4.472141222e-20
3.28358209e-05
1.462110821e-20
3.28358209e-05
-3.99423133e-20
3.28358209e-05
-2.794573655e-20
3.28358209e-05
-1.58731265e-20
3.28358209e-05
4.253100534e-20
3.28358209e-05
6.308403336e-21
3.28358209e-05
1.827910443e-22
3.28358209e-05
2.932984865e-20
3.28358209e-05
2.824767162e-21
3.28358209e-05
-6.08311759e-20
3.28358209e-05
-3.707327226e-20
3.28358209e-05
2.86032001e-20
3.28358209e-05
1.506888929e-20
3.28358209e-05
3.763007563e-20
3.28358209e-05
2.742973025e-21
3.28358209e-05
-1.065078664e-20
3.28358209e-05
2.461380161e-21
3.28358209e-05
1.361867301e-20
3.28358209e-05
-2.70060457e-20
3.28358209e-05
8.825401018e-21
3.28358209e-05
-4.817677949e-20
3.28358209e-05
-3.853937444e-21
3.28358209e-05
5.813922752e-20
3.28358209e-05
-3.976864513e-20
3.28358209e-05
2.72452814e-20
3.28358209e-05
4.170020468e-20
3.28358209e-05
-4.359122979e-20
3.28358209e-05
-1.537758643e-20
3.28358209e-05
-1.321843126e-20
3.28358209e-05
7.361052904e-21
3.28358209e-05
5.479864258e-20
3.28358209e-05
-4.280520401e-20
3.28358209e-05
8.828456889e-21
3.28358209e-05
3.984038635e-20
3.28358209e-05
-7.031531908e-20
3.28358209e-05
-3.79015036e-20
3.28358209e-05
1.445666789e-20
3.28358209e-05
-2.219875754e-20
3.28358209e-05
2.455456431e-20
3.28358209e-05
4.588149649e-20
3.28358209e-05
-2.710280876e-20
3.28358209e-05
2.805617049e-21
3.28358209e-05
1.647240303e-23
3.28358209e-05
-7.318342338e-20
2.312173431e-20
4.328358209e-05
1.11619804e-19
4.328358209e-05
7.101033085e-20
4.328358209e-05
4.09656999e-20
4.328358209e-05
2.566019361e-20
4.328358209e-05
8.776664817e-21
4.328358209e-05
6.094622313e-21
4.328358209e-05
2.407348516e-20
4.328358209e-05
1.338693201e-20
4.328358209e-05
1.027217597e-20
4.328358209e-05
6.185040066e-21
4.328358209e-05
-1.363121159e-20
4.328358209e-05
-6.083118508e-21
4.328358209e-05
1.000171827e-20
4.328358209e-05
-5.901423512e-21
4.328358209e-05
-6.3252448e-21
4.328358209e-05
-1.492160332e-21
4.328358209e-05
-1.608324412e-20
4.328358209e-05
-7.099344565e-21
4.328358209e-05
-1.18605007e-20
4.328358209e-05
-1.149460788e-20
4.328358209e-05
-1.20573635e-20
4.328358209e-05
-2.891109874e-20
4.328358209e-05
-1.97036376e-20
4.328358209e-05
1.633010266e-20
4.328358209e-05
1.97787793e-20
4.328358209e-05
1.971267665e-20
4.328358209e-05
3.192015618e-20
4.328358209e-05
9.985309221e-21
4.328358209e-05
-1.876748643e-20
4.328358209e-05
-2.872076134e-20
4.328358209e-05
1.414016176e-21
4.328358209e-05
-5.45894167e-21
4.328358209e-05
-2.932335966e-20
4.328358209e-05
-1.390123508e-20
4.328358209e-05
-2.016420806e-20
4.328358209e-05
5.79046486e-22
4.328358209e-05
2.549344286e-20
4.328358209e-05
1.55403543e-20
4.328358209e-05
2.958104755e-21
4.328358209e-05
6.297487848e-21
4.328358209e-05
9.220429061e-21
4.328358209e-05
-2.289489496e-20
4.328358209e-05
5.946255024e-21
4.328358209e-05
-2.506001858e-20
4.328358209e-05
-4.050104072e-21
4.328358209e-05
-7.887922596e-21
4.328358209e-05
-1.149338684e-20
4.328358209e-05
-1.354023801e-22
4.328358209e-05
3.47603098e-21
4.328358209e-05
1.570244479e-21
4.328358209e-05
5.41349722e-21
4.328358209e-05
-8.054494491e-21
4.328358209e-05
1.955561244e-20
4.328358209e-05
2.265147986e-20
4.328358209e-05
-1.559932581e-20
4.328358209e-05
-5.163773956e-21
4.328358209e-05
1.30958534e-20
4.328358209e-05
-1.034443529e-21
4.328358209e-05
6.556075701e-21
4.328358209e-05
-4.664391318e-22
4.328358209e-05
-7.842865979e-21
4.328358209e-05
1.171780336e-20
4.328358209e-05
1.07086798e-20
4.328358209e-05
-1.730394087e-20
4.328358209e-05
-2.878860192e-21
4.328358209e-05
1.086154153e-20
4.328358209e-05
6.2464673e-21
4.328358209e-05
3.753717146e-20
4.328358209e-05
1.129460088e-20
4.328358209e-05
-2.975042595e-20
4.328358209e-05
-4.591400844e-20
4.328358209e-05
2.731079419e-20
4.328358209e-05
1.596462582e-20
4.328358209e-05
-1.154768875e-20
4.328358209e-05
-9.015075782e-21
4.328358209e-05
2.912274775e-21
4.328358209e-05
3.191562248e-20
4.328358209e-05
-1.629266851e-20
4.328358209e-05
-6.089974348e-20
4.328358209e-05
5.77890449e-21
4.328358209e-05
1.869969965e-20
4.328358209e-05
-3.076663355e-20
4.328358209e-05
4.326951278e-21
4.328358209e-05
5.518399206e-20
4.328358209e-05
1.402918448e-20
4.328358209e-05
1.155018949e-20
4.328358209e-05
4.288629408e-21
4.328358209e-05
-3.51516592e-20
4.328358209e-05
-2.834650084e-20
4.328358209e-05
4.433925789e-20
4.328358209e-05
-1.292626247e-20
4.328358209e-05
-2.917468295e-20
4.328358209e-05
-2.14946225e-20
4.328358209e-05
2.035453919e-20
4.328358209e-05
8.910841978e-21
4.328358209e-05
-3.792150093e-20
4.328358209e-05
2.510399205e-20
4.328358209e-05
2.930242906e-20
4.328358209e-05
-2.757385802e-20
4.328358209e-05
-4.212695122e-20
4.328358209e-05
3.537365769e-20
4.328358209e-05
6.318597071e-20
4.328358209e-05
1.150460082e-20
4.328358209e-05
-2.598627586e-20
4.328358209e-05
-2.868664471e-20
4.328358209e-05
2.352739464e-20
4.328358209e-05
7.217952848e-21
4.328358209e-05
-3.086095276e-20
4.328358209e-05
4.489740526e-21
4.328358209e-05
2.46136907e-20
4.328358209e-05
1.78769832e-21
4.328358209e-05
-2.033127928e-20
4.328358209e-05
1.583940802e-20
4.328358209e-05
3.511941035e-20
4.328358209e-05
3.592885028e-20
4.328358209e-05
-2.737529778e-20
4.328358209e-05
-1.739371907e-20
4.328358209e-05
5.098945957e-20
4.328358209e-05
3.495499169e-20
4.328358209e-05
-3.102790726e-20
4.328358209e-05
-2.672317487e-20
4.328358209e-05
-6.30458399e-21
4.328358209e-05
3.90906826e-20
4.328358209e-05
4.051491946e-20
4.328358209e-05
-1.919460477e-20
4.328358209e-05
-3.245328942e-20
4.328358209e-05
-5.837159356e-21
4.328358209e-05
-7.055450217e-20
4.328358209e-05
-3.010117563e-20
4.328358209e-05
6.499377704e-20
4.328358209e-05
4.142584601e-20
4.328358209e-05
1.510664747e-21
4.328358209e-05
-4.686584766e-20
4.328358209e-05
-3.690750505e-20
4.328358209e-05
1.218029286e-20
4.328358209e-05
-2.2009748e-21
4.328358209e-05
-1.547302702e-20
4.328358209e-05
-1.525621875e-20
4.328358209e-05
2.010480432e-20
4.328358209e-05
1.019322101e-20
4.328358209e-05
-7.142985717e-20
4.328358209e-05
2.125608594e-21
4.328358209e-05
1.576078056e-20
4.328358209e-05
4.537297762e-20
4.328358209e-05
6.59915515e-20
4.328358209e-05
-1.852452233e-20
4.328358209e-05
2.730766661e-20
4.328358209e-05
3.220053692e-20
4.328358209e-05
-1.127070335e-20
4.328358209e-05
-7.003601063e-20
4.328358209e-05
-3.102645224e-20
4.328358209e-05
8.066086675e-20
4.328358209e-05
7.355758465e-21
4.328358209e-05
-4.13872175e-20
4.328358209e-05
5.590832619e-20
4.328358209e-05
2.423630816e-20
4.328358209e-05
-5.258042837e-20
4.328358209e-05
-3.504804956e-20
4.328358209e-05
-1.564018609e-20
4.328358209e-05
4.239151427e-20
4.328358209e-05
2.507895107e-21
4.328358209e-05
9.019843666e-21
4.328358209e-05
5.102581008e-20
4.328358209e-05
-2.606392944e-21
4.328358209e-05
-7.539013813e-20
4.328358209e-05
-3.756751107e-20
4.328358209e-05
4.25691739e-20
4.328358209e-05
3.614017564e-20
4.328358209e-05
2.367584821e-20
4.328358209e-05
-6.196669535e-21
4.328358209e-05
6.194717062e-21
4.328358209e-05
1.09833159e-20
4.328358209e-05
-2.623087707e-20
4.328358209e-05
-2.983152854e-20
4.328358209e-05
3.001521419e-20
4.328358209e-05
-6.074123073e-20
4.328358209e-05
-3.741282318e-21
4.328358209e-05
6.272489039e-20
4.328358209e-05
-3.7281675e-20
4.328358209e-05
3.994489367e-20
4.328358209e-05
4.669148696e-20
4.328358209e-05
-4.037878614e-20
4.328358209e-05
-4.156324446e-20
4.328358209e-05
-1.046534726e-20
4.328358209e-05
3.09053929e-20
4.328358209e-05
4.57517324e-20
4.328358209e-05
-5.403946065e-20
4.328358209e-05
1.279332307e-20
4.328358209e-05
4.390742397e-20
4.328358209e-05
-8.628433148e-20
4.328358209e-05
-5.178204552e-20
4.328358209e-05
1.413249994e-20
4.328358209e-05
-6.849835291e-21
4.328358209e-05
3.085953744e-20
4.328358209e-05
2.076088723e-20
4.328358209e-05
-3.483230584e-20
4.328358209e-05
2.849518388e-20
4.328358209e-05
-8.376842244e-21
4.328358209e-05
-8.680223077e-20
1.803219624e-20
5.223880597e-05
1.103828727e-19
5.223880597e-05
6.86417365e-20
5.223880597e-05
5.047499643e-20
5.223880597e-05
3.305801112e-20
5.223880597e-05
1.354612261e-20
5.223880597e-05
1.887296279e-20
5.223880597e-05
3.364706212e-20
5.223880597e-05
9.992288159e-21
5.223880597e-05
1.076313586e-20
5.223880597e-05
2.371669022e-20
5.223880597e-05
-3.353003965e-21
5.223880597e-05
-2.129188373e-20
5.223880597e-05
5.413227948e-21
5.223880597e-05
-6.065560124e-21
5.223880597e-05
-8.428152653e-21
5.223880597e-05
-9.310483543e-21
5.223880597e-05
-1.939054047e-20
5.223880597e-05
-2.125486646e-20
5.223880597e-05
-1.125104281e-20
5.223880597e-05
1.822159996e-22
5.223880597e-05
-2.378331888e-20
5.223880597e-05
-3.78566987e-20
5.223880597e-05
-1.625350626e-20
5.223880597e-05
1.758130552e-20
5.223880597e-05
2.71011526e-20
5.223880597e-05
3.492931859e-20
5.223880597e-05
3.320368113e-20
5.223880597e-05
9.842455949e-21
5.223880597e-05
-3.480295506e-20
5.223880597e-05
-2.651003811e-20
5.223880597e-05
3.279706406e-21
5.223880597e-05
-1.506089471e-20
5.223880597e-05
-3.73105169e-20
5.223880597e-05
-1.767055104e-20
5.223880597e-05
-2.33268356e-20
5.223880597e-05
6.50639556e-21
5.223880597e-05
2.787891794e-20
5.223880597e-05
1.901768098e-20
5.223880597e-05
-5.349265497e-22
5.223880597e-05
-1.700079522e-21
5.223880597e-05
-6.082936918e-21
5.223880597e-05
-2.164386104e-20
5.223880597e-05
-1.390143352e-20
5.223880597e-05
-1.221799749e-20
5.223880597e-05
-1.727488105e-20
5.223880597e-05
4.47765689e-21
5.223880597e-05
-1.294743445e-20
5.223880597e-05
-9.246867054e-21
5.223880597e-05
2.754527567e-21
5.223880597e-05
-3.722424918e-21
5.223880597e-05
-2.097053446e-21
5.223880597e-05
7.446922435e-21
5.223880597e-05
3.956245873e-20
5.223880597e-05
2.663019587e-20
5.223880597e-05
-1.491373707e-20
5.223880597e-05
-8.483585941e-21
5.223880597e-05
1.602455586e-20
5.223880597e-05
8.793909398e-21
5.223880597e-05
2.38631534e-21
5.223880597e-05
1.638495694e-21
5.223880597e-05
-1.477074732e-20
5.223880597e-05
6.025718739e-21
5.223880597e-05
1.621635757e-20
5.223880597e-05
1.394451133e-21
5.223880597e-05
-1.946230712e-21
5.223880597e-05
1.530396728e-20
5.223880597e-05
1.396284324e-20
5.223880597e-05
2.331449852e-20
5.223880597e-05
9.967856606e-21
5.223880597e-05
-3.865424473e-20
5.223880597e-05
-4.297277327e-20
5.223880597e-05
2.053235357e-20
5.223880597e-05
1.708763732e-20
5.223880597e-05
-1.682741719e-21
5.223880597e-05
-9.480061309e-21
5.223880597e-05
1.514214394e-21
5.223880597e-05
3.408466409e-20
5.223880597e-05
-2.174096763e-20
5.223880597e-05
-5.815429632e-20
5.223880597e-05
6.228646755e-21
5.223880597e-05
1.504865948e-20
5.223880597e-05
-2.688031379e-20
5.223880597e-05
1.294560251e-20
5.223880597e-05
5.055885119e-20
5.223880597e-05
1.116206375e-20
5.223880597e-05
8.834964374e-21
5.223880597e-05
8.345778201e-21
5.223880597e-05
-2.859063926e-20
5.223880597e-05
-2.391232481e-20
5.223880597e-05
3.087267804e-20
5.223880597e-05
-2.958945689e-20
5.223880597e-05
-3.80737195e-20
5.223880597e-05
-1.916254767e-20
5.223880597e-05
2.046099944e-20
5.223880597e-05
1.033497535e-20
5.223880597e-05
-3.377663134e-20
5.223880597e-05
1.72113527e-20
5.223880597e-05
2.743067552e-20
5.223880597e-05
-2.019158142e-20
5.223880597e-05
-3.413923851e-20
5.223880597e-05
3.79411993e-20
5.223880597e-05
6.704115156e-20
5.223880597e-05
1.920264383e-20
5.223880597e-05
-2.810877502e-20
5.223880597e-05
-2.908638396e-20
5.223880597e-05
8.814827945e-21
5.223880597e-05
1.557181784e-20
5.223880597e-05
-2.982298027e-20
5.223880597e-05
-4.896189491e-21
5.223880597e-05
2.294217737e-20
5.223880597e-05
-3.710363142e-21
5.223880597e-05
-5.766562913e-21
5.223880597e-05
1.913094359e-21
5.223880597e-05
5.77030977e-20
5.223880597e-05
3.680423481e-20
5.223880597e-05
-2.801827087e-20
5.223880597e-05
-1.805878764e-21
5.223880597e-05
5.737356397e-20
5.223880597e-05
3.289351904e-20
5.223880597e-05
-2.637809757e-20
5.223880597e-05
-3.463330755e-20
5.223880597e-05
-1.102013688e-21
5.223880597e-05
4.020341963e-20
5.223880597e-05
1.715835848e-20
5.223880597e-05
-2.789488471e-20
5.223880597e-05
-3.46248061e-20
5.223880597e-05
-3.303813754e-21
5.223880597e-05
-8.106893617e-20
5.223880597e-05
-3.005834915e-20
5.223880597e-05
6.964691991e-20
5.223880597e-05
5.132710564e-20
5.223880597e-05
1.154612068e-21
5.223880597e-05
-4.866787803e-20
5.223880597e-05
-4.411050184e-20
5.223880597e-05
1.334988657e-20
5.223880597e-05
1.283417653e-21
5.223880597e-05
-1.1486933e-20
5.223880597e-05
-2.53418318e-20
5.223880597e-05
-3.796381499e-21
5.223880597e-05
1.212902442e-20
5.223880597e-05
-4.891274511e-20
5.223880597e-05
-2.925591545e-21
5.223880597e-05
2.34867406e-20
5.223880597e-05
6.138058326e-20
5.223880597e-05
8.828134607e-20
5.223880597e-05
-6.089646801e-21
5.223880597e-05
2.747497571e-20
5.223880597e-05
3.682117545e-20
5.223880597e-05
-2.326285675e-20
5.223880597e-05
-7.387190513e-20
5.223880597e-05
-4.263711209e-20
5.223880597e-05
7.103582959e-20
5.223880597e-05
1.203488173e-20
5.223880597e-05
-4.833916313e-20
5.223880597e-05
6.128925178e-20
5.223880597e-05
3.403471152e-20
5.223880597e-05
-5.201723585e-20
5.223880597e-05
-4.380403332e-20
5.223880597e-05
-1.841143103e-20
5.223880597e-05
4.154334035e-20
5.223880597e-05
5.019108492e-21
5.223880597e-05
2.160785074e-20
5.223880597e-05
4.775471918e-20
5.223880597e-05
-1.140168693e-20
5.223880597e-05
-6.652658797e-20
5.223880597e-05
-2.981660172e-20
5.223880597e-05
5.05349859e-20
5.223880597e-05
3.918107553e-20
5.223880597e-05
1.808085762e-20
5.223880597e-05
-2.363596386e-21
5.223880597e-05
1.161580749e-20
5.223880597e-05
8.864931421e-21
5.223880597e-05
-4.696006466e-20
5.223880597e-05
-3.238346076e-20
5.223880597e-05
2.47674817e-20
5.223880597e-05
-5.87292961e-20
5.223880597e-05
-1.572928527e-20
5.223880597e-05
5.5438648e-20
5.223880597e-05
-1.972668016e-20
5.223880597e-05
5.496159517e-20
5.223880597e-05
5.263028731e-20
5.223880597e-05
-4.96205174e-20
5.223880597e-05
-5.515990807e-20
5.223880597e-05
-1.338605364e-20
5.223880597e-05
5.026157137e-20
5.223880597e-05
4.547641711e-20
5.223880597e-05
-5.695210887e-20
5.223880597e-05
5.533032097e-21
5.223880597e-05
3.125858352e-20
5.223880597e-05
-9.177134775e-20
5.223880597e-05
-7.200443968e-20
5.223880597e-05
8.708549966e-21
5.223880597e-05
3.70136498e-21
5.223880597e-05
3.190262476e-20
5.223880597e-05
8.739447664e-21
5.223880597e-05
-2.677740209e-20
5.223880597e-05
3.010993079e-20
5.223880597e-05
-1.377469846e-20
5.223880597e-05
-7.338526552e-20
2.85993406e-20
5.970149254e-05
9.159458368e-20
5.970149254e-05
7.16828871e-20
5.970149254e-05
5.07752127e-20
5.970149254e-05
3.461734073e-20
5.970149254e-05
1.573470292e-20
5.970149254e-05
2.762042998e-20
5.970149254e-05
3.327012727e-20
5.970149254e-05
1.622034856e-20
5.970149254e-05
2.317274271e-20
5.970149254e-05
1.904430369e-20
5.970149254e-05
7.24636115e-21
5.970149254e-05
-2.312069434e-21
5.970149254e-05
6.503773798e-21
5.970149254e-05
-1.235291356e-20
5.970149254e-05
-2.862222113e-20
5.970149254e-05
-1.748631897e-20
5.970149254e-05
-3.566615223e-20
5.970149254e-05
-2.577251668e-20
5.970149254e-05
-4.983249631e-21
5.970149254e-05
-2.134671858e-21
5.970149254e-05
-2.399837254e-20
5.970149254e-05
-2.811521218e-20
5.970149254e-05
-6.05185602e-22
5.970149254e-05
1.568469413e-20
5.970149254e-05
2.09394007e-20
5.970149254e-05
3.964739629e-20
5.970149254e-05
2.705237738e-20
5.970149254e-05
1.901893689e-21
5.970149254e-05
-3.726974785e-20
5.970149254e-05
-2.82227985e-20
5.970149254e-05
8.826177452e-21
5.970149254e-05
-1.926322418e-20
5.970149254e-05
-5.252782423e-20
5.970149254e-05
-2.172566636e-20
5.970149254e-05
-1.485677433e-20
5.970149254e-05
-1.660300592e-22
5.970149254e-05
3.255080939e-20
5.970149254e-05
3.65557188e-20
5.970149254e-05
1.461227582e-20
5.970149254e-05
-1.375291174e-20
5.970149254e-05
-2.724791161e-20
5.970149254e-05
-3.250120844e-20
5.970149254e-05
-1.977745541e-20
5.970149254e-05
-6.664169536e-21
5.970149254e-05
-2.066862503e-20
5.970149254e-05
-3.716112706e-21
5.970149254e-05
-1.296966048e-21
5.970149254e-05
-8.995832635e-21
5.970149254e-05
2.843159845e-22
5.970149254e-05
2.628958409e-21
5.970149254e-05
-2.830040965e-21
5.970149254e-05
1.823763839e-21
5.970149254e-05
3.145668567e-20
5.970149254e-05
3.376168886e-20
5.970149254e-05
3.637715333e-21
5.970149254e-05
-7.797447751e-21
5.970149254e-05
1.72562365e-20
5.970149254e-05
2.293055877e-20
5.970149254e-05
6.974710804e-21
5.970149254e-05
-5.110019657e-21
5.970149254e-05
-1.483911822e-20
5.970149254e-05
7.727841166e-21
5.970149254e-05
2.202725764e-20
5.970149254e-05
7.273271057e-21
5.970149254e-05
-1.280347555e-20
5.970149254e-05
2.64232122e-20
5.970149254e-05
1.114132426e-20
5.970149254e-05
2.174878027e-20
5.970149254e-05
1.647941686e-21
5.970149254e-05
-3.996763989e-20
5.970149254e-05
-3.588348048e-20
5.970149254e-05
1.589853614e-20
5.970149254e-05
3.512567562e-20
5.970149254e-05
3.062473631e-21
5.970149254e-05
-2.0115149e-20
5.970149254e-05
1.84812974e-21
5.970149254e-05
3.643661806e-20
5.970149254e-05
-3.007053961e-20
5.970149254e-05
-4.826510029e-20
5.970149254e-05
2.262146836e-20
5.970149254e-05
1.870038794e-20
5.970149254e-05
-2.809790265e-20
5.970149254e-05
3.347589013e-21
5.970149254e-05
2.656308934e-20
5.970149254e-05
8.281416742e-22
5.970149254e-05
1.336834166e-20
5.970149254e-05
9.351047323e-21
5.970149254e-05
-3.097773279e-20
5.970149254e-05
-1.283662556e-20
5.970149254e-05
2.869959794e-20
5.970149254e-05
-3.320863202e-20
5.970149254e-05
-4.295690137e-20
5.970149254e-05
-2.574056685e-20
5.970149254e-05
1.678464698e-20
5.970149254e-05
7.000015052e-21
5.970149254e-05
-2.277294624e-20
5.970149254e-05
2.023237287e-20
5.970149254e-05
2.540641976e-20
5.970149254e-05
-2.182775614e-20
5.970149254e-05
-3.462151097e-20
5.970149254e-05
5.247654036e-20
5.970149254e-05
7.829914256e-20
5.970149254e-05
1.50415948e-20
5.970149254e-05
-3.223437135e-20
5.970149254e-05
-2.276425264e-20
5.970149254e-05
1.06512227e-20
5.970149254e-05
-7.041213295e-22
5.970149254e-05
-4.745846523e-20
5.970149254e-05
-4.374402196e-21
5.970149254e-05
3.17798191e-20
5.970149254e-05
1.457504469e-20
5.970149254e-05
-1.833727724e-21
5.970149254e-05
4.079940824e-21
5.970149254e-05
5.622790297e-20
5.970149254e-05
4.388033718e-20
5.970149254e-05
-2.000586022e-20
5.970149254e-05
9.945332364e-22
5.970149254e-05
5.621397662e-20
5.970149254e-05
1.636997257e-20
5.970149254e-05
-8.878824914e-22
5.970149254e-05
-2.783677656e-20
5.970149254e-05
-1.46221112e-21
5.970149254e-05
2.395064719e-20
5.970149254e-05
1.890950158e-21
5.970149254e-05
-4.407237823e-20
5.970149254e-05
-3.178597937e-20
5.970149254e-05
-1.601971596e-20
5.970149254e-05
-7.687242788e-20
5.970149254e-05
-1.229478336e-20
5.970149254e-05
7.5961094e-20
5.970149254e-05
4.429841882e-20
5.970149254e-05
-4.010621063e-21
5.970149254e-05
-4.331242491e-20
5.970149254e-05
-5.082662459e-20
5.970149254e-05
1.919729689e-20
5.970149254e-05
-1.058324197e-20
5.970149254e-05
-2.467482097e-20
5.970149254e-05
-1.63001561e-20
5.970149254e-05
-5.423862581e-21
5.970149254e-05
1.0950422e-20
5.970149254e-05
-2.939839247e-20
5.970149254e-05
-1.348360094e-20
5.970149254e-05
2.870640484e-20
5.970149254e-05
7.428538679e-20
5.970149254e-05
8.794493871e-20
5.970149254e-05
2.564038457e-20
5.970149254e-05
4.333319862e-20
5.970149254e-05
3.832864313e-20
5.970149254e-05
-3.790900885e-20
5.970149254e-05
-7.626118805e-20
5.970149254e-05
-4.51966992e-20
5.970149254e-05
4.445704727e-20
5.970149254e-05
5.424434564e-21
5.970149254e-05
-4.833269562e-20
5.970149254e-05
5.054450025e-20
5.970149254e-05
4.971100616e-20
5.970149254e-05
-4.972504438e-20
5.970149254e-05
-4.893439958e-20
5.970149254e-05
-1.461233322e-20
5.970149254e-05
4.378203564e-20
5.970149254e-05
1.710886259e-20
5.970149254e-05
1.425523294e-20
5.970149254e-05
2.251161267e-20
5.970149254e-05
-6.8868389e-21
5.970149254e-05
-6.12060833e-20
5.970149254e-05
-2.01928891e-20
5.970149254e-05
6.001014615e-20
5.970149254e-05
3.578863438e-20
5.970149254e-05
2.932468033e-20
5.970149254e-05
-8.340183522e-21
5.970149254e-05
-4.076685869e-21
5.970149254e-05
1.911019037e-20
5.970149254e-05
-3.816194539e-20
5.970149254e-05
-4.694601929e-20
5.970149254e-05
1.241713626e-20
5.970149254e-05
-4.36197875e-20
5.970149254e-05
-6.418711994e-21
5.970149254e-05
6.026018445e-20
5.970149254e-05
-1.148851728e-20
5.970149254e-05
4.884598034e-20
5.970149254e-05
4.132376212e-20
5.970149254e-05
-5.167530651e-20
5.970149254e-05
-4.716638056e-20
5.970149254e-05
-1.75957813e-20
5.970149254e-05
6.722546749e-20
5.970149254e-05
3.306327207e-20
5.970149254e-05
-7.238624693e-20
5.970149254e-05
3.026036382e-21
5.970149254e-05
1.977712088e-20
5.970149254e-05
-9.643137223e-20
5.970149254e-05
-7.162016431e-20
5.970149254e-05
-9.031736492e-21
5.970149254e-05
1.057965356e-20
5.970149254e-05
2.792382915e-20
5.970149254e-05
-1.31506704e-20
5.970149254e-05
-1.791802803e-20
5.970149254e-05
3.074269049e-20
5.970149254e-05
-8.382466083e-21
5.970149254e-05
-4.67443223e-20
1.295866669e-20
6.567164179e-05
5.495755168e-20
6.567164179e-05
7.573307581e-20
6.567164179e-05
3.595848605e-20
6.567164179e-05
3.231954925e-20
6.567164179e-05
3.085374932e-20
6.567164179e-05
3.828579312e-20
6.567164179e-05
4.160828919e-20
6.567164179e-05
3.784314274e-20
6.567164179e-05
2.538018654e-20
6.567164179e-05
2.390337842e-20
6.567164179e-05
7.860267213e-21
6.567164179e-05
3.09244503e-22
6.567164179e-05
9.449146619e-21
6.567164179e-05
-1.363196374e-20
6.567164179e-05
-3.582327203e-20
6.567164179e-05
-4.299872786e-20
6.567164179e-05
-2.666556504e-20
6.567164179e-05
-2.249058903e-20
6.567164179e-05
-1.163840918e-20
6.567164179e-05
-9.507116466e-21
6.567164179e-05
-2.268408067e-20
6.567164179e-05
-1.782017047e-20
6.567164179e-05
5.722568179e-21
6.567164179e-05
1.215074476e-20
6.567164179e-05
1.862522483e-20
6.567164179e-05
2.729707438e-20
6.567164179e-05
1.62673171e-20
6.567164179e-05
-1.471115384e-20
6.567164179e-05
-4.580465965e-20
6.567164179e-05
-1.670221985e-20
6.567164179e-05
-1.074243582e-20
6.567164179e-05
-2.769419349e-20
6.567164179e-05
-5.174088099e-20
6.567164179e-05
-2.302294367e-20
6.567164179e-05
-1.095263149e-20
6.567164179e-05
-3.114300684e-21
6.567164179e-05
3.022786407e-20
6.567164179e-05
4.738361971e-20
6.567164179e-05
1.993208284e-20
6.567164179e-05
-2.062185328e-20
6.567164179e-05
-3.907996178e-20
6.567164179e-05
-4.295278708e-20
6.567164179e-05
-2.82125691e-20
6.567164179e-05
-5.924769948e-21
6.567164179e-05
1.010946699e-20
6.567164179e-05
-1.431296903e-20
6.567164179e-05
-1.022262878e-20
6.567164179e-05
-1.552175005e-20
6.567164179e-05
1.223995317e-21
6.567164179e-05
1.152655166e-20
6.567164179e-05
9.988890499e-21
6.567164179e-05
1.626300599e-20
6.567164179e-05
2.28858349e-20
6.567164179e-05
3.837481386e-20
6.567164179e-05
1.499264594e-20
6.567164179e-05
-6.334374479e-22
6.567164179e-05
1.00060931e-20
6.567164179e-05
2.407813504e-20
6.567164179e-05
1.674967357e-20
6.567164179e-05
-3.166278921e-21
6.567164179e-05
-8.226881453e-21
6.567164179e-05
-3.561493822e-21
6.567164179e-05
1.346005267e-20
6.567164179e-05
2.181392855e-20
6.567164179e-05
1.172278529e-20
6.567164179e-05
1.834462175e-20
6.567164179e-05
2.326319106e-20
6.567164179e-05
6.625705621e-21
6.567164179e-05
-1.922865e-20
6.567164179e-05
-3.750537645e-20
6.567164179e-05
-2.300101646e-20
6.567164179e-05
2.006004463e-20
6.567164179e-05
2.37069287e-20
6.567164179e-05
-7.470436123e-21
6.567164179e-05
2.653767863e-22
6.567164179e-05
5.984197343e-21
6.567164179e-05
3.408057734e-20
6.567164179e-05
-1.629698476e-20
6.567164179e-05
-4.277768121e-20
6.567164179e-05
3.485218256e-20
6.567164179e-05
9.284744411e-21
6.567164179e-05
-2.649014043e-20
6.567164179e-05
6.247089005e-21
6.567164179e-05
1.270036931e-20
6.567164179e-05
3.194521381e-21
6.567164179e-05
-3.651536691e-21
6.567164179e-05
-9.85361553e-24
6.567164179e-05
-1.23794815e-20
6.567164179e-05
-5.811009028e-21
6.567164179e-05
7.067907199e-21
6.567164179e-05
-1.966090712e-20
6.567164179e-05
-3.718561588e-20
6.567164179e-05
-2.866296347e-20
6.567164179e-05
-5.590371864e-21
6.567164179e-05
3.184227513e-21
6.567164179e-05
-4.146789291e-20
6.567164179e-05
5.842748946e-21
6.567164179e-05
3.477816039e-20
6.567164179e-05
-1.54830781e-20
6.567164179e-05
-2.495764641e-20
6.567164179e-05
4.203021748e-20
6.567164179e-05
8.247650644e-20
6.567164179e-05
1.626036264e-20
6.567164179e-05
-3.309836892e-20
6.567164179e-05
-3.10827273e-20
6.567164179e-05
-3.425121249e-22
6.567164179e-05
-1.296186794e-20
6.567164179e-05
-4.210910919e-20
6.567164179e-05
1.184955677e-20
6.567164179e-05
2.744681315e-20
6.567164179e-05
1.187980006e-20
6.567164179e-05
-3.480056415e-22
6.567164179e-05
1.485104302e-20
6.567164179e-05
5.060332552e-20
6.567164179e-05
3.361724314e-20
6.567164179e-05
5.661941955e-21
6.567164179e-05
1.048161918e-20
6.567164179e-05
4.777007935e-20
6.567164179e-05
2.66113343e-20
6.567164179e-05
-8.336631062e-21
6.567164179e-05
-5.973384472e-21
6.567164179e-05
7.365522092e-21
6.567164179e-05
7.338887876e-21
6.567164179e-05
-2.149484755e-20
6.567164179e-05
-4.806565878e-20
6.567164179e-05
-4.064930973e-20
6.567164179e-05
-3.711837023e-20
6.567164179e-05
-5.015405261e-20
6.567164179e-05
-5.260577738e-21
6.567164179e-05
7.455711299e-20
6.567164179e-05
4.3942928e-20
6.567164179e-05
2.042804993e-21
6.567164179e-05
-4.927984613e-20
6.567164179e-05
-4.881506148e-20
6.567164179e-05
1.915741936e-20
6.567164179e-05
-1.816952488e-20
6.567164179e-05
-2.557262739e-20
6.567164179e-05
-2.03305917e-20
6.567164179e-05
3.962313552e-21
6.567164179e-05
9.982161841e-21
6.567164179e-05
-1.986209611e-20
6.567164179e-05
-2.006202918e-21
6.567164179e-05
3.225203066e-20
6.567164179e-05
8.279552324e-20
6.567164179e-05
8.492341098e-20
6.567164179e-05
2.448115959e-20
6.567164179e-05
5.192099762e-20
6.567164179e-05
2.826022378e-20
6.567164179e-05
-3.15898509e-20
6.567164179e-05
-6.411760966e-20
6.567164179e-05
-3.588050702e-20
6.567164179e-05
1.305079264e-20
6.567164179e-05
-1.341589124e-20
6.567164179e-05
-3.175032228e-20
6.567164179e-05
2.818275892e-20
6.567164179e-05
4.127130125e-20
6.567164179e-05
-2.633344297e-20
6.567164179e-05
-3.109886865e-20
6.567164179e-05
-5.470428742e-21
6.567164179e-05
3.450262732e-20
6.567164179e-05
7.088620851e-21
6.567164179e-05
2.038737736e-21
6.567164179e-05
3.049129797e-20
6.567164179e-05
-1.217015046e-20
6.567164179e-05
-4.326724498e-20
6.567164179e-05
-1.817078698e-20
6.567164179e-05
5.037066178e-20
6.567164179e-05
4.529482046e-20
6.567164179e-05
3.020047173e-20
6.567164179e-05
-1.520408751e-22
6.567164179e-05
-1.074459952e-21
6.567164179e-05
1.064024756e-20
6.567164179e-05
-2.470868267e-20
6.567164179e-05
-3.846109138e-20
6.567164179e-05
-1.342773643e-20
6.567164179e-05
-2.277420312e-20
6.567164179e-05
-6.058207873e-21
6.567164179e-05
2.941186627e-20
6.567164179e-05
5.362125306e-21
6.567164179e-05
4.434420775e-20
6.567164179e-05
3.956013928e-20
6.567164179e-05
-2.385077543e-20
6.567164179e-05
-2.557029574e-20
6.567164179e-05
-1.146257865e-20
6.567164179e-05
5.162552165e-20
6.567164179e-05
1.664400828e-20
6.567164179e-05
-7.80479897e-20
6.567164179e-05
-3.006459917e-21
6.567164179e-05
1.390342267e-20
6.567164179e-05
-6.646366018e-20
6.567164179e-05
-7.655137105e-20
6.567164179e-05
-2.095383886e-20
6.567164179e-05
6.923419103e-21
6.567164179e-05
2.036515108e-20
6.567164179e-05
6.549489556e-21
6.567164179e-05
-5.164923028e-21
6.567164179e-05
1.517068427e-20
6.567164179e-05
1.306332722e-21
6.567164179e-05
-4.325517267e-20
1.593974837e-20
7.014925373e-05
5.096372193e-20
7.014925373e-05
4.573240087e-20
7.014925373e-05
5.098685439e-20
7.014925373e-05
4.536323184e-20
7.014925373e-05
4.444840629e-20
7.014925373e-05
4.748454502e-20
7.014925373e-05
4.560083362e-20
7.014925373e-05
4.342419262e-20
7.014925373e-05
2.362595075e-20
7.014925373e-05
1.467851248e-20
7.014925373e-05
8.820790292e-21
7.014925373e-05
-1.265901685e-21
7.014925373e-05
4.541202677e-21
7.014925373e-05
-8.975171197e-21
7.014925373e-05
-4.404309297e-20
7.014925373e-05
-4.784450675e-20
7.014925373e-05
-4.124346901e-20
7.014925373e-05
-8.929270233e-21
7.014925373e-05
-1.410903101e-21
7.014925373e-05
-1.76849262e-20
7.014925373e-05
1.697053819e-21
7.014925373e-05
6.932610794e-21
7.014925373e-05
-7.988035732e-21
7.014925373e-05
-7.496753166e-21
7.014925373e-05
1.616550497e-20
7.014925373e-05
9.590541484e-21
7.014925373e-05
-2.037437703e-21
7.014925373e-05
-2.81718934e-20
7.014925373e-05
-3.707303039e-20
7.014925373e-05
-1.659552469e-20
7.014925373e-05
-3.023066557e-20
7.014925373e-05
-3.924428283e-20
7.014925373e-05
-3.503045117e-20
7.014925373e-05
-2.67305241e-20
7.014925373e-05
-1.129661282e-20
7.014925373e-05
1.311487552e-21
7.014925373e-05
2.331234276e-20
7.014925373e-05
4.722229979e-20
7.014925373e-05
1.765699465e-20
7.014925373e-05
-3.037801828e-20
7.014925373e-05
-4.420112611e-20
7.014925373e-05
-4.268342941e-20
7.014925373e-05
-2.180260025e-20
7.014925373e-05
-1.469727175e-20
7.014925373e-05
1.147561737e-20
7.014925373e-05
-1.364919012e-20
7.014925373e-05
-4.112315727e-21
7.014925373e-05
1.280133476e-20
7.014925373e-05
-2.918950844e-21
7.014925373e-05
-8.619600119e-22
7.014925373e-05
8.394089059e-21
7.014925373e-05
8.893362374e-21
7.014925373e-05
3.339939428e-20
7.014925373e-05
3.20055183e-20
7.014925373e-05
3.121544669e-20
7.014925373e-05
1.505091204e-20
7.014925373e-05
1.764512299e-20
7.014925373e-05
2.415858068e-20
7.014925373e-05
3.111088969e-20
7.014925373e-05
7.436268503e-21
7.014925373e-05
-1.300924064e-20
7.014925373e-05
-2.902268792e-21
7.014925373e-05
7.075561909e-21
7.014925373e-05
-1.608702421e-21
7.014925373e-05
2.005882537e-20
7.014925373e-05
1.785795583e-20
7.014925373e-05
4.173435879e-21
7.014925373e-05
1.008100143e-20
7.014925373e-05
-1.129616968e-20
7.014925373e-05
-3.15170652e-20
7.014925373e-05
-1.72486752e-21
7.014925373e-05
1.547933385e-20
7.014925373e-05
1.936174162e-20
7.014925373e-05
8.20071412e-21
7.014925373e-05
-5.386884811e-21
7.014925373e-05
1.410394772e-20
7.014925373e-05
2.513459837e-20
7.014925373e-05
-5.421103731e-21
7.014925373e-05
-1.477692181e-20
7.014925373e-05
-5.658765163e-21
7.014925373e-05
2.636211955e-21
7.014925373e-05
-4.431371745e-21
7.014925373e-05
-1.06314429e-23
7.014925373e-05
1.510398964e-20
7.014925373e-05
3.823938867e-21
7.014925373e-05
-2.300240405e-20
7.014925373e-05
-2.717354278e-20
7.014925373e-05
-1.516485839e-21
7.014925373e-05
3.912552119e-21
7.014925373e-05
6.169217977e-21
7.014925373e-05
-5.807193454e-21
7.014925373e-05
-4.120901238e-20
7.014925373e-05
-2.790331307e-20
7.014925373e-05
-9.322040517e-21
7.014925373e-05
-1.162577674e-20
7.014925373e-05
-4.762954643e-20
7.014925373e-05
-1.626080873e-20
7.014925373e-05
3.584089582e-20
7.014925373e-05
1.002696029e-20
7.014925373e-05
-1.581107674e-20
7.014925373e-05
3.140305112e-20
7.014925373e-05
5.417883568e-20
7.014925373e-05
1.37478438e-20
7.014925373e-05
-3.082685466e-20
7.014925373e-05
-3.390956579e-20
7.014925373e-05
-6.444657272e-21
7.014925373e-05
-4.671285968e-21
7.014925373e-05
-2.424361185e-20
7.014925373e-05
1.739656825e-21
7.014925373e-05
2.065593388e-20
7.014925373e-05
9.469433391e-22
7.014925373e-05
1.050598927e-20
7.014925373e-05
2.710409265e-20
7.014925373e-05
3.954465062e-20
7.014925373e-05
4.203054725e-20
7.014925373e-05
2.989215166e-20
7.014925373e-05
-6.849534155e-21
7.014925373e-05
2.798075521e-20
7.014925373e-05
2.653207314e-20
7.014925373e-05
1.127489324e-20
7.014925373e-05
-5.859967653e-21
7.014925373e-05
9.057455528e-21
7.014925373e-05
7.323688892e-21
7.014925373e-05
-4.160788114e-20
7.014925373e-05
-5.336376201e-20
7.014925373e-05
-6.138417766e-20
7.014925373e-05
-1.369840754e-20
7.014925373e-05
-3.613360841e-20
7.014925373e-05
8.693531553e-21
7.014925373e-05
5.967996497e-20
7.014925373e-05
5.023180515e-20
7.014925373e-05
-1.331665186e-21
7.014925373e-05
-4.400584461e-20
7.014925373e-05
-3.528819547e-20
7.014925373e-05
-5.414537948e-21
7.014925373e-05
-2.022261852e-20
7.014925373e-05
-3.348943596e-20
7.014925373e-05
-1.156975742e-20
7.014925373e-05
1.100348192e-20
7.014925373e-05
1.568781223e-20
7.014925373e-05
-2.594013905e-20
7.014925373e-05
5.930343454e-21
7.014925373e-05
4.004764885e-20
7.014925373e-05
6.986976087e-20
7.014925373e-05
7.655847884e-20
7.014925373e-05
4.047871756e-20
7.014925373e-05
5.676386613e-20
7.014925373e-05
2.205678426e-20
7.014925373e-05
-1.775010864e-20
7.014925373e-05
-5.227338145e-20
7.014925373e-05
-2.840587977e-20
7.014925373e-05
-1.4206236e-20
7.014925373e-05
-2.709495038e-20
7.014925373e-05
-2.002935099e-20
7.014925373e-05
2.394801802e-20
7.014925373e-05
1.98045363e-20
7.014925373e-05
-2.259519171e-20
7.014925373e-05
-2.889202803e-20
7.014925373e-05
-1.54854639e-21
7.014925373e-05
2.887066255e-20
7.014925373e-05
6.845500683e-21
7.014925373e-05
1.228732874e-20
7.014925373e-05
1.069032483e-21
7.014925373e-05
1.312593135e-21
7.014925373e-05
-2.386108649e-20
7.014925373e-05
-1.021546669e-20
7.014925373e-05
4.994752011e-20
7.014925373e-05
3.974556577e-20
7.014925373e-05
2.938369389e-20
7.014925373e-05
-1.455887033e-20
7.014925373e-05
-9.478351544e-21
7.014925373e-05
8.796852824e-21
7.014925373e-05
-1.028419386e-20
7.014925373e-05
-2.831940156e-20
7.014925373e-05
-2.04251026e-20
7.014925373e-05
-2.87967513e-20
7.014925373e-05
-3.033705929e-20
7.014925373e-05
1.955368651e-20
7.014925373e-05
1.088841945e-20
7.014925373e-05
2.962606305e-20
7.014925373e-05
5.141435367e-20
7.014925373e-05
6.740172966e-22
7.014925373e-05
-1.121512354e-20
7.014925373e-05
4.572076194e-21
7.014925373e-05
3.15350818e-20
7.014925373e-05
5.840066395e-21
7.014925373e-05
-6.56692968e-20
7.014925373e-05
-5.478667363e-22
7.014925373e-05
9.246026226e-21
7.014925373e-05
-7.360492809e-20
7.014925373e-05
-7.858207244e-20
7.014925373e-05
-2.137354689e-20
7.014925373e-05
8.516321326e-21
7.014925373e-05
4.578162031e-20
7.014925373e-05
-3.809697609e-21
7.014925373e-05
-7.034071134e-21
7.014925373e-05
3.795682634e-21
7.014925373e-05
-2.947354365e-21
7.014925373e-05
-2.4717338e-20
3.439659853e-21
7.313432836e-05
4.514256784e-20
7.313432836e-05
2.274939589e-20
7.313432836e-05
5.665058278e-20
7.313432836e-05
4.817238205e-20
7.313432836e-05
4.774924603e-20
7.313432836e-05
7.158900054e-20
7.313432836e-05
3.976679669e-20
7.313432836e-05
3.705498614e-20
7.313432836e-05
3.38923513e-20
7.313432836e-05
1.835140791e-20
7.313432836e-05
8.061195124e-21
7.313432836e-05
-5.180297066e-22
7.313432836e-05
1.183777524e-20
7.313432836e-05
-2.271794465e-20
7.313432836e-05
-4.987075448e-20
7.313432836e-05
-4.130030102e-20
7.313432836e-05
-4.470800379e-20
7.313432836e-05
-2.215079075e-20
7.313432836e-05
3.909638703e-21
7.313432836e-05
-7.925277153e-21
7.313432836e-05
-1.959162375e-22
7.313432836e-05
6.318407539e-21
7.313432836e-05
-5.146077437e-21
7.313432836e-05
-1.009173388e-20
7.313432836e-05
8.023834741e-21
7.313432836e-05
-8.828617023e-21
7.313432836e-05
-2.141302046e-20
7.313432836e-05
-2.076874635e-20
7.313432836e-05
-2.588754927e-20
7.313432836e-05
-1.478214085e-20
7.313432836e-05
-4.156023869e-20
7.313432836e-05
-4.452624919e-20
7.313432836e-05
-3.527276093e-20
7.313432836e-05
-2.956406038e-20
7.313432836e-05
-2.415617892e-21
7.313432836e-05
7.449733397e-21
7.313432836e-05
1.731122724e-20
7.313432836e-05
2.282944363e-20
7.313432836e-05
2.152513315e-21
7.313432836e-05
-2.254116404e-20
7.313432836e-05
-2.083276989e-20
7.313432836e-05
-4.068626904e-20
7.313432836e-05
-3.662682423e-20
7.313432836e-05
-2.216226475e-20
7.313432836e-05
-6.469322461e-21
7.313432836e-05
-1.13848367e-20
7.313432836e-05
-6.908285945e-21
7.313432836e-05
2.513841383e-20
7.313432836e-05
8.222673439e-21
7.313432836e-05
-6.516419394e-22
7.313432836e-05
6.769451064e-21
7.313432836e-05
8.613264909e-21
7.313432836e-05
2.941776546e-20
7.313432836e-05
4.779916869e-20
7.313432836e-05
3.594899694e-20
7.313432836e-05
3.555312789e-20
7.313432836e-05
2.182517337e-20
7.313432836e-05
1.259314611e-20
7.313432836e-05
2.139989718e-20
7.313432836e-05
1.318321935e-20
7.313432836e-05
3.199851941e-21
7.313432836e-05
-6.289715522e-21
7.313432836e-05
2.937680038e-22
7.313432836e-05
-3.900763213e-21
7.313432836e-05
2.666527738e-20
7.313432836e-05
1.155126334e-20
7.313432836e-05
-4.460129688e-21
7.313432836e-05
1.384420574e-20
7.313432836e-05
3.803039131e-21
7.313432836e-05
-2.082078904e-20
7.313432836e-05
-8.37352769e-22
7.313432836e-05
2.741792513e-20
7.313432836e-05
1.166361856e-20
7.313432836e-05
5.856526307e-21
7.313432836e-05
1.235593447e-20
7.313432836e-05
-8.751780203e-22
7.313432836e-05
2.426171636e-20
7.313432836e-05
-7.56488251e-22
7.313432836e-05
-7.283134803e-21
7.313432836e-05
5.73092692e-21
7.313432836e-05
-1.11431239e-20
7.313432836e-05
-4.698711573e-21
7.313432836e-05
9.247172997e-23
7.313432836e-05
1.22753425e-20
7.313432836e-05
2.308059563e-20
7.313432836e-05
-3.958729264e-20
7.313432836e-05
-4.238181195e-20
7.313432836e-05
-8.890590113e-22
7.313432836e-05
1.252937006e-21
7.313432836e-05
5.441425752e-23
7.313432836e-05
5.941795858e-21
7.313432836e-05
-1.740560045e-20
7.313432836e-05
-1.433147696e-20
7.313432836e-05
-7.088117846e-21
7.313432836e-05
-1.335065273e-20
7.313432836e-05
-5.04485358e-20
7.313432836e-05
-2.633065369e-20
7.313432836e-05
1.263037889e-20
7.313432836e-05
8.90726742e-21
7.313432836e-05
-1.589347012e-20
7.313432836e-05
1.451070742e-20
7.313432836e-05
3.027703449e-20
7.313432836e-05
1.737410465e-20
7.313432836e-05
-2.27729312e-20
7.313432836e-05
-4.006191693e-20
7.313432836e-05
-2.299161974e-20
7.313432836e-05
3.364336058e-22
7.313432836e-05
-7.28330025e-21
7.313432836e-05
-3.162445321e-21
7.313432836e-05
5.113911143e-21
7.313432836e-05
1.102045255e-20
7.313432836e-05
2.293523685e-20
7.313432836e-05
2.972357504e-20
7.313432836e-05
3.372398405e-20
7.313432836e-05
5.491621191e-20
7.313432836e-05
3.471061299e-20
7.313432836e-05
-1.738551066e-22
7.313432836e-05
9.282221745e-21
7.313432836e-05
2.819783892e-20
7.313432836e-05
1.632384091e-20
7.313432836e-05
1.397934602e-20
7.313432836e-05
1.317494337e-20
7.313432836e-05
-4.263470684e-21
7.313432836e-05
-3.10268047e-20
7.313432836e-05
-5.147572226e-20
7.313432836e-05
-7.023962393e-20
7.313432836e-05
-1.738472485e-21
7.313432836e-05
-1.822267928e-20
7.313432836e-05
1.52064857e-22
7.313432836e-05
3.548800298e-20
7.313432836e-05
3.866238863e-20
7.313432836e-05
1.957592225e-20
7.313432836e-05
-3.964524071e-20
7.313432836e-05
-4.146147591e-20
7.313432836e-05
-2.737871646e-20
7.313432836e-05
-2.359907108e-20
7.313432836e-05
-2.671608048e-20
7.313432836e-05
-9.930197084e-21
7.313432836e-05
2.231464724e-20
7.313432836e-05
1.616894154e-20
7.313432836e-05
-2.293827859e-20
7.313432836e-05
2.154992603e-20
7.313432836e-05
5.563193495e-20
7.313432836e-05
6.048632845e-20
7.313432836e-05
5.457388376e-20
7.313432836e-05
4.532065008e-20
7.313432836e-05
5.929332906e-20
7.313432836e-05
2.934163874e-20
7.313432836e-05
-1.212051131e-20
7.313432836e-05
-3.556965595e-20
7.313432836e-05
-3.253944451e-20
7.313432836e-05
-2.900867989e-20
7.313432836e-05
-5.198935839e-20
7.313432836e-05
-1.203088456e-20
7.313432836e-05
2.289394537e-20
7.313432836e-05
1.079883001e-20
7.313432836e-05
4.383889742e-22
7.313432836e-05
-1.228842764e-20
7.313432836e-05
-2.245827559e-20
7.313432836e-05
1.640894704e-21
7.313432836e-05
2.727271875e-20
7.313432836e-05
1.687831073e-20
7.313432836e-05
-4.460177078e-21
7.313432836e-05
1.14858161e-21
7.313432836e-05
-1.747704068e-20
7.313432836e-05
6.692913615e-21
7.313432836e-05
4.314480579e-20
7.313432836e-05
4.262592196e-20
7.313432836e-05
4.84541453e-20
7.313432836e-05
-3.520482588e-20
7.313432836e-05
6.276427851e-22
7.313432836e-05
2.961007976e-21
7.313432836e-05
-2.840358736e-20
7.313432836e-05
-3.981431357e-20
7.313432836e-05
-1.039564161e-20
7.313432836e-05
-1.953073654e-20
7.313432836e-05
-4.999727363e-20
7.313432836e-05
6.453133791e-21
7.313432836e-05
2.35285815e-20
7.313432836e-05
2.809813546e-20
7.313432836e-05
4.660584032e-20
7.313432836e-05
1.785865994e-20
7.313432836e-05
9.860438745e-21
7.313432836e-05
1.205716645e-20
7.313432836e-05
2.272967584e-20
7.313432836e-05
1.436499716e-21
7.313432836e-05
-4.575508185e-20
7.313432836e-05
-1.575426197e-20
7.313432836e-05
-2.883733215e-21
7.313432836e-05
-5.430620765e-20
7.313432836e-05
-6.801762032e-20
7.313432836e-05
-1.675745015e-20
7.313432836e-05
4.698211912e-21
7.313432836e-05
2.961018438e-20
7.313432836e-05
2.136325242e-20
7.313432836e-05
-1.692193017e-20
7.313432836e-05
-1.474266895e-20
7.313432836e-05
5.777974105e-22
7.313432836e-05
-2.251003187e-20
3.0632651e-21
7.462686567e-05
1.762250895e-20
7.462686567e-05
3.026531804e-20
7.462686567e-05
5.246227809e-20
7.462686567e-05
4.531816929e-20
7.462686567e-05
5.704480249e-20
7.462686567e-05
5.797546889e-20
7.462686567e-05
3.441827081e-20
7.462686567e-05
1.081479905e-20
7.462686567e-05
3.868289609e-20
7.462686567e-05
1.632087143e-20
7.462686567e-05
2.765395599e-20
7.462686567e-05
1.663840974e-20
7.462686567e-05
-3.32196338e-21
7.462686567e-05
-2.460471829e-20
7.462686567e-05
-3.604234798e-20
7.462686567e-05
-4.920722399e-20
7.462686567e-05
-3.243266622e-20
7.462686567e-05
-1.960350485e-20
7.462686567e-05
-5.265988472e-21
7.462686567e-05
-3.21637466e-21
7.462686567e-05
5.319011849e-21
7.462686567e-05
5.370246072e-21
7.462686567e-05
-1.124714479e-20
7.462686567e-05
-1.154325396e-20
7.462686567e-05
-6.474984367e-22
7.462686567e-05
-1.452049316e-20
7.462686567e-05
-2.328521029e-20
7.462686567e-05
-2.253895099e-20
7.462686567e-05
-2.117949774e-21
7.462686567e-05
-2.017726158e-20
7.462686567e-05
-5.67455172e-20
7.462686567e-05
-5.460797361e-20
7.462686567e-05
-3.958286817e-20
7.462686567e-05
-2.148410178e-20
7.462686567e-05
-9.683038651e-21
7.462686567e-05
1.301744216e-20
7.462686567e-05
8.330725037e-21
7.462686567e-05
1.390709723e-21
7.462686567e-05
2.977149694e-21
7.462686567e-05
-1.109678197e-20
7.462686567e-05
-3.157592734e-20
7.462686567e-05
-2.375435924e-20
7.462686567e-05
-3.237804821e-20
7.462686567e-05
-4.339812689e-20
7.462686567e-05
-1.786351392e-20
7.462686567e-05
-1.366361439e-20
7.462686567e-05
-4.198965046e-21
7.462686567e-05
2.183000134e-20
7.462686567e-05
2.650561826e-20
7.462686567e-05
-1.255026396e-20
7.462686567e-05
4.490287297e-21
7.462686567e-05
1.8601118e-20
7.462686567e-05
4.746925023e-20
7.462686567e-05
3.816663555e-20
7.462686567e-05
4.178273726e-20
7.462686567e-05
3.970591485e-20
7.462686567e-05
3.693191238e-20
7.462686567e-05
-2.925574114e-21
7.462686567e-05
8.491723839e-21
7.462686567e-05
1.996521813e-20
7.462686567e-05
4.221793617e-21
7.462686567e-05
-1.907858995e-21
7.462686567e-05
-5.108882714e-21
7.462686567e-05
9.310466613e-21
7.462686567e-05
1.821057746e-20
7.462686567e-05
8.78407451e-21
7.462686567e-05
7.726785261e-21
7.462686567e-05
5.262731715e-21
7.462686567e-05
9.679524817e-21
7.462686567e-05
-1.154556645e-20
7.462686567e-05
8.316615942e-21
7.462686567e-05
3.246668526e-20
7.462686567e-05
6.497971358e-21
7.462686567e-05
2.523924803e-20
7.462686567e-05
1.879057969e-20
7.462686567e-05
-3.417909278e-21
7.462686567e-05
1.384057837e-21
7.462686567e-05
-3.605480048e-22
7.462686567e-05
-4.445569397e-21
7.462686567e-05
-5.080432545e-21
7.462686567e-05
-1.926218206e-20
7.462686567e-05
-3.841329673e-21
7.462686567e-05
4.281138642e-21
7.462686567e-05
3.954535215e-21
7.462686567e-05
-7.450035036e-21
7.462686567e-05
-4.470730715e-20
7.462686567e-05
-3.993456545e-20
7.462686567e-05
-2.00048815e-20
7.462686567e-05
-9.748996617e-21
7.462686567e-05
1.058752614e-20
7.462686567e-05
1.317313089e-20
7.462686567e-05
-3.450781116e-21
7.462686567e-05
-1.682706972e-20
7.462686567e-05
-4.248247259e-21
7.462686567e-05
-1.554664985e-20
7.462686567e-05
-4.126883224e-20
7.462686567e-05
-2.326532427e-20
7.462686567e-05
-6.255820851e-22
7.462686567e-05
-6.780618899e-21
7.462686567e-05
3.199096316e-21
7.462686567e-05
5.027144973e-21
7.462686567e-05
1.329762629e-20
7.462686567e-05
8.250923541e-21
7.462686567e-05
-7.609068286e-21
7.462686567e-05
-3.360536851e-20
7.462686567e-05
-2.969018552e-20
7.462686567e-05
5.134174345e-21
7.462686567e-05
-4.882325143e-21
7.462686567e-05
-3.199439357e-21
7.462686567e-05
5.220104525e-21
7.462686567e-05
1.092169617e-20
7.462686567e-05
1.972751414e-20
7.462686567e-05
3.824129117e-20
7.462686567e-05
3.386780134e-20
7.462686567e-05
4.516036378e-20
7.462686567e-05
4.877070306e-20
7.462686567e-05
9.278840297e-21
7.462686567e-05
-3.830940908e-21
7.462686567e-05
1.151684774e-20
7.462686567e-05
2.540603602e-20
7.462686567e-05
2.231008353e-20
7.462686567e-05
1.445395837e-20
7.462686567e-05
-6.660289873e-21
7.462686567e-05
-3.454935572e-20
7.462686567e-05
-5.092669807e-20
7.462686567e-05
-5.494840208e-20
7.462686567e-05
-1.74567665e-20
7.462686567e-05
-8.225970861e-21
7.462686567e-05
1.350742221e-21
7.462686567e-05
1.176821526e-20
7.462686567e-05
3.861732821e-20
7.462686567e-05
1.165193532e-20
7.462686567e-05
-2.950600878e-20
7.462686567e-05
-3.558676224e-20
7.462686567e-05
-4.256959398e-20
7.462686567e-05
-3.420107702e-20
7.462686567e-05
-1.955173592e-20
7.462686567e-05
-1.956622033e-20
7.462686567e-05
1.894429176e-20
7.462686567e-05
1.992988911e-20
7.462686567e-05
-1.174590162e-20
7.462686567e-05
3.562757597e-20
7.462686567e-05
5.957290068e-20
7.462686567e-05
4.90774508e-20
7.462686567e-05
4.044574865e-20
7.462686567e-05
4.817440458e-20
7.462686567e-05
4.913023987e-20
7.462686567e-05
5.054131177e-20
7.462686567e-05
8.637474361e-21
7.462686567e-05
-1.141819272e-20
7.462686567e-05
-1.995478925e-20
7.462686567e-05
-5.935572134e-20
7.462686567e-05
-7.117454669e-20
7.462686567e-05
-1.159378918e-20
7.462686567e-05
9.050508387e-21
7.462686567e-05
-1.72645088e-21
7.462686567e-05
1.425126915e-20
7.462686567e-05
9.448499589e-21
7.462686567e-05
-1.935084809e-20
7.462686567e-05
-2.023479948e-20
7.462686567e-05
9.296896832e-21
7.462686567e-05
2.312253516e-20
7.462686567e-05
-3.92380621e-21
7.462686567e-05
6.174142883e-21
7.462686567e-05
-6.612383806e-21
7.462686567e-05
2.611101731e-20
7.462686567e-05
4.348740703e-20
7.462686567e-05
5.263297227e-20
7.462686567e-05
4.31159402e-20
7.462686567e-05
-3.038086858e-20
7.462686567e-05
-2.13507692e-20
7.462686567e-05
-2.681637903e-20
7.462686567e-05
-4.246269716e-20
7.462686567e-05
-2.494065847e-20
7.462686567e-05
-1.381270713e-20
7.462686567e-05
-2.563598321e-20
7.462686567e-05
-4.990393563e-20
7.462686567e-05
5.434794995e-21
7.462686567e-05
2.726886097e-20
7.462686567e-05
2.136255532e-20
7.462686567e-05
3.372920488e-20
7.462686567e-05
3.820672065e-20
7.462686567e-05
3.466304543e-20
7.462686567e-05
2.775963502e-20
7.462686567e-05
3.421772037e-21
7.462686567e-05
-1.399684743e-20
7.462686567e-05
-5.727436141e-21
7.462686567e-05
-2.456956009e-20
7.462686567e-05
-3.151878583e-20
7.462686567e-05
-5.606198073e-20
7.462686567e-05
-3.815009291e-20
7.462686567e-05
2.028252381e-21
7.462686567e-05
6.099147192e-21
7.462686567e-05
1.573430248e-20
7.462686567e-05
2.023421186e-20
7.462686567e-05
-3.135163435e-21
7.462686567e-05
-2.826103584e-20
7.462686567e-05
-7.620018467e-21
7.462686567e-05
-1.884089869e-20
1.836158508e-21
7.462686567e-05
1.156509807e-21
7.462686567e-05
3.604127886e-20
7.462686567e-05
4.91837509e-20
7.462686567e-05
4.078523482e-20
7.462686567e-05
4.215491526e-20
7.462686567e-05
4.957516923e-20
7.462686567e-05
4.469381842e-20
7.462686567e-05
3.772908535e-21
7.462686567e-05
-3.813193195e-21
7.462686567e-05
1.732166015e-20
7.462686567e-05
2.595298915e-20
7.462686567e-05
1.998894344e-20
7.462686567e-05
1.187581943e-20
7.462686567e-05
-1.125817044e-20
7.462686567e-05
-2.173846077e-20
7.462686567e-05
-3.690045907e-20
7.462686567e-05
-3.076560802e-20
7.462686567e-05
-1.932225697e-20
7.462686567e-05
-1.20159772e-20
7.462686567e-05
-1.207597775e-20
7.462686567e-05
4.034306391e-21
7.462686567e-05
4.685280975e-21
7.462686567e-05
-5.032341776e-21
7.462686567e-05
-7.456749322e-21
7.462686567e-05
-4.713347646e-21
7.462686567e-05
-1.457653653e-20
7.462686567e-05
-3.646448414e-20
7.462686567e-05
-1.846141864e-20
7.462686567e-05
3.818229755e-21
7.462686567e-05
-1.747498113e-20
7.462686567e-05
-4.915194033e-20
7.462686567e-05
-6.419848456e-20
7.462686567e-05
-3.227698106e-20
7.462686567e-05
-1.807044567e-20
7.462686567e-05
-3.173974049e-21
7.462686567e-05
7.951352992e-21
7.462686567e-05
5.437822276e-21
7.462686567e-05
6.328760861e-22
7.462686567e-05
-1.766224097e-21
7.462686567e-05
-1.94611154e-20
7.462686567e-05
-2.230765811e-20
7.462686567e-05
9.768603446e-21
7.462686567e-05
-3.294765076e-20
7.462686567e-05
-6.200385207e-20
7.462686567e-05
-3.532188831e-20
7.462686567e-05
-7.251082135e-21
7.462686567e-05
2.776576099e-21
7.462686567e-05
3.745604757e-20
7.462686567e-05
2.395394857e-20
7.462686567e-05
4.408931539e-21
7.462686567e-05
-3.157572086e-21
7.462686567e-05
2.727791043e-20
7.462686567e-05
3.272753146e-20
7.462686567e-05
3.674671247e-20
7.462686567e-05
4.921668811e-20
7.462686567e-05
5.327770652e-20
7.462686567e-05
3.90122291e-20
7.462686567e-05
-6.581505126e-21
7.462686567e-05
3.918413576e-21
7.462686567e-05
1.20805952e-20
7.462686567e-05
-3.994087865e-21
7.462686567e-05
-5.824576977e-22
7.462686567e-05
1.991551311e-20
7.462686567e-05
1.496422114e-20
7.462686567e-05
2.261586416e-20
7.462686567e-05
1.153634186e-20
7.462686567e-05
-2.196133003e-20
7.462686567e-05
2.377483459e-21
7.462686567e-05
5.690224516e-22
7.462686567e-05
-6.644722463e-21
7.462686567e-05
2.801973251e-20
7.462686567e-05
3.161000036e-20
7.462686567e-05
-7.821539369e-21
7.462686567e-05
7.03983611e-21
7.462686567e-05
1.964497517e-20
7.462686567e-05
-7.671880561e-21
7.462686567e-05
-2.239287676e-20
7.462686567e-05
1.52075483e-20
7.462686567e-05
1.31826772e-20
7.462686567e-05
-1.342780297e-20
7.462686567e-05
-2.287799596e-20
7.462686567e-05
3.561805294e-21
7.462686567e-05
-1.217455967e-21
7.462686567e-05
-9.312125838e-22
7.462686567e-05
-3.510679515e-21
7.462686567e-05
-4.548532899e-20
7.462686567e-05
-3.947162768e-20
7.462686567e-05
-3.561279006e-20
7.462686567e-05
5.063759274e-21
7.462686567e-05
3.317120619e-21
7.462686567e-05
-9.695347243e-22
7.462686567e-05
5.148114369e-22
7.462686567e-05
-6.114799206e-21
7.462686567e-05
2.118671838e-21
7.462686567e-05
-1.817174211e-20
7.462686567e-05
-2.413662587e-20
7.462686567e-05
-1.938997431e-20
7.462686567e-05
-1.970094402e-20
7.462686567e-05
-1.034638936e-20
7.462686567e-05
4.899134863e-21
7.462686567e-05
-1.641578021e-20
7.462686567e-05
-9.766925119e-21
7.462686567e-05
1.502184603e-20
7.462686567e-05
-1.011456917e-21
7.462686567e-05
-2.482187471e-20
7.462686567e-05
-2.746430516e-20
7.462686567e-05
1.3417835e-22
7.462686567e-05
1.864444514e-20
7.462686567e-05
-2.614846045e-20
7.462686567e-05
-4.957912351e-21
7.462686567e-05
2.208457925e-20
7.462686567e-05
3.353416576e-20
7.462686567e-05
3.845173746e-20
7.462686567e-05
7.57640177e-21
7.462686567e-05
2.022973948e-20
7.462686567e-05
5.612201145e-20
7.462686567e-05
1.945033291e-20
7.462686567e-05
-4.687219764e-21
7.462686567e-05
3.385764698e-20
7.462686567e-05
3.173095426e-20
7.462686567e-05
1.291117855e-20
7.462686567e-05
1.785805285e-20
7.462686567e-05
-9.739043026e-21
7.462686567e-05
-2.878745186e-20
7.462686567e-05
-4.596429653e-20
7.462686567e-05
-4.476346841e-20
7.462686567e-05
-1.862330835e-20
7.462686567e-05
-1.789851857e-20
7.462686567e-05
-2.853211255e-21
7.462686567e-05
-1.352502252e-21
7.462686567e-05
4.785819285e-21
7.462686567e-05
2.859795699e-20
7.462686567e-05
-1.66884425e-20
7.462686567e-05
-4.677583481e-20
7.462686567e-05
-4.548356176e-20
7.462686567e-05
-3.503076008e-20
7.462686567e-05
-1.15609003e-20
7.462686567e-05
-1.844737337e-21
7.462686567e-05
6.103109285e-21
7.462686567e-05
-4.817188784e-23
7.462686567e-05
-3.035544077e-21
7.462686567e-05
5.5931706e-20
7.462686567e-05
9.32649518e-20
7.462686567e-05
3.544061127e-20
7.462686567e-05
2.729230638e-20
7.462686567e-05
3.685866046e-20
7.462686567e-05
3.967614718e-20
7.462686567e-05
3.357236173e-20
7.462686567e-05
4.096880017e-20
7.462686567e-05
5.398813051e-21
7.462686567e-05
-1.607931417e-20
7.462686567e-05
-7.634055292e-20
7.462686567e-05
-6.7916557e-20
7.462686567e-05
6.529967641e-21
7.462686567e-05
1.079766341e-21
7.462686567e-05
-5.249506205e-21
7.462686567e-05
1.532412198e-20
7.462686567e-05
1.678023798e-20
7.462686567e-05
-1.643545719e-20
7.462686567e-05
-4.160385452e-20
7.462686567e-05
5.816689858e-21
7.462686567e-05
1.526261136e-20
7.462686567e-05
-9.035699135e-21
7.462686567e-05
6.804706871e-21
7.462686567e-05
1.215697158e-20
7.462686567e-05
2.811091799e-20
7.462686567e-05
3.393444069e-20
7.462686567e-05
5.983390912e-20
7.462686567e-05
3.220930522e-20
7.462686567e-05
-1.381386265e-20
7.462686567e-05
-9.13599874e-21
7.462686567e-05
-4.836573023e-20
7.462686567e-05
-5.161285438e-20
7.462686567e-05
-2.213304008e-20
7.462686567e-05
-2.994003022e-20
7.462686567e-05
-1.984539093e-20
7.462686567e-05
-4.440090259e-20
7.462686567e-05
-3.48974965e-21
7.462686567e-05
4.126964286e-20
7.462686567e-05
9.713015118e-21
7.462686567e-05
2.239399497e-20
7.462686567e-05
5.337804008e-20
7.462686567e-05
5.880910409e-20
7.462686567e-05
3.802506752e-20
7.462686567e-05
-1.706249357e-20
7.462686567e-05
-1.308043762e-20
7.462686567e-05
1.396328495e-20
7.462686567e-05
-9.965984249e-21
7.462686567e-05
-4.98767753e-20
7.462686567e-05
-5.294351673e-20
7.462686567e-05
-1.609052394e-20
7.462686567e-05
-3.765220387e-21
7.462686567e-05
8.554941474e-21
7.462686567e-05
1.003759677e-20
7.462686567e-05
3.104954447e-20
7.462686567e-05
-1.972816554e-20
7.462686567e-05
-3.097763045e-20
7.462686567e-05
-8.067137627e-21
7.462686567e-05
5.142810431e-21
1.55268532e-20
7.313432836e-05
1.796824646e-20
7.313432836e-05
1.818887333e-20
7.313432836e-05
2.323501638e-20
7.313432836e-05
1.892165444e-20
7.313432836e-05
3.440931392e-20
7.313432836e-05
3.807100615e-20
7.313432836e-05
4.045725596e-20
7.313432836e-05
1.488776924e-20
7.313432836e-05
1.453490781e-21
7.313432836e-05
1.009367659e-20
7.313432836e-05
2.416717509e-20
7.313432836e-05
1.881118036e-20
7.313432836e-05
-2.586102643e-21
7.313432836e-05
-5.308867341e-21
7.313432836e-05
2.407653559e-21
7.313432836e-05
-3.285842901e-20
7.313432836e-05
-2.094229357e-20
7.313432836e-05
-1.570555252e-20
7.313432836e-05
-3.478318741e-20
7.313432836e-05
2.585060229e-21
7.313432836e-05
-7.910698539e-21
7.313432836e-05
-4.807201636e-21
7.313432836e-05
9.789451201e-21
7.313432836e-05
-6.477795071e-21
7.313432836e-05
4.530404491e-21
7.313432836e-05
-1.975309896e-20
7.313432836e-05
-4.759127209e-20
7.313432836e-05
-1.600820023e-20
7.313432836e-05
6.046158596e-21
7.313432836e-05
-2.301067291e-20
7.313432836e-05
-3.370434768e-20
7.313432836e-05
-4.176871531e-20
7.313432836e-05
-2.756573613e-20
7.313432836e-05
-1.019261155e-20
7.313432836e-05
1.573849438e-20
7.313432836e-05
9.22068813e-21
7.313432836e-05
1.818900023e-21
7.313432836e-05
1.668938999e-22
7.313432836e-05
-1.826952379e-20
7.313432836e-05
-3.14064232e-20
7.313432836e-05
-3.975211108e-21
7.313432836e-05
2.397794661e-20
7.313432836e-05
-3.5623449e-20
7.313432836e-05
-6.376381087e-20
7.313432836e-05
-4.364478164e-20
7.313432836e-05
-2.21175646e-20
7.313432836e-05
4.830337779e-21
7.313432836e-05
4.294741149e-20
7.313432836e-05
3.97458665e-20
7.313432836e-05
8.738229853e-21
7.313432836e-05
-6.424868605e-21
7.313432836e-05
1.635272277e-20
7.313432836e-05
3.468503624e-20
7.313432836e-05
2.630529897e-20
7.313432836e-05
2.403791915e-20
7.313432836e-05
5.508869717e-20
7.313432836e-05
4.585733299e-20
7.313432836e-05
6.369466195e-21
7.313432836e-05
-2.270353401e-21
7.313432836e-05
1.79575507e-20
7.313432836e-05
2.758757068e-21
7.313432836e-05
-9.366671361e-21
7.313432836e-05
4.071258877e-21
7.313432836e-05
3.224909877e-20
7.313432836e-05
1.911101965e-20
7.313432836e-05
5.543694117e-21
7.313432836e-05
-3.319425224e-21
7.313432836e-05
-1.199512759e-20
7.313432836e-05
-1.185964876e-20
7.313432836e-05
-5.52819077e-21
7.313432836e-05
4.181950851e-20
7.313432836e-05
2.282566867e-20
7.313432836e-05
3.588116201e-23
7.313432836e-05
2.231829078e-20
7.313432836e-05
1.588596644e-20
7.313432836e-05
-1.256981148e-20
7.313432836e-05
-2.853300098e-20
7.313432836e-05
1.087502822e-20
7.313432836e-05
2.484030459e-20
7.313432836e-05
-1.53204048e-20
7.313432836e-05
-9.436961026e-21
7.313432836e-05
-1.61370302e-20
7.313432836e-05
-2.573035964e-20
7.313432836e-05
8.807904951e-21
7.313432836e-05
1.164133111e-20
7.313432836e-05
-2.54841757e-20
7.313432836e-05
-4.708603833e-20
7.313432836e-05
-4.163281472e-20
7.313432836e-05
8.922625295e-21
7.313432836e-05
1.78278425e-20
7.313432836e-05
-3.996106801e-21
7.313432836e-05
-9.041700046e-21
7.313432836e-05
4.937271865e-21
7.313432836e-05
9.972185448e-21
7.313432836e-05
-8.158444147e-21
7.313432836e-05
-2.256032037e-21
7.313432836e-05
-2.46406897e-20
7.313432836e-05
-3.665086609e-20
7.313432836e-05
-7.596929738e-21
7.313432836e-05
2.146582316e-21
7.313432836e-05
-1.951629415e-20
7.313432836e-05
-3.954846701e-20
7.313432836e-05
1.731984699e-20
7.313432836e-05
2.078321613e-20
7.313432836e-05
-1.843801469e-20
7.313432836e-05
-3.446503194e-20
7.313432836e-05
8.866580761e-21
7.313432836e-05
3.397402613e-20
7.313432836e-05
-1.977058021e-20
7.313432836e-05
-2.126848798e-20
7.313432836e-05
1.258527776e-20
7.313432836e-05
5.509480834e-20
7.313432836e-05
4.473865548e-20
7.313432836e-05
1.038500697e-20
7.313432836e-05
6.997440786e-21
7.313432836e-05
3.176126347e-20
7.313432836e-05
1.886527802e-20
7.313432836e-05
5.214470606e-21
7.313432836e-05
2.07838508e-20
7.313432836e-05
3.792123246e-20
7.313432836e-05
2.314871096e-20
7.313432836e-05
-1.337425967e-20
7.313432836e-05
-2.168263274e-20
7.313432836e-05
-1.687897065e-20
7.313432836e-05
-2.960903131e-20
7.313432836e-05
-2.362437488e-20
7.313432836e-05
-1.757346944e-20
7.313432836e-05
-3.536136596e-20
7.313432836e-05
-2.200328015e-20
7.313432836e-05
2.69424946e-21
7.313432836e-05
6.728941477e-21
7.313432836e-05
1.5685621e-20
7.313432836e-05
-1.268466551e-20
7.313432836e-05
-1.276021951e-20
7.313432836e-05
-7.259519947e-20
7.313432836e-05
-2.671897408e-20
7.313432836e-05
2.556368972e-21
7.313432836e-05
2.851257014e-22
7.313432836e-05
-2.158499311e-20
7.313432836e-05
-3.178075897e-20
7.313432836e-05
8.730135579e-21
7.313432836e-05
8.49934068e-20
7.313432836e-05
8.821891767e-20
7.313432836e-05
2.058790856e-20
7.313432836e-05
6.377583857e-21
7.313432836e-05
6.182474171e-20
7.313432836e-05
3.37864724e-20
7.313432836e-05
2.245699139e-20
7.313432836e-05
5.604243774e-20
7.313432836e-05
2.77793172e-20
7.313432836e-05
8.673133915e-21
7.313432836e-05
-9.091499199e-20
7.313432836e-05
-7.119499776e-20
7.313432836e-05
2.498977726e-20
7.313432836e-05
-1.5253097e-20
7.313432836e-05
-2.250182248e-20
7.313432836e-05
2.10130519e-20
7.313432836e-05
2.028547108e-21
7.313432836e-05
-1.823201646e-20
7.313432836e-05
-3.207477334e-20
7.313432836e-05
-2.37848322e-21
7.313432836e-05
8.052899648e-21
7.313432836e-05
2.347887713e-20
7.313432836e-05
4.724840344e-21
7.313432836e-05
4.442935752e-21
7.313432836e-05
1.811560417e-20
7.313432836e-05
4.378873028e-20
7.313432836e-05
6.41644182e-20
7.313432836e-05
1.541823251e-20
7.313432836e-05
-1.949409686e-20
7.313432836e-05
1.995478948e-20
7.313432836e-05
-7.42066386e-20
7.313432836e-05
-7.372082951e-20
7.313432836e-05
-1.287809099e-20
7.313432836e-05
-2.481633274e-20
7.313432836e-05
2.353107044e-21
7.313432836e-05
-7.460895161e-20
7.313432836e-05
-1.863094308e-20
7.313432836e-05
7.542830791e-20
7.313432836e-05
-2.23343551e-20
7.313432836e-05
1.218150736e-20
7.313432836e-05
7.723901821e-20
7.313432836e-05
6.028252135e-20
7.313432836e-05
4.401202198e-20
7.313432836e-05
-5.328529895e-20
7.313432836e-05
-1.559227681e-20
7.313432836e-05
5.107351541e-20
7.313432836e-05
-7.919257674e-21
7.313432836e-05
-7.406916326e-20
7.313432836e-05
-6.040911677e-20
7.313432836e-05
1.012036885e-20
7.313432836e-05
3.352270639e-20
7.313432836e-05
2.243295579e-20
7.313432836e-05
-1.478102297e-20
7.313432836e-05
-1.947638499e-21
7.313432836e-05
-4.14541726e-21
7.313432836e-05
-1.199190769e-20
7.313432836e-05
-6.677094138e-21
7.313432836e-05
3.449686582e-21
7.249407518e-21
7.014925373e-05
-1.326488571e-20
7.014925373e-05
5.671813143e-21
7.014925373e-05
6.215137946e-21
7.014925373e-05
-4.557641853e-21
7.014925373e-05
2.88542785e-20
7.014925373e-05
3.608649477e-20
7.014925373e-05
3.313765126e-20
7.014925373e-05
1.811289042e-21
7.014925373e-05
-9.985381547e-22
7.014925373e-05
2.070541e-20
7.014925373e-05
2.286717761e-20
7.014925373e-05
2.6193545e-20
7.014925373e-05
3.805569986e-22
7.014925373e-05
-1.532077635e-21
7.014925373e-05
9.949200697e-21
7.014925373e-05
-2.229229233e-20
7.014925373e-05
-2.505422224e-20
7.014925373e-05
-1.937923449e-20
7.014925373e-05
-2.590783271e-20
7.014925373e-05
-1.679908173e-20
7.014925373e-05
4.849068716e-21
7.014925373e-05
1.231302812e-20
7.014925373e-05
1.380101596e-20
7.014925373e-05
8.535922297e-22
7.014925373e-05
-1.865038537e-20
7.014925373e-05
-9.787224246e-21
7.014925373e-05
-3.12829165e-20
7.014925373e-05
-2.9443876e-20
7.014925373e-05
3.8040359e-21
7.014925373e-05
2.110425135e-22
7.014925373e-05
-3.963684663e-20
7.014925373e-05
-4.091703964e-20
7.014925373e-05
-1.821964734e-20
7.014925373e-05
-4.518793773e-21
7.014925373e-05
1.872593815e-20
7.014925373e-05
7.940505607e-21
7.014925373e-05
1.284142847e-20
7.014925373e-05
-1.631195164e-20
7.014925373e-05
-1.267257878e-20
7.014925373e-05
-1.892399487e-20
7.014925373e-05
-2.085582094e-20
7.014925373e-05
2.538793869e-20
7.014925373e-05
-1.789036093e-20
7.014925373e-05
-6.430738658e-20
7.014925373e-05
-4.14059218e-20
7.014925373e-05
-1.642007992e-20
7.014925373e-05
9.458209994e-21
7.014925373e-05
2.963659085e-20
7.014925373e-05
3.979657364e-20
7.014925373e-05
8.401484276e-21
7.014925373e-05
1.333648412e-20
7.014925373e-05
1.390475419e-20
7.014925373e-05
1.357840678e-20
7.014925373e-05
2.308060925e-20
7.014925373e-05
1.186384355e-20
7.014925373e-05
6.348366835e-20
7.014925373e-05
5.212810227e-20
7.014925373e-05
9.243148536e-21
7.014925373e-05
-6.01772694e-21
7.014925373e-05
1.895858172e-20
7.014925373e-05
9.857175425e-21
7.014925373e-05
-1.21404337e-20
7.014925373e-05
8.381979959e-21
7.014925373e-05
1.747889411e-20
7.014925373e-05
1.674471379e-20
7.014925373e-05
1.966870086e-20
7.014925373e-05
-1.988750912e-20
7.014925373e-05
-1.706965694e-20
7.014925373e-05
-1.237889724e-20
7.014925373e-05
-2.271576833e-22
7.014925373e-05
5.166395829e-20
7.014925373e-05
6.701008895e-21
7.014925373e-05
1.890522147e-21
7.014925373e-05
3.083257216e-20
7.014925373e-05
3.463439007e-20
7.014925373e-05
-1.872467989e-20
7.014925373e-05
-5.126321153e-20
7.014925373e-05
6.097303854e-21
7.014925373e-05
2.279678201e-20
7.014925373e-05
-1.095317741e-20
7.014925373e-05
-2.042935564e-20
7.014925373e-05
-1.571918449e-20
7.014925373e-05
-2.649372053e-20
7.014925373e-05
8.689226093e-21
7.014925373e-05
2.281922211e-20
7.014925373e-05
3.251794175e-21
7.014925373e-05
-4.480837533e-20
7.014925373e-05
-3.797395912e-20
7.014925373e-05
2.553696269e-21
7.014925373e-05
2.659933538e-20
7.014925373e-05
-2.659514062e-20
7.014925373e-05
-1.337675185e-20
7.014925373e-05
2.575392466e-20
7.014925373e-05
1.864571705e-20
7.014925373e-05
-1.666408523e-20
7.014925373e-05
2.350980791e-20
7.014925373e-05
-1.396234949e-20
7.014925373e-05
-6.066203519e-20
7.014925373e-05
-1.470954081e-20
7.014925373e-05
5.020389876e-21
7.014925373e-05
-2.605025378e-20
7.014925373e-05
-4.504507482e-20
7.014925373e-05
1.627580951e-21
7.014925373e-05
3.853038202e-20
7.014925373e-05
-2.233164305e-20
7.014925373e-05
-5.018147006e-20
7.014925373e-05
2.613888748e-20
7.014925373e-05
5.269977944e-20
7.014925373e-05
-3.535503418e-20
7.014925373e-05
-3.529880636e-20
7.014925373e-05
2.913432994e-21
7.014925373e-05
7.831241608e-20
7.014925373e-05
4.473356814e-20
7.014925373e-05
-1.31343668e-21
7.014925373e-05
-5.064048502e-21
7.014925373e-05
4.92005589e-21
7.014925373e-05
4.93503597e-20
7.014925373e-05
1.212561262e-20
7.014925373e-05
2.02437259e-20
7.014925373e-05
2.778349346e-20
7.014925373e-05
1.895344044e-20
7.014925373e-05
-3.176282962e-20
7.014925373e-05
-4.007044138e-20
7.014925373e-05
-6.692241294e-22
7.014925373e-05
4.391487505e-21
7.014925373e-05
-1.328454652e-20
7.014925373e-05
-2.247402908e-20
7.014925373e-05
-5.306104888e-20
7.014925373e-05
-2.0873627e-20
7.014925373e-05
-1.251149692e-20
7.014925373e-05
-1.267665411e-20
7.014925373e-05
1.233139916e-20
7.014925373e-05
-6.204745135e-22
7.014925373e-05
6.132538098e-21
7.014925373e-05
-7.149339462e-20
7.014925373e-05
-1.52116728e-20
7.014925373e-05
2.563476556e-20
7.014925373e-05
-8.163892486e-21
7.014925373e-05
-4.290308196e-20
7.014925373e-05
-7.198012861e-20
7.014925373e-05
1.977962572e-20
7.014925373e-05
9.355311444e-20
7.014925373e-05
8.181916956e-20
7.014925373e-05
-1.267254964e-20
7.014925373e-05
-1.447388365e-20
7.014925373e-05
8.47181585e-20
7.014925373e-05
4.036622837e-20
7.014925373e-05
1.317738966e-20
7.014925373e-05
4.75202883e-20
7.014925373e-05
6.479877699e-20
7.014925373e-05
3.449716057e-20
7.014925373e-05
-1.041866989e-19
7.014925373e-05
-6.825896004e-20
7.014925373e-05
3.807918529e-20
7.014925373e-05
-2.225002855e-20
7.014925373e-05
-3.504904197e-20
7.014925373e-05
1.518380727e-20
7.014925373e-05
-9.26447997e-21
7.014925373e-05
-1.222022973e-20
7.014925373e-05
-4.401284305e-20
7.014925373e-05
9.012710437e-21
7.014925373e-05
1.278126227e-20
7.014925373e-05
1.672754721e-20
7.014925373e-05
1.312733755e-20
7.014925373e-05
-5.555968875e-21
7.014925373e-05
1.677350554e-20
7.014925373e-05
3.261280577e-20
7.014925373e-05
6.127429933e-20
7.014925373e-05
8.607481919e-21
7.014925373e-05
-1.050985395e-20
7.014925373e-05
3.188759188e-20
7.014925373e-05
-9.311975653e-20
7.014925373e-05
-6.86851912e-20
7.014925373e-05
-8.568486437e-21
7.014925373e-05
-2.496979122e-20
7.014925373e-05
-9.252529996e-21
7.014925373e-05
-1.124834353e-19
7.014925373e-05
-1.908102066e-20
7.014925373e-05
1.148362622e-19
7.014925373e-05
-2.936911926e-20
7.014925373e-05
-6.565493143e-21
7.014925373e-05
1.091199541e-19
7.014925373e-05
6.342576532e-20
7.014925373e-05
4.371227037e-20
7.014925373e-05
-6.827934109e-20
7.014925373e-05
-2.255986233e-20
7.014925373e-05
6.959792148e-20
7.014925373e-05
1.035265008e-20
7.014925373e-05
-8.191767743e-20
7.014925373e-05
-6.724018244e-20
7.014925373e-05
3.286748602e-20
7.014925373e-05
4.666617258e-20
7.014925373e-05
2.990799285e-20
7.014925373e-05
-3.666889273e-20
7.014925373e-05
-2.085969072e-20
7.014925373e-05
-2.773817392e-20
7.014925373e-05
-1.666724305e-20
7.014925373e-05
2.56218461e-20
7.014925373e-05
2.826145832e-20
1.197802882e-20
6.567164179e-05
-4.46329187e-21
6.567164179e-05
-5.756108779e-21
6.567164179e-05
-6.181938046e-21
6.567164179e-05
-8.700788908e-21
6.567164179e-05
1.804510292e-20
6.567164179e-05
2.716629784e-20
6.567164179e-05
9.587422067e-21
6.567164179e-05
1.586683335e-20
6.567164179e-05
-1.277094329e-22
6.567164179e-05
2.004832177e-20
6.567164179e-05
3.311688855e-20
6.567164179e-05
1.874959372e-20
6.567164179e-05
-7.776086999e-21
6.567164179e-05
7.215176909e-21
6.567164179e-05
2.272875322e-20
6.567164179e-05
-2.243774732e-20
6.567164179e-05
-1.622406201e-20
6.567164179e-05
-5.468204097e-21
6.567164179e-05
-4.496260377e-20
6.567164179e-05
-2.713404508e-20
6.567164179e-05
1.552525478e-21
6.567164179e-05
1.334219491e-20
6.567164179e-05
2.460050248e-20
6.567164179e-05
1.304930765e-20
6.567164179e-05
-2.250673776e-20
6.567164179e-05
-2.752582733e-20
6.567164179e-05
-3.236142351e-20
6.567164179e-05
-3.222266404e-20
6.567164179e-05
4.92568982e-21
6.567164179e-05
-4.070063254e-22
6.567164179e-05
-2.646326867e-20
6.567164179e-05
-1.766196328e-20
6.567164179e-05
-1.792674552e-20
6.567164179e-05
6.188316004e-22
6.567164179e-05
2.339887391e-20
6.567164179e-05
9.276329871e-21
6.567164179e-05
1.087853795e-20
6.567164179e-05
-5.144071666e-21
6.567164179e-05
-1.216189465e-20
6.567164179e-05
8.122981576e-22
6.567164179e-05
-2.597625062e-20
6.567164179e-05
1.288391261e-20
6.567164179e-05
-7.208554397e-21
6.567164179e-05
-4.805421137e-20
6.567164179e-05
-4.262264556e-20
6.567164179e-05
-1.401212274e-20
6.567164179e-05
7.641871351e-21
6.567164179e-05
1.922150845e-20
6.567164179e-05
3.395553512e-20
6.567164179e-05
9.209993075e-21
6.567164179e-05
2.19776554e-20
6.567164179e-05
2.515796953e-20
6.567164179e-05
1.192100459e-20
6.567164179e-05
1.251354913e-21
6.567164179e-05
5.347746932e-21
6.567164179e-05
5.610197237e-20
6.567164179e-05
3.757504935e-20
6.567164179e-05
1.845609564e-20
6.567164179e-05
7.710507397e-22
6.567164179e-05
1.273550928e-20
6.567164179e-05
1.557042217e-20
6.567164179e-05
-9.830425568e-21
6.567164179e-05
1.080969708e-20
6.567164179e-05
-3.391742615e-21
6.567164179e-05
1.395806492e-20
6.567164179e-05
2.666843411e-20
6.567164179e-05
-2.267205451e-20
6.567164179e-05
-2.465180377e-20
6.567164179e-05
-7.0546535e-21
6.567164179e-05
-9.899199266e-21
6.567164179e-05
5.219762358e-20
6.567164179e-05
5.991910255e-21
6.567164179e-05
-2.61023881e-21
6.567164179e-05
3.502643232e-20
6.567164179e-05
3.570857949e-20
6.567164179e-05
-2.060966257e-20
6.567164179e-05
-5.935300386e-20
6.567164179e-05
2.465090272e-20
6.567164179e-05
3.248062532e-20
6.567164179e-05
-4.49597049e-21
6.567164179e-05
-2.337961139e-20
6.567164179e-05
-3.152454697e-20
6.567164179e-05
-1.466407707e-20
6.567164179e-05
1.183224926e-21
6.567164179e-05
2.556260659e-20
6.567164179e-05
3.319548281e-21
6.567164179e-05
-3.047070514e-20
6.567164179e-05
-4.903976216e-20
6.567164179e-05
-7.395856369e-21
6.567164179e-05
2.391137048e-20
6.567164179e-05
-2.047789177e-20
6.567164179e-05
-1.149990287e-20
6.567164179e-05
3.240623648e-20
6.567164179e-05
1.163098896e-20
6.567164179e-05
-1.878127574e-20
6.567164179e-05
4.736602965e-20
6.567164179e-05
-8.871752932e-21
6.567164179e-05
-5.658500964e-20
6.567164179e-05
-7.567069747e-21
6.567164179e-05
1.778418797e-20
6.567164179e-05
-3.73410448e-20
6.567164179e-05
-5.864803248e-20
6.567164179e-05
2.444912436e-20
6.567164179e-05
3.895196086e-20
6.567164179e-05
-3.144127812e-20
6.567164179e-05
-5.23363506e-20
6.567164179e-05
3.18872639e-20
6.567164179e-05
5.364596957e-20
6.567164179e-05
-4.041303178e-20
6.567164179e-05
-3.685464257e-20
6.567164179e-05
4.719237083e-21
6.567164179e-05
4.405343502e-20
6.567164179e-05
4.908062678e-20
6.567164179e-05
1.679565498e-20
6.567164179e-05
-8.78895649e-21
6.567164179e-05
1.904446846e-20
6.567164179e-05
3.170920411e-20
6.567164179e-05
1.918932627e-20
6.567164179e-05
1.5015399e-20
6.567164179e-05
3.383430111e-20
6.567164179e-05
-3.230263573e-21
6.567164179e-05
-4.459696297e-20
6.567164179e-05
-3.326871551e-20
6.567164179e-05
3.410186573e-20
6.567164179e-05
1.109055886e-20
6.567164179e-05
-7.666313876e-21
6.567164179e-05
-1.655845184e-20
6.567164179e-05
-5.143602394e-20
6.567164179e-05
-3.039230366e-20
6.567164179e-05
-6.193174056e-21
6.567164179e-05
-1.373744037e-20
6.567164179e-05
1.665122096e-20
6.567164179e-05
4.239858924e-21
6.567164179e-05
-1.066126493e-20
6.567164179e-05
-7.920858901e-20
6.567164179e-05
4.234669719e-21
6.567164179e-05
4.098093546e-20
6.567164179e-05
-1.717737985e-20
6.567164179e-05
-5.455561453e-20
6.567164179e-05
-8.651803595e-20
6.567164179e-05
1.994507065e-20
6.567164179e-05
9.222437111e-20
6.567164179e-05
7.361226976e-20
6.567164179e-05
-3.812412304e-20
6.567164179e-05
-5.873967413e-21
6.567164179e-05
8.564234468e-20
6.567164179e-05
3.638744312e-20
6.567164179e-05
2.553274977e-20
6.567164179e-05
4.383248173e-20
6.567164179e-05
6.200797399e-20
6.567164179e-05
4.622245824e-20
6.567164179e-05
-1.072559076e-19
6.567164179e-05
-6.498998569e-20
6.567164179e-05
3.59253977e-20
6.567164179e-05
-4.564876556e-20
6.567164179e-05
-2.861104839e-20
6.567164179e-05
1.827631707e-20
6.567164179e-05
-1.707926214e-20
6.567164179e-05
-9.352452705e-21
6.567164179e-05
-4.841882761e-20
6.567164179e-05
1.684382169e-20
6.567164179e-05
5.59953628e-21
6.567164179e-05
-7.201128927e-21
6.567164179e-05
1.458395002e-20
6.567164179e-05
4.106902172e-21
6.567164179e-05
2.011469238e-20
6.567164179e-05
3.040249989e-20
6.567164179e-05
7.991759743e-20
6.567164179e-05
-7.655284684e-21
6.567164179e-05
-1.037175858e-20
6.567164179e-05
3.608728182e-20
6.567164179e-05
-8.872996755e-20
6.567164179e-05
-8.040358208e-20
6.567164179e-05
-8.514051256e-21
6.567164179e-05
-4.122097703e-20
6.567164179e-05
1.860120829e-21
6.567164179e-05
-1.104088737e-19
6.567164179e-05
-3.390780351e-20
6.567164179e-05
1.227656444e-19
6.567164179e-05
-3.451621659e-20
6.567164179e-05
5.118639404e-21
6.567164179e-05
9.675484543e-20
6.567164179e-05
5.773211957e-20
6.567164179e-05
4.790854433e-20
6.567164179e-05
-6.410537331e-20
6.567164179e-05
-2.180673322e-20
6.567164179e-05
9.202461085e-20
6.567164179e-05
-1.21931726e-21
6.567164179e-05
-8.059072351e-20
6.567164179e-05
-4.892573791e-20
6.567164179e-05
2.77952343e-20
6.567164179e-05
7.07160811e-20
6.567164179e-05
3.446660361e-20
6.567164179e-05
-4.526753078e-20
6.567164179e-05
-3.727555998e-20
6.567164179e-05
-4.624904456e-20
6.567164179e-05
-1.34915764e-20
6.567164179e-05
4.276122217e-20
6.567164179e-05
2.777797579e-20
1.510982497e-20
5.970149254e-05
4.466853681e-21
5.970149254e-05
-4.865141471e-21
5.970149254e-05
-4.468723564e-21
5.970149254e-05
-1.863072932e-21
5.970149254e-05
1.426234334e-20
5.970149254e-05
2.928427139e-21
5.970149254e-05
3.763228471e-21
5.970149254e-05
2.436201999e-20
5.970149254e-05
8.483715227e-22
5.970149254e-05
6.434281005e-21
5.970149254e-05
3.251174151e-20
5.970149254e-05
1.663660308e-20
5.970149254e-05
-7.009196146e-21
5.970149254e-05
1.692832715e-20
5.970149254e-05
2.471395582e-20
5.970149254e-05
-1.002625286e-20
5.970149254e-05
-6.931572331e-21
5.970149254e-05
-2.058006659e-20
5.970149254e-05
-4.734758179e-20
5.970149254e-05
-2.06259286e-20
5.970149254e-05
1.230354802e-21
5.970149254e-05
1.155285621e-20
5.970149254e-05
3.114640877e-20
5.970149254e-05
1.998640477e-20
5.970149254e-05
-1.915114973e-20
5.970149254e-05
-3.755834432e-20
5.970149254e-05
-3.241367304e-20
5.970149254e-05
-1.235510085e-20
5.970149254e-05
1.403539351e-21
5.970149254e-05
-1.639174402e-20
5.970149254e-05
-2.566846923e-20
5.970149254e-05
-4.885945938e-21
5.970149254e-05
-6.99614897e-21
5.970149254e-05
5.348257512e-21
5.970149254e-05
3.673515891e-20
5.970149254e-05
-1.486957383e-21
5.970149254e-05
9.533582311e-21
5.970149254e-05
-1.0913171e-20
5.970149254e-05
-2.10728415e-20
5.970149254e-05
1.081115322e-20
5.970149254e-05
-2.495384448e-20
5.970149254e-05
1.008569385e-21
5.970149254e-05
1.522394793e-20
5.970149254e-05
-8.952325022e-21
5.970149254e-05
-3.533603166e-20
5.970149254e-05
-1.90591685e-20
5.970149254e-05
-1.056697901e-20
5.970149254e-05
-2.519108562e-21
5.970149254e-05
1.71212821e-20
5.970149254e-05
9.592404839e-21
5.970149254e-05
2.014210247e-20
5.970149254e-05
1.44412171e-20
5.970149254e-05
2.697302367e-20
5.970149254e-05
5.44804962e-21
5.970149254e-05
-4.993841639e-21
5.970149254e-05
3.761832272e-20
5.970149254e-05
4.529788093e-20
5.970149254e-05
1.039386595e-20
5.970149254e-05
-7.722364001e-21
5.970149254e-05
1.269332736e-20
5.970149254e-05
1.173538804e-20
5.970149254e-05
-2.522306001e-22
5.970149254e-05
9.312698972e-21
5.970149254e-05
-1.154788401e-21
5.970149254e-05
4.400849548e-21
5.970149254e-05
2.173804624e-20
5.970149254e-05
-1.796203006e-20
5.970149254e-05
-7.738970412e-21
5.970149254e-05
-4.552864616e-21
5.970149254e-05
-1.639252277e-20
5.970149254e-05
5.520801332e-20
5.970149254e-05
1.095542524e-20
5.970149254e-05
-1.576499098e-20
5.970149254e-05
3.043734397e-20
5.970149254e-05
3.763832291e-20
5.970149254e-05
-2.988943034e-20
5.970149254e-05
-6.613543183e-20
5.970149254e-05
3.842118705e-20
5.970149254e-05
5.072286648e-20
5.970149254e-05
-7.524200275e-21
5.970149254e-05
-3.152899236e-20
5.970149254e-05
-2.843108218e-20
5.970149254e-05
-2.767862949e-20
5.970149254e-05
2.44784851e-21
5.970149254e-05
3.797557591e-20
5.970149254e-05
-6.989586133e-21
5.970149254e-05
-2.870446444e-20
5.970149254e-05
-4.727539921e-20
5.970149254e-05
-9.266875488e-21
5.970149254e-05
1.368845308e-20
5.970149254e-05
-7.844945905e-21
5.970149254e-05
1.041836366e-21
5.970149254e-05
3.350671793e-20
5.970149254e-05
1.447305945e-20
5.970149254e-05
-2.299614071e-20
5.970149254e-05
5.621319047e-20
5.970149254e-05
-3.362942801e-21
5.970149254e-05
-6.956560967e-20
5.970149254e-05
-5.764246562e-21
5.970149254e-05
2.154535944e-20
5.970149254e-05
-3.484186094e-20
5.970149254e-05
-6.481029401e-20
5.970149254e-05
2.363489029e-20
5.970149254e-05
4.54862526e-20
5.970149254e-05
-1.755773162e-20
5.970149254e-05
-3.909603754e-20
5.970149254e-05
3.223515001e-20
5.970149254e-05
5.128064064e-20
5.970149254e-05
-3.274736223e-20
5.970149254e-05
-3.671755892e-20
5.970149254e-05
-2.045969665e-20
5.970149254e-05
4.726134123e-20
5.970149254e-05
5.348882213e-20
5.970149254e-05
6.59443544e-21
5.970149254e-05
-1.8294205e-20
5.970149254e-05
-2.806756536e-22
5.970149254e-05
3.121405673e-20
5.970149254e-05
1.716242294e-20
5.970149254e-05
8.354636397e-21
5.970149254e-05
2.735939601e-20
5.970149254e-05
1.567091422e-20
5.970149254e-05
-5.265592697e-20
5.970149254e-05
-3.002201668e-20
5.970149254e-05
5.097495202e-20
5.970149254e-05
1.601080281e-20
5.970149254e-05
-1.531338333e-20
5.970149254e-05
-2.680592435e-20
5.970149254e-05
-5.580360748e-20
5.970149254e-05
-1.471169208e-20
5.970149254e-05
-1.652672981e-20
5.970149254e-05
-2.088820699e-20
5.970149254e-05
3.600970221e-20
5.970149254e-05
4.681325818e-21
5.970149254e-05
-1.887963579e-20
5.970149254e-05
-8.239404873e-20
5.970149254e-05
1.728663694e-20
5.970149254e-05
7.791929649e-20
5.970149254e-05
2.911065386e-21
5.970149254e-05
-7.094536501e-20
5.970149254e-05
-9.66785887e-20
5.970149254e-05
2.818609277e-20
5.970149254e-05
8.486773396e-20
5.970149254e-05
5.537547656e-20
5.970149254e-05
-5.704168313e-20
5.970149254e-05
-1.990785056e-20
5.970149254e-05
8.782424375e-20
5.970149254e-05
1.887392859e-20
5.970149254e-05
1.871426437e-20
5.970149254e-05
6.309236414e-20
5.970149254e-05
7.656545885e-20
5.970149254e-05
4.21265664e-20
5.970149254e-05
-1.177501385e-19
5.970149254e-05
-6.267562289e-20
5.970149254e-05
5.036283397e-20
5.970149254e-05
-4.948187101e-20
5.970149254e-05
-2.491361046e-20
5.970149254e-05
3.128894466e-20
5.970149254e-05
-2.596006047e-21
5.970149254e-05
-5.010989604e-21
5.970149254e-05
-4.321317324e-20
5.970149254e-05
6.301558843e-21
5.970149254e-05
-1.405329028e-21
5.970149254e-05
1.004358265e-21
5.970149254e-05
1.158286781e-20
5.970149254e-05
-7.875691251e-22
5.970149254e-05
1.124495589e-20
5.970149254e-05
2.750302288e-20
5.970149254e-05
8.070589825e-20
5.970149254e-05
-9.898539652e-21
5.970149254e-05
-1.109726447e-20
5.970149254e-05
4.776344485e-20
5.970149254e-05
-1.148290689e-19
5.970149254e-05
-7.628932061e-20
5.970149254e-05
1.155550215e-20
5.970149254e-05
-2.980937256e-20
5.970149254e-05
-1.955746277e-23
5.970149254e-05
-1.194080721e-19
5.970149254e-05
-2.717438497e-20
5.970149254e-05
1.229360301e-19
5.970149254e-05
-4.034487995e-20
5.970149254e-05
7.614543184e-21
5.970149254e-05
1.103724526e-19
5.970149254e-05
5.229283719e-20
5.970149254e-05
4.496409519e-20
5.970149254e-05
-9.786964273e-20
5.970149254e-05
-2.904658731e-20
5.970149254e-05
1.117552558e-19
5.970149254e-05
3.019389629e-21
5.970149254e-05
-9.769888306e-20
5.970149254e-05
-5.268178104e-20
5.970149254e-05
4.454774834e-20
5.970149254e-05
8.473680508e-20
5.970149254e-05
4.139021257e-20
5.970149254e-05
-5.119958515e-20
5.970149254e-05
-5.841887069e-20
5.970149254e-05
-4.114804844e-20
5.970149254e-05
-8.864854376e-21
5.970149254e-05
4.320639669e-20
5.970149254e-05
2.214339155e-20
2.317199058e-20
5.223880597e-05
6.378750544e-21
5.223880597e-05
-1.631715954e-20
5.223880597e-05
2.946775087e-21
5.223880597e-05
-3.808979922e-21
5.223880597e-05
7.325121542e-22
5.223880597e-05
-5.261775862e-21
5.223880597e-05
3.519638268e-21
5.223880597e-05
9.833154744e-21
5.223880597e-05
-6.276371296e-21
5.223880597e-05
1.037103845e-20
5.223880597e-05
2.676341308e-20
5.223880597e-05
1.455725488e-20
5.223880597e-05
4.900267278e-21
5.223880597e-05
3.411847633e-20
5.223880597e-05
1.80871442e-20
5.223880597e-05
-1.861979903e-20
5.223880597e-05
-5.914772412e-21
5.223880597e-05
-1.176213997e-20
5.223880597e-05
-3.985408573e-20
5.223880597e-05
-2.424360927e-20
5.223880597e-05
4.857541031e-21
5.223880597e-05
8.732767067e-21
5.223880597e-05
2.746772154e-20
5.223880597e-05
3.098982762e-20
5.223880597e-05
-4.693477559e-21
5.223880597e-05
-4.842059365e-20
5.223880597e-05
-3.59168236e-20
5.223880597e-05
-4.902378363e-21
5.223880597e-05
-7.234826719e-21
5.223880597e-05
-2.969958873e-20
5.223880597e-05
-7.831180268e-21
5.223880597e-05
2.959406273e-21
5.223880597e-05
-1.301705907e-20
5.223880597e-05
9.438991263e-21
5.223880597e-05
3.307582816e-20
5.223880597e-05
-7.485479554e-21
5.223880597e-05
6.003575615e-21
5.223880597e-05
-1.155938029e-20
5.223880597e-05
-1.795092133e-20
5.223880597e-05
1.159131756e-20
5.223880597e-05
-2.009967148e-20
5.223880597e-05
5.737999127e-21
5.223880597e-05
1.273585251e-20
5.223880597e-05
3.160499601e-21
5.223880597e-05
-1.974012106e-20
5.223880597e-05
-8.802852246e-21
5.223880597e-05
-1.510753579e-20
5.223880597e-05
-1.388464547e-20
5.223880597e-05
1.050790075e-20
5.223880597e-05
-2.705376023e-21
5.223880597e-05
1.769385205e-20
5.223880597e-05
1.665946742e-20
5.223880597e-05
2.860187712e-21
5.223880597e-05
-8.963751565e-22
5.223880597e-05
5.13324185e-21
5.223880597e-05
4.183302628e-20
5.223880597e-05
2.907931848e-20
5.223880597e-05
-1.171113652e-20
5.223880597e-05
1.340701202e-21
5.223880597e-05
1.634116994e-21
5.223880597e-05
1.666287717e-20
5.223880597e-05
1.266993526e-20
5.223880597e-05
5.523993043e-21
5.223880597e-05
-6.677926138e-21
5.223880597e-05
3.06159628e-21
5.223880597e-05
1.337897083e-20
5.223880597e-05
-3.392304703e-21
5.223880597e-05
2.135991525e-20
5.223880597e-05
-2.156917188e-21
5.223880597e-05
-2.173442272e-20
5.223880597e-05
5.496599179e-20
5.223880597e-05
-1.419497797e-20
5.223880597e-05
-3.438270963e-20
5.223880597e-05
3.905623416e-20
5.223880597e-05
5.715323861e-20
5.223880597e-05
-2.611375921e-20
5.223880597e-05
-6.926026611e-20
5.223880597e-05
2.732326568e-20
5.223880597e-05
5.405222954e-20
5.223880597e-05
-7.365224589e-21
5.223880597e-05
-2.275380367e-20
5.223880597e-05
-2.758628265e-20
5.223880597e-05
-4.282667077e-20
5.223880597e-05
5.281775221e-21
5.223880597e-05
4.947789052e-20
5.223880597e-05
-1.57567267e-20
5.223880597e-05
-3.641238104e-20
5.223880597e-05
-3.873429283e-20
5.223880597e-05
1.002048014e-20
5.223880597e-05
4.532525015e-21
5.223880597e-05
-1.541400225e-20
5.223880597e-05
1.926554613e-20
5.223880597e-05
4.814790896e-20
5.223880597e-05
4.449554411e-21
5.223880597e-05
-3.25193954e-20
5.223880597e-05
4.030254187e-20
5.223880597e-05
-9.70325606e-21
5.223880597e-05
-5.607078674e-20
5.223880597e-05
1.649133081e-20
5.223880597e-05
3.295680439e-20
5.223880597e-05
-3.949562253e-20
5.223880597e-05
-6.775469998e-20
5.223880597e-05
3.156524748e-20
5.223880597e-05
6.268612128e-20
5.223880597e-05
-1.487503896e-20
5.223880597e-05
-5.974707224e-20
5.223880597e-05
3.242714204e-20
5.223880597e-05
5.535958642e-20
5.223880597e-05
-3.587216326e-20
5.223880597e-05
-3.475588428e-20
5.223880597e-05
-2.107551268e-20
5.223880597e-05
4.686801758e-20
5.223880597e-05
4.116608454e-20
5.223880597e-05
-5.344142314e-21
5.223880597e-05
-6.586339079e-21
5.223880597e-05
7.257266154e-21
5.223880597e-05
2.451377586e-20
5.223880597e-05
5.768901569e-22
5.223880597e-05
1.38856359e-21
5.223880597e-05
3.337134805e-20
5.223880597e-05
2.669630589e-20
5.223880597e-05
-4.547577052e-20
5.223880597e-05
-4.038089073e-20
5.223880597e-05
4.760762504e-20
5.223880597e-05
1.832864512e-20
5.223880597e-05
-2.826058697e-20
5.223880597e-05
-1.71522682e-20
5.223880597e-05
-3.511024188e-20
5.223880597e-05
-1.632666996e-22
5.223880597e-05
-2.103788139e-20
5.223880597e-05
-1.855271458e-20
5.223880597e-05
2.928790467e-20
5.223880597e-05
3.467028736e-21
5.223880597e-05
4.251719188e-21
5.223880597e-05
-8.934335825e-20
5.223880597e-05
2.602150645e-20
5.223880597e-05
1.055432509e-19
5.223880597e-05
2.247776293e-21
5.223880597e-05
-9.52687124e-20
5.223880597e-05
-1.052066269e-19
5.223880597e-05
3.894968164e-20
5.223880597e-05
8.657677324e-20
5.223880597e-05
4.228441293e-20
5.223880597e-05
-7.837990305e-20
5.223880597e-05
-1.618004037e-20
5.223880597e-05
1.11882017e-19
5.223880597e-05
-1.127355612e-20
5.223880597e-05
-2.09454021e-20
5.223880597e-05
4.998460412e-20
5.223880597e-05
1.003447865e-19
5.223880597e-05
3.903955925e-20
5.223880597e-05
-1.419003716e-19
5.223880597e-05
-5.078451661e-20
5.223880597e-05
7.934759224e-20
5.223880597e-05
-6.344174521e-20
5.223880597e-05
-2.586275387e-20
5.223880597e-05
4.772248342e-20
5.223880597e-05
-1.085208342e-22
5.223880597e-05
-3.276176848e-21
5.223880597e-05
-3.779968995e-20
5.223880597e-05
3.372068631e-20
5.223880597e-05
3.591062441e-21
5.223880597e-05
-4.965024246e-21
5.223880597e-05
6.288063521e-21
5.223880597e-05
-2.018136316e-20
5.223880597e-05
-4.833140894e-21
5.223880597e-05
2.860177909e-20
5.223880597e-05
7.921672199e-20
5.223880597e-05
-3.163282915e-20
5.223880597e-05
1.555990561e-21
5.223880597e-05
7.081268614e-20
5.223880597e-05
-1.111678748e-19
5.223880597e-05
-7.658617291e-20
5.223880597e-05
2.815831911e-20
5.223880597e-05
-2.327305671e-20
5.223880597e-05
4.461567294e-21
5.223880597e-05
-1.292980096e-19
5.223880597e-05
-1.838505016e-20
5.223880597e-05
1.43065232e-19
5.223880597e-05
-6.148291687e-20
5.223880597e-05
-2.909318256e-21
5.223880597e-05
1.185148027e-19
5.223880597e-05
4.069301722e-20
5.223880597e-05
2.320199065e-20
5.223880597e-05
-9.578401468e-20
5.223880597e-05
-1.579817645e-20
5.223880597e-05
1.197894606e-19
5.223880597e-05
-2.779397194e-21
5.223880597e-05
-1.043431302e-19
5.223880597e-05
-5.444787907e-20
5.223880597e-05
5.608779946e-20
5.223880597e-05
7.721682874e-20
5.223880597e-05
3.152554048e-20
5.223880597e-05
-5.756760876e-20
5.223880597e-05
-2.486494569e-20
5.223880597e-05
-1.92838237e-20
5.223880597e-05
-3.134793617e-20
5.223880597e-05
3.507886485e-20
5.223880597e-05
1.858993108e-20
3.356091743e-20
4.328358209e-05
-2.882653924e-21
4.328358209e-05
-1.693844132e-21
4.328358209e-05
-1.509187499e-21
4.328358209e-05
-1.469589608e-21
4.328358209e-05
-7.600204742e-21
4.328358209e-05
-2.358788669e-20
4.328358209e-05
3.467394005e-21
4.328358209e-05
1.199350265e-20
4.328358209e-05
-1.595072064e-20
4.328358209e-05
5.815279842e-21
4.328358209e-05
8.672990467e-21
4.328358209e-05
2.436447966e-20
4.328358209e-05
1.993728518e-20
4.328358209e-05
2.394903712e-20
4.328358209e-05
6.441704382e-21
4.328358209e-05
-7.580148376e-21
4.328358209e-05
1.89452203e-21
4.328358209e-05
-1.606544556e-20
4.328358209e-05
-3.74583858e-20
4.328358209e-05
-1.889611787e-20
4.328358209e-05
1.211193129e-20
4.328358209e-05
1.471528246e-20
4.328358209e-05
1.888034295e-20
4.328358209e-05
1.623409436e-20
4.328358209e-05
-1.80471057e-20
4.328358209e-05
-2.853513238e-20
4.328358209e-05
-1.578297872e-20
4.328358209e-05
-1.635461952e-21
4.328358209e-05
-1.800192607e-20
4.328358209e-05
-2.686735156e-20
4.328358209e-05
-8.569251021e-21
4.328358209e-05
5.737868736e-21
4.328358209e-05
5.718372825e-22
4.328358209e-05
1.084813065e-20
4.328358209e-05
2.267525417e-20
4.328358209e-05
-1.09693653e-20
4.328358209e-05
6.3383877e-21
4.328358209e-05
-1.833728606e-20
4.328358209e-05
-1.390764759e-21
4.328358209e-05
2.385718474e-20
4.328358209e-05
-3.208095267e-20
4.328358209e-05
8.212355764e-21
4.328358209e-05
3.304706561e-20
4.328358209e-05
3.275854523e-21
4.328358209e-05
-2.030319525e-20
4.328358209e-05
-1.152428785e-20
4.328358209e-05
-1.705616842e-21
4.328358209e-05
-1.592359125e-20
4.328358209e-05
7.199679909e-21
4.328358209e-05
-1.312514852e-20
4.328358209e-05
2.240751501e-21
4.328358209e-05
1.586395231e-20
4.328358209e-05
8.091063421e-22
4.328358209e-05
-1.066705696e-21
4.328358209e-05
1.771779353e-21
4.328358209e-05
3.668931731e-20
4.328358209e-05
8.705931822e-21
4.328358209e-05
-1.039638366e-20
4.328358209e-05
-2.170412969e-21
4.328358209e-05
1.856467432e-21
4.328358209e-05
9.790404764e-21
4.328358209e-05
2.173486459e-20
4.328358209e-05
-2.814073223e-21
4.328358209e-05
-1.020514009e-20
4.328358209e-05
1.117600664e-20
4.328358209e-05
7.790604086e-21
4.328358209e-05
-1.614315161e-21
4.328358209e-05
2.360786479e-20
4.328358209e-05
6.829544881e-21
4.328358209e-05
-2.478086057e-20
4.328358209e-05
2.678324108e-20
4.328358209e-05
-1.690294962e-20
4.328358209e-05
-2.435179251e-20
4.328358209e-05
4.040979014e-20
4.328358209e-05
4.97133355e-20
4.328358209e-05
-3.67009326e-20
4.328358209e-05
-5.439404355e-20
4.328358209e-05
4.465897427e-20
4.328358209e-05
4.426564663e-20
4.328358209e-05
-1.564117086e-20
4.328358209e-05
-1.672629149e-20
4.328358209e-05
-2.493826368e-20
4.328358209e-05
-2.368379654e-20
4.328358209e-05
-4.173727032e-21
4.328358209e-05
3.696043986e-20
4.328358209e-05
-8.897507775e-22
4.328358209e-05
-1.989220021e-20
4.328358209e-05
-2.526079969e-20
4.328358209e-05
2.14000791e-20
4.328358209e-05
1.043532099e-20
4.328358209e-05
-1.928679976e-20
4.328358209e-05
-2.839838502e-22
4.328358209e-05
2.872082387e-20
4.328358209e-05
9.342624866e-21
4.328358209e-05
-3.434623421e-20
4.328358209e-05
2.443469623e-20
4.328358209e-05
-5.289061085e-21
4.328358209e-05
-4.433002357e-20
4.328358209e-05
2.318280899e-20
4.328358209e-05
3.073758756e-20
4.328358209e-05
-3.39247492e-20
4.328358209e-05
-5.954778997e-20
4.328358209e-05
4.228463652e-20
4.328358209e-05
6.996770436e-20
4.328358209e-05
-1.977479922e-20
4.328358209e-05
-5.090868433e-20
4.328358209e-05
3.071766846e-20
4.328358209e-05
3.393229288e-20
4.328358209e-05
-3.448713544e-20
4.328358209e-05
-3.37299663e-20
4.328358209e-05
-1.125391472e-20
4.328358209e-05
4.898757093e-20
4.328358209e-05
2.793720501e-20
4.328358209e-05
-1.373313053e-20
4.328358209e-05
-3.187919894e-20
4.328358209e-05
5.547062615e-21
4.328358209e-05
4.024427377e-20
4.328358209e-05
-6.142659687e-21
4.328358209e-05
-2.196607483e-20
4.328358209e-05
2.465756477e-20
4.328358209e-05
4.086845437e-20
4.328358209e-05
-2.675937273e-20
4.328358209e-05
-3.345691153e-20
4.328358209e-05
2.815886503e-20
4.328358209e-05
1.369509283e-20
4.328358209e-05
-2.32931196e-20
4.328358209e-05
-1.707042336e-20
4.328358209e-05
-2.3174264e-20
4.328358209e-05
1.869520187e-20
4.328358209e-05
-1.632414833e-20
4.328358209e-05
-3.026632536e-20
4.328358209e-05
2.257881677e-20
4.328358209e-05
1.275933186e-20
4.328358209e-05
3.978102356e-21
4.328358209e-05
-8.521765117e-20
4.328358209e-05
1.493721212e-20
4.328358209e-05
9.688424509e-20
4.328358209e-05
2.350729483e-20
4.328358209e-05
-7.620312988e-20
4.328358209e-05
-9.73263069e-20
4.328358209e-05
3.535432862e-20
4.328358209e-05
7.677813253e-20
4.328358209e-05
2.462139466e-20
4.328358209e-05
-8.352419488e-20
4.328358209e-05
-8.774664067e-21
4.328358209e-05
9.630222758e-20
4.328358209e-05
-2.187698971e-20
4.328358209e-05
-2.212163335e-20
4.328358209e-05
5.406664178e-20
4.328358209e-05
7.375666544e-20
4.328358209e-05
1.925889099e-20
4.328358209e-05
-1.26326922e-19
4.328358209e-05
-4.022065678e-20
4.328358209e-05
8.613607685e-20
4.328358209e-05
-4.575069304e-20
4.328358209e-05
-2.560330955e-20
4.328358209e-05
4.412094264e-20
4.328358209e-05
8.868405723e-21
4.328358209e-05
6.504372084e-21
4.328358209e-05
-4.813112921e-20
4.328358209e-05
2.234932347e-20
4.328358209e-05
1.336370449e-20
4.328358209e-05
5.614111043e-21
4.328358209e-05
-8.586814754e-21
4.328358209e-05
-2.311856687e-20
4.328358209e-05
6.345641468e-21
4.328358209e-05
2.745008012e-20
4.328358209e-05
6.825790401e-20
4.328358209e-05
-2.406710287e-20
4.328358209e-05
-1.342676485e-20
4.328358209e-05
4.720214146e-20
4.328358209e-05
-8.555938385e-20
4.328358209e-05
-4.706175189e-20
4.328358209e-05
2.889613637e-20
4.328358209e-05
-1.215897175e-20
4.328358209e-05
1.699604196e-20
4.328358209e-05
-1.329806285e-19
4.328358209e-05
-3.231280108e-20
4.328358209e-05
1.330160073e-19
4.328358209e-05
-4.592233403e-20
4.328358209e-05
-4.406363246e-21
4.328358209e-05
1.043312619e-19
4.328358209e-05
2.743783108e-20
4.328358209e-05
1.719500203e-20
4.328358209e-05
-9.776478291e-20
4.328358209e-05
-3.88500691e-21
4.328358209e-05
1.214656963e-19
4.328358209e-05
6.05753779e-21
4.328358209e-05
-8.839504759e-20
4.328358209e-05
-6.151398109e-20
4.328358209e-05
3.914165547e-20
4.328358209e-05
8.13388695e-20
4.328358209e-05
2.063772571e-20
4.328358209e-05
-4.958188327e-20
4.328358209e-05
-2.090855416e-20
4.328358209e-05
-2.482740098e-20
4.328358209e-05
-1.713395101e-20
4.328358209e-05
2.421205408e-20
4.328358209e-05
2.588461099e-20
2.69671034e-20
3.28358209e-05
1.336839224e-20
3.28358209e-05
-1.473092314e-20
3.28358209e-05
6.016966518e-21
3.28358209e-05
9.819614327e-21
3.28358209e-05
-1.166688767e-20
3.28358209e-05
-2.515450298e-20
3.28358209e-05
1.753705803e-20
3.28358209e-05
3.651843344e-20
3.28358209e-05
-1.678315305e-20
3.28358209e-05
-7.965564484e-21
3.28358209e-05
1.158220038e-20
3.28358209e-05
-1.052179849e-20
3.28358209e-05
3.129386461e-21
3.28358209e-05
3.21921105e-20
3.28358209e-05
7.33151359e-21
3.28358209e-05
-9.160116085e-21
3.28358209e-05
2.007919445e-20
3.28358209e-05
-2.792752429e-20
3.28358209e-05
-3.702663144e-20
3.28358209e-05
-3.939682262e-21
3.28358209e-05
9.780759997e-21
3.28358209e-05
9.398791356e-21
3.28358209e-05
2.145135398e-20
3.28358209e-05
1.543147354e-20
3.28358209e-05
-2.777011089e-20
3.28358209e-05
-2.444350203e-20
3.28358209e-05
-2.072198742e-20
3.28358209e-05
7.85045866e-21
3.28358209e-05
-1.569186999e-20
3.28358209e-05
-3.229508244e-20
3.28358209e-05
-5.523190068e-21
3.28358209e-05
4.171002965e-21
3.28358209e-05
1.899592846e-20
3.28358209e-05
2.196726174e-20
3.28358209e-05
1.381081807e-20
3.28358209e-05
-2.715268567e-20
3.28358209e-05
-6.445465101e-21
3.28358209e-05
-8.363528022e-21
3.28358209e-05
1.783506187e-20
3.28358209e-05
3.490778324e-20
3.28358209e-05
-4.121842238e-20
3.28358209e-05
-5.799553172e-21
3.28358209e-05
2.219995761e-20
3.28358209e-05
-7.769699535e-21
3.28358209e-05
-2.59690905e-21
3.28358209e-05
3.525864002e-21
3.28358209e-05
5.639690831e-21
3.28358209e-05
-1.366803394e-20
3.28358209e-05
-3.42243556e-21
3.28358209e-05
-1.089467563e-20
3.28358209e-05
4.391192234e-21
3.28358209e-05
2.19687825e-20
3.28358209e-05
-4.587299817e-21
3.28358209e-05
-5.736461129e-21
3.28358209e-05
3.086395123e-21
3.28358209e-05
3.618808008e-20
3.28358209e-05
1.369130378e-22
3.28358209e-05
-1.530507061e-20
3.28358209e-05
-2.265683948e-21
3.28358209e-05
-1.657278227e-21
3.28358209e-05
2.507634206e-21
3.28358209e-05
1.145676215e-20
3.28358209e-05
1.789269234e-21
3.28358209e-05
-1.086307246e-20
3.28358209e-05
1.252172092e-21
3.28358209e-05
1.153494398e-20
3.28358209e-05
3.129882567e-21
3.28358209e-05
2.441195144e-20
3.28358209e-05
2.695400026e-21
3.28358209e-05
-2.651621102e-20
3.28358209e-05
2.492052829e-20
3.28358209e-05
-2.441188195e-20
3.28358209e-05
-1.941080144e-20
3.28358209e-05
3.782305076e-20
3.28358209e-05
2.685797065e-20
3.28358209e-05
-2.683176196e-20
3.28358209e-05
-4.11631605e-20
3.28358209e-05
2.984918411e-20
3.28358209e-05
2.487685117e-20
3.28358209e-05
-2.136616428e-21
3.28358209e-05
7.814140153e-21
3.28358209e-05
-1.640966319e-20
3.28358209e-05
-3.777376867e-20
3.28358209e-05
-6.928179853e-21
3.28358209e-05
3.811783493e-20
3.28358209e-05
1.171334142e-21
3.28358209e-05
-1.757423299e-20
3.28358209e-05
-1.447415218e-20
3.28358209e-05
2.11133927e-20
3.28358209e-05
1.744099915e-20
3.28358209e-05
-1.637572837e-20
3.28358209e-05
-1.179603733e-20
3.28358209e-05
1.82666491e-20
3.28358209e-05
6.225067027e-21
3.28358209e-05
-2.690450986e-20
3.28358209e-05
1.35199449e-20
3.28358209e-05
-5.105834495e-21
3.28358209e-05
-2.720868646e-20
3.28358209e-05
1.314806264e-20
3.28358209e-05
2.084056627e-20
3.28358209e-05
-2.746084543e-20
3.28358209e-05
-3.346665977e-20
3.28358209e-05
2.279050962e-20
3.28358209e-05
4.119912315e-20
3.28358209e-05
-7.568735595e-21
3.28358209e-05
-2.802869056e-20
3.28358209e-05
1.422525825e-20
3.28358209e-05
1.899979111e-20
3.28358209e-05
-1.981548097e-20
3.28358209e-05
-2.25698137e-20
3.28358209e-05
-1.955676755e-20
3.28358209e-05
4.62839277e-20
3.28358209e-05
2.332762876e-20
3.28358209e-05
-2.25813069e-20
3.28358209e-05
-2.44078625e-20
3.28358209e-05
-1.101881279e-20
3.28358209e-05
1.902702072e-20
3.28358209e-05
1.037495533e-20
3.28358209e-05
-1.797748397e-20
3.28358209e-05
2.410072366e-21
3.28358209e-05
2.715186232e-20
3.28358209e-05
-1.945988837e-20
3.28358209e-05
-2.429873227e-20
3.28358209e-05
3.432026423e-20
3.28358209e-05
1.729311558e-20
3.28358209e-05
-1.269128782e-20
3.28358209e-05
-7.180405192e-21
3.28358209e-05
-1.534462144e-20
3.28358209e-05
1.649855926e-20
3.28358209e-05
-2.17965626e-20
3.28358209e-05
-1.831690681e-20
3.28358209e-05
2.319090843e-20
3.28358209e-05
-6.724572964e-21
3.28358209e-05
4.969404442e-21
3.28358209e-05
-5.82803967e-20
3.28358209e-05
1.391048171e-20
3.28358209e-05
9.593702536e-20
3.28358209e-05
1.617114756e-20
3.28358209e-05
-7.628166088e-20
3.28358209e-05
-7.428506793e-20
3.28358209e-05
2.416201898e-20
3.28358209e-05
6.054351115e-20
3.28358209e-05
1.872874459e-20
3.28358209e-05
-7.921917808e-20
3.28358209e-05
-1.268390425e-20
3.28358209e-05
9.002088032e-20
3.28358209e-05
-1.824652218e-20
3.28358209e-05
-3.886433092e-20
3.28358209e-05
4.356034333e-20
3.28358209e-05
6.963930772e-20
3.28358209e-05
9.877656396e-21
3.28358209e-05
-1.081801955e-19
3.28358209e-05
-3.094336944e-20
3.28358209e-05
7.339280321e-20
3.28358209e-05
-3.646299203e-20
3.28358209e-05
-1.861701496e-20
3.28358209e-05
5.088754871e-20
3.28358209e-05
9.46923188e-21
3.28358209e-05
1.133427385e-20
3.28358209e-05
-4.113909874e-20
3.28358209e-05
1.367671984e-20
3.28358209e-05
2.293985005e-20
3.28358209e-05
4.811334985e-21
3.28358209e-05
-1.281655679e-20
3.28358209e-05
-2.026865018e-20
3.28358209e-05
3.595956279e-21
3.28358209e-05
1.996252586e-20
3.28358209e-05
5.014549331e-20
3.28358209e-05
-2.107176118e-20
3.28358209e-05
-2.232868121e-20
3.28358209e-05
4.134053677e-20
3.28358209e-05
-6.086344062e-20
3.28358209e-05
-3.335963099e-20
3.28358209e-05
4.483789308e-20
3.28358209e-05
-2.620725935e-21
3.28358209e-05
-7.930839303e-21
3.28358209e-05
-1.005925706e-19
3.28358209e-05
-1.52544632e-21
3.28358209e-05
1.129283765e-19
3.28358209e-05
-5.818214409e-20
3.28358209e-05
-8.311091821e-21
3.28358209e-05
8.558428636e-20
3.28358209e-05
1.182823116e-20
3.28358209e-05
-1.381638621e-20
3.28358209e-05
-8.400574356e-20
3.28358209e-05
8.138052802e-21
3.28358209e-05
1.153545233e-19
3.28358209e-05
-3.00496395e-21
3.28358209e-05
-8.63910566e-20
3.28358209e-05
-3.00365793e-20
3.28358209e-05
3.444819538e-20
3.28358209e-05
3.605572722e-20
3.28358209e-05
2.545873751e-20
3.28358209e-05
-2.762501247e-20
3.28358209e-05
-2.012406725e-20
3.28358209e-05
-2.622073439e-20
3.28358209e-05
-1.70003106e-20
3.28358209e-05
2.518728695e-20
3.28358209e-05
1.648194294e-20
3.322966102e-20
2.089552239e-05
1.416086421e-20
2.089552239e-05
2.033401482e-21
2.089552239e-05
-5.915434763e-21
2.089552239e-05
-1.486932716e-20
2.089552239e-05
-2.053269062e-20
2.089552239e-05
-2.288648582e-20
2.089552239e-05
1.065695377e-20
2.089552239e-05
2.610330129e-20
2.089552239e-05
-3.042460739e-21
2.089552239e-05
9.176116581e-22
2.089552239e-05
1.139852493e-20
2.089552239e-05
-5.565940861e-21
2.089552239e-05
2.154235893e-21
2.089552239e-05
2.256060902e-20
2.089552239e-05
-1.142928359e-20
2.089552239e-05
-9.632130996e-21
2.089552239e-05
3.394986379e-21
2.089552239e-05
-1.141921982e-20
2.089552239e-05
-1.223737392e-20
2.089552239e-05
3.976465727e-21
2.089552239e-05
1.915343626e-20
2.089552239e-05
2.010376269e-21
2.089552239e-05
3.953283278e-21
2.089552239e-05
1.403353385e-20
2.089552239e-05
-6.11889046e-21
2.089552239e-05
-2.259941685e-20
2.089552239e-05
-2.252374479e-20
2.089552239e-05
8.096206102e-22
2.089552239e-05
1.247906768e-21
2.089552239e-05
-2.871114203e-20
2.089552239e-05
-1.095800196e-20
2.089552239e-05
1.952685269e-20
2.089552239e-05
1.133493197e-20
2.089552239e-05
1.108705941e-20
2.089552239e-05
1.082124573e-20
2.089552239e-05
-3.208707349e-20
2.089552239e-05
-3.20006736e-21
2.089552239e-05
1.045599004e-20
2.089552239e-05
3.312954614e-21
2.089552239e-05
1.992946625e-20
2.089552239e-05
-1.731486921e-20
2.089552239e-05
-9.489916319e-21
2.089552239e-05
4.574454367e-21
2.089552239e-05
2.310742561e-21
2.089552239e-05
-9.619702901e-21
2.089552239e-05
7.99795188e-22
2.089552239e-05
1.245180878e-20
2.089552239e-05
-2.142900075e-21
2.089552239e-05
-1.937964503e-21
2.089552239e-05
-1.566890644e-20
2.089552239e-05
4.735333691e-21
2.089552239e-05
1.576894201e-20
2.089552239e-05
-5.109630554e-21
2.089552239e-05
-6.058808018e-22
2.089552239e-05
2.509423011e-21
2.089552239e-05
1.005615105e-20
2.089552239e-05
1.738468495e-21
2.089552239e-05
-4.225701895e-21
2.089552239e-05
-6.734524074e-22
2.089552239e-05
-3.341026794e-22
2.089552239e-05
-2.304460477e-21
2.089552239e-05
2.445764079e-21
2.089552239e-05
1.618255124e-21
2.089552239e-05
-8.448872696e-22
2.089552239e-05
1.653126927e-21
2.089552239e-05
7.331940771e-21
2.089552239e-05
8.988679601e-21
2.089552239e-05
4.682415053e-21
2.089552239e-05
-1.092626532e-20
2.089552239e-05
-1.42217359e-20
2.089552239e-05
7.064980825e-21
2.089552239e-05
-2.132881342e-20
2.089552239e-05
4.811395317e-21
2.089552239e-05
2.894677682e-20
2.089552239e-05
1.977428013e-21
2.089552239e-05
-2.883200853e-20
2.089552239e-05
-7.722784819e-21
2.089552239e-05
4.663648827e-20
2.089552239e-05
8.62758656e-21
2.089552239e-05
-2.658240301e-21
2.089552239e-05
1.00323757e-20
2.089552239e-05
-1.806141631e-20
2.089552239e-05
-2.214583496e-20
2.089552239e-05
5.548241734e-21
2.089552239e-05
1.506579692e-20
2.089552239e-05
-5.851342059e-21
2.089552239e-05
-8.872828448e-21
2.089552239e-05
-1.090582128e-20
2.089552239e-05
2.022046516e-20
2.089552239e-05
8.019203535e-21
2.089552239e-05
-2.018621119e-20
2.089552239e-05
-2.316650111e-20
2.089552239e-05
1.505261063e-20
2.089552239e-05
3.035970391e-20
2.089552239e-05
-3.566206763e-21
2.089552239e-05
4.749053174e-21
2.089552239e-05
-5.539532583e-21
2.089552239e-05
-1.667813402e-20
2.089552239e-05
-1.07073632e-20
2.089552239e-05
2.275685399e-20
2.089552239e-05
6.792310392e-21
2.089552239e-05
-2.881539449e-20
2.089552239e-05
-3.383949107e-21
2.089552239e-05
1.346426348e-20
2.089552239e-05
9.458001738e-21
2.089552239e-05
1.463386244e-21
2.089552239e-05
-3.493896206e-21
2.089552239e-05
-5.339075336e-21
2.089552239e-05
1.677873166e-21
2.089552239e-05
-4.044245152e-22
2.089552239e-05
-2.033326433e-20
2.089552239e-05
1.356409223e-20
2.089552239e-05
6.114241987e-21
2.089552239e-05
3.484831379e-21
2.089552239e-05
2.1422354e-21
2.089552239e-05
-1.255271753e-20
2.089552239e-05
-3.908543687e-21
2.089552239e-05
9.361638132e-21
2.089552239e-05
6.809738194e-21
2.089552239e-05
-7.834342508e-21
2.089552239e-05
-3.635448634e-21
2.089552239e-05
-1.133236639e-20
2.089552239e-05
-1.312970539e-20
2.089552239e-05
1.205814278e-20
2.089552239e-05
1.087159811e-20
2.089552239e-05
1.006297637e-20
2.089552239e-05
1.119225254e-20
2.089552239e-05
-1.455346944e-20
2.089552239e-05
-1.908928969e-21
2.089552239e-05
-1.458078676e-20
2.089552239e-05
-4.944242795e-21
2.089552239e-05
1.254665667e-20
2.089552239e-05
-1.08064609e-20
2.089552239e-05
1.147322002e-20
2.089552239e-05
-3.151236324e-20
2.089552239e-05
3.620782098e-21
2.089552239e-05
5.655338764e-20
2.089552239e-05
1.801517457e-20
2.089552239e-05
-3.281785943e-20
2.089552239e-05
-5.155616203e-20
2.089552239e-05
6.602225312e-21
2.089552239e-05
2.441574306e-20
2.089552239e-05
1.788799115e-20
2.089552239e-05
-4.327828814e-20
2.089552239e-05
-1.197426077e-20
2.089552239e-05
6.232579763e-20
2.089552239e-05
-1.07938848e-20
2.089552239e-05
-3.78729311e-20
2.089552239e-05
2.896799226e-20
2.089552239e-05
4.925880523e-20
2.089552239e-05
9.837319996e-21
2.089552239e-05
-5.427564261e-20
2.089552239e-05
-2.747743499e-20
2.089552239e-05
2.847597187e-20
2.089552239e-05
-1.757424916e-20
2.089552239e-05
1.651475753e-21
2.089552239e-05
2.055872919e-20
2.089552239e-05
-7.450663615e-21
2.089552239e-05
1.535680642e-20
2.089552239e-05
-1.540026121e-20
2.089552239e-05
2.481304076e-21
2.089552239e-05
9.369500465e-22
2.089552239e-05
8.905792576e-21
2.089552239e-05
-7.293301888e-22
2.089552239e-05
-1.124353616e-20
2.089552239e-05
-1.078831714e-20
2.089552239e-05
1.087592849e-20
2.089552239e-05
5.13562646e-20
2.089552239e-05
-1.734321537e-20
2.089552239e-05
-1.823716732e-20
2.089552239e-05
2.534385891e-20
2.089552239e-05
-4.351456964e-20
2.089552239e-05
-1.870353208e-20
2.089552239e-05
4.564155992e-20
2.089552239e-05
-8.714329474e-21
2.089552239e-05
-4.870015287e-21
2.089552239e-05
-5.258587829e-20
2.089552239e-05
-5.35638677e-21
2.089552239e-05
7.544555982e-20
2.089552239e-05
-2.570766635e-20
2.089552239e-05
-1.28712955e-20
2.089552239e-05
4.227788162e-20
2.089552239e-05
-6.023976232e-21
2.089552239e-05
-5.418551997e-21
2.089552239e-05
-4.159030465e-20
2.089552239e-05
-3.8722552e-21
2.089552239e-05
4.903620917e-20
2.089552239e-05
-9.424133407e-21
2.089552239e-05
-2.882002236e-20
2.089552239e-05
-2.36066842e-21
2.089552239e-05
1.503444575e-20
2.089552239e-05
6.841188377e-21
2.089552239e-05
1.905007304e-20
2.089552239e-05
-3.749473754e-21
2.089552239e-05
-9.268834093e-21
2.089552239e-05
-3.496940653e-20
2.089552239e-05
-2.518098263e-20
2.089552239e-05
3.586742318e-20
2.089552239e-05
2.413380312e-20
1.56176426e-20
7.462686567e-06
7.462686567e-06
7.462686567e-06
7.462686567e-06
7.462686567e-06
7.462686567e-06
7.462686567e-06
7.462686567e-06
7.462686567e-06
7.462686567e-06
7.462686567e-06
7.462686567e-06
7.462686567e-06
7.462686567e-06
7.462686567e-06
7.462686567e-06
7.462686567e-06
7.462686567e-06
7.462686567e-06
7.462686567e-06
7.462686567e-06
7.462686567e-06
7.462686567e-06
7.462686567e-06
7.462686567e-06
7.462686567e-06
7.462686567e-06
7.462686567e-06
7.462686567e-06
7.462686567e-06
7.462686567e-06
7.462686567e-06
7.462686567e-06
7.462686567e-06
7.462686567e-06
7.462686567e-06
7.462686567e-06
7.462686567e-06
7.462686567e-06
7.462686567e-06
7.462686567e-06
7.462686567e-06
7.462686567e-06
7.462686567e-06
7.462686567e-06
7.462686567e-06
7.462686567e-06
7.462686567e-06
7.462686567e-06
7.462686567e-06
7.462686567e-06
7.462686567e-06
7.462686567e-06
7.462686567e-06
7.462686567e-06
7.462686567e-06
7.462686567e-06
7.462686567e-06
7.462686567e-06
7.462686567e-06
7.462686567e-06
7.462686567e-06
7.462686567e-06
7.462686567e-06
7.462686567e-06
7.462686567e-06
7.462686567e-06
7.462686567e-06
7.462686567e-06
7.462686567e-06
7.462686567e-06
7.462686567e-06
7.462686567e-06
7.462686567e-06
7.462686567e-06
7.462686567e-06
7.462686567e-06
7.462686567e-06
7.462686567e-06
7.462686567e-06
7.462686567e-06
7.462686567e-06
7.462686567e-06
7.462686567e-06
7.462686567e-06
7.462686567e-06
7.462686567e-06
7.462686567e-06
7.462686567e-06
7.462686567e-06
7.462686567e-06
7.462686567e-06
7.462686567e-06
7.462686567e-06
7.462686567e-06
7.462686567e-06
7.462686567e-06
7.462686567e-06
7.462686567e-06
7.462686567e-06
7.462686567e-06
7.462686567e-06
7.462686567e-06
7.462686567e-06
7.462686567e-06
7.462686567e-06
7.462686567e-06
7.462686567e-06
7.462686567e-06
7.462686567e-06
7.462686567e-06
7.462686567e-06
7.462686567e-06
7.462686567e-06
7.462686567e-06
7.462686567e-06
7.462686567e-06
7.462686567e-06
7.462686567e-06
7.462686567e-06
7.462686567e-06
7.462686567e-06
7.462686567e-06
7.462686567e-06
7.462686567e-06
7.462686567e-06
7.462686567e-06
7.462686567e-06
7.462686567e-06
7.462686567e-06
7.462686567e-06
7.462686567e-06
7.462686567e-06
7.462686567e-06
7.462686567e-06
7.462686567e-06
7.462686567e-06
7.462686567e-06
7.462686567e-06
7.462686567e-06
7.462686567e-06
7.462686567e-06
7.462686567e-06
7.462686567e-06
7.462686567e-06
7.462686567e-06
7.462686567e-06
7.462686567e-06
7.462686567e-06
7.462686567e-06
7.462686567e-06
7.462686567e-06
7.462686567e-06
7.462686567e-06
7.462686567e-06
7.462686567e-06
7.462686567e-06
7.462686567e-06
7.462686567e-06
7.462686567e-06
7.462686567e-06
7.462686567e-06
7.462686567e-06
7.462686567e-06
7.462686567e-06
7.462686567e-06
7.462686567e-06
7.462686567e-06
7.462686567e-06
7.462686567e-06
7.462686567e-06
7.462686567e-06
7.462686567e-06
7.462686567e-06
7.462686567e-06
7.462686567e-06
7.462686567e-06
7.462686567e-06
7.462686567e-06
7.462686567e-06
7.462686567e-06
7.462686567e-06
7.462686567e-06
7.462686567e-06
7.462686567e-06
7.462686567e-06
7.462686567e-06
7.462686567e-06
7.462686567e-06
7.462686567e-06
7.462686567e-06
7.462686567e-06
7.462686567e-06
7.462686567e-06
7.462686567e-06
7.462686567e-06
7.462686567e-06
7.462686567e-06
7.462686567e-06
)
;

boundaryField
{
    inlet
    {
        type            cyclic;
        value           nonuniform List<scalar> 
20
(
-5.970149254e-05
-6.567164179e-05
-7.014925373e-05
-7.313432836e-05
-7.462686567e-05
-7.462686567e-05
-7.313432836e-05
-7.014925373e-05
-6.567164179e-05
-5.970149254e-05
-5.223880597e-05
-4.328358209e-05
-3.28358209e-05
-2.089552239e-05
-7.462686567e-06
-5.223880597e-05
-4.328358209e-05
-3.28358209e-05
-2.089552239e-05
-7.462686567e-06
)
;
    }
    outlet
    {
        type            cyclic;
        value           nonuniform List<scalar> 
20
(
5.970149254e-05
6.567164179e-05
7.014925373e-05
7.313432836e-05
7.462686567e-05
7.462686567e-05
7.313432836e-05
7.014925373e-05
6.567164179e-05
5.970149254e-05
5.223880597e-05
4.328358209e-05
3.28358209e-05
2.089552239e-05
7.462686567e-06
5.223880597e-05
4.328358209e-05
3.28358209e-05
2.089552239e-05
7.462686567e-06
)
;
    }
    topWall
    {
        type            calculated;
        value           uniform 0;
    }
    bottomWall
    {
        type            calculated;
        value           uniform 0;
    }
    frontAndBack
    {
        type            empty;
        value           nonuniform List<scalar> 0();
    }
}


// ************************************************************************* //
