/*--------------------------------*- C++ -*----------------------------------*\
  =========                 |
  \\      /  F ield         | OpenFOAM: The Open Source CFD Toolbox
   \\    /   O peration     | Website:  https://openfoam.org
    \\  /    A nd           | Version:  10
     \\/     M anipulation  |
\*---------------------------------------------------------------------------*/
FoamFile
{
    format      ascii;
    class       volVectorField;
    location    "2500";
    object      U;
}
// * * * * * * * * * * * * * * * * * * * * * * * * * * * * * * * * * * * * * //

dimensions      [0 1 -1 0 0 0 0];

internalField   nonuniform List<vector> 
4000
(
(0.1492537313 2.82884311e-16 0)
(0.1492537313 4.640003527e-17 0)
(0.1492537313 3.126911964e-17 0)
(0.1492537313 1.069161399e-17 0)
(0.1492537313 3.6380846e-19 0)
(0.1492537313 2.946621538e-18 0)
(0.1492537313 2.343748782e-17 0)
(0.1492537313 1.137634726e-17 0)
(0.1492537313 -1.465373378e-17 0)
(0.1492537313 2.074297565e-17 0)
(0.1492537313 7.357577151e-18 0)
(0.1492537313 -1.088948711e-17 0)
(0.1492537313 -4.284019688e-18 0)
(0.1492537313 1.494537027e-17 0)
(0.1492537313 2.066879678e-17 0)
(0.1492537313 -2.15880047e-17 0)
(0.1492537313 -2.324251213e-17 0)
(0.1492537313 1.29522038e-17 0)
(0.1492537313 2.788083567e-18 0)
(0.1492537313 2.797734093e-17 0)
(0.1492537313 4.08362923e-18 0)
(0.1492537313 -5.36209902e-17 0)
(0.1492537313 -1.373441955e-17 0)
(0.1492537313 4.585840524e-17 0)
(0.1492537313 1.359751541e-17 0)
(0.1492537313 1.882402843e-17 0)
(0.1492537313 -1.897814928e-17 0)
(0.1492537313 9.277456037e-18 0)
(0.1492537313 1.669661678e-17 0)
(0.1492537313 -4.741024407e-17 0)
(0.1492537313 1.633358703e-17 0)
(0.1492537313 -2.723165073e-17 0)
(0.1492537313 2.015192039e-17 0)
(0.1492537313 5.652213414e-18 0)
(0.1492537313 -4.672018179e-17 0)
(0.1492537313 8.306834589e-17 0)
(0.1492537313 -5.752157514e-17 0)
(0.1492537313 -2.77229116e-17 0)
(0.1492537313 1.376438128e-17 0)
(0.1492537313 1.710109648e-17 0)
(0.1492537313 7.79157709e-17 0)
(0.1492537313 -5.469943743e-17 0)
(0.1492537313 1.325790665e-17 0)
(0.1492537313 -5.879360417e-17 0)
(0.1492537313 -1.140241937e-17 0)
(0.1492537313 2.363701692e-17 0)
(0.1492537313 -9.578580133e-18 0)
(0.1492537313 5.769991159e-17 0)
(0.1492537313 -5.369551599e-17 0)
(0.1492537313 -1.447416662e-17 0)
(0.1492537313 2.544142748e-17 0)
(0.1492537313 -1.828539239e-17 0)
(0.1492537313 5.580111664e-17 0)
(0.1492537313 -3.565129233e-17 0)
(0.1492537313 -4.272598259e-17 0)
(0.1492537313 4.1244552e-17 0)
(0.1492537313 5.877802751e-17 0)
(0.1492537313 -5.112687977e-17 0)
(0.1492537313 -5.458353913e-18 0)
(0.1492537313 1.072100223e-17 0)
(0.1492537313 -1.329129666e-17 0)
(0.1492537313 1.076232031e-17 0)
(0.1492537313 1.21552423e-18 0)
(0.1492537313 -9.282781128e-18 0)
(0.1492537313 -5.376727798e-17 0)
(0.1492537313 4.462133956e-17 0)
(0.1492537313 4.415684108e-17 0)
(0.1492537313 -3.695993689e-17 0)
(0.1492537313 -3.730274995e-17 0)
(0.1492537313 9.127143553e-17 0)
(0.1492537313 -6.839002046e-17 0)
(0.1492537313 -3.70845775e-17 0)
(0.1492537313 1.57353819e-16 0)
(0.1492537313 -1.031450614e-16 0)
(0.1492537313 -1.090305916e-16 0)
(0.1492537313 1.033131738e-16 0)
(0.1492537313 6.026073205e-17 0)
(0.1492537313 5.279108497e-18 0)
(0.1492537313 -1.75324219e-16 0)
(0.1492537313 4.383949735e-17 0)
(0.1492537313 1.15364414e-16 0)
(0.1492537313 -1.187630363e-17 0)
(0.1492537313 -8.076126631e-18 0)
(0.1492537313 -7.526714624e-17 0)
(0.1492537313 -1.404033992e-17 0)
(0.1492537313 4.352912122e-17 0)
(0.1492537313 6.006201996e-17 0)
(0.1492537313 1.117447033e-19 0)
(0.1492537313 -1.647941475e-16 0)
(0.1492537313 5.852989809e-17 0)
(0.1492537313 1.022565027e-16 0)
(0.1492537313 -8.933542632e-18 0)
(0.1492537313 -1.077503313e-16 0)
(0.1492537313 5.246542155e-17 0)
(0.1492537313 6.00711607e-17 0)
(0.1492537313 -1.169767174e-16 0)
(0.1492537313 1.111967048e-16 0)
(0.1492537313 1.331609013e-18 0)
(0.1492537313 -1.210246202e-16 0)
(0.1492537313 -1.51837596e-17 0)
(0.1492537313 5.455978051e-17 0)
(0.1492537313 1.117701469e-16 0)
(0.1492537313 -1.037383705e-16 0)
(0.1492537313 -9.090564471e-17 0)
(0.1492537313 9.388191117e-17 0)
(0.1492537313 1.06713647e-16 0)
(0.1492537313 5.509920956e-18 0)
(0.1492537313 -2.214117911e-16 0)
(0.1492537313 1.428087261e-17 0)
(0.1492537313 2.281344718e-16 0)
(0.1492537313 -8.714857731e-17 0)
(0.1492537313 -1.146325571e-16 0)
(0.1492537313 9.419988404e-17 0)
(0.1492537313 2.467198021e-18 0)
(0.1492537313 9.849768903e-17 0)
(0.1492537313 -9.592487997e-17 0)
(0.1492537313 -1.163712098e-16 0)
(0.1492537313 1.230080277e-16 0)
(0.1492537313 1.230477664e-16 0)
(0.1492537313 -1.912162961e-17 0)
(0.1492537313 -2.319713507e-16 0)
(0.1492537313 1.533314757e-17 0)
(0.1492537313 2.159984531e-16 0)
(0.1492537313 -9.052553833e-17 0)
(0.1492537313 -9.595114231e-17 0)
(0.1492537313 8.949021243e-17 0)
(0.1492537313 1.222802486e-16 0)
(0.1492537313 -9.831609703e-18 0)
(0.1492537313 -2.188594007e-16 0)
(0.1492537313 1.241545163e-16 0)
(0.1492537313 1.541961107e-17 0)
(0.1492537313 -1.140812194e-16 0)
(0.1492537313 1.016440701e-16 0)
(0.1492537313 -1.06161663e-16 0)
(0.1492537313 1.982550826e-16 0)
(0.1492537313 8.726178478e-18 0)
(0.1492537313 -2.065581981e-16 0)
(0.1492537313 8.631620053e-17 0)
(0.1492537313 7.069840807e-18 0)
(0.1492537313 1.151914778e-16 0)
(0.1492537313 -7.135403022e-18 0)
(0.1492537313 -2.024646888e-16 0)
(0.1492537313 -2.675485158e-18 0)
(0.1492537313 1.167360531e-16 0)
(0.1492537313 -4.48283235e-18 0)
(0.1492537313 -3.126038253e-17 0)
(0.1492537313 2.304696456e-16 0)
(0.1492537313 -7.183719415e-17 0)
(0.1492537313 -3.050443065e-16 0)
(0.1492537313 8.812227446e-17 0)
(0.1492537313 8.968205481e-17 0)
(0.1492537313 1.394247165e-16 0)
(0.1492537313 -1.039494386e-16 0)
(0.1492537313 -2.362444543e-16 0)
(0.1492537313 3.234958547e-16 0)
(0.1492537313 1.004738804e-16 0)
(0.1492537313 -2.257685365e-16 0)
(0.1492537313 -1.013697022e-16 0)
(0.1492537313 -1.022023058e-16 0)
(0.1492537313 2.124091488e-16 0)
(0.1492537313 8.200706836e-17 0)
(0.1492537313 -1.979222099e-17 0)
(0.1492537313 -8.565793809e-17 0)
(0.1492537313 -9.542968225e-17 0)
(0.1492537313 1.747095389e-16 0)
(0.1492537313 -9.631933311e-17 0)
(0.1492537313 1.166394289e-17 0)
(0.1492537313 -1.092082366e-16 0)
(0.1492537313 -8.451895934e-18 0)
(0.1492537313 2.881857407e-16 0)
(0.1492537313 -2.039537898e-16 0)
(0.1492537313 5.833843902e-18 0)
(0.1492537313 3.479724586e-17 0)
(0.1492537313 -2.144453275e-16 0)
(0.1492537313 3.48468753e-16 0)
(0.1492537313 -3.140481829e-17 0)
(0.1492537313 -1.368296585e-16 0)
(0.1492537313 4.73910484e-17 0)
(0.1492537313 -2.50405931e-16 0)
(0.1492537313 3.135765816e-16 0)
(0.1492537313 1.754653518e-17 0)
(0.1492537313 -1.460951219e-16 0)
(0.1492537313 1.462077929e-17 0)
(0.1492537313 -1.090279241e-17 0)
(0.1492537313 9.405621219e-17 0)
(0.1492537313 -1.600947342e-16 0)
(0.1492537313 -1.535204442e-16 0)
(0.1492537313 3.287465951e-16 0)
(0.1492537313 1.206961755e-16 0)
(0.1492537313 -2.537790765e-16 0)
(0.1492537313 -1.020428385e-16 0)
(0.1492537313 1.147120311e-16 0)
(0.1492537313 -1.766733216e-17 0)
(0.1492537313 -8.486533611e-17 0)
(0.1492537313 2.195188479e-16 0)
(0.1492537313 -2.259987186e-16 0)
(0.1492537313 1.230897484e-16 0)
(0.1492537313 2.395287937e-16 0)
(0.1492537313 -3.151895714e-16 0)
(0.1492537313 1.254040871e-17 0)
(0.4179104478 2.0018493e-15 0)
(0.4179104478 2.955233596e-16 0)
(0.4179104478 7.260750287e-17 0)
(0.4179104478 2.921755116e-17 0)
(0.4179104478 -2.5862841e-18 0)
(0.4179104478 -6.050005087e-17 0)
(0.4179104478 -1.723579152e-17 0)
(0.4179104478 5.273586632e-17 0)
(0.4179104478 1.008083425e-17 0)
(0.4179104478 3.625042983e-17 0)
(0.4179104478 -1.776358086e-17 0)
(0.4179104478 -1.502757537e-17 0)
(0.4179104478 -2.406541571e-17 0)
(0.4179104478 -2.975948901e-18 0)
(0.4179104478 3.332038461e-17 0)
(0.4179104478 -5.311218388e-17 0)
(0.4179104478 -5.365369262e-17 0)
(0.4179104478 4.036036696e-17 0)
(0.4179104478 -3.465060533e-17 0)
(0.4179104478 3.779576983e-18 0)
(0.4179104478 1.611549432e-18 0)
(0.4179104478 -9.251823897e-17 0)
(0.4179104478 -1.068032627e-16 0)
(0.4179104478 4.225373766e-17 0)
(0.4179104478 1.465414e-16 0)
(0.4179104478 6.430658774e-17 0)
(0.4179104478 -2.795398134e-17 0)
(0.4179104478 5.523219256e-17 0)
(0.4179104478 3.146293428e-17 0)
(0.4179104478 -1.009257926e-16 0)
(0.4179104478 3.11960692e-17 0)
(0.4179104478 -2.609462798e-17 0)
(0.4179104478 -5.692955166e-17 0)
(0.4179104478 1.078124974e-17 0)
(0.4179104478 -1.117411156e-16 0)
(0.4179104478 4.771278671e-17 0)
(0.4179104478 -2.044956787e-17 0)
(0.4179104478 -1.822459878e-17 0)
(0.4179104478 4.066259027e-17 0)
(0.4179104478 4.119871991e-17 0)
(0.4179104478 9.258463149e-17 0)
(0.4179104478 -1.037442023e-17 0)
(0.4179104478 4.832848251e-17 0)
(0.4179104478 -1.720563968e-16 0)
(0.4179104478 3.03443025e-17 0)
(0.4179104478 -2.556441779e-17 0)
(0.4179104478 -7.62537396e-17 0)
(0.4179104478 6.159501306e-17 0)
(0.4179104478 -5.426465325e-17 0)
(0.4179104478 9.840827547e-17 0)
(0.4179104478 9.003055649e-17 0)
(0.4179104478 -9.693230752e-17 0)
(0.4179104478 -4.990476708e-17 0)
(0.4179104478 8.213535168e-17 0)
(0.4179104478 -6.289167488e-17 0)
(0.4179104478 -1.338183811e-17 0)
(0.4179104478 1.393167856e-16 0)
(0.4179104478 -7.979331798e-17 0)
(0.4179104478 2.10377802e-17 0)
(0.4179104478 5.689352766e-17 0)
(0.4179104478 -1.305018861e-16 0)
(0.4179104478 3.93845461e-17 0)
(0.4179104478 3.684172717e-17 0)
(0.4179104478 -1.120614224e-16 0)
(0.4179104478 -4.762176566e-17 0)
(0.4179104478 1.435843092e-16 0)
(0.4179104478 -3.385930438e-17 0)
(0.4179104478 2.948393114e-17 0)
(0.4179104478 2.023775674e-16 0)
(0.4179104478 -3.704256667e-17 0)
(0.4179104478 -2.656560688e-16 0)
(0.4179104478 6.301132563e-17 0)
(0.4179104478 2.285929408e-16 0)
(0.4179104478 -1.41048311e-16 0)
(0.4179104478 -1.383548725e-16 0)
(0.4179104478 1.207948675e-16 0)
(0.4179104478 1.574128035e-16 0)
(0.4179104478 -1.630179382e-17 0)
(0.4179104478 -2.960738744e-16 0)
(0.4179104478 8.769663615e-17 0)
(0.4179104478 1.050192246e-16 0)
(0.4179104478 -1.296557156e-16 0)
(0.4179104478 -3.812179153e-17 0)
(0.4179104478 7.628528388e-17 0)
(0.4179104478 1.601168226e-16 0)
(0.4179104478 9.358980189e-17 0)
(0.4179104478 -1.11601596e-16 0)
(0.4179104478 -1.938962121e-16 0)
(0.4179104478 -8.749985082e-17 0)
(0.4179104478 1.629701078e-16 0)
(0.4179104478 2.518564717e-16 0)
(0.4179104478 -2.346866707e-16 0)
(0.4179104478 -2.358389997e-16 0)
(0.4179104478 2.556892809e-16 0)
(0.4179104478 3.59368216e-17 0)
(0.4179104478 -1.971708581e-16 0)
(0.4179104478 1.418514758e-16 0)
(0.4179104478 1.541796337e-16 0)
(0.4179104478 -2.34989783e-16 0)
(0.4179104478 -2.29641919e-16 0)
(0.4179104478 3.21593359e-16 0)
(0.4179104478 1.424994647e-16 0)
(0.4179104478 -9.794016472e-17 0)
(0.4179104478 -1.219808786e-16 0)
(0.4179104478 4.462660502e-17 0)
(0.4179104478 1.402683606e-16 0)
(0.4179104478 -9.820689692e-17 0)
(0.4179104478 -1.059196265e-16 0)
(0.4179104478 4.149893984e-17 0)
(0.4179104478 2.328966725e-16 0)
(0.4179104478 -2.074793543e-16 0)
(0.4179104478 -1.897477156e-16 0)
(0.4179104478 2.267935396e-16 0)
(0.4179104478 1.769018728e-16 0)
(0.4179104478 6.02243241e-17 0)
(0.4179104478 -1.488661396e-16 0)
(0.4179104478 -2.256900413e-16 0)
(0.4179104478 2.041381391e-16 0)
(0.4179104478 2.414524319e-16 0)
(0.4179104478 -1.905736209e-16 0)
(0.4179104478 -1.540600276e-16 0)
(0.4179104478 1.725018979e-17 0)
(0.4179104478 1.310720355e-16 0)
(0.4179104478 -3.347729658e-17 0)
(0.4179104478 1.218290411e-16 0)
(0.4179104478 5.061224708e-17 0)
(0.4179104478 -7.919073582e-17 0)
(0.4179104478 -1.474777638e-16 0)
(0.4179104478 -2.122998239e-16 0)
(0.4179104478 2.606431322e-16 0)
(0.4179104478 8.691340409e-17 0)
(0.4179104478 -1.265520514e-16 0)
(0.4179104478 1.705868941e-16 0)
(0.4179104478 -2.163440437e-16 0)
(0.4179104478 -1.236725486e-16 0)
(0.4179104478 1.195768195e-16 0)
(0.4179104478 -1.903340121e-17 0)
(0.4179104478 -3.646687781e-17 0)
(0.4179104478 1.686555672e-16 0)
(0.4179104478 5.021046315e-17 0)
(0.4179104478 -2.615173929e-16 0)
(0.4179104478 -1.496114822e-16 0)
(0.4179104478 4.214510789e-17 0)
(0.4179104478 1.982402625e-16 0)
(0.4179104478 6.394565835e-17 0)
(0.4179104478 2.584680433e-17 0)
(0.4179104478 2.149428722e-16 0)
(0.4179104478 -1.083800076e-16 0)
(0.4179104478 -2.66664071e-16 0)
(0.4179104478 2.596002956e-17 0)
(0.4179104478 1.53756133e-17 0)
(0.4179104478 2.657512003e-16 0)
(0.4179104478 -4.125393508e-17 0)
(0.4179104478 -3.412582907e-16 0)
(0.4179104478 4.683114441e-16 0)
(0.4179104478 1.513297257e-16 0)
(0.4179104478 -3.308623614e-16 0)
(0.4179104478 -1.732312904e-16 0)
(0.4179104478 -1.299625502e-16 0)
(0.4179104478 3.432772698e-16 0)
(0.4179104478 1.98018965e-16 0)
(0.4179104478 -2.353255915e-16 0)
(0.4179104478 -5.24521952e-17 0)
(0.4179104478 1.53000104e-16 0)
(0.4179104478 -7.673653606e-17 0)
(0.4179104478 -1.760738185e-16 0)
(0.4179104478 -4.393951821e-17 0)
(0.4179104478 4.057101864e-17 0)
(0.4179104478 1.455584067e-16 0)
(0.4179104478 2.575066458e-16 0)
(0.4179104478 -1.326992255e-16 0)
(0.4179104478 -7.231827452e-17 0)
(0.4179104478 2.893867822e-16 0)
(0.4179104478 -5.011411388e-16 0)
(0.4179104478 9.090848377e-17 0)
(0.4179104478 6.024955793e-17 0)
(0.4179104478 -4.192766283e-17 0)
(0.4179104478 2.781911384e-16 0)
(0.4179104478 -4.890880798e-16 0)
(0.4179104478 4.159494227e-16 0)
(0.4179104478 1.021241739e-16 0)
(0.4179104478 -3.289130359e-16 0)
(0.4179104478 2.991450776e-16 0)
(0.4179104478 -4.948222401e-16 0)
(0.4179104478 2.1302405e-17 0)
(0.4179104478 6.241298398e-16 0)
(0.4179104478 -4.54862779e-16 0)
(0.4179104478 1.413649266e-16 0)
(0.4179104478 3.248303599e-16 0)
(0.4179104478 -3.021507727e-16 0)
(0.4179104478 -3.329749046e-16 0)
(0.4179104478 1.539551098e-16 0)
(0.4179104478 -5.710336831e-17 0)
(0.4179104478 -4.391456573e-17 0)
(0.4179104478 2.173189849e-16 0)
(0.4179104478 1.325775048e-16 0)
(0.4179104478 8.47337127e-17 0)
(0.4179104478 -1.976105115e-16 0)
(0.4179104478 -3.336913814e-16 0)
(0.4179104478 9.796598996e-17 0)
(0.6567164179 1.336064619e-15 0)
(0.6567164179 5.101779323e-16 0)
(0.6567164179 2.356507974e-16 0)
(0.6567164179 1.59445532e-16 0)
(0.6567164179 5.038657271e-17 0)
(0.6567164179 -2.457310319e-17 0)
(0.6567164179 -5.032489444e-19 0)
(0.6567164179 9.796659613e-17 0)
(0.6567164179 5.78670248e-17 0)
(0.6567164179 8.322211529e-17 0)
(0.6567164179 -6.304283503e-17 0)
(0.6567164179 -3.743437592e-17 0)
(0.6567164179 5.781283258e-18 0)
(0.6567164179 -3.75254111e-17 0)
(0.6567164179 -3.003823731e-17 0)
(0.6567164179 -6.235627063e-17 0)
(0.6567164179 -5.968879817e-17 0)
(0.6567164179 -9.402848467e-18 0)
(0.6567164179 -3.758748367e-17 0)
(0.6567164179 -2.787004654e-17 0)
(0.6567164179 -4.008577628e-17 0)
(0.6567164179 -1.655449735e-16 0)
(0.6567164179 -1.289325039e-16 0)
(0.6567164179 1.209373173e-16 0)
(0.6567164179 1.652322888e-16 0)
(0.6567164179 8.343011452e-17 0)
(0.6567164179 1.342365976e-16 0)
(0.6567164179 6.825343927e-17 0)
(0.6567164179 3.294862178e-18 0)
(0.6567164179 -1.796439015e-16 0)
(0.6567164179 -2.894878692e-18 0)
(0.6567164179 3.089824779e-17 0)
(0.6567164179 -1.312220449e-16 0)
(0.6567164179 -5.015546571e-17 0)
(0.6567164179 -1.745168137e-16 0)
(0.6567164179 -2.662346891e-17 0)
(0.6567164179 5.504669651e-17 0)
(0.6567164179 5.164543489e-17 0)
(0.6567164179 6.567487827e-17 0)
(0.6567164179 9.25380555e-17 0)
(0.6567164179 4.140514515e-17 0)
(0.6567164179 -5.707475708e-17 0)
(0.6567164179 1.760807564e-16 0)
(0.6567164179 -1.99382217e-16 0)
(0.6567164179 -1.026432785e-16 0)
(0.6567164179 1.481464545e-17 0)
(0.6567164179 -1.160326651e-16 0)
(0.6567164179 -2.578028666e-17 0)
(0.6567164179 4.419395515e-17 0)
(0.6567164179 3.669890897e-18 0)
(0.6567164179 1.105195188e-16 0)
(0.6567164179 -8.277181896e-17 0)
(0.6567164179 -7.188879068e-17 0)
(0.6567164179 1.775421651e-16 0)
(0.6567164179 -1.173099132e-17 0)
(0.6567164179 -2.099012462e-17 0)
(0.6567164179 1.157499424e-17 0)
(0.6567164179 -8.688664814e-17 0)
(0.6567164179 1.946596103e-16 0)
(0.6567164179 3.351855696e-18 0)
(0.6567164179 -2.249549896e-16 0)
(0.6567164179 1.164928542e-16 0)
(0.6567164179 1.047774567e-16 0)
(0.6567164179 -2.077915763e-16 0)
(0.6567164179 1.736218118e-17 0)
(0.6567164179 5.97892033e-17 0)
(0.6567164179 -2.692859696e-17 0)
(0.6567164179 2.257735866e-16 0)
(0.6567164179 3.017009125e-16 0)
(0.6567164179 -2.397971672e-16 0)
(0.6567164179 -4.505862135e-16 0)
(0.6567164179 2.894901393e-16 0)
(0.6567164179 1.482081114e-16 0)
(0.6567164179 -1.145132822e-16 0)
(0.6567164179 -1.693672988e-16 0)
(0.6567164179 1.790248254e-16 0)
(0.6567164179 2.269256945e-16 0)
(0.6567164179 -1.939882085e-16 0)
(0.6567164179 -2.719045723e-16 0)
(0.6567164179 5.699100806e-17 0)
(0.6567164179 1.781863235e-16 0)
(0.6567164179 -2.795306749e-16 0)
(0.6567164179 -1.268006998e-16 0)
(0.6567164179 4.060246591e-16 0)
(0.6567164179 1.312990859e-16 0)
(0.6567164179 1.01251632e-17 0)
(0.6567164179 -8.520028911e-18 0)
(0.6567164179 -3.248472387e-16 0)
(0.6567164179 -1.239881713e-16 0)
(0.6567164179 3.003679066e-16 0)
(0.6567164179 1.043918856e-16 0)
(0.6567164179 -2.371580268e-16 0)
(0.6567164179 -1.331957242e-16 0)
(0.6567164179 9.472833557e-17 0)
(0.6567164179 -1.852507939e-17 0)
(0.6567164179 -1.645443142e-16 0)
(0.6567164179 2.123991385e-16 0)
(0.6567164179 9.874592135e-17 0)
(0.6567164179 -1.835544772e-16 0)
(0.6567164179 -2.47753796e-16 0)
(0.6567164179 9.16354929e-17 0)
(0.6567164179 3.573644513e-16 0)
(0.6567164179 1.88292275e-16 0)
(0.6567164179 -1.01112977e-16 0)
(0.6567164179 -3.341180864e-16 0)
(0.6567164179 2.246956568e-16 0)
(0.6567164179 2.230677483e-17 0)
(0.6567164179 -2.717328367e-16 0)
(0.6567164179 1.222061523e-16 0)
(0.6567164179 2.687289881e-16 0)
(0.6567164179 -2.74312675e-17 0)
(0.6567164179 -2.984552846e-16 0)
(0.6567164179 2.096646367e-16 0)
(0.6567164179 1.606695269e-16 0)
(0.6567164179 9.063016029e-18 0)
(0.6567164179 7.932850643e-17 0)
(0.6567164179 -3.488382585e-16 0)
(0.6567164179 2.233589842e-16 0)
(0.6567164179 5.112783603e-16 0)
(0.6567164179 -2.463985561e-16 0)
(0.6567164179 -3.963193866e-16 0)
(0.6567164179 -1.921091285e-17 0)
(0.6567164179 3.182773133e-16 0)
(0.6567164179 3.02387818e-16 0)
(0.6567164179 1.99529101e-17 0)
(0.6567164179 -3.211131689e-16 0)
(0.6567164179 6.044882547e-17 0)
(0.6567164179 -3.33733657e-16 0)
(0.6567164179 -3.01062362e-16 0)
(0.6567164179 4.206039121e-16 0)
(0.6567164179 2.8962361e-16 0)
(0.6567164179 1.076931433e-17 0)
(0.6567164179 -3.289632928e-16 0)
(0.6567164179 -2.28383294e-16 0)
(0.6567164179 6.17038997e-17 0)
(0.6567164179 1.086099766e-16 0)
(0.6567164179 -1.185706467e-16 0)
(0.6567164179 -3.675714489e-17 0)
(0.6567164179 3.268189848e-16 0)
(0.6567164179 -1.319160541e-16 0)
(0.6567164179 -5.24224231e-16 0)
(0.6567164179 1.674429162e-17 0)
(0.6567164179 1.689814897e-16 0)
(0.6567164179 2.015066202e-16 0)
(0.6567164179 2.558771176e-16 0)
(0.6567164179 -1.460753976e-16 0)
(0.6567164179 1.52859468e-16 0)
(0.6567164179 2.664305503e-16 0)
(0.6567164179 -1.812131614e-16 0)
(0.6567164179 -3.530911175e-16 0)
(0.6567164179 -2.674961908e-16 0)
(0.6567164179 5.57728611e-16 0)
(0.6567164179 3.161413246e-16 0)
(0.6567164179 -2.840905112e-16 0)
(0.6567164179 1.794267092e-16 0)
(0.6567164179 9.225257958e-17 0)
(0.6567164179 -3.232044469e-16 0)
(0.6567164179 -1.782952779e-16 0)
(0.6567164179 -2.151379153e-17 0)
(0.6567164179 3.325485976e-16 0)
(0.6567164179 4.190775799e-17 0)
(0.6567164179 -7.48618622e-17 0)
(0.6567164179 2.59392755e-16 0)
(0.6567164179 1.27552976e-16 0)
(0.6567164179 -7.225147629e-16 0)
(0.6567164179 -2.746685968e-16 0)
(0.6567164179 1.988970271e-16 0)
(0.6567164179 1.018429253e-16 0)
(0.6567164179 4.734229989e-16 0)
(0.6567164179 3.412056119e-17 0)
(0.6567164179 -2.222654881e-16 0)
(0.6567164179 -1.750826997e-17 0)
(0.6567164179 3.906276359e-16 0)
(0.6567164179 -1.990856124e-16 0)
(0.6567164179 -1.677955919e-16 0)
(0.6567164179 -3.511335999e-16 0)
(0.6567164179 -7.287782456e-18 0)
(0.6567164179 4.872346363e-16 0)
(0.6567164179 -3.494383629e-16 0)
(0.6567164179 1.288552785e-16 0)
(0.6567164179 3.897170618e-16 0)
(0.6567164179 -4.005190266e-16 0)
(0.6567164179 3.26986152e-17 0)
(0.6567164179 2.478427962e-17 0)
(0.6567164179 -1.43316931e-16 0)
(0.6567164179 5.543341187e-16 0)
(0.6567164179 -3.362319243e-16 0)
(0.6567164179 -1.927876985e-16 0)
(0.6567164179 3.036858588e-16 0)
(0.6567164179 -4.337261434e-16 0)
(0.6567164179 -2.059233777e-16 0)
(0.6567164179 8.63198691e-17 0)
(0.6567164179 -2.059647482e-16 0)
(0.6567164179 1.883739595e-16 0)
(0.6567164179 4.448721343e-16 0)
(0.6567164179 -1.752689539e-16 0)
(0.6567164179 -1.354587194e-16 0)
(0.6567164179 4.751874048e-17 0)
(0.6567164179 -6.748933896e-16 0)
(0.6567164179 1.313160788e-16 0)
(0.8656716418 1.10743377e-15 0)
(0.8656716418 6.427691483e-16 0)
(0.8656716418 3.744623137e-16 0)
(0.8656716418 2.49669557e-16 0)
(0.8656716418 8.557851259e-17 0)
(0.8656716418 4.519859177e-17 0)
(0.8656716418 1.411286763e-16 0)
(0.8656716418 1.072122608e-16 0)
(0.8656716418 8.168117177e-17 0)
(0.8656716418 9.912515036e-17 0)
(0.8656716418 -1.345832852e-16 0)
(0.8656716418 -5.630961406e-17 0)
(0.8656716418 7.875417038e-17 0)
(0.8656716418 -5.850244041e-17 0)
(0.8656716418 -3.64283088e-17 0)
(0.8656716418 -2.304339578e-17 0)
(0.8656716418 -1.493303655e-16 0)
(0.8656716418 -5.009831832e-17 0)
(0.8656716418 -1.050920297e-16 0)
(0.8656716418 -8.117588801e-17 0)
(0.8656716418 -5.817299229e-17 0)
(0.8656716418 -2.6238343e-16 0)
(0.8656716418 -1.88599119e-16 0)
(0.8656716418 1.718812559e-16 0)
(0.8656716418 1.940303981e-16 0)
(0.8656716418 1.617066918e-16 0)
(0.8656716418 2.555928193e-16 0)
(0.8656716418 8.613633506e-17 0)
(0.8656716418 -1.110124187e-16 0)
(0.8656716418 -2.448876417e-16 0)
(0.8656716418 1.27491657e-17 0)
(0.8656716418 -1.120868739e-18 0)
(0.8656716418 -2.144195885e-16 0)
(0.8656716418 -1.517955294e-16 0)
(0.8656716418 -2.126996282e-16 0)
(0.8656716418 7.953571974e-18 0)
(0.8656716418 1.952719267e-16 0)
(0.8656716418 9.897828965e-17 0)
(0.8656716418 2.955760354e-17 0)
(0.8656716418 6.277784526e-17 0)
(0.8656716418 1.213274871e-16 0)
(0.8656716418 -1.141661893e-16 0)
(0.8656716418 9.125744131e-17 0)
(0.8656716418 -2.398318269e-16 0)
(0.8656716418 -9.798155603e-17 0)
(0.8656716418 -4.278087982e-17 0)
(0.8656716418 -1.173031204e-16 0)
(0.8656716418 8.996348108e-18 0)
(0.8656716418 4.566508601e-17 0)
(0.8656716418 4.648976695e-18 0)
(0.8656716418 4.544413369e-17 0)
(0.8656716418 -9.624956071e-17 0)
(0.8656716418 1.35453183e-16 0)
(0.8656716418 2.022495577e-16 0)
(0.8656716418 -1.370208543e-16 0)
(0.8656716418 -7.869974357e-17 0)
(0.8656716418 1.530584587e-16 0)
(0.8656716418 -1.289938586e-17 0)
(0.8656716418 7.76047071e-17 0)
(0.8656716418 -1.042938848e-18 0)
(0.8656716418 -1.183882405e-16 0)
(0.8656716418 9.534596337e-17 0)
(0.8656716418 1.157309953e-16 0)
(0.8656716418 -1.735469478e-16 0)
(0.8656716418 -3.188145103e-17 0)
(0.8656716418 8.362204493e-17 0)
(0.8656716418 2.629828669e-17 0)
(0.8656716418 3.382435335e-16 0)
(0.8656716418 1.891429702e-16 0)
(0.8656716418 -3.235797513e-16 0)
(0.8656716418 -4.45509291e-16 0)
(0.8656716418 3.059739819e-16 0)
(0.8656716418 1.250152875e-16 0)
(0.8656716418 -8.013759476e-17 0)
(0.8656716418 -8.723186867e-17 0)
(0.8656716418 2.084205551e-17 0)
(0.8656716418 3.125848316e-16 0)
(0.8656716418 -1.167585702e-16 0)
(0.8656716418 -5.470632463e-16 0)
(0.8656716418 -1.538466556e-17 0)
(0.8656716418 2.288226511e-16 0)
(0.8656716418 -2.850942446e-16 0)
(0.8656716418 1.880096437e-17 0)
(0.8656716418 4.964757921e-16 0)
(0.8656716418 1.275750123e-16 0)
(0.8656716418 2.863357343e-17 0)
(0.8656716418 8.872730192e-17 0)
(0.8656716418 -3.177913525e-16 0)
(0.8656716418 -3.26729651e-16 0)
(0.8656716418 4.505292388e-16 0)
(0.8656716418 -5.581704764e-17 0)
(0.8656716418 -3.095242094e-16 0)
(0.8656716418 -1.954693376e-16 0)
(0.8656716418 2.557384519e-16 0)
(0.8656716418 4.126093736e-17 0)
(0.8656716418 -3.996304098e-16 0)
(0.8656716418 2.81943692e-16 0)
(0.8656716418 2.598637605e-16 0)
(0.8656716418 -2.922532594e-16 0)
(0.8656716418 -4.177976051e-16 0)
(0.8656716418 3.000017176e-16 0)
(0.8656716418 5.699515007e-16 0)
(0.8656716418 1.038018666e-16 0)
(0.8656716418 -2.136925655e-16 0)
(0.8656716418 -2.970007078e-16 0)
(0.8656716418 2.595200525e-16 0)
(0.8656716418 9.928614667e-17 0)
(0.8656716418 -3.174461397e-16 0)
(0.8656716418 9.872232987e-18 0)
(0.8656716418 2.045443046e-16 0)
(0.8656716418 1.608714218e-17 0)
(0.8656716418 -1.720756785e-16 0)
(0.8656716418 9.552682393e-17 0)
(0.8656716418 3.338198463e-16 0)
(0.8656716418 2.987678897e-16 0)
(0.8656716418 -2.959373068e-16 0)
(0.8656716418 -1.831439695e-16 0)
(0.8656716418 5.028775809e-16 0)
(0.8656716418 3.281448163e-16 0)
(0.8656716418 -2.924612199e-16 0)
(0.8656716418 -3.159725875e-16 0)
(0.8656716418 1.280877717e-17 0)
(0.8656716418 4.046275019e-16 0)
(0.8656716418 3.415888902e-16 0)
(0.8656716418 -1.275353785e-16 0)
(0.8656716418 -2.623542148e-16 0)
(0.8656716418 -1.074111871e-17 0)
(0.8656716418 -7.592812333e-16 0)
(0.8656716418 -2.139388607e-16 0)
(0.8656716418 6.910002101e-16 0)
(0.8656716418 2.73309332e-16 0)
(0.8656716418 -1.301095693e-17 0)
(0.8656716418 -3.95335462e-16 0)
(0.8656716418 -3.329663086e-16 0)
(0.8656716418 1.174641179e-16 0)
(0.8656716418 2.882708266e-18 0)
(0.8656716418 -4.487268113e-17 0)
(0.8656716418 -1.683707732e-16 0)
(0.8656716418 1.809003287e-16 0)
(0.8656716418 1.198691707e-16 0)
(0.8656716418 -7.38726822e-16 0)
(0.8656716418 4.388420932e-17 0)
(0.8656716418 1.835016159e-16 0)
(0.8656716418 3.922895145e-16 0)
(0.8656716418 5.065178851e-16 0)
(0.8656716418 -2.818258967e-16 0)
(0.8656716418 1.964933633e-16 0)
(0.8656716418 3.271353067e-16 0)
(0.8656716418 -3.869052281e-17 0)
(0.8656716418 -6.246184848e-16 0)
(0.8656716418 -3.049859112e-16 0)
(0.8656716418 8.358351281e-16 0)
(0.8656716418 1.344854239e-17 0)
(0.8656716418 -3.566030095e-16 0)
(0.8656716418 6.067657582e-16 0)
(0.8656716418 1.271345568e-16 0)
(0.8656716418 -5.078246014e-16 0)
(0.8656716418 -3.129146817e-16 0)
(0.8656716418 -1.833131231e-16 0)
(0.8656716418 4.349503855e-16 0)
(0.8656716418 7.656319134e-18 0)
(0.8656716418 7.899617165e-17 0)
(0.8656716418 4.250055114e-16 0)
(0.8656716418 -4.897567012e-17 0)
(0.8656716418 -6.92994649e-16 0)
(0.8656716418 -3.759682959e-16 0)
(0.8656716418 4.469355486e-16 0)
(0.8656716418 2.929318543e-16 0)
(0.8656716418 2.047475398e-16 0)
(0.8656716418 -7.689274622e-17 0)
(0.8656716418 6.139144702e-17 0)
(0.8656716418 1.081005432e-16 0)
(0.8656716418 -1.966431417e-16 0)
(0.8656716418 -2.53209746e-16 0)
(0.8656716418 3.514785259e-16 0)
(0.8656716418 -6.778130741e-16 0)
(0.8656716418 -6.909532876e-17 0)
(0.8656716418 6.82350834e-16 0)
(0.8656716418 -4.11142322e-16 0)
(0.8656716418 3.688114388e-16 0)
(0.8656716418 4.453048576e-16 0)
(0.8656716418 -4.242547841e-16 0)
(0.8656716418 -4.09434505e-16 0)
(0.8656716418 -1.229857341e-16 0)
(0.8656716418 2.917026493e-16 0)
(0.8656716418 4.576795584e-16 0)
(0.8656716418 -4.981343811e-16 0)
(0.8656716418 2.162263736e-16 0)
(0.8656716418 4.188608498e-16 0)
(0.8656716418 -9.0144417e-16 0)
(0.8656716418 -4.774629619e-16 0)
(0.8656716418 1.82391128e-16 0)
(0.8656716418 -1.628338321e-16 0)
(0.8656716418 3.547396241e-16 0)
(0.8656716418 3.434701713e-16 0)
(0.8656716418 -4.198862243e-16 0)
(0.8656716418 2.649164466e-16 0)
(0.8656716418 -3.643350152e-17 0)
(0.8656716418 -8.383499399e-16 0)
(0.8656716418 2.066451734e-16 0)
(1.044776119 1.112219333e-15 0)
(1.044776119 7.125206574e-16 0)
(1.044776119 4.574818526e-16 0)
(1.044776119 2.786785239e-16 0)
(1.044776119 1.163267725e-16 0)
(1.044776119 1.358380531e-16 0)
(1.044776119 2.930846412e-16 0)
(1.044776119 1.168395856e-16 0)
(1.044776119 9.623588835e-17 0)
(1.044776119 1.598710502e-16 0)
(1.044776119 -8.015371686e-17 0)
(1.044776119 -1.410576824e-16 0)
(1.044776119 7.127091458e-17 0)
(1.044776119 -4.811558929e-17 0)
(1.044776119 -5.968463773e-17 0)
(1.044776119 -4.163305136e-17 0)
(1.044776119 -1.874402204e-16 0)
(1.044776119 -1.34965215e-16 0)
(1.044776119 -1.011041426e-16 0)
(1.044776119 -8.312130807e-17 0)
(1.044776119 -1.927280583e-16 0)
(1.044776119 -3.484803652e-16 0)
(1.044776119 -1.701226451e-16 0)
(1.044776119 1.892100838e-16 0)
(1.044776119 2.448387638e-16 0)
(1.044776119 2.94729546e-16 0)
(1.044776119 3.245845977e-16 0)
(1.044776119 9.234120449e-17 0)
(1.044776119 -2.558745971e-16 0)
(1.044776119 -3.028986992e-16 0)
(1.044776119 3.452655232e-17 0)
(1.044776119 -8.651586754e-17 0)
(1.044776119 -3.556254216e-16 0)
(1.044776119 -1.484269253e-16 0)
(1.044776119 -2.206665471e-16 0)
(1.044776119 7.261407611e-18 0)
(1.044776119 2.72280011e-16 0)
(1.044776119 1.701450506e-16 0)
(1.044776119 5.715212332e-18 0)
(1.044776119 3.671085378e-17 0)
(1.044776119 3.696169526e-17 0)
(1.044776119 -2.073882894e-16 0)
(1.044776119 -2.732722485e-17 0)
(1.044776119 -2.13654571e-16 0)
(1.044776119 -1.192259301e-16 0)
(1.044776119 8.178196459e-18 0)
(1.044776119 -1.256320037e-16 0)
(1.044776119 -5.263684923e-17 0)
(1.044776119 2.956891083e-17 0)
(1.044776119 -2.167310072e-18 0)
(1.044776119 1.531509058e-17 0)
(1.044776119 -1.049498227e-17 0)
(1.044776119 3.150923843e-16 0)
(1.044776119 2.372383606e-16 0)
(1.044776119 -1.821598029e-16 0)
(1.044776119 -6.26321007e-17 0)
(1.044776119 1.545863291e-16 0)
(1.044776119 2.720885829e-17 0)
(1.044776119 4.513984419e-17 0)
(1.044776119 3.40382185e-18 0)
(1.044776119 -1.244551327e-16 0)
(1.044776119 1.07365548e-16 0)
(1.044776119 1.458009818e-16 0)
(1.044776119 -7.929518496e-17 0)
(1.044776119 -3.069114406e-17 0)
(1.044776119 1.182207201e-16 0)
(1.044776119 9.644131626e-17 0)
(1.044776119 3.251055828e-16 0)
(1.044776119 9.12935612e-17 0)
(1.044776119 -3.827392714e-16 0)
(1.044776119 -4.250930632e-16 0)
(1.044776119 2.780855954e-16 0)
(1.044776119 1.362314008e-16 0)
(1.044776119 -7.670545936e-17 0)
(1.044776119 -8.937340798e-17 0)
(1.044776119 -4.299518248e-18 0)
(1.044776119 3.717598504e-16 0)
(1.044776119 -1.730859442e-16 0)
(1.044776119 -6.498821519e-16 0)
(1.044776119 5.363131305e-17 0)
(1.044776119 1.798893209e-16 0)
(1.044776119 -3.092859856e-16 0)
(1.044776119 8.864925451e-17 0)
(1.044776119 5.679611285e-16 0)
(1.044776119 1.442071475e-16 0)
(1.044776119 8.050351079e-17 0)
(1.044776119 9.687393325e-17 0)
(1.044776119 -3.294395628e-16 0)
(1.044776119 -3.129509515e-16 0)
(1.044776119 4.004701965e-16 0)
(1.044776119 -2.244759625e-16 0)
(1.044776119 -3.462615181e-16 0)
(1.044776119 -1.891206321e-16 0)
(1.044776119 2.10957794e-16 0)
(1.044776119 6.801067634e-17 0)
(1.044776119 -3.940289737e-16 0)
(1.044776119 2.765649909e-16 0)
(1.044776119 2.988992396e-16 0)
(1.044776119 -3.012264762e-16 0)
(1.044776119 -4.107768906e-16 0)
(1.044776119 4.001411458e-16 0)
(1.044776119 6.479877979e-16 0)
(1.044776119 1.492099428e-16 0)
(1.044776119 -2.349782408e-16 0)
(1.044776119 -3.467384896e-16 0)
(1.044776119 1.607991242e-16 0)
(1.044776119 1.588540419e-16 0)
(1.044776119 -2.960795334e-16 0)
(1.044776119 -2.545154333e-17 0)
(1.044776119 2.08915751e-16 0)
(1.044776119 9.781537546e-18 0)
(1.044776119 -8.984305008e-17 0)
(1.044776119 5.729152132e-17 0)
(1.044776119 4.519669045e-16 0)
(1.044776119 3.681114798e-16 0)
(1.044776119 -3.080147637e-16 0)
(1.044776119 -7.134190916e-17 0)
(1.044776119 5.695840398e-16 0)
(1.044776119 3.485868911e-16 0)
(1.044776119 -3.054389327e-16 0)
(1.044776119 -3.828677976e-16 0)
(1.044776119 -1.350643425e-17 0)
(1.044776119 4.11029803e-16 0)
(1.044776119 3.173048794e-16 0)
(1.044776119 -2.078101507e-16 0)
(1.044776119 -3.198360386e-16 0)
(1.044776119 -4.01674664e-17 0)
(1.044776119 -8.413941242e-16 0)
(1.044776119 -2.798675127e-16 0)
(1.044776119 7.440201175e-16 0)
(1.044776119 4.464094565e-16 0)
(1.044776119 -1.29090614e-17 0)
(1.044776119 -4.836817265e-16 0)
(1.044776119 -3.983190958e-16 0)
(1.044776119 1.215586215e-16 0)
(1.044776119 6.309141008e-18 0)
(1.044776119 -6.01937046e-17 0)
(1.044776119 -2.604677904e-16 0)
(1.044776119 4.897262171e-17 0)
(1.044776119 1.403627853e-16 0)
(1.044776119 -6.543001599e-16 0)
(1.044776119 2.426631959e-17 0)
(1.044776119 2.230898533e-16 0)
(1.044776119 5.176107452e-16 0)
(1.044776119 8.191827053e-16 0)
(1.044776119 -1.717130801e-16 0)
(1.044776119 2.351389256e-16 0)
(1.044776119 3.56089084e-16 0)
(1.044776119 -1.067764487e-16 0)
(1.044776119 -7.49137266e-16 0)
(1.044776119 -3.873275624e-16 0)
(1.044776119 8.29730778e-16 0)
(1.044776119 2.247433921e-17 0)
(1.044776119 -4.574860982e-16 0)
(1.044776119 6.636492253e-16 0)
(1.044776119 2.634825552e-16 0)
(1.044776119 -5.616828793e-16 0)
(1.044776119 -4.190282568e-16 0)
(1.044776119 -1.928103202e-16 0)
(1.044776119 4.540750878e-16 0)
(1.044776119 1.586902703e-17 0)
(1.044776119 1.777899507e-16 0)
(1.044776119 5.19473402e-16 0)
(1.044776119 -9.083160165e-17 0)
(1.044776119 -7.47917073e-16 0)
(1.044776119 -3.759180422e-16 0)
(1.044776119 5.160121606e-16 0)
(1.044776119 4.461907936e-16 0)
(1.044776119 1.670386296e-16 0)
(1.044776119 -8.788338895e-17 0)
(1.044776119 1.247483384e-16 0)
(1.044776119 9.987875758e-17 0)
(1.044776119 -4.254444697e-16 0)
(1.044776119 -2.875027868e-16 0)
(1.044776119 3.675815348e-16 0)
(1.044776119 -7.020916016e-16 0)
(1.044776119 -1.216958353e-16 0)
(1.044776119 6.822616594e-16 0)
(1.044776119 -3.364334411e-16 0)
(1.044776119 4.805234057e-16 0)
(1.044776119 5.475971055e-16 0)
(1.044776119 -4.610255349e-16 0)
(1.044776119 -5.569076993e-16 0)
(1.044776119 -1.443202865e-16 0)
(1.044776119 4.50637797e-16 0)
(1.044776119 4.647130729e-16 0)
(1.044776119 -5.498124137e-16 0)
(1.044776119 1.184883587e-16 0)
(1.044776119 3.781777005e-16 0)
(1.044776119 -9.804302594e-16 0)
(1.044776119 -6.512334944e-16 0)
(1.044776119 1.360322329e-16 0)
(1.044776119 -2.974513972e-17 0)
(1.044776119 3.698925448e-16 0)
(1.044776119 2.368143112e-16 0)
(1.044776119 -3.918991048e-16 0)
(1.044776119 2.767998068e-16 0)
(1.044776119 -9.957620166e-17 0)
(1.044776119 -8.536898475e-16 0)
(1.044776119 2.44981406e-16 0)
(1.194029851 1.024577589e-15 0)
(1.194029851 6.93534588e-16 0)
(1.194029851 5.18241849e-16 0)
(1.194029851 3.618101449e-16 0)
(1.194029851 1.797010607e-16 0)
(1.194029851 2.452533474e-16 0)
(1.194029851 3.378813941e-16 0)
(1.194029851 1.507080153e-16 0)
(1.194029851 1.638478456e-16 0)
(1.194029851 1.957308191e-16 0)
(1.194029851 2.601575732e-17 0)
(1.194029851 -1.224884584e-16 0)
(1.194029851 7.155031494e-17 0)
(1.194029851 -9.71129527e-17 0)
(1.194029851 -1.940172363e-16 0)
(1.194029851 -1.192580955e-16 0)
(1.194029851 -2.71517946e-16 0)
(1.194029851 -2.37510247e-16 0)
(1.194029851 -1.024984856e-16 0)
(1.194029851 -1.378866395e-17 0)
(1.194029851 -2.367869524e-16 0)
(1.194029851 -3.394568469e-16 0)
(1.194029851 -8.143860094e-17 0)
(1.194029851 1.904680491e-16 0)
(1.194029851 2.510296333e-16 0)
(1.194029851 3.880263571e-16 0)
(1.194029851 3.04859258e-16 0)
(1.194029851 4.507672378e-17 0)
(1.194029851 -3.786221504e-16 0)
(1.194029851 -2.683831442e-16 0)
(1.194029851 5.384836119e-17 0)
(1.194029851 -1.900433584e-16 0)
(1.194029851 -4.238680612e-16 0)
(1.194029851 -1.925078102e-16 0)
(1.194029851 -1.790333914e-16 0)
(1.194029851 1.300603657e-17 0)
(1.194029851 3.06158042e-16 0)
(1.194029851 2.782829109e-16 0)
(1.194029851 7.309112603e-17 0)
(1.194029851 -5.275394829e-17 0)
(1.194029851 -1.684624416e-16 0)
(1.194029851 -2.796287049e-16 0)
(1.194029851 -1.994093841e-16 0)
(1.194029851 -7.385908815e-17 0)
(1.194029851 -1.956926974e-16 0)
(1.194029851 -3.306278561e-17 0)
(1.194029851 -3.731054022e-17 0)
(1.194029851 -1.102079137e-16 0)
(1.194029851 2.469573638e-17 0)
(1.194029851 1.264041378e-17 0)
(1.194029851 -4.608173313e-17 0)
(1.194029851 5.607059753e-17 0)
(1.194029851 3.614335929e-16 0)
(1.194029851 3.168562349e-16 0)
(1.194029851 -7.82786569e-17 0)
(1.194029851 -1.116636309e-16 0)
(1.194029851 2.015758942e-16 0)
(1.194029851 1.809867251e-16 0)
(1.194029851 -9.873467475e-18 0)
(1.194029851 -9.803113098e-18 0)
(1.194029851 -1.232133465e-16 0)
(1.194029851 4.016799965e-17 0)
(1.194029851 2.213317967e-16 0)
(1.194029851 3.370866201e-17 0)
(1.194029851 -6.758185092e-17 0)
(1.194029851 2.287118042e-16 0)
(1.194029851 1.202569905e-16 0)
(1.194029851 1.989941034e-16 0)
(1.194029851 6.758749737e-17 0)
(1.194029851 -3.540216908e-16 0)
(1.194029851 -4.274980779e-16 0)
(1.194029851 1.229810065e-16 0)
(1.194029851 2.919635248e-16 0)
(1.194029851 1.999844731e-17 0)
(1.194029851 -1.608287303e-16 0)
(1.194029851 3.697901517e-17 0)
(1.194029851 3.011295004e-16 0)
(1.194029851 -2.672667977e-16 0)
(1.194029851 -4.827098139e-16 0)
(1.194029851 1.542015669e-16 0)
(1.194029851 1.476799554e-16 0)
(1.194029851 -2.91125668e-16 0)
(1.194029851 8.350815145e-17 0)
(1.194029851 3.736468893e-16 0)
(1.194029851 9.314322403e-17 0)
(1.194029851 1.442492494e-16 0)
(1.194029851 4.203680996e-17 0)
(1.194029851 -2.999141118e-16 0)
(1.194029851 -1.250517438e-16 0)
(1.194029851 2.599224072e-16 0)
(1.194029851 -3.877940566e-16 0)
(1.194029851 -4.07602157e-16 0)
(1.194029851 -2.425527225e-16 0)
(1.194029851 1.754343672e-16 0)
(1.194029851 1.166784791e-16 0)
(1.194029851 -2.276693462e-16 0)
(1.194029851 1.031908101e-16 0)
(1.194029851 2.379038052e-16 0)
(1.194029851 -1.338942257e-16 0)
(1.194029851 -3.423743228e-16 0)
(1.194029851 4.508729737e-16 0)
(1.194029851 7.326852729e-16 0)
(1.194029851 1.586226052e-16 0)
(1.194029851 -3.541300204e-16 0)
(1.194029851 -1.754591553e-16 0)
(1.194029851 1.086149413e-16 0)
(1.194029851 4.28302387e-17 0)
(1.194029851 -4.064321705e-16 0)
(1.194029851 -5.57650713e-17 0)
(1.194029851 2.997301537e-16 0)
(1.194029851 2.650898889e-17 0)
(1.194029851 -8.665509599e-17 0)
(1.194029851 1.747985344e-17 0)
(1.194029851 6.198029906e-16 0)
(1.194029851 4.722015221e-16 0)
(1.194029851 -2.712566091e-16 0)
(1.194029851 -2.630512848e-17 0)
(1.194029851 6.222882319e-16 0)
(1.194029851 1.611209377e-16 0)
(1.194029851 -1.335356598e-16 0)
(1.194029851 -2.253565061e-16 0)
(1.194029851 -8.717454201e-17 0)
(1.194029851 3.379222136e-16 0)
(1.194029851 1.306962407e-16 0)
(1.194029851 -4.190583891e-16 0)
(1.194029851 -3.39066339e-16 0)
(1.194029851 -6.220134763e-17 0)
(1.194029851 -7.645126314e-16 0)
(1.194029851 -2.577643097e-16 0)
(1.194029851 7.316850222e-16 0)
(1.194029851 5.456839441e-16 0)
(1.194029851 4.941633835e-17 0)
(1.194029851 -5.260646381e-16 0)
(1.194029851 -4.958312243e-16 0)
(1.194029851 1.782807569e-16 0)
(1.194029851 -6.813349191e-17 0)
(1.194029851 -2.329296203e-16 0)
(1.194029851 -1.369903085e-16 0)
(1.194029851 -6.697682696e-17 0)
(1.194029851 4.956465287e-17 0)
(1.194029851 -2.951325995e-16 0)
(1.194029851 -1.441987375e-16 0)
(1.194029851 2.285674797e-16 0)
(1.194029851 7.174903399e-16 0)
(1.194029851 8.300960233e-16 0)
(1.194029851 1.668539469e-16 0)
(1.194029851 4.275557343e-16 0)
(1.194029851 3.884508409e-16 0)
(1.194029851 -4.102298257e-16 0)
(1.194029851 -7.488764717e-16 0)
(1.194029851 -3.840783938e-16 0)
(1.194029851 4.762168199e-16 0)
(1.194029851 1.778031443e-16 0)
(1.194029851 -4.626103445e-16 0)
(1.194029851 4.654469363e-16 0)
(1.194029851 4.792815824e-16 0)
(1.194029851 -5.004054292e-16 0)
(1.194029851 -4.807291905e-16 0)
(1.194029851 -1.545655967e-16 0)
(1.194029851 3.921185599e-16 0)
(1.194029851 1.206687515e-16 0)
(1.194029851 1.839941787e-16 0)
(1.194029851 3.74020823e-16 0)
(1.194029851 -1.15559744e-16 0)
(1.194029851 -6.514821448e-16 0)
(1.194029851 -2.449393638e-16 0)
(1.194029851 5.212460148e-16 0)
(1.194029851 3.226729632e-16 0)
(1.194029851 2.282976906e-16 0)
(1.194029851 1.182588176e-17 0)
(1.194029851 1.259971208e-16 0)
(1.194029851 1.180552937e-16 0)
(1.194029851 -4.796393855e-16 0)
(1.194029851 -4.177149413e-16 0)
(1.194029851 1.691214449e-16 0)
(1.194029851 -4.231647839e-16 0)
(1.194029851 -1.599149403e-16 0)
(1.194029851 5.482118586e-16 0)
(1.194029851 -9.450111505e-18 0)
(1.194029851 4.597064079e-16 0)
(1.194029851 3.559654712e-16 0)
(1.194029851 -5.116718534e-16 0)
(1.194029851 -4.901690998e-16 0)
(1.194029851 -1.232279064e-16 0)
(1.194029851 5.604526336e-16 0)
(1.194029851 3.816577815e-16 0)
(1.194029851 -6.537044801e-16 0)
(1.194029851 8.311087387e-17 0)
(1.194029851 2.187741887e-16 0)
(1.194029851 -9.509079645e-16 0)
(1.194029851 -6.765339532e-16 0)
(1.194029851 3.0341438e-17 0)
(1.194029851 1.302199526e-16 0)
(1.194029851 1.764323989e-16 0)
(1.194029851 -1.969439989e-16 0)
(1.194029851 -1.098658128e-16 0)
(1.194029851 3.947394296e-16 0)
(1.194029851 -1.200388027e-16 0)
(1.194029851 -6.413598301e-16 0)
(1.194029851 1.720820266e-16 0)
(1.313432836 6.701903111e-16 0)
(1.313432836 7.478877925e-16 0)
(1.313432836 4.476275746e-16 0)
(1.313432836 3.505582362e-16 0)
(1.313432836 2.231513531e-16 0)
(1.313432836 3.336252058e-16 0)
(1.313432836 3.914554489e-16 0)
(1.313432836 2.550504136e-16 0)
(1.313432836 2.611563475e-16 0)
(1.313432836 2.337583143e-16 0)
(1.313432836 6.90351447e-17 0)
(1.313432836 -2.033476383e-17 0)
(1.313432836 8.152368637e-17 0)
(1.313432836 -1.239163033e-16 0)
(1.313432836 -3.329670475e-16 0)
(1.313432836 -2.697530242e-16 0)
(1.313432836 -3.024762706e-16 0)
(1.313432836 -2.635350885e-16 0)
(1.313432836 -9.157467542e-17 0)
(1.313432836 -3.866301441e-17 0)
(1.313432836 -2.289877964e-16 0)
(1.313432836 -2.343649733e-16 0)
(1.313432836 1.444783557e-17 0)
(1.313432836 1.190385483e-16 0)
(1.313432836 2.059411992e-16 0)
(1.313432836 3.358336514e-16 0)
(1.313432836 2.539491325e-16 0)
(1.313432836 -5.50410716e-17 0)
(1.313432836 -4.438806307e-16 0)
(1.313432836 -2.146965817e-16 0)
(1.313432836 -9.240014312e-18 0)
(1.313432836 -2.411097375e-16 0)
(1.313432836 -4.867133736e-16 0)
(1.313432836 -2.555269919e-16 0)
(1.313432836 -1.578455885e-16 0)
(1.313432836 1.165646e-17 0)
(1.313432836 3.120529113e-16 0)
(1.313432836 4.297663914e-16 0)
(1.313432836 1.857118843e-16 0)
(1.313432836 -2.026995734e-16 0)
(1.313432836 -3.390200634e-16 0)
(1.313432836 -4.227750027e-16 0)
(1.313432836 -2.351550129e-16 0)
(1.313432836 -4.485442706e-17 0)
(1.313432836 -4.909894305e-17 0)
(1.313432836 -3.975473455e-17 0)
(1.313432836 -7.538911284e-17 0)
(1.313432836 -1.539039448e-16 0)
(1.313432836 -1.51770841e-17 0)
(1.313432836 6.783031967e-17 0)
(1.313432836 3.249011562e-17 0)
(1.313432836 9.307101409e-17 0)
(1.313432836 2.80778672e-16 0)
(1.313432836 3.687982e-16 0)
(1.313432836 1.331106864e-16 0)
(1.313432836 -4.577125838e-17 0)
(1.313432836 9.002348661e-17 0)
(1.313432836 2.602454475e-16 0)
(1.313432836 1.432669802e-16 0)
(1.313432836 -7.183953728e-17 0)
(1.313432836 -1.150724134e-16 0)
(1.313432836 2.342127767e-17 0)
(1.313432836 1.607049801e-16 0)
(1.313432836 1.731442506e-16 0)
(1.313432836 -3.97994062e-18 0)
(1.313432836 2.111243955e-16 0)
(1.313432836 1.896513024e-16 0)
(1.313432836 1.369977739e-16 0)
(1.313432836 -8.908117618e-17 0)
(1.313432836 -4.077833489e-16 0)
(1.313432836 -3.295316027e-16 0)
(1.313432836 1.910885421e-16 0)
(1.313432836 3.324937303e-16 0)
(1.313432836 -5.350832976e-17 0)
(1.313432836 -1.070678192e-16 0)
(1.313432836 8.618679523e-17 0)
(1.313432836 3.601969562e-16 0)
(1.313432836 -2.674443905e-16 0)
(1.313432836 -4.80704884e-16 0)
(1.313432836 2.715492021e-16 0)
(1.313432836 1.65453133e-16 0)
(1.313432836 -2.44624861e-16 0)
(1.313432836 6.125595773e-17 0)
(1.313432836 1.963425141e-16 0)
(1.313432836 -5.656087418e-17 0)
(1.313432836 6.7481699e-17 0)
(1.313432836 9.87117182e-17 0)
(1.313432836 -1.963745574e-16 0)
(1.313432836 -1.301761995e-16 0)
(1.313432836 1.522610579e-16 0)
(1.313432836 -2.336280725e-16 0)
(1.313432836 -4.234268674e-16 0)
(1.313432836 -2.894020794e-16 0)
(1.313432836 4.137691477e-17 0)
(1.313432836 4.399793752e-17 0)
(1.313432836 -3.435358065e-16 0)
(1.313432836 1.370594124e-16 0)
(1.313432836 3.24822026e-16 0)
(1.313432836 -1.780809781e-16 0)
(1.313432836 -2.988120583e-16 0)
(1.313432836 4.878189576e-16 0)
(1.313432836 8.208395526e-16 0)
(1.313432836 1.613883694e-16 0)
(1.313432836 -3.227269512e-16 0)
(1.313432836 -2.922496812e-16 0)
(1.313432836 6.644966736e-17 0)
(1.313432836 -1.252102599e-16 0)
(1.313432836 -4.927065797e-16 0)
(1.313432836 6.794162479e-17 0)
(1.313432836 3.055115467e-16 0)
(1.313432836 1.655903304e-16 0)
(1.313432836 -3.730221107e-17 0)
(1.313432836 8.597192752e-17 0)
(1.313432836 5.351983423e-16 0)
(1.313432836 3.620728669e-16 0)
(1.313432836 -1.90750209e-17 0)
(1.313432836 1.05630973e-16 0)
(1.313432836 5.033604673e-16 0)
(1.313432836 2.449524856e-16 0)
(1.313432836 -3.514232087e-17 0)
(1.313432836 -2.034162556e-16 0)
(1.313432836 1.460264345e-17 0)
(1.313432836 1.648751091e-16 0)
(1.313432836 -1.404857211e-16 0)
(1.313432836 -4.493519608e-16 0)
(1.313432836 -3.318532128e-16 0)
(1.313432836 -2.95207667e-16 0)
(1.313432836 -5.867641402e-16 0)
(1.313432836 -9.86442617e-17 0)
(1.313432836 7.059024255e-16 0)
(1.313432836 4.466137418e-16 0)
(1.313432836 -2.37161324e-17 0)
(1.313432836 -3.812116932e-16 0)
(1.313432836 -5.036008101e-16 0)
(1.313432836 1.960444509e-16 0)
(1.313432836 -1.283993932e-16 0)
(1.313432836 -3.048735601e-16 0)
(1.313432836 -2.056919879e-16 0)
(1.313432836 7.415267313e-18 0)
(1.313432836 1.308712137e-16 0)
(1.313432836 -2.563736047e-16 0)
(1.313432836 -9.982774045e-17 0)
(1.313432836 2.780872432e-16 0)
(1.313432836 8.323913522e-16 0)
(1.313432836 9.107325492e-16 0)
(1.313432836 2.324566793e-16 0)
(1.313432836 4.454613321e-16 0)
(1.313432836 3.5007404e-16 0)
(1.313432836 -3.443957179e-16 0)
(1.313432836 -7.295797599e-16 0)
(1.313432836 -4.105058263e-16 0)
(1.313432836 3.634581342e-16 0)
(1.313432836 -4.808968092e-17 0)
(1.313432836 -4.64387489e-16 0)
(1.313432836 4.201977325e-16 0)
(1.313432836 4.520663658e-16 0)
(1.313432836 -3.730614792e-16 0)
(1.313432836 -4.269362855e-16 0)
(1.313432836 -1.152743607e-16 0)
(1.313432836 4.373144545e-16 0)
(1.313432836 1.275102461e-16 0)
(1.313432836 4.993191758e-17 0)
(1.313432836 2.301422418e-16 0)
(1.313432836 -6.958622234e-17 0)
(1.313432836 -5.278557283e-16 0)
(1.313432836 -1.99433597e-16 0)
(1.313432836 5.251818811e-16 0)
(1.313432836 3.496906614e-16 0)
(1.313432836 3.494995312e-16 0)
(1.313432836 -5.266323265e-18 0)
(1.313432836 -1.151799957e-16 0)
(1.313432836 2.153203221e-16 0)
(1.313432836 -2.63914747e-16 0)
(1.313432836 -4.834946601e-16 0)
(1.313432836 -3.516685469e-17 0)
(1.313432836 -3.668084065e-16 0)
(1.313432836 4.964673946e-17 0)
(1.313432836 4.49717983e-16 0)
(1.313432836 -1.198131533e-16 0)
(1.313432836 5.459407138e-16 0)
(1.313432836 4.184936358e-16 0)
(1.313432836 -4.022763975e-16 0)
(1.313432836 -3.817002807e-16 0)
(1.313432836 -1.729592989e-16 0)
(1.313432836 6.466530478e-16 0)
(1.313432836 2.470444418e-16 0)
(1.313432836 -7.7962077e-16 0)
(1.313432836 -5.371563346e-17 0)
(1.313432836 1.96539852e-16 0)
(1.313432836 -7.887488459e-16 0)
(1.313432836 -8.007216506e-16 0)
(1.313432836 -1.842736119e-16 0)
(1.313432836 6.103181304e-17 0)
(1.313432836 2.967742585e-16 0)
(1.313432836 -2.61467112e-17 0)
(1.313432836 -9.633403909e-17 0)
(1.313432836 2.166454584e-16 0)
(1.313432836 -8.769656442e-17 0)
(1.313432836 -3.541613251e-16 0)
(1.313432836 1.661045843e-16 0)
(1.402985075 5.752303214e-16 0)
(1.402985075 6.082127331e-16 0)
(1.402985075 4.331630471e-16 0)
(1.402985075 4.047157102e-16 0)
(1.402985075 3.898001125e-16 0)
(1.402985075 4.422113963e-16 0)
(1.402985075 4.35714295e-16 0)
(1.402985075 4.165854358e-16 0)
(1.402985075 2.81505086e-16 0)
(1.402985075 2.049382304e-16 0)
(1.402985075 7.325421559e-17 0)
(1.402985075 1.665017202e-17 0)
(1.402985075 9.102338611e-17 0)
(1.402985075 -1.230768276e-16 0)
(1.402985075 -4.105148057e-16 0)
(1.402985075 -4.729796062e-16 0)
(1.402985075 -3.608383931e-16 0)
(1.402985075 -1.647127569e-16 0)
(1.402985075 -5.384681751e-17 0)
(1.402985075 -1.327735554e-16 0)
(1.402985075 -1.22905624e-16 0)
(1.402985075 -6.614575411e-17 0)
(1.402985075 1.358094918e-17 0)
(1.402985075 3.452977154e-17 0)
(1.402985075 1.861542911e-16 0)
(1.402985075 2.137657967e-16 0)
(1.402985075 7.834241267e-17 0)
(1.402985075 -2.300175592e-16 0)
(1.402985075 -4.27561707e-16 0)
(1.402985075 -1.812395247e-16 0)
(1.402985075 -2.058889692e-16 0)
(1.402985075 -3.409843791e-16 0)
(1.402985075 -4.58988812e-16 0)
(1.402985075 -2.392516913e-16 0)
(1.402985075 -1.116056817e-16 0)
(1.402985075 -1.312592486e-18 0)
(1.402985075 2.789629583e-16 0)
(1.402985075 4.885115171e-16 0)
(1.402985075 1.935611818e-16 0)
(1.402985075 -2.841567961e-16 0)
(1.402985075 -4.330509264e-16 0)
(1.402985075 -4.241022481e-16 0)
(1.402985075 -2.611756632e-16 0)
(1.402985075 -1.005527474e-16 0)
(1.402985075 1.256310959e-16 0)
(1.402985075 -1.712210609e-16 0)
(1.402985075 -8.265625359e-17 0)
(1.402985075 2.168387789e-17 0)
(1.402985075 -1.920435853e-17 0)
(1.402985075 5.307333658e-17 0)
(1.402985075 9.9300802e-17 0)
(1.402985075 1.099160655e-16 0)
(1.402985075 2.829661119e-16 0)
(1.402985075 3.479318171e-16 0)
(1.402985075 2.2531034e-16 0)
(1.402985075 7.991216253e-17 0)
(1.402985075 1.573613413e-16 0)
(1.402985075 2.42483301e-16 0)
(1.402985075 2.495015179e-16 0)
(1.402985075 1.947792047e-17 0)
(1.402985075 -1.220466949e-16 0)
(1.402985075 -4.287224558e-17 0)
(1.402985075 1.0287904e-16 0)
(1.402985075 1.030039581e-16 0)
(1.402985075 1.702369542e-16 0)
(1.402985075 1.950627963e-16 0)
(1.402985075 1.21075638e-16 0)
(1.402985075 9.209120647e-17 0)
(1.402985075 -1.577013894e-16 0)
(1.402985075 -3.463730443e-16 0)
(1.402985075 -1.218028092e-16 0)
(1.402985075 1.781599544e-16 0)
(1.402985075 2.012320318e-16 0)
(1.402985075 1.779434733e-17 0)
(1.402985075 -3.951452417e-17 0)
(1.402985075 6.147628551e-17 0)
(1.402985075 3.309301533e-16 0)
(1.402985075 -1.141491522e-16 0)
(1.402985075 -2.888462896e-16 0)
(1.402985075 1.916635188e-16 0)
(1.402985075 5.554275388e-17 0)
(1.402985075 -1.591566938e-16 0)
(1.402985075 2.142049879e-17 0)
(1.402985075 1.294579871e-16 0)
(1.402985075 5.508902434e-17 0)
(1.402985075 -1.315841454e-16 0)
(1.402985075 -1.594099176e-16 0)
(1.402985075 -7.84697311e-17 0)
(1.402985075 6.513000906e-18 0)
(1.402985075 7.307197111e-17 0)
(1.402985075 -1.407392781e-16 0)
(1.402985075 -4.125699355e-16 0)
(1.402985075 -3.18885665e-16 0)
(1.402985075 -9.2544004e-17 0)
(1.402985075 -2.696255038e-17 0)
(1.402985075 -4.376034565e-16 0)
(1.402985075 -5.453284297e-17 0)
(1.402985075 3.503230941e-16 0)
(1.402985075 -2.991456669e-17 0)
(1.402985075 -1.980697927e-16 0)
(1.402985075 3.63361035e-16 0)
(1.402985075 7.214387255e-16 0)
(1.402985075 1.711533751e-16 0)
(1.402985075 -3.528203266e-16 0)
(1.402985075 -3.335352037e-16 0)
(1.402985075 -3.395738592e-17 0)
(1.402985075 -6.653665739e-17 0)
(1.402985075 -3.515832193e-16 0)
(1.402985075 1.799180096e-17 0)
(1.402985075 2.702513599e-16 0)
(1.402985075 6.194294956e-17 0)
(1.402985075 6.241135582e-17 0)
(1.402985075 2.202710155e-16 0)
(1.402985075 4.416706876e-16 0)
(1.402985075 4.047283069e-16 0)
(1.402985075 2.006161259e-16 0)
(1.402985075 -2.02390062e-17 0)
(1.402985075 3.636967598e-16 0)
(1.402985075 3.049395281e-16 0)
(1.402985075 1.574232433e-17 0)
(1.402985075 -3.243120132e-17 0)
(1.402985075 1.216283225e-16 0)
(1.402985075 3.141738064e-17 0)
(1.402985075 -3.487737276e-16 0)
(1.402985075 -5.065689554e-16 0)
(1.402985075 -5.367096315e-16 0)
(1.402985075 -2.176480308e-16 0)
(1.402985075 -4.472761467e-16 0)
(1.402985075 2.664239603e-19 0)
(1.402985075 6.854449368e-16 0)
(1.402985075 5.042433456e-16 0)
(1.402985075 2.318976864e-17 0)
(1.402985075 -5.002899942e-16 0)
(1.402985075 -4.139928429e-16 0)
(1.402985075 8.002406498e-17 0)
(1.402985075 -2.048120571e-16 0)
(1.402985075 -2.603710319e-16 0)
(1.402985075 -1.680302868e-16 0)
(1.402985075 6.444835455e-17 0)
(1.402985075 1.305156677e-16 0)
(1.402985075 -2.634321855e-16 0)
(1.402985075 4.836290059e-17 0)
(1.402985075 3.497272205e-16 0)
(1.402985075 7.400208173e-16 0)
(1.402985075 8.329875154e-16 0)
(1.402985075 3.430526683e-16 0)
(1.402985075 5.822999743e-16 0)
(1.402985075 2.393602594e-16 0)
(1.402985075 -2.513469653e-16 0)
(1.402985075 -5.710856925e-16 0)
(1.402985075 -3.692329525e-16 0)
(1.402985075 -5.724455192e-17 0)
(1.402985075 -1.710891005e-16 0)
(1.402985075 -2.207384094e-16 0)
(1.402985075 2.671688085e-16 0)
(1.402985075 3.045895385e-16 0)
(1.402985075 -2.724187554e-16 0)
(1.402985075 -2.980795707e-16 0)
(1.402985075 -1.913253809e-17 0)
(1.402985075 3.280754531e-16 0)
(1.402985075 5.062939919e-17 0)
(1.402985075 5.701166622e-17 0)
(1.402985075 1.103844983e-16 0)
(1.402985075 -5.987942631e-17 0)
(1.402985075 -3.235756251e-16 0)
(1.402985075 -1.670294811e-16 0)
(1.402985075 4.925528953e-16 0)
(1.402985075 4.500324763e-16 0)
(1.402985075 3.112355049e-16 0)
(1.402985075 -1.061754679e-16 0)
(1.402985075 -3.076838315e-17 0)
(1.402985075 8.87023642e-17 0)
(1.402985075 -1.955441151e-16 0)
(1.402985075 -3.26992363e-16 0)
(1.402985075 -1.860193349e-16 0)
(1.402985075 -2.024662197e-16 0)
(1.402985075 -2.014668799e-16 0)
(1.402985075 2.191272586e-16 0)
(1.402985075 9.378948082e-17 0)
(1.402985075 3.627067343e-16 0)
(1.402985075 4.900133692e-16 0)
(1.402985075 -1.076258592e-16 0)
(1.402985075 -1.890572912e-16 0)
(1.402985075 -6.920033084e-17 0)
(1.402985075 4.280293618e-16 0)
(1.402985075 1.100250437e-16 0)
(1.402985075 -7.595979703e-16 0)
(1.402985075 -2.033009998e-17 0)
(1.402985075 1.447453571e-16 0)
(1.402985075 -6.802600057e-16 0)
(1.402985075 -8.055819545e-16 0)
(1.402985075 -2.536735345e-16 0)
(1.402985075 7.488074591e-17 0)
(1.402985075 3.266272251e-16 0)
(1.402985075 3.79770992e-17 0)
(1.402985075 -1.046002526e-16 0)
(1.402985075 9.348598178e-17 0)
(1.402985075 6.261365743e-17 0)
(1.402985075 -3.675604182e-16 0)
(1.402985075 9.301269214e-17 0)
(1.462686567 4.815389511e-16 0)
(1.462686567 3.578675594e-16 0)
(1.462686567 5.326860222e-16 0)
(1.462686567 4.602490977e-16 0)
(1.462686567 4.910567602e-16 0)
(1.462686567 6.247860313e-16 0)
(1.462686567 4.484079654e-16 0)
(1.462686567 4.311196154e-16 0)
(1.462686567 3.052359915e-16 0)
(1.462686567 1.865125492e-16 0)
(1.462686567 9.216627507e-17 0)
(1.462686567 -2.561392029e-17 0)
(1.462686567 4.863968979e-17 0)
(1.462686567 -1.630034224e-16 0)
(1.462686567 -4.5501626e-16 0)
(1.462686567 -4.464949105e-16 0)
(1.462686567 -4.300663823e-16 0)
(1.462686567 -1.676784253e-16 0)
(1.462686567 2.653095101e-17 0)
(1.462686567 -1.049818544e-16 0)
(1.462686567 4.096279218e-19 0)
(1.462686567 8.673066878e-17 0)
(1.462686567 -5.135907229e-17 0)
(1.462686567 -9.457525991e-17 0)
(1.462686567 1.001908643e-16 0)
(1.462686567 2.437862536e-17 0)
(1.462686567 -1.150226057e-16 0)
(1.462686567 -2.475045217e-16 0)
(1.462686567 -3.25709757e-16 0)
(1.462686567 -1.669493824e-16 0)
(1.462686567 -3.641570013e-16 0)
(1.462686567 -4.41762004e-16 0)
(1.462686567 -3.744299303e-16 0)
(1.462686567 -2.661281385e-16 0)
(1.462686567 -7.672685337e-17 0)
(1.462686567 4.089087743e-17 0)
(1.462686567 2.281702702e-16 0)
(1.462686567 3.403435696e-16 0)
(1.462686567 1.064245436e-16 0)
(1.462686567 -2.622781859e-16 0)
(1.462686567 -3.310862762e-16 0)
(1.462686567 -4.298670161e-16 0)
(1.462686567 -3.121766105e-16 0)
(1.462686567 -1.949803147e-16 0)
(1.462686567 1.76845746e-17 0)
(1.462686567 -1.307945764e-16 0)
(1.462686567 -4.439845666e-17 0)
(1.462686567 2.040338139e-16 0)
(1.462686567 3.701268519e-17 0)
(1.462686567 -1.180809378e-17 0)
(1.462686567 8.63857136e-17 0)
(1.462686567 9.071095798e-17 0)
(1.462686567 3.023929807e-16 0)
(1.462686567 4.042545978e-16 0)
(1.462686567 3.279458746e-16 0)
(1.462686567 2.516291485e-16 0)
(1.462686567 1.784310567e-16 0)
(1.462686567 1.553328214e-16 0)
(1.462686567 2.79429394e-16 0)
(1.462686567 1.259100928e-16 0)
(1.462686567 -5.606977215e-17 0)
(1.462686567 -4.411224596e-17 0)
(1.462686567 2.726947303e-17 0)
(1.462686567 -2.699694397e-17 0)
(1.462686567 2.443695792e-16 0)
(1.462686567 1.776829371e-16 0)
(1.462686567 1.459414866e-17 0)
(1.462686567 1.213133333e-16 0)
(1.462686567 -4.113494708e-17 0)
(1.462686567 -2.525797933e-16 0)
(1.462686567 -2.323069067e-17 0)
(1.462686567 2.08742857e-16 0)
(1.462686567 1.624732032e-16 0)
(1.462686567 8.453122316e-17 0)
(1.462686567 4.371196462e-17 0)
(1.462686567 6.656693215e-17 0)
(1.462686567 2.381971542e-16 0)
(1.462686567 -9.301208691e-18 0)
(1.462686567 -1.261316577e-16 0)
(1.462686567 -1.950486604e-17 0)
(1.462686567 -4.342547205e-17 0)
(1.462686567 -2.363749748e-17 0)
(1.462686567 4.134033301e-18 0)
(1.462686567 1.142041837e-16 0)
(1.462686567 1.593929857e-16 0)
(1.462686567 -3.330039373e-16 0)
(1.462686567 -3.820171781e-16 0)
(1.462686567 -3.278472979e-18 0)
(1.462686567 2.069720264e-17 0)
(1.462686567 2.196993236e-17 0)
(1.462686567 -5.942695309e-18 0)
(1.462686567 -2.709942492e-16 0)
(1.462686567 -1.986271705e-16 0)
(1.462686567 -1.069266413e-16 0)
(1.462686567 -1.504685919e-16 0)
(1.462686567 -5.198028269e-16 0)
(1.462686567 -2.100590571e-16 0)
(1.462686567 2.595589655e-16 0)
(1.462686567 1.121962954e-16 0)
(1.462686567 -1.397478138e-16 0)
(1.462686567 2.454611266e-16 0)
(1.462686567 4.519982503e-16 0)
(1.462686567 1.770510506e-16 0)
(1.462686567 -2.742996328e-16 0)
(1.462686567 -3.69501034e-16 0)
(1.462686567 -1.788744286e-16 0)
(1.462686567 -5.627613491e-17 0)
(1.462686567 -1.429235907e-16 0)
(1.462686567 3.196861735e-18 0)
(1.462686567 1.136240248e-16 0)
(1.462686567 4.581300814e-17 0)
(1.462686567 1.679497575e-16 0)
(1.462686567 2.960940184e-16 0)
(1.462686567 4.031688407e-16 0)
(1.462686567 4.843672145e-16 0)
(1.462686567 3.119039152e-16 0)
(1.462686567 -2.545069192e-17 0)
(1.462686567 1.997488976e-16 0)
(1.462686567 2.917800341e-16 0)
(1.462686567 1.355193108e-16 0)
(1.462686567 4.9639789e-17 0)
(1.462686567 1.071204371e-16 0)
(1.462686567 -3.340307368e-18 0)
(1.462686567 -3.472776372e-16 0)
(1.462686567 -5.427824576e-16 0)
(1.462686567 -6.719571026e-16 0)
(1.462686567 -1.056087086e-16 0)
(1.462686567 -2.768728346e-16 0)
(1.462686567 8.54392807e-17 0)
(1.462686567 5.058469303e-16 0)
(1.462686567 4.509061211e-16 0)
(1.462686567 8.635682985e-17 0)
(1.462686567 -4.136206765e-16 0)
(1.462686567 -3.759544787e-16 0)
(1.462686567 -1.511990474e-16 0)
(1.462686567 -2.275838671e-16 0)
(1.462686567 -3.282237266e-16 0)
(1.462686567 -1.251003007e-16 0)
(1.462686567 1.636214729e-16 0)
(1.462686567 1.839353287e-16 0)
(1.462686567 -2.352486755e-16 0)
(1.462686567 1.457995632e-16 0)
(1.462686567 4.824513074e-16 0)
(1.462686567 6.367972738e-16 0)
(1.462686567 6.447461397e-16 0)
(1.462686567 4.24294874e-16 0)
(1.462686567 5.873272316e-16 0)
(1.462686567 2.610472726e-16 0)
(1.462686567 -1.435576001e-16 0)
(1.462686567 -4.341121297e-16 0)
(1.462686567 -3.114250506e-16 0)
(1.462686567 -2.03248722e-16 0)
(1.462686567 -4.073825932e-16 0)
(1.462686567 -1.469801043e-16 0)
(1.462686567 2.26971072e-16 0)
(1.462686567 1.507873074e-16 0)
(1.462686567 -1.08624263e-16 0)
(1.462686567 -2.037781131e-16 0)
(1.462686567 -1.261810397e-16 0)
(1.462686567 1.19489802e-16 0)
(1.462686567 1.611316072e-16 0)
(1.462686567 1.363061731e-16 0)
(1.462686567 -1.700825411e-17 0)
(1.462686567 -1.095275697e-17 0)
(1.462686567 -1.964415193e-16 0)
(1.462686567 -2.073019665e-17 0)
(1.462686567 4.562084812e-16 0)
(1.462686567 4.213108285e-16 0)
(1.462686567 3.603221299e-16 0)
(1.462686567 -2.685197351e-16 0)
(1.462686567 -2.35015036e-17 0)
(1.462686567 5.582357384e-17 0)
(1.462686567 -1.933552589e-16 0)
(1.462686567 -3.151186786e-16 0)
(1.462686567 -1.484175559e-16 0)
(1.462686567 -2.158384655e-16 0)
(1.462686567 -4.083082539e-16 0)
(1.462686567 1.098474284e-16 0)
(1.462686567 1.55883091e-16 0)
(1.462686567 2.980765599e-16 0)
(1.462686567 5.187686702e-16 0)
(1.462686567 8.879944157e-17 0)
(1.462686567 -1.744747314e-17 0)
(1.462686567 7.327887413e-17 0)
(1.462686567 2.716142532e-16 0)
(1.462686567 4.108575653e-17 0)
(1.462686567 -5.742160409e-16 0)
(1.462686567 -1.102406877e-16 0)
(1.462686567 3.7861523e-17 0)
(1.462686567 -6.34114652e-16 0)
(1.462686567 -7.523049698e-16 0)
(1.462686567 -2.225429524e-16 0)
(1.462686567 7.208957583e-17 0)
(1.462686567 3.870223274e-16 0)
(1.462686567 9.708911839e-17 0)
(1.462686567 -1.257374452e-16 0)
(1.462686567 -6.213344068e-17 0)
(1.462686567 2.965732948e-18 0)
(1.462686567 -2.489281433e-16 0)
(1.462686567 2.419892963e-17 0)
(1.492537313 2.912979915e-16 0)
(1.492537313 2.581182272e-16 0)
(1.492537313 5.715815049e-16 0)
(1.492537313 5.08656655e-16 0)
(1.492537313 5.338586811e-16 0)
(1.492537313 6.422644731e-16 0)
(1.492537313 3.810842528e-16 0)
(1.492537313 2.622100701e-16 0)
(1.492537313 3.594172125e-16 0)
(1.492537313 1.822572604e-16 0)
(1.492537313 1.747918545e-16 0)
(1.492537313 9.177293142e-17 0)
(1.492537313 5.229563299e-17 0)
(1.492537313 -2.28168532e-16 0)
(1.492537313 -4.189242219e-16 0)
(1.492537313 -4.540343898e-16 0)
(1.492537313 -4.052844651e-16 0)
(1.492537313 -1.875112063e-16 0)
(1.492537313 1.250957905e-17 0)
(1.492537313 -6.670935342e-17 0)
(1.492537313 4.4223617e-17 0)
(1.492537313 7.972704833e-17 0)
(1.492537313 -9.779106827e-17 0)
(1.492537313 -1.198622967e-16 0)
(1.492537313 6.198322997e-17 0)
(1.492537313 -1.330325696e-16 0)
(1.492537313 -2.374222609e-16 0)
(1.492537313 -2.133710927e-16 0)
(1.492537313 -1.27337412e-16 0)
(1.492537313 -1.69034526e-16 0)
(1.492537313 -4.991822874e-16 0)
(1.492537313 -5.031698005e-16 0)
(1.492537313 -3.818487315e-16 0)
(1.492537313 -2.778294634e-16 0)
(1.492537313 -5.283030902e-17 0)
(1.492537313 1.186977255e-16 0)
(1.492537313 1.013575494e-16 0)
(1.492537313 9.447459776e-17 0)
(1.492537313 2.687056089e-17 0)
(1.492537313 -1.495536821e-16 0)
(1.492537313 -2.943080201e-16 0)
(1.492537313 -3.430318046e-16 0)
(1.492537313 -3.492483085e-16 0)
(1.492537313 -3.302590549e-16 0)
(1.492537313 -9.544382523e-17 0)
(1.492537313 -1.124937398e-16 0)
(1.492537313 -5.724436495e-17 0)
(1.492537313 2.448537435e-16 0)
(1.492537313 1.584088608e-16 0)
(1.492537313 -9.337533032e-17 0)
(1.492537313 8.173803304e-17 0)
(1.492537313 1.550942992e-16 0)
(1.492537313 3.867859214e-16 0)
(1.492537313 4.435471823e-16 0)
(1.492537313 3.997602441e-16 0)
(1.492537313 3.691916923e-16 0)
(1.492537313 2.721098409e-16 0)
(1.492537313 4.957951942e-17 0)
(1.492537313 1.43740986e-16 0)
(1.492537313 1.723022267e-16 0)
(1.492537313 5.425360223e-17 0)
(1.492537313 -2.272927259e-17 0)
(1.492537313 -3.871534095e-17 0)
(1.492537313 6.344226435e-18 0)
(1.492537313 2.228243431e-16 0)
(1.492537313 9.225457138e-17 0)
(1.492537313 3.86626008e-17 0)
(1.492537313 1.07087082e-16 0)
(1.492537313 6.45816182e-17 0)
(1.492537313 -1.6094449e-16 0)
(1.492537313 6.238015991e-17 0)
(1.492537313 2.956255921e-16 0)
(1.492537313 9.656253302e-17 0)
(1.492537313 1.766644225e-16 0)
(1.492537313 1.680501927e-16 0)
(1.492537313 -2.543653935e-17 0)
(1.492537313 1.285421522e-16 0)
(1.492537313 -1.092159043e-18 0)
(1.492537313 -6.097626451e-17 0)
(1.492537313 -9.015375402e-18 0)
(1.492537313 -1.536528559e-16 0)
(1.492537313 -1.094767055e-17 0)
(1.492537313 4.280459121e-17 0)
(1.492537313 8.150929197e-17 0)
(1.492537313 4.376341351e-17 0)
(1.492537313 -4.448697409e-16 0)
(1.492537313 -4.111200055e-16 0)
(1.492537313 -1.204787688e-16 0)
(1.492537313 -3.66887923e-17 0)
(1.492537313 6.289642492e-17 0)
(1.492537313 1.234991459e-16 0)
(1.492537313 -8.854565499e-17 0)
(1.492537313 -1.658213571e-16 0)
(1.492537313 -7.527525242e-17 0)
(1.492537313 -1.547691046e-16 0)
(1.492537313 -4.7238503e-16 0)
(1.492537313 -2.6164414e-16 0)
(1.492537313 6.259240156e-17 0)
(1.492537313 1.488516355e-17 0)
(1.492537313 -6.768788287e-17 0)
(1.492537313 1.013103295e-16 0)
(1.492537313 2.246182151e-16 0)
(1.492537313 1.313001453e-16 0)
(1.492537313 -1.533251452e-16 0)
(1.492537313 -3.580876718e-16 0)
(1.492537313 -2.627066853e-16 0)
(1.492537313 2.679881415e-17 0)
(1.492537313 -8.355664516e-17 0)
(1.492537313 -2.963098762e-17 0)
(1.492537313 5.953064336e-17 0)
(1.492537313 1.357387345e-16 0)
(1.492537313 2.13149821e-16 0)
(1.492537313 3.230965526e-16 0)
(1.492537313 3.212864324e-16 0)
(1.492537313 5.157189477e-16 0)
(1.492537313 4.648151961e-16 0)
(1.492537313 4.970859645e-17 0)
(1.492537313 1.08568955e-18 0)
(1.492537313 1.910686197e-16 0)
(1.492537313 2.194722916e-16 0)
(1.492537313 2.025048171e-16 0)
(1.492537313 1.594359488e-16 0)
(1.492537313 -4.983597996e-17 0)
(1.492537313 -3.510105429e-16 0)
(1.492537313 -5.474653304e-16 0)
(1.492537313 -6.483677731e-16 0)
(1.492537313 -1.035961301e-16 0)
(1.492537313 -9.683228209e-17 0)
(1.492537313 7.558528596e-18 0)
(1.492537313 2.164027592e-16 0)
(1.492537313 4.072969018e-16 0)
(1.492537313 1.796104824e-16 0)
(1.492537313 -3.511681551e-16 0)
(1.492537313 -4.080806278e-16 0)
(1.492537313 -3.309962836e-16 0)
(1.492537313 -2.785275049e-16 0)
(1.492537313 -2.233030486e-16 0)
(1.492537313 -1.449293348e-16 0)
(1.492537313 2.229184368e-16 0)
(1.492537313 1.979100115e-16 0)
(1.492537313 -1.639457597e-16 0)
(1.492537313 2.614050885e-16 0)
(1.492537313 5.695859742e-16 0)
(1.492537313 5.604997341e-16 0)
(1.492537313 4.685294147e-16 0)
(1.492537313 4.664904058e-16 0)
(1.492537313 5.549996132e-16 0)
(1.492537313 4.101747533e-16 0)
(1.492537313 -3.694874173e-17 0)
(1.492537313 -2.59810398e-16 0)
(1.492537313 -2.520296807e-16 0)
(1.492537313 -4.080036815e-16 0)
(1.492537313 -6.118761704e-16 0)
(1.492537313 -1.561559433e-16 0)
(1.492537313 1.712865783e-16 0)
(1.492537313 6.089144928e-17 0)
(1.492537313 6.461957258e-17 0)
(1.492537313 -1.393330743e-17 0)
(1.492537313 -2.333332532e-16 0)
(1.492537313 -1.207990681e-16 0)
(1.492537313 1.819051593e-16 0)
(1.492537313 1.983641732e-16 0)
(1.492537313 -5.092315386e-17 0)
(1.492537313 1.48977754e-17 0)
(1.492537313 -1.206051999e-16 0)
(1.492537313 1.691368219e-16 0)
(1.492537313 4.304002788e-16 0)
(1.492537313 4.65263292e-16 0)
(1.492537313 4.625897324e-16 0)
(1.492537313 -3.111405629e-16 0)
(1.492537313 -1.564165629e-16 0)
(1.492537313 -8.948229152e-17 0)
(1.492537313 -3.248871621e-16 0)
(1.492537313 -3.264555173e-16 0)
(1.492537313 -1.078597679e-16 0)
(1.492537313 -2.432624219e-16 0)
(1.492537313 -5.08553072e-16 0)
(1.492537313 3.418665686e-17 0)
(1.492537313 2.439924734e-16 0)
(1.492537313 2.601270485e-16 0)
(1.492537313 4.449255039e-16 0)
(1.492537313 2.591888945e-16 0)
(1.492537313 1.989518385e-16 0)
(1.492537313 2.297186035e-16 0)
(1.492537313 1.457940602e-16 0)
(1.492537313 -8.112976596e-17 0)
(1.492537313 -2.828223403e-16 0)
(1.492537313 -2.171118096e-16 0)
(1.492537313 -1.806335795e-16 0)
(1.492537313 -5.518790401e-16 0)
(1.492537313 -5.298183571e-16 0)
(1.492537313 -1.039796947e-16 0)
(1.492537313 4.395076073e-17 0)
(1.492537313 2.349548193e-16 0)
(1.492537313 2.160076388e-16 0)
(1.492537313 -8.447337496e-17 0)
(1.492537313 -1.92679328e-16 0)
(1.492537313 -4.562678961e-17 0)
(1.492537313 -1.995147636e-16 0)
(1.492537313 1.107738156e-17 0)
(1.492537313 1.071066021e-16 0)
(1.492537313 3.310880992e-16 0)
(1.492537313 5.103503035e-16 0)
(1.492537313 4.472356491e-16 0)
(1.492537313 5.163531441e-16 0)
(1.492537313 5.78492581e-16 0)
(1.492537313 3.947589184e-16 0)
(1.492537313 8.207909139e-17 0)
(1.492537313 1.839267199e-16 0)
(1.492537313 1.414168329e-16 0)
(1.492537313 2.588828221e-16 0)
(1.492537313 2.063578111e-16 0)
(1.492537313 5.968449127e-17 0)
(1.492537313 -1.916758588e-16 0)
(1.492537313 -3.151232097e-16 0)
(1.492537313 -4.354402083e-16 0)
(1.492537313 -2.980053184e-16 0)
(1.492537313 -1.876223427e-16 0)
(1.492537313 -7.810996739e-17 0)
(1.492537313 -4.805354262e-17 0)
(1.492537313 5.74136239e-17 0)
(1.492537313 3.144060046e-17 0)
(1.492537313 -9.625611295e-17 0)
(1.492537313 -9.520159115e-17 0)
(1.492537313 5.540197279e-18 0)
(1.492537313 -1.684312645e-16 0)
(1.492537313 -3.166859552e-16 0)
(1.492537313 -1.66189739e-16 0)
(1.492537313 3.833250739e-17 0)
(1.492537313 -2.077641256e-16 0)
(1.492537313 -5.486823146e-16 0)
(1.492537313 -5.927411338e-16 0)
(1.492537313 -3.612075342e-16 0)
(1.492537313 -2.109017717e-16 0)
(1.492537313 -7.884725825e-17 0)
(1.492537313 9.913787248e-17 0)
(1.492537313 6.704608105e-17 0)
(1.492537313 2.60485467e-17 0)
(1.492537313 -2.03732571e-17 0)
(1.492537313 -1.541818484e-16 0)
(1.492537313 -2.572807462e-16 0)
(1.492537313 -6.63959443e-17 0)
(1.492537313 -3.340131117e-16 0)
(1.492537313 -5.177613356e-16 0)
(1.492537313 -2.778741907e-16 0)
(1.492537313 -1.074747225e-16 0)
(1.492537313 -3.898211063e-18 0)
(1.492537313 2.709256865e-16 0)
(1.492537313 2.683687478e-16 0)
(1.492537313 -2.966322879e-17 0)
(1.492537313 -1.635310118e-17 0)
(1.492537313 2.423911346e-16 0)
(1.492537313 4.223534134e-16 0)
(1.492537313 3.94286736e-16 0)
(1.492537313 4.493055447e-16 0)
(1.492537313 4.777095726e-16 0)
(1.492537313 4.071141195e-16 0)
(1.492537313 -5.11813286e-17 0)
(1.492537313 2.196834929e-17 0)
(1.492537313 1.555115006e-16 0)
(1.492537313 1.850369004e-17 0)
(1.492537313 -3.801567252e-17 0)
(1.492537313 8.129000504e-17 0)
(1.492537313 1.418746451e-16 0)
(1.492537313 2.013474967e-16 0)
(1.492537313 1.034287987e-16 0)
(1.492537313 -6.131349211e-17 0)
(1.492537313 3.800751311e-17 0)
(1.492537313 5.77537256e-17 0)
(1.492537313 -6.912113743e-17 0)
(1.492537313 1.845683602e-16 0)
(1.492537313 3.3304132e-16 0)
(1.492537313 7.410358587e-18 0)
(1.492537313 1.747035832e-16 0)
(1.492537313 1.923046359e-16 0)
(1.492537313 -3.348057215e-17 0)
(1.492537313 -9.664956243e-17 0)
(1.492537313 5.642352418e-17 0)
(1.492537313 4.478958859e-17 0)
(1.492537313 -8.691750676e-17 0)
(1.492537313 -2.060138525e-16 0)
(1.492537313 -1.453903303e-17 0)
(1.492537313 -5.141055607e-18 0)
(1.492537313 2.799333384e-17 0)
(1.492537313 -5.386802188e-17 0)
(1.492537313 -4.759364272e-16 0)
(1.492537313 -4.016128194e-16 0)
(1.492537313 -2.646732563e-16 0)
(1.492537313 -2.796261647e-17 0)
(1.492537313 6.088813114e-17 0)
(1.492537313 6.950173102e-17 0)
(1.492537313 -1.738159476e-17 0)
(1.492537313 -1.037310649e-16 0)
(1.492537313 1.097582527e-17 0)
(1.492537313 -1.804066044e-16 0)
(1.492537313 -3.279999829e-16 0)
(1.492537313 -1.985658228e-16 0)
(1.492537313 -1.000551615e-16 0)
(1.492537313 -9.495250644e-17 0)
(1.492537313 2.95556548e-17 0)
(1.492537313 -3.724317297e-17 0)
(1.492537313 1.690376284e-17 0)
(1.492537313 1.086080504e-16 0)
(1.492537313 -3.565043195e-17 0)
(1.492537313 -2.954878692e-16 0)
(1.492537313 -2.747432093e-16 0)
(1.492537313 3.100937249e-17 0)
(1.492537313 6.743522275e-17 0)
(1.492537313 -1.483198674e-16 0)
(1.492537313 -1.059774604e-17 0)
(1.492537313 1.599250258e-16 0)
(1.492537313 2.730272257e-16 0)
(1.492537313 3.838274171e-16 0)
(1.492537313 2.02928984e-16 0)
(1.492537313 3.446584577e-16 0)
(1.492537313 5.343865418e-16 0)
(1.492537313 1.520371274e-16 0)
(1.492537313 -5.809016805e-17 0)
(1.492537313 1.86649313e-16 0)
(1.492537313 2.893773107e-16 0)
(1.492537313 1.811866526e-16 0)
(1.492537313 1.618876242e-16 0)
(1.492537313 -4.437609008e-17 0)
(1.492537313 -3.020102615e-16 0)
(1.492537313 -4.791096955e-16 0)
(1.492537313 -5.157664902e-16 0)
(1.492537313 -1.813861437e-16 0)
(1.492537313 -1.189983142e-16 0)
(1.492537313 7.108789947e-18 0)
(1.492537313 6.484741165e-17 0)
(1.492537313 1.810486113e-16 0)
(1.492537313 2.159926304e-16 0)
(1.492537313 -2.015959209e-16 0)
(1.492537313 -4.141647257e-16 0)
(1.492537313 -4.668656042e-16 0)
(1.492537313 -3.559113128e-16 0)
(1.492537313 -1.70617251e-16 0)
(1.492537313 -1.019305183e-16 0)
(1.492537313 1.466926176e-16 0)
(1.492537313 1.222664932e-16 0)
(1.492537313 -6.398911827e-17 0)
(1.492537313 4.729598575e-16 0)
(1.492537313 7.528817743e-16 0)
(1.492537313 4.330529087e-16 0)
(1.492537313 3.56695424e-16 0)
(1.492537313 4.261742847e-16 0)
(1.492537313 4.225981454e-16 0)
(1.492537313 4.223642284e-16 0)
(1.492537313 2.673267481e-16 0)
(1.492537313 -1.910453664e-17 0)
(1.492537313 -1.615643893e-16 0)
(1.492537313 -7.085341073e-16 0)
(1.492537313 -7.12818643e-16 0)
(1.492537313 -3.67643391e-17 0)
(1.492537313 4.231869028e-17 0)
(1.492537313 -3.248516172e-17 0)
(1.492537313 1.574469543e-16 0)
(1.492537313 1.250311618e-16 0)
(1.492537313 -1.942666624e-16 0)
(1.492537313 -3.291582168e-16 0)
(1.492537313 6.851531027e-17 0)
(1.492537313 1.919562309e-16 0)
(1.492537313 -5.856283371e-17 0)
(1.492537313 5.131326447e-17 0)
(1.492537313 1.408981243e-17 0)
(1.492537313 2.896336626e-16 0)
(1.492537313 4.104058472e-16 0)
(1.492537313 5.706115802e-16 0)
(1.492537313 3.772149699e-16 0)
(1.492537313 -2.633750218e-16 0)
(1.492537313 -1.78215029e-16 0)
(1.492537313 -3.604781063e-16 0)
(1.492537313 -4.560111184e-16 0)
(1.492537313 -2.57218061e-16 0)
(1.492537313 -2.254155295e-16 0)
(1.492537313 -2.292641653e-16 0)
(1.492537313 -4.614934895e-16 0)
(1.492537313 -6.260463792e-19 0)
(1.492537313 3.344287177e-16 0)
(1.492537313 1.648278254e-16 0)
(1.492537313 2.426112373e-16 0)
(1.492537313 4.665928901e-16 0)
(1.492537313 5.207229217e-16 0)
(1.492537313 3.2008249e-16 0)
(1.492537313 -7.709192501e-17 0)
(1.492537313 -1.294044348e-16 0)
(1.492537313 6.127774012e-17 0)
(1.492537313 -1.639949991e-16 0)
(1.492537313 -4.219241225e-16 0)
(1.492537313 -5.882055095e-16 0)
(1.492537313 -2.838995043e-16 0)
(1.492537313 7.203481893e-18 0)
(1.492537313 5.603084323e-17 0)
(1.492537313 1.304977679e-16 0)
(1.492537313 2.689725327e-16 0)
(1.492537313 -9.375277847e-17 0)
(1.492537313 -3.176788348e-16 0)
(1.492537313 -1.196303117e-16 0)
(1.492537313 -5.867231187e-17 0)
(1.492537313 7.338164033e-17 0)
(1.462686567 3.113702674e-17 0)
(1.462686567 2.90123704e-16 0)
(1.462686567 3.897704885e-16 0)
(1.462686567 2.975082498e-16 0)
(1.462686567 3.863538619e-16 0)
(1.462686567 4.515067939e-16 0)
(1.462686567 4.313208298e-16 0)
(1.462686567 1.002749177e-16 0)
(1.462686567 -3.814358403e-18 0)
(1.462686567 1.407018095e-16 0)
(1.462686567 2.414903637e-16 0)
(1.462686567 1.796451686e-16 0)
(1.462686567 6.159714529e-17 0)
(1.462686567 -5.197471462e-17 0)
(1.462686567 -8.225978586e-17 0)
(1.462686567 -3.520647155e-16 0)
(1.462686567 -2.667345692e-16 0)
(1.462686567 -1.781364014e-16 0)
(1.462686567 -2.375666463e-16 0)
(1.462686567 -4.518355128e-17 0)
(1.462686567 -1.242687801e-17 0)
(1.462686567 -1.903761959e-17 0)
(1.462686567 2.872350222e-17 0)
(1.462686567 -3.776583748e-17 0)
(1.462686567 -3.032003489e-17 0)
(1.462686567 -1.559576597e-16 0)
(1.462686567 -3.972490784e-16 0)
(1.462686567 -1.719757099e-16 0)
(1.462686567 6.171862379e-17 0)
(1.462686567 -1.899451019e-16 0)
(1.462686567 -4.280440081e-16 0)
(1.462686567 -5.473092997e-16 0)
(1.462686567 -3.070798012e-16 0)
(1.462686567 -1.417608314e-16 0)
(1.462686567 6.478364979e-17 0)
(1.462686567 8.769449409e-17 0)
(1.462686567 4.325203323e-17 0)
(1.462686567 1.643103612e-17 0)
(1.462686567 -1.107593849e-16 0)
(1.462686567 -3.024419161e-16 0)
(1.462686567 -1.312470062e-16 0)
(1.462686567 1.886888534e-16 0)
(1.462686567 -3.663540671e-16 0)
(1.462686567 -6.433695125e-16 0)
(1.462686567 -3.831470614e-16 0)
(1.462686567 -1.396593831e-16 0)
(1.462686567 2.665758051e-17 0)
(1.462686567 4.023927842e-16 0)
(1.462686567 3.314856707e-16 0)
(1.462686567 6.386324438e-17 0)
(1.462686567 -1.70222175e-17 0)
(1.462686567 2.259217994e-16 0)
(1.462686567 3.390874648e-16 0)
(1.462686567 3.076009072e-16 0)
(1.462686567 3.854640558e-16 0)
(1.462686567 5.539133053e-16 0)
(1.462686567 4.126277006e-16 0)
(1.462686567 -1.436845704e-19 0)
(1.462686567 4.674624979e-17 0)
(1.462686567 1.32400752e-16 0)
(1.462686567 -2.875660748e-17 0)
(1.462686567 -4.236641632e-17 0)
(1.462686567 1.238185272e-16 0)
(1.462686567 2.355028523e-16 0)
(1.462686567 2.024707899e-16 0)
(1.462686567 1.102112871e-16 0)
(1.462686567 -1.176627765e-16 0)
(1.462686567 -6.259266647e-17 0)
(1.462686567 -5.720450234e-17 0)
(1.462686567 -4.18573491e-17 0)
(1.462686567 3.353939471e-16 0)
(1.462686567 3.064883411e-16 0)
(1.462686567 -9.770058034e-18 0)
(1.462686567 1.249879294e-16 0)
(1.462686567 1.630794556e-16 0)
(1.462686567 -8.823338075e-17 0)
(1.462686567 -2.475036892e-16 0)
(1.462686567 1.348018145e-16 0)
(1.462686567 1.901101415e-16 0)
(1.462686567 -1.419695498e-16 0)
(1.462686567 -1.753022892e-16 0)
(1.462686567 -8.886995635e-17 0)
(1.462686567 -1.296396139e-16 0)
(1.462686567 3.731730663e-17 0)
(1.462686567 3.234858764e-17 0)
(1.462686567 -3.391210307e-16 0)
(1.462686567 -4.359344797e-16 0)
(1.462686567 -3.79588161e-16 0)
(1.462686567 5.378053421e-17 0)
(1.462686567 1.063895591e-16 0)
(1.462686567 -2.026439603e-17 0)
(1.462686567 -2.283974294e-17 0)
(1.462686567 6.331878602e-18 0)
(1.462686567 6.525981965e-17 0)
(1.462686567 -1.146259946e-16 0)
(1.462686567 -1.732681806e-16 0)
(1.462686567 -2.112494106e-16 0)
(1.462686567 -2.518232258e-16 0)
(1.462686567 -1.037054609e-16 0)
(1.462686567 2.264777286e-17 0)
(1.462686567 -1.979421708e-16 0)
(1.462686567 -2.680504792e-16 0)
(1.462686567 1.525090154e-16 0)
(1.462686567 1.245754661e-16 0)
(1.462686567 -2.284754548e-16 0)
(1.462686567 -3.099087794e-16 0)
(1.462686567 3.738926097e-17 0)
(1.462686567 2.724602181e-16 0)
(1.462686567 -2.199881709e-16 0)
(1.462686567 -1.33586995e-16 0)
(1.462686567 1.9420231e-16 0)
(1.462686567 4.531012056e-16 0)
(1.462686567 4.208249569e-16 0)
(1.462686567 7.877640713e-17 0)
(1.462686567 9.845418733e-17 0)
(1.462686567 4.40336224e-16 0)
(1.462686567 1.991878763e-16 0)
(1.462686567 -6.731476853e-18 0)
(1.462686567 2.9452179e-16 0)
(1.462686567 3.502163043e-16 0)
(1.462686567 1.660070275e-16 0)
(1.462686567 4.897183761e-17 0)
(1.462686567 -1.676925726e-16 0)
(1.462686567 -2.557838065e-16 0)
(1.462686567 -3.395104759e-16 0)
(1.462686567 -3.292648117e-16 0)
(1.462686567 -2.041408436e-16 0)
(1.462686567 -2.469211203e-16 0)
(1.462686567 -1.133380326e-16 0)
(1.462686567 -5.143337597e-18 0)
(1.462686567 4.551247095e-17 0)
(1.462686567 1.787889955e-16 0)
(1.462686567 -1.287551094e-16 0)
(1.462686567 -2.838258481e-16 0)
(1.462686567 -5.735612639e-16 0)
(1.462686567 -3.036808832e-16 0)
(1.462686567 -8.092567549e-17 0)
(1.462686567 -2.556753129e-17 0)
(1.462686567 -1.599331792e-17 0)
(1.462686567 -1.116004718e-16 0)
(1.462686567 2.278165082e-17 0)
(1.462686567 6.98468345e-16 0)
(1.462686567 9.297536857e-16 0)
(1.462686567 3.0700056e-16 0)
(1.462686567 1.602975909e-16 0)
(1.462686567 4.529661805e-16 0)
(1.462686567 3.622280716e-16 0)
(1.462686567 2.756413263e-16 0)
(1.462686567 4.914196502e-16 0)
(1.462686567 1.841031624e-16 0)
(1.462686567 -4.240065976e-17 0)
(1.462686567 -8.146747753e-16 0)
(1.462686567 -7.111770016e-16 0)
(1.462686567 1.360688766e-16 0)
(1.462686567 -6.002675084e-17 0)
(1.462686567 -1.689033853e-16 0)
(1.462686567 1.680986361e-16 0)
(1.462686567 1.038900463e-16 0)
(1.462686567 -1.749198447e-16 0)
(1.462686567 -3.575113052e-16 0)
(1.462686567 6.023843874e-18 0)
(1.462686567 9.743473245e-17 0)
(1.462686567 6.225119877e-17 0)
(1.462686567 8.93904235e-17 0)
(1.462686567 9.872983288e-17 0)
(1.462686567 2.305216859e-16 0)
(1.462686567 3.856294967e-16 0)
(1.462686567 5.724809366e-16 0)
(1.462686567 2.456585483e-16 0)
(1.462686567 -1.700362658e-16 0)
(1.462686567 2.417404739e-17 0)
(1.462686567 -6.016038946e-16 0)
(1.462686567 -6.067006474e-16 0)
(1.462686567 -2.078395055e-16 0)
(1.462686567 -2.810516625e-16 0)
(1.462686567 -1.090336189e-16 0)
(1.462686567 -5.616971616e-16 0)
(1.462686567 -9.73629613e-17 0)
(1.462686567 5.262677266e-16 0)
(1.462686567 -4.313402425e-17 0)
(1.462686567 1.958817342e-16 0)
(1.462686567 6.488626303e-16 0)
(1.462686567 5.925402152e-16 0)
(1.462686567 4.084247032e-16 0)
(1.462686567 -3.329426225e-16 0)
(1.462686567 -1.334522147e-16 0)
(1.462686567 3.059242502e-16 0)
(1.462686567 -1.07958587e-16 0)
(1.462686567 -6.199959372e-16 0)
(1.462686567 -5.386703301e-16 0)
(1.462686567 -2.42320052e-17 0)
(1.462686567 1.213292762e-16 0)
(1.462686567 1.276714278e-16 0)
(1.462686567 1.412414966e-17 0)
(1.462686567 1.833330048e-16 0)
(1.462686567 -1.310285248e-16 0)
(1.462686567 -2.603993038e-16 0)
(1.462686567 -9.942720652e-17 0)
(1.462686567 7.536907017e-17 0)
(1.462686567 1.327543217e-16 0)
(1.402985075 5.308446503e-17 0)
(1.402985075 9.998047099e-17 0)
(1.402985075 1.611636146e-16 0)
(1.402985075 9.050277301e-17 0)
(1.402985075 3.524331291e-16 0)
(1.402985075 3.703978315e-16 0)
(1.402985075 3.569991666e-16 0)
(1.402985075 8.127210923e-17 0)
(1.402985075 -2.38363735e-17 0)
(1.402985075 1.613473158e-16 0)
(1.402985075 2.720555706e-16 0)
(1.402985075 2.253456528e-16 0)
(1.402985075 -2.5149402e-17 0)
(1.402985075 -4.895036015e-17 0)
(1.402985075 5.432615277e-17 0)
(1.402985075 -2.610525666e-16 0)
(1.402985075 -2.108760414e-16 0)
(1.402985075 -1.829704505e-16 0)
(1.402985075 -3.09623371e-16 0)
(1.402985075 -7.625283302e-17 0)
(1.402985075 -1.33288058e-17 0)
(1.402985075 6.484576341e-17 0)
(1.402985075 1.216252479e-16 0)
(1.402985075 -4.252697796e-17 0)
(1.402985075 -7.505899815e-17 0)
(1.402985075 -1.649703914e-16 0)
(1.402985075 -3.993634903e-16 0)
(1.402985075 -2.20372112e-16 0)
(1.402985075 6.7056072e-17 0)
(1.402985075 -9.913434089e-17 0)
(1.402985075 -3.507744876e-16 0)
(1.402985075 -4.174938095e-16 0)
(1.402985075 -2.520978243e-16 0)
(1.402985075 -7.950734823e-17 0)
(1.402985075 1.783762483e-16 0)
(1.402985075 7.56511434e-17 0)
(1.402985075 8.813062869e-17 0)
(1.402985075 -8.908395408e-17 0)
(1.402985075 -1.423855638e-16 0)
(1.402985075 -2.481436093e-16 0)
(1.402985075 -1.230802941e-16 0)
(1.402985075 2.502608782e-16 0)
(1.402985075 -2.516320887e-16 0)
(1.402985075 -6.709911211e-16 0)
(1.402985075 -4.569893248e-16 0)
(1.402985075 -2.051715064e-16 0)
(1.402985075 8.325046237e-17 0)
(1.402985075 3.965100923e-16 0)
(1.402985075 3.993137125e-16 0)
(1.402985075 1.083462165e-16 0)
(1.402985075 4.853204488e-17 0)
(1.402985075 1.347063115e-16 0)
(1.402985075 2.079363303e-16 0)
(1.402985075 2.239315921e-16 0)
(1.402985075 1.874077457e-16 0)
(1.402985075 6.063582392e-16 0)
(1.402985075 4.935969969e-16 0)
(1.402985075 8.100440108e-17 0)
(1.402985075 -3.461029221e-17 0)
(1.402985075 1.940868661e-16 0)
(1.402985075 5.280069356e-17 0)
(1.402985075 -1.088137175e-16 0)
(1.402985075 7.032964972e-17 0)
(1.402985075 2.463879898e-16 0)
(1.402985075 2.101800727e-16 0)
(1.402985075 1.199851459e-16 0)
(1.402985075 -1.331103075e-16 0)
(1.402985075 -1.37131181e-16 0)
(1.402985075 -1.262399907e-16 0)
(1.402985075 -4.286786843e-17 0)
(1.402985075 5.117657436e-16 0)
(1.402985075 1.448961635e-16 0)
(1.402985075 9.549023301e-19 0)
(1.402985075 2.855594838e-16 0)
(1.402985075 2.617267509e-16 0)
(1.402985075 -1.648571006e-16 0)
(1.402985075 -4.056564452e-16 0)
(1.402985075 7.822377565e-17 0)
(1.402985075 2.434100218e-16 0)
(1.402985075 -1.231823891e-16 0)
(1.402985075 -1.575149673e-16 0)
(1.402985075 -1.532156916e-16 0)
(1.402985075 -2.599126627e-16 0)
(1.402985075 6.491496657e-17 0)
(1.402985075 1.673235874e-16 0)
(1.402985075 -1.168807726e-16 0)
(1.402985075 -4.667082758e-16 0)
(1.402985075 -3.907021767e-16 0)
(1.402985075 9.882121361e-17 0)
(1.402985075 2.132438185e-16 0)
(1.402985075 -1.656079958e-16 0)
(1.402985075 -1.325275933e-16 0)
(1.402985075 1.32300086e-16 0)
(1.402985075 1.645922854e-16 0)
(1.402985075 -1.214077531e-16 0)
(1.402985075 1.308844155e-16 0)
(1.402985075 -1.984899637e-16 0)
(1.402985075 -4.930060915e-16 0)
(1.402985075 -1.243529647e-16 0)
(1.402985075 5.327299958e-17 0)
(1.402985075 -2.276429249e-16 0)
(1.402985075 -4.656849734e-16 0)
(1.402985075 9.101199175e-17 0)
(1.402985075 2.877066441e-16 0)
(1.402985075 -2.042716342e-16 0)
(1.402985075 -4.272454685e-16 0)
(1.402985075 1.903729131e-16 0)
(1.402985075 4.454697128e-16 0)
(1.402985075 -2.883759882e-16 0)
(1.402985075 -2.815235196e-16 0)
(1.402985075 7.629490636e-17 0)
(1.402985075 6.853104712e-16 0)
(1.402985075 4.565179878e-16 0)
(1.402985075 5.356655266e-17 0)
(1.402985075 1.632222898e-17 0)
(1.402985075 1.726062454e-16 0)
(1.402985075 3.334042086e-16 0)
(1.402985075 7.549783008e-17 0)
(1.402985075 2.011992002e-16 0)
(1.402985075 3.290077281e-16 0)
(1.402985075 2.250564076e-16 0)
(1.402985075 -2.113152759e-16 0)
(1.402985075 -3.011200918e-16 0)
(1.402985075 -6.594720671e-17 0)
(1.402985075 -1.556632633e-16 0)
(1.402985075 -1.742765351e-16 0)
(1.402985075 -2.020588382e-16 0)
(1.402985075 -4.638510612e-16 0)
(1.402985075 -2.012984884e-16 0)
(1.402985075 -4.816891116e-17 0)
(1.402985075 -2.001106627e-17 0)
(1.402985075 1.577354088e-16 0)
(1.402985075 -9.37677201e-17 0)
(1.402985075 -2.336761552e-17 0)
(1.402985075 -7.216001265e-16 0)
(1.402985075 -2.557394229e-16 0)
(1.402985075 1.540921446e-16 0)
(1.402985075 -1.264928051e-18 0)
(1.402985075 -3.452822014e-16 0)
(1.402985075 -5.152693212e-16 0)
(1.402985075 1.621257879e-16 0)
(1.402985075 9.097069327e-16 0)
(1.402985075 8.907874833e-16 0)
(1.402985075 1.21947746e-17 0)
(1.402985075 -7.119281234e-17 0)
(1.402985075 7.41735107e-16 0)
(1.402985075 3.793698978e-16 0)
(1.402985075 1.846532113e-16 0)
(1.402985075 5.437309087e-16 0)
(1.402985075 4.638932048e-16 0)
(1.402985075 2.110664964e-16 0)
(1.402985075 -9.728788346e-16 0)
(1.402985075 -6.987677975e-16 0)
(1.402985075 3.451146955e-16 0)
(1.402985075 -2.174772657e-16 0)
(1.402985075 -3.042807737e-16 0)
(1.402985075 1.675242149e-16 0)
(1.402985075 -3.106915306e-17 0)
(1.402985075 -1.455239898e-16 0)
(1.402985075 -4.054147218e-16 0)
(1.402985075 2.47040141e-17 0)
(1.402985075 1.123631776e-16 0)
(1.402985075 2.005633145e-16 0)
(1.402985075 6.969307958e-17 0)
(1.402985075 2.800424133e-18 0)
(1.402985075 1.828086598e-16 0)
(1.402985075 3.614585916e-16 0)
(1.402985075 6.529601424e-16 0)
(1.402985075 9.699398171e-17 0)
(1.402985075 -1.264854464e-16 0)
(1.402985075 2.966749132e-16 0)
(1.402985075 -8.82459312e-16 0)
(1.402985075 -7.488569606e-16 0)
(1.402985075 -1.024337133e-16 0)
(1.402985075 -2.582861377e-16 0)
(1.402985075 -3.65230332e-17 0)
(1.402985075 -9.506679281e-16 0)
(1.402985075 -1.970159356e-16 0)
(1.402985075 9.877665998e-16 0)
(1.402985075 -2.903548354e-16 0)
(1.402985075 -2.70419024e-18 0)
(1.402985075 9.446626395e-16 0)
(1.402985075 6.609399533e-16 0)
(1.402985075 4.824210491e-16 0)
(1.402985075 -6.403152179e-16 0)
(1.402985075 -2.067622929e-16 0)
(1.402985075 6.143450628e-16 0)
(1.402985075 2.561026355e-17 0)
(1.402985075 -7.876155969e-16 0)
(1.402985075 -6.190839394e-16 0)
(1.402985075 2.199881172e-16 0)
(1.402985075 3.929216292e-16 0)
(1.402985075 2.676615822e-16 0)
(1.402985075 -2.928547244e-16 0)
(1.402985075 -1.202831717e-16 0)
(1.402985075 -1.497419123e-16 0)
(1.402985075 -1.315187559e-16 0)
(1.402985075 1.227870834e-16 0)
(1.402985075 1.081783496e-16 0)
(1.402985075 6.938630948e-17 0)
(1.313432836 -1.758853726e-17 0)
(1.313432836 1.235412023e-17 0)
(1.313432836 -2.474700363e-18 0)
(1.313432836 -7.998563399e-17 0)
(1.313432836 2.420003874e-16 0)
(1.313432836 3.289823408e-16 0)
(1.313432836 2.253726693e-16 0)
(1.313432836 8.8695548e-17 0)
(1.313432836 4.504128458e-18 0)
(1.313432836 2.163997026e-16 0)
(1.313432836 2.716749964e-16 0)
(1.313432836 2.366832774e-16 0)
(1.313432836 -2.186794861e-17 0)
(1.313432836 4.342921713e-17 0)
(1.313432836 1.755934964e-16 0)
(1.313432836 -2.238273943e-16 0)
(1.313432836 -2.234626021e-16 0)
(1.313432836 -1.242881724e-16 0)
(1.313432836 -3.430973066e-16 0)
(1.313432836 -2.10050209e-16 0)
(1.313432836 2.854796799e-17 0)
(1.313432836 1.069083198e-16 0)
(1.313432836 1.864972803e-16 0)
(1.313432836 5.504342228e-17 0)
(1.313432836 -2.077683507e-16 0)
(1.313432836 -1.82446082e-16 0)
(1.313432836 -3.355788924e-16 0)
(1.313432836 -3.318002761e-16 0)
(1.313432836 5.494320192e-17 0)
(1.313432836 1.411409596e-17 0)
(1.313432836 -3.06481708e-16 0)
(1.313432836 -2.837229347e-16 0)
(1.313432836 -1.875822123e-16 0)
(1.313432836 -4.182012012e-17 0)
(1.313432836 2.308980757e-16 0)
(1.313432836 9.799657526e-17 0)
(1.313432836 1.1970667e-16 0)
(1.313432836 -8.157044799e-17 0)
(1.313432836 -1.34939452e-16 0)
(1.313432836 -9.220737174e-17 0)
(1.313432836 -2.302204124e-16 0)
(1.313432836 1.999494637e-16 0)
(1.313432836 -1.156304934e-16 0)
(1.313432836 -5.747766501e-16 0)
(1.313432836 -4.515728596e-16 0)
(1.313432836 -1.675440637e-16 0)
(1.313432836 9.803762526e-17 0)
(1.313432836 2.495253218e-16 0)
(1.313432836 3.778659503e-16 0)
(1.313432836 1.295607449e-16 0)
(1.313432836 1.498943556e-16 0)
(1.313432836 1.678490513e-16 0)
(1.313432836 1.446415327e-16 0)
(1.313432836 1.24239631e-16 0)
(1.313432836 4.419739323e-17 0)
(1.313432836 5.644353017e-16 0)
(1.313432836 4.98478554e-16 0)
(1.313432836 1.469235427e-16 0)
(1.313432836 -4.555186982e-17 0)
(1.313432836 1.81651706e-16 0)
(1.313432836 1.224867518e-16 0)
(1.313432836 -9.751805977e-17 0)
(1.313432836 9.31904389e-17 0)
(1.313432836 5.084542065e-17 0)
(1.313432836 1.448890004e-16 0)
(1.313432836 2.082216622e-16 0)
(1.313432836 -1.969902696e-16 0)
(1.313432836 -2.024387557e-16 0)
(1.313432836 -1.172311823e-16 0)
(1.313432836 -5.132869316e-17 0)
(1.313432836 5.550190442e-16 0)
(1.313432836 7.294574897e-17 0)
(1.313432836 -1.061628841e-17 0)
(1.313432836 3.583451477e-16 0)
(1.313432836 3.608299244e-16 0)
(1.313432836 -2.112866839e-16 0)
(1.313432836 -5.736584232e-16 0)
(1.313432836 1.32226175e-16 0)
(1.313432836 2.629627361e-16 0)
(1.313432836 -7.066031218e-17 0)
(1.313432836 -1.921018522e-16 0)
(1.313432836 -2.445319655e-16 0)
(1.313432836 -2.379790975e-16 0)
(1.313432836 5.228165681e-17 0)
(1.313432836 2.857439125e-16 0)
(1.313432836 3.156460446e-17 0)
(1.313432836 -3.65902752e-16 0)
(1.313432836 -4.208568528e-16 0)
(1.313432836 -5.564650519e-17 0)
(1.313432836 2.283265445e-16 0)
(1.313432836 -2.333013791e-16 0)
(1.313432836 -1.411608201e-16 0)
(1.313432836 2.929553748e-16 0)
(1.313432836 1.329904264e-16 0)
(1.313432836 -1.276498812e-16 0)
(1.313432836 4.257337931e-16 0)
(1.313432836 -1.171965121e-16 0)
(1.313432836 -6.441893064e-16 0)
(1.313432836 -1.531523066e-16 0)
(1.313432836 1.493569245e-16 0)
(1.313432836 -3.056974809e-16 0)
(1.313432836 -5.434579996e-16 0)
(1.313432836 1.089044114e-16 0)
(1.313432836 4.037046577e-16 0)
(1.313432836 -2.492376959e-16 0)
(1.313432836 -5.129547435e-16 0)
(1.313432836 2.877527856e-16 0)
(1.313432836 5.539051033e-16 0)
(1.313432836 -3.805781087e-16 0)
(1.313432836 -3.875425782e-16 0)
(1.313432836 -2.426961386e-17 0)
(1.313432836 6.226615722e-16 0)
(1.313432836 5.516079516e-16 0)
(1.313432836 7.315514986e-17 0)
(1.313432836 -7.054084551e-17 0)
(1.313432836 9.617911173e-17 0)
(1.313432836 3.704031478e-16 0)
(1.313432836 1.957530669e-16 0)
(1.313432836 1.974894179e-16 0)
(1.313432836 2.932405107e-16 0)
(1.313432836 4.425511785e-17 0)
(1.313432836 -4.248285268e-16 0)
(1.313432836 -3.609938027e-16 0)
(1.313432836 2.11183253e-16 0)
(1.313432836 1.158801398e-16 0)
(1.313432836 -9.26101294e-17 0)
(1.313432836 -2.033471094e-16 0)
(1.313432836 -5.512650338e-16 0)
(1.313432836 -2.876813993e-16 0)
(1.313432836 -9.799262718e-17 0)
(1.313432836 -1.238280578e-16 0)
(1.313432836 1.531823977e-16 0)
(1.313432836 1.441523894e-18 0)
(1.313432836 8.789056286e-18 0)
(1.313432836 -7.691454171e-16 0)
(1.313432836 -5.601745644e-17 0)
(1.313432836 3.574944512e-16 0)
(1.313432836 -1.067126184e-16 0)
(1.313432836 -5.270774195e-16 0)
(1.313432836 -8.272649456e-16 0)
(1.313432836 2.227587448e-16 0)
(1.313432836 9.575895839e-16 0)
(1.313432836 8.079376834e-16 0)
(1.313432836 -2.572169273e-16 0)
(1.313432836 -1.268992963e-16 0)
(1.313432836 8.55856849e-16 0)
(1.313432836 3.903327127e-16 0)
(1.313432836 1.933889016e-16 0)
(1.313432836 4.978141465e-16 0)
(1.313432836 6.293340904e-16 0)
(1.313432836 3.628990671e-16 0)
(1.313432836 -1.018536879e-15 0)
(1.313432836 -6.46439793e-16 0)
(1.313432836 3.646646754e-16 0)
(1.313432836 -3.595600001e-16 0)
(1.313432836 -3.369915333e-16 0)
(1.313432836 1.622767934e-16 0)
(1.313432836 -8.712228262e-17 0)
(1.313432836 -1.139273479e-16 0)
(1.313432836 -5.051320737e-16 0)
(1.313432836 1.256140699e-16 0)
(1.313432836 1.01042961e-16 0)
(1.313432836 8.116922795e-17 0)
(1.313432836 1.322492391e-16 0)
(1.313432836 -2.62452128e-17 0)
(1.313432836 1.252105023e-16 0)
(1.313432836 3.088951385e-16 0)
(1.313432836 7.872202674e-16 0)
(1.313432836 -2.426738365e-17 0)
(1.313432836 -1.010155229e-16 0)
(1.313432836 3.413142578e-16 0)
(1.313432836 -9.577923069e-16 0)
(1.313432836 -7.655767038e-16 0)
(1.313432836 -4.86417556e-17 0)
(1.313432836 -3.082483165e-16 0)
(1.313432836 -4.256409063e-17 0)
(1.313432836 -1.128721174e-15 0)
(1.313432836 -2.748991219e-16 0)
(1.313432836 1.170929177e-15 0)
(1.313432836 -3.476666403e-16 0)
(1.313432836 -1.727159749e-17 0)
(1.313432836 1.043210603e-15 0)
(1.313432836 6.435125126e-16 0)
(1.313432836 4.978838446e-16 0)
(1.313432836 -7.086264713e-16 0)
(1.313432836 -2.172142718e-16 0)
(1.313432836 8.641059343e-16 0)
(1.313432836 4.901676673e-17 0)
(1.313432836 -8.561283538e-16 0)
(1.313432836 -5.638440719e-16 0)
(1.313432836 3.349648351e-16 0)
(1.313432836 6.162337297e-16 0)
(1.313432836 3.310612187e-16 0)
(1.313432836 -4.637707508e-16 0)
(1.313432836 -2.838193019e-16 0)
(1.313432836 -3.837105872e-16 0)
(1.313432836 -1.74744556e-16 0)
(1.313432836 3.618015474e-16 0)
(1.313432836 2.218469545e-16 0)
(1.313432836 1.138462938e-16 0)
(1.194029851 -1.766820664e-16 0)
(1.194029851 -8.31394417e-17 0)
(1.194029851 -8.949806494e-17 0)
(1.194029851 -6.650052791e-17 0)
(1.194029851 1.514499042e-16 0)
(1.194029851 1.570983461e-16 0)
(1.194029851 8.484085786e-17 0)
(1.194029851 1.998952062e-16 0)
(1.194029851 2.513272409e-17 0)
(1.194029851 1.346068245e-16 0)
(1.194029851 3.197780862e-16 0)
(1.194029851 1.804686204e-16 0)
(1.194029851 -6.762466065e-17 0)
(1.194029851 1.277500435e-16 0)
(1.194029851 2.464965843e-16 0)
(1.194029851 -1.467766385e-16 0)
(1.194029851 -1.231329538e-16 0)
(1.194029851 -1.084751545e-16 0)
(1.194029851 -4.720505296e-16 0)
(1.194029851 -2.860362374e-16 0)
(1.194029851 7.004472071e-18 0)
(1.194029851 1.46833131e-16 0)
(1.194029851 2.853982582e-16 0)
(1.194029851 1.623396087e-16 0)
(1.194029851 -2.274752192e-16 0)
(1.194029851 -3.419752159e-16 0)
(1.194029851 -3.161989487e-16 0)
(1.194029851 -2.333982125e-16 0)
(1.194029851 1.703637435e-17 0)
(1.194029851 -5.057359195e-17 0)
(1.194029851 -2.840388284e-16 0)
(1.194029851 -1.466859382e-16 0)
(1.194029851 -1.05954259e-16 0)
(1.194029851 7.620840238e-17 0)
(1.194029851 3.001506305e-16 0)
(1.194029851 3.72812388e-17 0)
(1.194029851 1.100231145e-16 0)
(1.194029851 -9.511795594e-17 0)
(1.194029851 -1.779096975e-16 0)
(1.194029851 5.971266156e-17 0)
(1.194029851 -2.33179858e-16 0)
(1.194029851 7.262773431e-17 0)
(1.194029851 4.998604091e-18 0)
(1.194029851 -2.709511516e-16 0)
(1.194029851 -3.574481105e-16 0)
(1.194029851 -1.710847069e-16 0)
(1.194029851 -3.975489297e-17 0)
(1.194029851 6.034926783e-17 0)
(1.194029851 2.817471155e-16 0)
(1.194029851 5.156537775e-17 0)
(1.194029851 1.894037348e-16 0)
(1.194029851 2.382107187e-16 0)
(1.194029851 1.612320472e-16 0)
(1.194029851 -3.052549415e-18 0)
(1.194029851 2.33661546e-17 0)
(1.194029851 4.83193034e-16 0)
(1.194029851 3.865712761e-16 0)
(1.194029851 1.661610015e-16 0)
(1.194029851 -1.763182494e-17 0)
(1.194029851 1.241614031e-16 0)
(1.194029851 1.87960596e-16 0)
(1.194029851 -9.559228441e-17 0)
(1.194029851 7.333741481e-17 0)
(1.194029851 2.569499875e-17 0)
(1.194029851 8.018659612e-17 0)
(1.194029851 2.511088316e-16 0)
(1.194029851 -1.973028976e-16 0)
(1.194029851 -1.661100117e-16 0)
(1.194029851 -1.471026362e-17 0)
(1.194029851 -1.160003878e-16 0)
(1.194029851 4.892787907e-16 0)
(1.194029851 1.030123028e-16 0)
(1.194029851 -7.09483839e-17 0)
(1.194029851 2.536440957e-16 0)
(1.194029851 4.004273087e-16 0)
(1.194029851 -2.05553589e-16 0)
(1.194029851 -6.754938446e-16 0)
(1.194029851 3.25811805e-16 0)
(1.194029851 4.266518764e-16 0)
(1.194029851 -9.780428957e-17 0)
(1.194029851 -3.228043432e-16 0)
(1.194029851 -3.101221829e-16 0)
(1.194029851 -1.401854559e-16 0)
(1.194029851 5.155176182e-17 0)
(1.194029851 2.528199654e-16 0)
(1.194029851 1.579869922e-17 0)
(1.194029851 -2.986673262e-16 0)
(1.194029851 -5.569753477e-16 0)
(1.194029851 -6.209903038e-17 0)
(1.194029851 2.348981744e-16 0)
(1.194029851 -1.450554983e-16 0)
(1.194029851 -4.281957029e-17 0)
(1.194029851 3.314583134e-16 0)
(1.194029851 1.719313737e-16 0)
(1.194029851 -2.240756811e-16 0)
(1.194029851 4.723237249e-16 0)
(1.194029851 -3.962567253e-17 0)
(1.194029851 -5.967544138e-16 0)
(1.194029851 1.009454073e-17 0)
(1.194029851 1.023060662e-16 0)
(1.194029851 -4.374528397e-16 0)
(1.194029851 -5.240872696e-16 0)
(1.194029851 2.788189515e-16 0)
(1.194029851 3.797067601e-16 0)
(1.194029851 -2.532202009e-16 0)
(1.194029851 -4.765989604e-16 0)
(1.194029851 3.227234494e-16 0)
(1.194029851 5.235597818e-16 0)
(1.194029851 -3.654958972e-16 0)
(1.194029851 -3.761070016e-16 0)
(1.194029851 2.745192429e-17 0)
(1.194029851 4.614083896e-16 0)
(1.194029851 4.013182274e-16 0)
(1.194029851 1.527271566e-16 0)
(1.194029851 -1.663010288e-16 0)
(1.194029851 1.036250728e-16 0)
(1.194029851 3.667564003e-16 0)
(1.194029851 1.44300129e-16 0)
(1.194029851 1.081651883e-16 0)
(1.194029851 3.540207456e-16 0)
(1.194029851 7.125845672e-17 0)
(1.194029851 -5.013848065e-16 0)
(1.194029851 -3.469654419e-16 0)
(1.194029851 3.558984101e-16 0)
(1.194029851 1.317266054e-16 0)
(1.194029851 -6.9812649e-17 0)
(1.194029851 -1.723211474e-16 0)
(1.194029851 -5.336607974e-16 0)
(1.194029851 -2.569539304e-16 0)
(1.194029851 -1.189460532e-16 0)
(1.194029851 -1.737889103e-16 0)
(1.194029851 2.597970998e-16 0)
(1.194029851 7.697712633e-17 0)
(1.194029851 -2.202117726e-16 0)
(1.194029851 -7.943250604e-16 0)
(1.194029851 1.571313102e-16 0)
(1.194029851 5.481610943e-16 0)
(1.194029851 -1.12018733e-16 0)
(1.194029851 -5.439343484e-16 0)
(1.194029851 -9.231054351e-16 0)
(1.194029851 2.073345695e-16 0)
(1.194029851 9.137504949e-16 0)
(1.194029851 6.029101018e-16 0)
(1.194029851 -4.463720731e-16 0)
(1.194029851 -1.064835002e-16 0)
(1.194029851 8.570519245e-16 0)
(1.194029851 2.839443862e-16 0)
(1.194029851 2.475889853e-16 0)
(1.194029851 4.347112106e-16 0)
(1.194029851 7.184069071e-16 0)
(1.194029851 6.197765091e-16 0)
(1.194029851 -1.186682084e-15 0)
(1.194029851 -6.934151466e-16 0)
(1.194029851 3.977895879e-16 0)
(1.194029851 -4.542001758e-16 0)
(1.194029851 -2.200566912e-16 0)
(1.194029851 2.770178398e-16 0)
(1.194029851 -2.019292042e-16 0)
(1.194029851 -8.663680374e-17 0)
(1.194029851 -3.65679555e-16 0)
(1.194029851 8.916892991e-17 0)
(1.194029851 -3.778224797e-17 0)
(1.194029851 -8.082823615e-17 0)
(1.194029851 1.830643525e-16 0)
(1.194029851 2.136990533e-17 0)
(1.194029851 2.842680035e-16 0)
(1.194029851 3.166273713e-16 0)
(1.194029851 6.65163006e-16 0)
(1.194029851 -3.770534021e-17 0)
(1.194029851 -1.527154126e-16 0)
(1.194029851 4.079431038e-16 0)
(1.194029851 -9.171882216e-16 0)
(1.194029851 -8.007574647e-16 0)
(1.194029851 -6.914658791e-17 0)
(1.194029851 -4.327333149e-16 0)
(1.194029851 2.591000451e-17 0)
(1.194029851 -1.162913633e-15 0)
(1.194029851 -3.210511495e-16 0)
(1.194029851 1.303614042e-15 0)
(1.194029851 -2.786627395e-16 0)
(1.194029851 6.761237248e-17 0)
(1.194029851 1.042681288e-15 0)
(1.194029851 4.702344493e-16 0)
(1.194029851 4.122100045e-16 0)
(1.194029851 -6.789808215e-16 0)
(1.194029851 -2.736135176e-16 0)
(1.194029851 9.179399957e-16 0)
(1.194029851 1.501264577e-17 0)
(1.194029851 -8.133992961e-16 0)
(1.194029851 -5.738094116e-16 0)
(1.194029851 3.415431059e-16 0)
(1.194029851 8.364080827e-16 0)
(1.194029851 4.265956827e-16 0)
(1.194029851 -4.10353414e-16 0)
(1.194029851 -6.089407304e-16 0)
(1.194029851 -4.53270166e-16 0)
(1.194029851 -7.615739481e-17 0)
(1.194029851 3.398923009e-16 0)
(1.194029851 4.503437207e-16 0)
(1.194029851 2.883634311e-16 0)
(1.044776119 1.182057091e-16 0)
(1.044776119 -9.705435896e-17 0)
(1.044776119 -3.781906233e-18 0)
(1.044776119 -2.742464713e-17 0)
(1.044776119 8.406544809e-17 0)
(1.044776119 -2.2135869e-17 0)
(1.044776119 2.027298049e-17 0)
(1.044776119 1.513408753e-16 0)
(1.044776119 -5.102333542e-17 0)
(1.044776119 9.594091314e-17 0)
(1.044776119 3.446601506e-16 0)
(1.044776119 1.826230585e-16 0)
(1.044776119 -1.052878327e-17 0)
(1.044776119 2.643496265e-16 0)
(1.044776119 2.17594808e-16 0)
(1.044776119 -1.735868058e-16 0)
(1.044776119 -3.34729949e-17 0)
(1.044776119 -1.596545293e-16 0)
(1.044776119 -4.529620045e-16 0)
(1.044776119 -2.149746265e-16 0)
(1.044776119 3.207979241e-17 0)
(1.044776119 9.736332966e-17 0)
(1.044776119 2.928118436e-16 0)
(1.044776119 2.598003657e-16 0)
(1.044776119 -1.314936872e-16 0)
(1.044776119 -4.317187104e-16 0)
(1.044776119 -3.357690433e-16 0)
(1.044776119 -6.08409331e-17 0)
(1.044776119 -5.666181155e-17 0)
(1.044776119 -2.693459156e-16 0)
(1.044776119 -1.494416631e-16 0)
(1.044776119 -5.48167114e-18 0)
(1.044776119 -1.068459656e-16 0)
(1.044776119 6.879153172e-17 0)
(1.044776119 3.531781891e-16 0)
(1.044776119 -2.935633084e-17 0)
(1.044776119 7.769397781e-17 0)
(1.044776119 -1.318305219e-16 0)
(1.044776119 -1.855266074e-16 0)
(1.044776119 1.371961522e-16 0)
(1.044776119 -2.461086059e-16 0)
(1.044776119 3.64364989e-17 0)
(1.044776119 1.92111184e-16 0)
(1.044776119 -3.853610117e-17 0)
(1.044776119 -3.018465297e-16 0)
(1.044776119 -1.36076628e-16 0)
(1.044776119 -1.126223157e-16 0)
(1.044776119 -1.007640974e-16 0)
(1.044776119 1.070898882e-16 0)
(1.044776119 6.399297811e-17 0)
(1.044776119 1.902283047e-16 0)
(1.044776119 1.263709409e-16 0)
(1.044776119 1.513878657e-16 0)
(1.044776119 1.117447539e-17 0)
(1.044776119 -3.173013458e-17 0)
(1.044776119 4.107948991e-16 0)
(1.044776119 3.71274971e-16 0)
(1.044776119 -4.21299495e-17 0)
(1.044776119 -1.966204037e-17 0)
(1.044776119 7.930506513e-17 0)
(1.044776119 1.281904791e-16 0)
(1.044776119 9.49321171e-17 0)
(1.044776119 9.366918303e-17 0)
(1.044776119 -6.882526814e-17 0)
(1.044776119 2.546493806e-17 0)
(1.044776119 1.799024968e-16 0)
(1.044776119 -1.083531241e-16 0)
(1.044776119 9.157694678e-17 0)
(1.044776119 -3.289912449e-17 0)
(1.044776119 -2.004893237e-16 0)
(1.044776119 5.680290442e-16 0)
(1.044776119 -4.867487779e-17 0)
(1.044776119 -2.824640958e-16 0)
(1.044776119 3.931901523e-16 0)
(1.044776119 4.866573954e-16 0)
(1.044776119 -3.119275312e-16 0)
(1.044776119 -6.606848745e-16 0)
(1.044776119 3.12598483e-16 0)
(1.044776119 5.523773447e-16 0)
(1.044776119 -5.945184215e-17 0)
(1.044776119 -2.661298895e-16 0)
(1.044776119 -2.810792174e-16 0)
(1.044776119 -4.025753021e-16 0)
(1.044776119 1.173889981e-17 0)
(1.044776119 4.835300646e-16 0)
(1.044776119 -1.046688787e-16 0)
(1.044776119 -3.265555604e-16 0)
(1.044776119 -4.167660798e-16 0)
(1.044776119 -1.393189569e-17 0)
(1.044776119 6.524485105e-17 0)
(1.044776119 -1.197252863e-16 0)
(1.044776119 1.176411063e-16 0)
(1.044776119 4.543656751e-16 0)
(1.044776119 8.845392593e-17 0)
(1.044776119 -2.949703931e-16 0)
(1.044776119 5.162386951e-16 0)
(1.044776119 -7.57091475e-17 0)
(1.044776119 -6.366091313e-16 0)
(1.044776119 1.458119833e-17 0)
(1.044776119 3.494162044e-16 0)
(1.044776119 -3.344743089e-16 0)
(1.044776119 -7.517845402e-16 0)
(1.044776119 2.731424655e-16 0)
(1.044776119 6.009387658e-16 0)
(1.044776119 -1.827105376e-16 0)
(1.044776119 -5.176580884e-16 0)
(1.044776119 3.509819019e-16 0)
(1.044776119 5.617803159e-16 0)
(1.044776119 -3.476208338e-16 0)
(1.044776119 -3.903579846e-16 0)
(1.044776119 -2.686062494e-16 0)
(1.044776119 4.749287366e-16 0)
(1.044776119 5.473252761e-16 0)
(1.044776119 -3.144748928e-17 0)
(1.044776119 -1.233309836e-16 0)
(1.044776119 1.503940924e-17 0)
(1.044776119 2.626354405e-16 0)
(1.044776119 1.110730237e-16 0)
(1.044776119 3.020555893e-17 0)
(1.044776119 2.846581487e-16 0)
(1.044776119 2.318901553e-16 0)
(1.044776119 -4.886554781e-16 0)
(1.044776119 -3.593327845e-16 0)
(1.044776119 5.320139947e-16 0)
(1.044776119 2.03013793e-16 0)
(1.044776119 -2.569049817e-16 0)
(1.044776119 -2.461159938e-16 0)
(1.044776119 -4.660178002e-16 0)
(1.044776119 -6.598037754e-17 0)
(1.044776119 -1.929915723e-16 0)
(1.044776119 -2.064147915e-16 0)
(1.044776119 3.127755627e-16 0)
(1.044776119 4.882443685e-17 0)
(1.044776119 -2.788898536e-17 0)
(1.044776119 -9.117018077e-16 0)
(1.044776119 2.093424732e-16 0)
(1.044776119 9.839767344e-16 0)
(1.044776119 6.606557034e-17 0)
(1.044776119 -9.095798124e-16 0)
(1.044776119 -1.032630878e-15 0)
(1.044776119 3.584622007e-16 0)
(1.044776119 8.521846689e-16 0)
(1.044776119 5.243255919e-16 0)
(1.044776119 -7.27799338e-16 0)
(1.044776119 -2.030610323e-16 0)
(1.044776119 1.041343596e-15 0)
(1.044776119 3.488002177e-17 0)
(1.044776119 -1.36591992e-17 0)
(1.044776119 6.311284039e-16 0)
(1.044776119 8.847214796e-16 0)
(1.044776119 3.022003082e-16 0)
(1.044776119 -1.303313577e-15 0)
(1.044776119 -5.239190831e-16 0)
(1.044776119 6.897713545e-16 0)
(1.044776119 -5.973713763e-16 0)
(1.044776119 -3.103805894e-16 0)
(1.044776119 3.921198848e-16 0)
(1.044776119 4.238312311e-17 0)
(1.044776119 -3.095694104e-17 0)
(1.044776119 -4.607189929e-16 0)
(1.044776119 2.275441277e-16 0)
(1.044776119 6.867725386e-17 0)
(1.044776119 6.075381419e-18 0)
(1.044776119 5.413790997e-17 0)
(1.044776119 -9.373881331e-17 0)
(1.044776119 -6.46982937e-17 0)
(1.044776119 2.70111936e-16 0)
(1.044776119 8.902349459e-16 0)
(1.044776119 -2.443068092e-16 0)
(1.044776119 -3.231774927e-18 0)
(1.044776119 6.284703982e-16 0)
(1.044776119 -1.232346126e-15 0)
(1.044776119 -7.878631699e-16 0)
(1.044776119 2.470905094e-16 0)
(1.044776119 -2.375826618e-16 0)
(1.044776119 5.770597281e-18 0)
(1.044776119 -1.28095592e-15 0)
(1.044776119 -2.208441478e-16 0)
(1.044776119 1.340472177e-15 0)
(1.044776119 -5.546780297e-16 0)
(1.044776119 1.502623268e-17 0)
(1.044776119 1.158140313e-15 0)
(1.044776119 5.289471694e-16 0)
(1.044776119 3.820851584e-16 0)
(1.044776119 -1.070287639e-15 0)
(1.044776119 -2.23170711e-16 0)
(1.044776119 1.256250155e-15 0)
(1.044776119 2.051914265e-17 0)
(1.044776119 -1.095961951e-15 0)
(1.044776119 -5.137483749e-16 0)
(1.044776119 5.435366538e-16 0)
(1.044776119 8.239156534e-16 0)
(1.044776119 3.520163187e-16 0)
(1.044776119 -6.101946038e-16 0)
(1.044776119 -3.673539663e-16 0)
(1.044776119 -3.120691829e-16 0)
(1.044776119 -2.229700981e-16 0)
(1.044776119 4.558440273e-16 0)
(1.044776119 1.139379127e-16 0)
(1.044776119 2.242329204e-16 0)
(0.8656716418 7.405048693e-17 0)
(0.8656716418 -1.086152799e-16 0)
(0.8656716418 -3.068630182e-18 0)
(0.8656716418 4.236972279e-18 0)
(0.8656716418 -2.810680671e-17 0)
(0.8656716418 -1.304642028e-16 0)
(0.8656716418 4.767426045e-17 0)
(0.8656716418 1.26578307e-16 0)
(0.8656716418 -1.151327547e-16 0)
(0.8656716418 5.026091802e-17 0)
(0.8656716418 1.672659198e-16 0)
(0.8656716418 2.161405417e-16 0)
(0.8656716418 1.491191178e-16 0)
(0.8656716418 2.857569805e-16 0)
(0.8656716418 1.43872573e-16 0)
(0.8656716418 -1.015644608e-16 0)
(0.8656716418 -8.701498026e-18 0)
(0.8656716418 -1.632428193e-16 0)
(0.8656716418 -3.922125312e-16 0)
(0.8656716418 -2.24943158e-16 0)
(0.8656716418 6.871422682e-17 0)
(0.8656716418 1.41519278e-16 0)
(0.8656716418 2.281153071e-16 0)
(0.8656716418 2.252908159e-16 0)
(0.8656716418 -9.934637259e-17 0)
(0.8656716418 -3.668579626e-16 0)
(0.8656716418 -3.020659187e-16 0)
(0.8656716418 -5.347180596e-17 0)
(0.8656716418 -1.193699027e-16 0)
(0.8656716418 -2.942489536e-16 0)
(0.8656716418 -8.078717451e-17 0)
(0.8656716418 7.284729901e-17 0)
(0.8656716418 -5.958719124e-17 0)
(0.8656716418 9.57604954e-17 0)
(0.8656716418 2.91544544e-16 0)
(0.8656716418 -9.145669878e-17 0)
(0.8656716418 4.664941005e-17 0)
(0.8656716418 -1.461939495e-16 0)
(0.8656716418 -9.245821869e-17 0)
(0.8656716418 1.785256344e-16 0)
(0.8656716418 -2.972886483e-16 0)
(0.8656716418 7.597260386e-17 0)
(0.8656716418 2.711588565e-16 0)
(0.8656716418 4.891018615e-17 0)
(0.8656716418 -1.984467442e-16 0)
(0.8656716418 -1.425826702e-16 0)
(0.8656716418 -9.687919304e-17 0)
(0.8656716418 -1.116918269e-16 0)
(0.8656716418 5.909259398e-17 0)
(0.8656716418 -6.748710141e-17 0)
(0.8656716418 1.208125694e-16 0)
(0.8656716418 1.300263991e-16 0)
(0.8656716418 2.310022969e-17 0)
(0.8656716418 1.455420454e-18 0)
(0.8656716418 -3.062622862e-18 0)
(0.8656716418 3.56387983e-16 0)
(0.8656716418 2.113379221e-16 0)
(0.8656716418 -1.0479119e-16 0)
(0.8656716418 -2.22037597e-17 0)
(0.8656716418 2.338281244e-17 0)
(0.8656716418 1.133463782e-16 0)
(0.8656716418 2.198944517e-16 0)
(0.8656716418 4.061861582e-17 0)
(0.8656716418 -1.238635399e-16 0)
(0.8656716418 7.280552501e-17 0)
(0.8656716418 1.008192054e-16 0)
(0.8656716418 -5.102119424e-17 0)
(0.8656716418 2.488571284e-16 0)
(0.8656716418 2.579314522e-17 0)
(0.8656716418 -2.364394141e-16 0)
(0.8656716418 4.450907491e-16 0)
(0.8656716418 -1.542827205e-16 0)
(0.8656716418 -3.155056373e-16 0)
(0.8656716418 4.373467738e-16 0)
(0.8656716418 5.018229041e-16 0)
(0.8656716418 -3.4515476e-16 0)
(0.8656716418 -6.140095042e-16 0)
(0.8656716418 3.441798963e-16 0)
(0.8656716418 5.05711017e-16 0)
(0.8656716418 -9.848408299e-17 0)
(0.8656716418 -1.840625491e-16 0)
(0.8656716418 -2.573973793e-16 0)
(0.8656716418 -3.953603535e-16 0)
(0.8656716418 -2.647648811e-17 0)
(0.8656716418 5.204901976e-16 0)
(0.8656716418 -8.429999193e-17 0)
(0.8656716418 -2.864215346e-16 0)
(0.8656716418 -2.89355193e-16 0)
(0.8656716418 1.15442242e-16 0)
(0.8656716418 5.183849151e-17 0)
(0.8656716418 -1.283705111e-16 0)
(0.8656716418 1.046669176e-16 0)
(0.8656716418 3.487953361e-16 0)
(0.8656716418 7.109822565e-17 0)
(0.8656716418 -3.060715532e-16 0)
(0.8656716418 3.467092739e-16 0)
(0.8656716418 -9.272115927e-17 0)
(0.8656716418 -5.283134601e-16 0)
(0.8656716418 1.631348044e-16 0)
(0.8656716418 3.745146811e-16 0)
(0.8656716418 -3.066944945e-16 0)
(0.8656716418 -6.918027965e-16 0)
(0.8656716418 3.487717785e-16 0)
(0.8656716418 6.9516804e-16 0)
(0.8656716418 -1.61935948e-16 0)
(0.8656716418 -5.489176731e-16 0)
(0.8656716418 2.987999293e-16 0)
(0.8656716418 4.658742558e-16 0)
(0.8656716418 -3.480263988e-16 0)
(0.8656716418 -3.272604114e-16 0)
(0.8656716418 -2.653859144e-16 0)
(0.8656716418 4.665523225e-16 0)
(0.8656716418 4.233772875e-16 0)
(0.8656716418 -1.024100112e-16 0)
(0.8656716418 -1.950966894e-16 0)
(0.8656716418 1.054277397e-17 0)
(0.8656716418 3.038306917e-16 0)
(0.8656716418 3.912567491e-17 0)
(0.8656716418 -1.221419004e-16 0)
(0.8656716418 2.316331258e-16 0)
(0.8656716418 3.472010947e-16 0)
(0.8656716418 -3.553104669e-16 0)
(0.8656716418 -3.569426895e-16 0)
(0.8656716418 4.545064258e-16 0)
(0.8656716418 1.816788611e-16 0)
(0.8656716418 -2.984357536e-16 0)
(0.8656716418 -2.218176899e-16 0)
(0.8656716418 -3.26548191e-16 0)
(0.8656716418 1.344031953e-16 0)
(0.8656716418 -1.817464414e-16 0)
(0.8656716418 -2.460541807e-16 0)
(0.8656716418 2.626424927e-16 0)
(0.8656716418 5.115691035e-17 0)
(0.8656716418 7.237291018e-17 0)
(0.8656716418 -9.051361742e-16 0)
(0.8656716418 1.631531894e-16 0)
(0.8656716418 1.069581087e-15 0)
(0.8656716418 1.76506391e-16 0)
(0.8656716418 -9.187671516e-16 0)
(0.8656716418 -1.026926776e-15 0)
(0.8656716418 3.820353788e-16 0)
(0.8656716418 7.937396261e-16 0)
(0.8656716418 3.885410963e-16 0)
(0.8656716418 -8.515631203e-16 0)
(0.8656716418 -1.666881839e-16 0)
(0.8656716418 1.074680514e-15 0)
(0.8656716418 -1.531327874e-16 0)
(0.8656716418 -2.528286569e-16 0)
(0.8656716418 6.053611228e-16 0)
(0.8656716418 8.890260875e-16 0)
(0.8656716418 1.838895885e-16 0)
(0.8656716418 -1.33467956e-15 0)
(0.8656716418 -4.553198088e-16 0)
(0.8656716418 8.617116798e-16 0)
(0.8656716418 -5.453030633e-16 0)
(0.8656716418 -2.851522956e-16 0)
(0.8656716418 4.579465623e-16 0)
(0.8656716418 1.082741234e-16 0)
(0.8656716418 2.977018644e-17 0)
(0.8656716418 -4.899561351e-16 0)
(0.8656716418 3.004519066e-16 0)
(0.8656716418 1.094908059e-16 0)
(0.8656716418 2.917071663e-17 0)
(0.8656716418 -3.213726021e-17 0)
(0.8656716418 -2.327787357e-16 0)
(0.8656716418 -8.294437471e-17 0)
(0.8656716418 2.697608763e-16 0)
(0.8656716418 8.398351636e-16 0)
(0.8656716418 -2.938220215e-16 0)
(0.8656716418 -3.716319297e-17 0)
(0.8656716418 6.097536154e-16 0)
(0.8656716418 -1.089700642e-15 0)
(0.8656716418 -6.401293159e-16 0)
(0.8656716418 3.710668973e-16 0)
(0.8656716418 -1.228894189e-16 0)
(0.8656716418 8.571298091e-17 0)
(0.8656716418 -1.316628951e-15 0)
(0.8656716418 -2.582474908e-16 0)
(0.8656716418 1.365195776e-15 0)
(0.8656716418 -6.008293314e-16 0)
(0.8656716418 -4.348225808e-17 0)
(0.8656716418 1.168794833e-15 0)
(0.8656716418 4.127895335e-16 0)
(0.8656716418 2.062955109e-16 0)
(0.8656716418 -1.110401471e-15 0)
(0.8656716418 -1.245324526e-16 0)
(0.8656716418 1.317611129e-15 0)
(0.8656716418 2.768014693e-17 0)
(0.8656716418 -1.036741692e-15 0)
(0.8656716418 -5.08558191e-16 0)
(0.8656716418 5.113149301e-16 0)
(0.8656716418 7.581891244e-16 0)
(0.8656716418 2.727086248e-16 0)
(0.8656716418 -5.84029357e-16 0)
(0.8656716418 -1.866733879e-16 0)
(0.8656716418 -2.32695633e-16 0)
(0.8656716418 -2.781451913e-16 0)
(0.8656716418 3.731454679e-16 0)
(0.8656716418 1.311982062e-16 0)
(0.8656716418 2.233932977e-16 0)
(0.6567164179 -9.168493636e-18 0)
(0.6567164179 -8.715247679e-17 0)
(0.6567164179 3.016174277e-17 0)
(0.6567164179 2.393619918e-17 0)
(0.6567164179 -1.370824558e-16 0)
(0.6567164179 -2.858253059e-16 0)
(0.6567164179 9.197805655e-17 0)
(0.6567164179 2.685214909e-16 0)
(0.6567164179 -1.498821638e-16 0)
(0.6567164179 -6.357920087e-18 0)
(0.6567164179 1.348777204e-16 0)
(0.6567164179 2.425733417e-17 0)
(0.6567164179 9.520896742e-17 0)
(0.6567164179 3.239173066e-16 0)
(0.6567164179 6.503269179e-17 0)
(0.6567164179 -8.509089062e-17 0)
(0.6567164179 1.177940496e-16 0)
(0.6567164179 -2.171538806e-16 0)
(0.6567164179 -3.849709672e-16 0)
(0.6567164179 -1.019788613e-16 0)
(0.6567164179 1.195645236e-16 0)
(0.6567164179 9.559330384e-17 0)
(0.6567164179 2.387178342e-16 0)
(0.6567164179 1.927285742e-16 0)
(0.6567164179 -2.594940563e-16 0)
(0.6567164179 -3.212508733e-16 0)
(0.6567164179 -1.8803718e-16 0)
(0.6567164179 2.469609892e-17 0)
(0.6567164179 -1.730211829e-16 0)
(0.6567164179 -2.969819704e-16 0)
(0.6567164179 -9.688089127e-17 0)
(0.6567164179 5.253815406e-17 0)
(0.6567164179 1.496330095e-16 0)
(0.6567164179 1.997114655e-16 0)
(0.6567164179 1.703014701e-16 0)
(0.6567164179 -2.265970942e-16 0)
(0.6567164179 -1.258223625e-18 0)
(0.6567164179 -1.302042425e-16 0)
(0.6567164179 6.763840361e-17 0)
(0.6567164179 2.991708531e-16 0)
(0.6567164179 -3.246963354e-16 0)
(0.6567164179 -1.042186606e-17 0)
(0.6567164179 2.196771792e-16 0)
(0.6567164179 4.790539503e-18 0)
(0.6567164179 -8.989271632e-17 0)
(0.6567164179 1.781517984e-17 0)
(0.6567164179 4.305598741e-18 0)
(0.6567164179 -1.954927363e-16 0)
(0.6567164179 6.649612393e-17 0)
(0.6567164179 -2.038894379e-16 0)
(0.6567164179 3.787283429e-18 0)
(0.6567164179 2.593753466e-16 0)
(0.6567164179 -5.930211649e-17 0)
(0.6567164179 -5.844968674e-17 0)
(0.6567164179 9.342993261e-17 0)
(0.6567164179 3.75246751e-16 0)
(0.6567164179 -4.276834747e-17 0)
(0.6567164179 -1.036271215e-16 0)
(0.6567164179 -1.856243959e-17 0)
(0.6567164179 -8.844333276e-18 0)
(0.6567164179 1.152926172e-16 0)
(0.6567164179 7.98310627e-17 0)
(0.6567164179 -3.153977584e-17 0)
(0.6567164179 -3.199585837e-17 0)
(0.6567164179 6.905415795e-17 0)
(0.6567164179 1.292898246e-16 0)
(0.6567164179 2.401147763e-17 0)
(0.6567164179 2.010181583e-16 0)
(0.6567164179 7.288606548e-17 0)
(0.6567164179 -2.491111355e-16 0)
(0.6567164179 1.892225603e-16 0)
(0.6567164179 -2.153008927e-16 0)
(0.6567164179 -1.815952548e-16 0)
(0.6567164179 3.315769969e-16 0)
(0.6567164179 4.32356868e-16 0)
(0.6567164179 -2.853155967e-16 0)
(0.6567164179 -5.383607983e-16 0)
(0.6567164179 4.569770628e-16 0)
(0.6567164179 3.228401568e-16 0)
(0.6567164179 -1.140269769e-16 0)
(0.6567164179 -5.035353234e-17 0)
(0.6567164179 -2.393841572e-16 0)
(0.6567164179 -1.994595895e-16 0)
(0.6567164179 9.026318583e-18 0)
(0.6567164179 2.300880787e-16 0)
(0.6567164179 -1.515334294e-18 0)
(0.6567164179 -1.930293297e-16 0)
(0.6567164179 -2.705252534e-16 0)
(0.6567164179 2.913904027e-16 0)
(0.6567164179 2.244019321e-16 0)
(0.6567164179 -2.266486929e-16 0)
(0.6567164179 -6.947301002e-17 0)
(0.6567164179 2.880615837e-16 0)
(0.6567164179 1.010400563e-16 0)
(0.6567164179 -3.755859538e-16 0)
(0.6567164179 1.234210679e-16 0)
(0.6567164179 -2.577071029e-17 0)
(0.6567164179 -3.230186239e-16 0)
(0.6567164179 2.944292383e-16 0)
(0.6567164179 1.501983683e-16 0)
(0.6567164179 -4.335366665e-16 0)
(0.6567164179 -3.28961233e-16 0)
(0.6567164179 3.817056084e-16 0)
(0.6567164179 4.945793828e-16 0)
(0.6567164179 -1.17780102e-16 0)
(0.6567164179 -3.739937754e-16 0)
(0.6567164179 2.020681732e-16 0)
(0.6567164179 1.822412225e-16 0)
(0.6567164179 -2.606274509e-16 0)
(0.6567164179 -2.575066184e-16 0)
(0.6567164179 1.976764321e-19 0)
(0.6567164179 4.855176857e-16 0)
(0.6567164179 6.079371979e-17 0)
(0.6567164179 -1.361632286e-16 0)
(0.6567164179 -2.986707441e-16 0)
(0.6567164179 1.490318872e-17 0)
(0.6567164179 3.014549552e-16 0)
(0.6567164179 -8.909369293e-17 0)
(0.6567164179 -1.690879533e-16 0)
(0.6567164179 2.457181659e-16 0)
(0.6567164179 3.181135815e-16 0)
(0.6567164179 -2.283217675e-16 0)
(0.6567164179 -2.845040541e-16 0)
(0.6567164179 1.9337417e-16 0)
(0.6567164179 8.245017392e-17 0)
(0.6567164179 -1.079046279e-16 0)
(0.6567164179 -1.244354862e-17 0)
(0.6567164179 -1.403557938e-16 0)
(0.6567164179 9.50081127e-17 0)
(0.6567164179 -2.038483569e-16 0)
(0.6567164179 -2.338933791e-16 0)
(0.6567164179 2.491698127e-16 0)
(0.6567164179 4.911952068e-17 0)
(0.6567164179 -5.813267011e-17 0)
(0.6567164179 -6.572800367e-16 0)
(0.6567164179 2.118949542e-16 0)
(0.6567164179 9.16672935e-16 0)
(0.6567164179 1.439772994e-16 0)
(0.6567164179 -6.213122662e-16 0)
(0.6567164179 -8.966180548e-16 0)
(0.6567164179 2.358393566e-16 0)
(0.6567164179 7.333520335e-16 0)
(0.6567164179 1.044061746e-16 0)
(0.6567164179 -7.801625012e-16 0)
(0.6567164179 -5.579918611e-17 0)
(0.6567164179 9.258358631e-16 0)
(0.6567164179 -2.137681704e-16 0)
(0.6567164179 -3.017984959e-16 0)
(0.6567164179 3.13370147e-16 0)
(0.6567164179 7.672473874e-16 0)
(0.6567164179 3.971436103e-16 0)
(0.6567164179 -1.264334235e-15 0)
(0.6567164179 -4.720871419e-16 0)
(0.6567164179 7.413737778e-16 0)
(0.6567164179 -3.536928253e-16 0)
(0.6567164179 -1.257527044e-16 0)
(0.6567164179 4.959063439e-16 0)
(0.6567164179 -4.026214221e-17 0)
(0.6567164179 1.034247758e-16 0)
(0.6567164179 -3.113146542e-16 0)
(0.6567164179 1.347104403e-16 0)
(0.6567164179 1.153072606e-16 0)
(0.6567164179 -1.480923545e-17 0)
(0.6567164179 -5.075419805e-17 0)
(0.6567164179 -2.137314321e-16 0)
(0.6567164179 2.646736097e-16 0)
(0.6567164179 2.379625783e-16 0)
(0.6567164179 3.878019147e-16 0)
(0.6567164179 -1.421161061e-16 0)
(0.6567164179 -2.788997543e-16 0)
(0.6567164179 3.969030195e-16 0)
(0.6567164179 -5.327603394e-16 0)
(0.6567164179 -3.890740226e-16 0)
(0.6567164179 2.410552457e-16 0)
(0.6567164179 -1.65608985e-16 0)
(0.6567164179 9.956116136e-17 0)
(0.6567164179 -1.168651933e-15 0)
(0.6567164179 -1.780775985e-16 0)
(0.6567164179 1.3301549e-15 0)
(0.6567164179 -4.163766198e-16 0)
(0.6567164179 -6.328489046e-17 0)
(0.6567164179 9.107391245e-16 0)
(0.6567164179 3.351309491e-17 0)
(0.6567164179 -6.184109333e-17 0)
(0.6567164179 -6.753656442e-16 0)
(0.6567164179 2.667263567e-17 0)
(0.6567164179 1.031817679e-15 0)
(0.6567164179 -5.209642189e-18 0)
(0.6567164179 -7.219016359e-16 0)
(0.6567164179 -6.046303786e-16 0)
(0.6567164179 3.146936513e-16 0)
(0.6567164179 6.796828491e-16 0)
(0.6567164179 2.532011253e-16 0)
(0.6567164179 -2.516373051e-16 0)
(0.6567164179 -3.641593047e-16 0)
(0.6567164179 -2.934943439e-16 0)
(0.6567164179 -1.041752509e-16 0)
(0.6567164179 1.158935374e-16 0)
(0.6567164179 3.340333463e-16 0)
(0.6567164179 4.489896225e-16 0)
(0.4179104478 2.128132909e-16 0)
(0.4179104478 -4.748030819e-17 0)
(0.4179104478 -1.962328323e-17 0)
(0.4179104478 -5.452570604e-17 0)
(0.4179104478 -1.759034482e-16 0)
(0.4179104478 -2.527024879e-16 0)
(0.4179104478 1.428172348e-16 0)
(0.4179104478 3.086967873e-16 0)
(0.4179104478 -1.029888995e-16 0)
(0.4179104478 -1.421011532e-17 0)
(0.4179104478 1.00607005e-16 0)
(0.4179104478 -7.167075713e-17 0)
(0.4179104478 3.808734175e-17 0)
(0.4179104478 2.748928924e-16 0)
(0.4179104478 -3.698891376e-17 0)
(0.4179104478 -1.165301928e-16 0)
(0.4179104478 9.753359421e-17 0)
(0.4179104478 -1.868242283e-16 0)
(0.4179104478 -2.290582e-16 0)
(0.4179104478 -1.542055274e-17 0)
(0.4179104478 1.752638862e-16 0)
(0.4179104478 8.132544532e-17 0)
(0.4179104478 8.197228188e-17 0)
(0.4179104478 1.366271186e-16 0)
(0.4179104478 -1.334298054e-16 0)
(0.4179104478 -2.291210339e-16 0)
(0.4179104478 -2.19064923e-16 0)
(0.4179104478 3.775067468e-17 0)
(0.4179104478 -6.701301837e-17 0)
(0.4179104478 -3.293928045e-16 0)
(0.4179104478 -7.107548002e-17 0)
(0.4179104478 1.48094792e-16 0)
(0.4179104478 1.310615215e-16 0)
(0.4179104478 1.425480648e-16 0)
(0.4179104478 1.407833066e-16 0)
(0.4179104478 -2.956740346e-16 0)
(0.4179104478 -5.600606738e-17 0)
(0.4179104478 4.688825238e-18 0)
(0.4179104478 1.153950275e-16 0)
(0.4179104478 2.94499881e-16 0)
(0.4179104478 -3.113324104e-16 0)
(0.4179104478 -7.065867762e-17 0)
(0.4179104478 1.584584211e-16 0)
(0.4179104478 -3.23628601e-17 0)
(0.4179104478 -7.624715835e-17 0)
(0.4179104478 -6.454895737e-18 0)
(0.4179104478 1.140834487e-16 0)
(0.4179104478 -5.264142319e-17 0)
(0.4179104478 -5.149344883e-17 0)
(0.4179104478 -1.226660982e-16 0)
(0.4179104478 4.627691907e-17 0)
(0.4179104478 1.638345455e-16 0)
(0.4179104478 -3.958657345e-17 0)
(0.4179104478 -1.878239163e-17 0)
(0.4179104478 -2.902038365e-18 0)
(0.4179104478 2.544615288e-16 0)
(0.4179104478 5.711426711e-17 0)
(0.4179104478 -1.523230163e-16 0)
(0.4179104478 -2.401465733e-17 0)
(0.4179104478 -1.591831578e-17 0)
(0.4179104478 -3.024703648e-17 0)
(0.4179104478 1.229734087e-16 0)
(0.4179104478 3.161099897e-17 0)
(0.4179104478 -8.725214419e-17 0)
(0.4179104478 1.807598263e-17 0)
(0.4179104478 7.5446172e-17 0)
(0.4179104478 6.393756729e-17 0)
(0.4179104478 1.881963369e-16 0)
(0.4179104478 -7.826613636e-17 0)
(0.4179104478 -2.416978888e-16 0)
(0.4179104478 2.085797358e-16 0)
(0.4179104478 -2.719896612e-16 0)
(0.4179104478 -1.109046052e-16 0)
(0.4179104478 4.003212358e-16 0)
(0.4179104478 1.522692813e-16 0)
(0.4179104478 -3.420288798e-16 0)
(0.4179104478 -2.564369124e-16 0)
(0.4179104478 4.262769325e-16 0)
(0.4179104478 2.388067958e-16 0)
(0.4179104478 -2.426216847e-17 0)
(0.4179104478 9.674519251e-17 0)
(0.4179104478 -1.674891915e-16 0)
(0.4179104478 -3.68597024e-16 0)
(0.4179104478 -2.980337397e-17 0)
(0.4179104478 3.301630765e-16 0)
(0.4179104478 -4.648405052e-17 0)
(0.4179104478 -1.362243236e-16 0)
(0.4179104478 -7.753483548e-17 0)
(0.4179104478 2.236186546e-16 0)
(0.4179104478 8.85703752e-17 0)
(0.4179104478 -2.023323773e-16 0)
(0.4179104478 -1.876836918e-16 0)
(0.4179104478 1.749769791e-16 0)
(0.4179104478 1.761878102e-16 0)
(0.4179104478 -1.515300857e-16 0)
(0.4179104478 1.553622278e-16 0)
(0.4179104478 -7.925262558e-17 0)
(0.4179104478 -2.727772448e-16 0)
(0.4179104478 -4.060103917e-17 0)
(0.4179104478 3.228400603e-16 0)
(0.4179104478 -6.482813334e-17 0)
(0.4179104478 -4.318768301e-16 0)
(0.4179104478 8.950290505e-17 0)
(0.4179104478 3.552232737e-16 0)
(0.4179104478 -7.527169457e-18 0)
(0.4179104478 -1.732017742e-16 0)
(0.4179104478 8.533433231e-17 0)
(0.4179104478 1.279767531e-16 0)
(0.4179104478 -1.099478355e-16 0)
(0.4179104478 -1.5991215e-16 0)
(0.4179104478 -2.705769385e-16 0)
(0.4179104478 3.44462923e-16 0)
(0.4179104478 2.55700867e-16 0)
(0.4179104478 -1.633555253e-16 0)
(0.4179104478 -1.296371697e-16 0)
(0.4179104478 -1.38055865e-16 0)
(0.4179104478 9.071339874e-17 0)
(0.4179104478 1.217510029e-16 0)
(0.4179104478 -8.1138521e-17 0)
(0.4179104478 -7.639242308e-17 0)
(0.4179104478 1.42714628e-16 0)
(0.4179104478 -1.737109511e-16 0)
(0.4179104478 -2.130311775e-16 0)
(0.4179104478 2.960345212e-16 0)
(0.4179104478 2.031686618e-16 0)
(0.4179104478 -2.800124132e-17 0)
(0.4179104478 -2.832356882e-17 0)
(0.4179104478 -1.829019042e-16 0)
(0.4179104478 1.381933574e-16 0)
(0.4179104478 -1.860974232e-16 0)
(0.4179104478 -1.598187171e-16 0)
(0.4179104478 1.90178191e-16 0)
(0.4179104478 -8.31663093e-17 0)
(0.4179104478 1.47312018e-16 0)
(0.4179104478 -5.390028145e-16 0)
(0.4179104478 9.079081014e-17 0)
(0.4179104478 8.84144919e-16 0)
(0.4179104478 2.240219302e-16 0)
(0.4179104478 -6.767929355e-16 0)
(0.4179104478 -6.973844829e-16 0)
(0.4179104478 2.116129709e-16 0)
(0.4179104478 4.421952756e-16 0)
(0.4179104478 2.288971474e-16 0)
(0.4179104478 -7.143354116e-16 0)
(0.4179104478 -1.360668365e-16 0)
(0.4179104478 8.617823352e-16 0)
(0.4179104478 -1.946436247e-16 0)
(0.4179104478 -4.549758325e-16 0)
(0.4179104478 4.727002279e-16 0)
(0.4179104478 6.395552768e-16 0)
(0.4179104478 -1.455008523e-17 0)
(0.4179104478 -8.832378839e-16 0)
(0.4179104478 -2.259591739e-16 0)
(0.4179104478 6.287768333e-16 0)
(0.4179104478 -3.559829777e-16 0)
(0.4179104478 -1.431065773e-16 0)
(0.4179104478 3.984964668e-16 0)
(0.4179104478 8.888808991e-17 0)
(0.4179104478 1.354231477e-16 0)
(0.4179104478 -3.845176459e-16 0)
(0.4179104478 1.367009913e-16 0)
(0.4179104478 1.744271671e-16 0)
(0.4179104478 1.055252984e-16 0)
(0.4179104478 -1.294812713e-16 0)
(0.4179104478 -1.920244775e-16 0)
(0.4179104478 -1.553712296e-16 0)
(0.4179104478 1.819731975e-16 0)
(0.4179104478 6.683705517e-16 0)
(0.4179104478 -2.933213654e-16 0)
(0.4179104478 -1.465622842e-16 0)
(0.4179104478 4.060709819e-16 0)
(0.4179104478 -7.06519906e-16 0)
(0.4179104478 -2.701042881e-16 0)
(0.4179104478 5.832130697e-16 0)
(0.4179104478 5.578440003e-18 0)
(0.4179104478 -6.092541521e-17 0)
(0.4179104478 -8.689374226e-16 0)
(0.4179104478 -1.60384875e-17 0)
(0.4179104478 1.010546899e-15 0)
(0.4179104478 -5.515722625e-16 0)
(0.4179104478 -1.372502624e-16 0)
(0.4179104478 7.08476101e-16 0)
(0.4179104478 1.048165066e-16 0)
(0.4179104478 -5.828688776e-17 0)
(0.4179104478 -8.379490208e-16 0)
(0.4179104478 4.748985392e-17 0)
(0.4179104478 9.909991795e-16 0)
(0.4179104478 -6.366248606e-17 0)
(0.4179104478 -7.10696006e-16 0)
(0.4179104478 -1.313418046e-16 0)
(0.4179104478 3.148496743e-16 0)
(0.4179104478 2.064743261e-16 0)
(0.4179104478 2.027360602e-16 0)
(0.4179104478 -2.654653611e-16 0)
(0.4179104478 -2.892832595e-17 0)
(0.4179104478 -2.83384687e-16 0)
(0.4179104478 -3.085299978e-16 0)
(0.4179104478 3.782348901e-16 0)
(0.4179104478 1.880153948e-16 0)
(0.4179104478 2.179480912e-16 0)
(0.1492537313 6.155636832e-17 0)
(0.1492537313 1.503973695e-17 0)
(0.1492537313 1.097184368e-17 0)
(0.1492537313 -3.418645046e-17 0)
(0.1492537313 -1.0937347e-16 0)
(0.1492537313 -1.130298963e-16 0)
(0.1492537313 8.985222381e-17 0)
(0.1492537313 1.353734626e-16 0)
(0.1492537313 -3.061538881e-17 0)
(0.1492537313 -1.753105342e-17 0)
(0.1492537313 2.73432942e-17 0)
(0.1492537313 -1.867649938e-17 0)
(0.1492537313 2.169481693e-17 0)
(0.1492537313 1.01276356e-16 0)
(0.1492537313 -2.372963389e-17 0)
(0.1492537313 -4.003777109e-17 0)
(0.1492537313 7.723257095e-17 0)
(0.1492537313 -6.560078586e-17 0)
(0.1492537313 -1.187355525e-16 0)
(0.1492537313 3.378709476e-17 0)
(0.1492537313 8.50677612e-17 0)
(0.1492537313 -3.119461189e-18 0)
(0.1492537313 3.743938218e-17 0)
(0.1492537313 6.231278017e-17 0)
(0.1492537313 -5.674398223e-17 0)
(0.1492537313 -1.003736064e-16 0)
(0.1492537313 -1.15874784e-16 0)
(0.1492537313 5.39556031e-17 0)
(0.1492537313 -4.090591885e-18 0)
(0.1492537313 -1.800383574e-16 0)
(0.1492537313 -3.296644161e-17 0)
(0.1492537313 9.081031378e-17 0)
(0.1492537313 5.278153995e-17 0)
(0.1492537313 8.202265292e-17 0)
(0.1492537313 7.489665971e-17 0)
(0.1492537313 -2.038723453e-16 0)
(0.1492537313 -2.864240449e-17 0)
(0.1492537313 3.26793784e-17 0)
(0.1492537313 4.719949806e-17 0)
(0.1492537313 1.573182279e-16 0)
(0.1492537313 -1.747452448e-16 0)
(0.1492537313 -1.399864471e-17 0)
(0.1492537313 4.831643533e-17 0)
(0.1492537313 -2.137156782e-17 0)
(0.1492537313 -4.313034005e-17 0)
(0.1492537313 1.221636655e-17 0)
(0.1492537313 5.944999069e-17 0)
(0.1492537313 -7.568766324e-18 0)
(0.1492537313 -1.84869676e-17 0)
(0.1492537313 -7.008345326e-17 0)
(0.1492537313 2.772819832e-17 0)
(0.1492537313 5.270859506e-17 0)
(0.1492537313 4.366207428e-18 0)
(0.1492537313 -1.926021743e-17 0)
(0.1492537313 -4.166360368e-17 0)
(0.1492537313 8.181482373e-17 0)
(0.1492537313 3.272918147e-17 0)
(0.1492537313 -5.856108525e-17 0)
(0.1492537313 -4.964880451e-18 0)
(0.1492537313 1.024851569e-17 0)
(0.1492537313 -4.955554072e-17 0)
(0.1492537313 7.427653997e-17 0)
(0.1492537313 4.143346602e-17 0)
(0.1492537313 -6.030952217e-17 0)
(0.1492537313 -1.641869167e-18 0)
(0.1492537313 3.003485082e-17 0)
(0.1492537313 2.520859237e-17 0)
(0.1492537313 7.575642752e-17 0)
(0.1492537313 -2.7803182e-17 0)
(0.1492537313 -9.340249379e-17 0)
(0.1492537313 1.049088072e-16 0)
(0.1492537313 -1.599445775e-16 0)
(0.1492537313 -3.038884094e-17 0)
(0.1492537313 2.332142332e-16 0)
(0.1492537313 -1.261060552e-17 0)
(0.1492537313 -2.170431219e-16 0)
(0.1492537313 -3.042389728e-17 0)
(0.1492537313 2.585240435e-16 0)
(0.1492537313 5.003793852e-17 0)
(0.1492537313 -3.223639044e-17 0)
(0.1492537313 2.852925169e-17 0)
(0.1492537313 -6.849437712e-17 0)
(0.1492537313 -1.534338939e-16 0)
(0.1492537313 5.093705622e-18 0)
(0.1492537313 2.090562974e-16 0)
(0.1492537313 -8.745100828e-17 0)
(0.1492537313 -6.941349557e-17 0)
(0.1492537313 -3.979155931e-18 0)
(0.1492537313 1.167089716e-16 0)
(0.1492537313 1.585753312e-17 0)
(0.1492537313 -1.248536327e-16 0)
(0.1492537313 -1.194708369e-16 0)
(0.1492537313 7.123947192e-17 0)
(0.1492537313 1.484800357e-16 0)
(0.1492537313 -1.698980007e-17 0)
(0.1492537313 8.860682263e-17 0)
(0.1492537313 -5.973546126e-17 0)
(0.1492537313 -1.102228734e-16 0)
(0.1492537313 -2.240568192e-17 0)
(0.1492537313 1.434805286e-16 0)
(0.1492537313 6.853833366e-17 0)
(0.1492537313 -1.95973729e-16 0)
(0.1492537313 3.385663318e-17 0)
(0.1492537313 9.193946307e-17 0)
(0.1492537313 -2.454618424e-17 0)
(0.1492537313 -3.158593727e-17 0)
(0.1492537313 5.833548944e-17 0)
(0.1492537313 2.691699792e-17 0)
(0.1492537313 -7.113754848e-17 0)
(0.1492537313 2.763095351e-17 0)
(0.1492537313 -1.859191889e-16 0)
(0.1492537313 1.1160975e-16 0)
(0.1492537313 1.014347409e-16 0)
(0.1492537313 -4.6171879e-17 0)
(0.1492537313 4.416132763e-18 0)
(0.1492537313 -7.699381067e-17 0)
(0.1492537313 -2.908689672e-17 0)
(0.1492537313 6.832084411e-17 0)
(0.1492537313 2.416488769e-17 0)
(0.1492537313 -5.673858449e-17 0)
(0.1492537313 -1.166882028e-17 0)
(0.1492537313 -1.069004953e-16 0)
(0.1492537313 -4.923180475e-17 0)
(0.1492537313 2.245378025e-16 0)
(0.1492537313 5.914784368e-17 0)
(0.1492537313 -4.783486523e-17 0)
(0.1492537313 3.970639183e-17 0)
(0.1492537313 -1.167768057e-16 0)
(0.1492537313 7.143803567e-17 0)
(0.1492537313 -8.289186079e-17 0)
(0.1492537313 -7.675313549e-18 0)
(0.1492537313 1.122389171e-16 0)
(0.1492537313 -1.418925493e-16 0)
(0.1492537313 1.129006683e-16 0)
(0.1492537313 -2.581515741e-16 0)
(0.1492537313 -8.826845617e-19 0)
(0.1492537313 3.825530519e-16 0)
(0.1492537313 8.532702402e-17 0)
(0.1492537313 -2.949543337e-16 0)
(0.1492537313 -2.625465199e-16 0)
(0.1492537313 1.81768366e-16 0)
(0.1492537313 1.536748146e-16 0)
(0.1492537313 1.222646174e-16 0)
(0.1492537313 -3.862408617e-16 0)
(0.1492537313 -1.295612872e-16 0)
(0.1492537313 4.665913569e-16 0)
(0.1492537313 -9.330199771e-17 0)
(0.1492537313 -2.170200716e-16 0)
(0.1492537313 2.831542853e-16 0)
(0.1492537313 2.469240908e-16 0)
(0.1492537313 -8.197837266e-17 0)
(0.1492537313 -4.047521885e-16 0)
(0.1492537313 -1.292057985e-16 0)
(0.1492537313 3.175668988e-16 0)
(0.1492537313 -2.026560556e-16 0)
(0.1492537313 -4.013848978e-18 0)
(0.1492537313 2.38413242e-16 0)
(0.1492537313 -5.989481044e-18 0)
(0.1492537313 8.078830928e-17 0)
(0.1492537313 -1.973767988e-16 0)
(0.1492537313 4.969734388e-17 0)
(0.1492537313 3.460558729e-18 0)
(0.1492537313 5.45148937e-17 0)
(0.1492537313 7.074810242e-19 0)
(0.1492537313 -4.482926582e-17 0)
(0.1492537313 -1.00235196e-16 0)
(0.1492537313 3.180009482e-17 0)
(0.1492537313 4.184410622e-16 0)
(0.1492537313 -1.85663851e-16 0)
(0.1492537313 -1.119212451e-16 0)
(0.1492537313 2.138336356e-16 0)
(0.1492537313 -4.246365665e-16 0)
(0.1492537313 -4.007287269e-17 0)
(0.1492537313 4.322434956e-16 0)
(0.1492537313 -3.891418756e-17 0)
(0.1492537313 -1.279418323e-17 0)
(0.1492537313 -4.281100239e-16 0)
(0.1492537313 -1.722437433e-17 0)
(0.1492537313 5.040914564e-16 0)
(0.1492537313 -3.647123757e-16 0)
(0.1492537313 -2.348392697e-17 0)
(0.1492537313 4.013131686e-16 0)
(0.1492537313 -4.967649705e-17 0)
(0.1492537313 -6.493225083e-18 0)
(0.1492537313 -4.539390931e-16 0)
(0.1492537313 -3.240194406e-17 0)
(0.1492537313 4.884181795e-16 0)
(0.1492537313 -1.04642408e-16 0)
(0.1492537313 -3.422773473e-16 0)
(0.1492537313 1.157972102e-16 0)
(0.1492537313 2.244661086e-16 0)
(0.1492537313 -8.377721194e-18 0)
(0.1492537313 7.964315962e-17 0)
(0.1492537313 -1.270491958e-16 0)
(0.1492537313 -5.828292208e-18 0)
(0.1492537313 -1.886414828e-16 0)
(0.1492537313 -1.563349461e-16 0)
(0.1492537313 3.083347482e-16 0)
(0.1492537313 4.98114881e-17 0)
(0.1492537313 -3.276940103e-17 0)
)
;

boundaryField
{
    inlet
    {
        type            cyclic;
    }
    outlet
    {
        type            cyclic;
    }
    topWall
    {
        type            fixedValue;
        value           uniform (0 0 0);
    }
    bottomWall
    {
        type            fixedValue;
        value           uniform (0 0 0);
    }
    frontAndBack
    {
        type            empty;
    }
}


// ************************************************************************* //
