/*--------------------------------*- C++ -*----------------------------------*\
  =========                 |
  \\      /  F ield         | OpenFOAM: The Open Source CFD Toolbox
   \\    /   O peration     | Website:  https://openfoam.org
    \\  /    A nd           | Version:  10
     \\/     M anipulation  |
\*---------------------------------------------------------------------------*/
FoamFile
{
    format      ascii;
    class       surfaceScalarField;
    location    "4500";
    object      phi;
}
// * * * * * * * * * * * * * * * * * * * * * * * * * * * * * * * * * * * * * //

dimensions      [0 3 -1 0 0 0 0];

internalField   nonuniform List<scalar> 
7780
(
7.462686567e-06
-6.009662892e-20
7.462686567e-06
4.005864143e-21
7.462686567e-06
3.808673021e-21
7.462686567e-06
3.434239425e-22
7.462686567e-06
-2.258566504e-21
7.462686567e-06
-2.308632817e-21
7.462686567e-06
2.367502225e-21
7.462686567e-06
2.542426906e-21
7.462686567e-06
-2.840438976e-21
7.462686567e-06
3.770266864e-22
7.462686567e-06
-2.522624966e-22
7.462686567e-06
-8.731092976e-22
7.462686567e-06
-2.498469518e-21
7.462686567e-06
3.113453439e-21
7.462686567e-06
3.453631903e-21
7.462686567e-06
-3.654789458e-21
7.462686567e-06
-4.185254472e-21
7.462686567e-06
2.760725748e-21
7.462686567e-06
-1.943498137e-21
7.462686567e-06
1.45493397e-21
7.462686567e-06
4.267924745e-22
7.462686567e-06
-6.013463489e-21
7.462686567e-06
-3.354446762e-21
7.462686567e-06
2.931528758e-21
7.462686567e-06
4.144023169e-21
7.462686567e-06
3.49485514e-21
7.462686567e-06
2.087155034e-21
7.462686567e-06
1.561049048e-21
7.462686567e-06
1.226773888e-21
7.462686567e-06
-5.884197227e-21
7.462686567e-06
1.091558729e-21
7.462686567e-06
-1.189313501e-21
7.462686567e-06
-3.311514841e-21
7.462686567e-06
2.85658213e-21
7.462686567e-06
-7.143925048e-21
7.462686567e-06
1.519262677e-21
7.462686567e-06
-8.58169601e-22
7.462686567e-06
-2.304766442e-21
7.462686567e-06
2.266026863e-21
7.462686567e-06
3.305856625e-21
7.462686567e-06
3.627433406e-21
7.462686567e-06
-4.181502943e-21
7.462686567e-06
4.753466981e-21
7.462686567e-06
-7.864661173e-21
7.462686567e-06
2.543479993e-21
7.462686567e-06
2.414290144e-22
7.462686567e-06
-5.098800289e-21
7.462686567e-06
3.817084064e-21
7.462686567e-06
-3.150458657e-21
7.462686567e-06
4.153195073e-21
7.462686567e-06
5.163541763e-21
7.462686567e-06
-7.105133023e-21
7.462686567e-06
2.973918955e-22
7.462686567e-06
3.791437675e-21
7.462686567e-06
-2.649759361e-21
7.462686567e-06
-1.868831317e-21
7.462686567e-06
6.143188182e-21
7.462686567e-06
-2.063427892e-21
7.462686567e-06
1.544032501e-21
7.462686567e-06
4.304308037e-21
7.462686567e-06
-5.885460267e-21
7.462686567e-06
1.623476649e-21
7.462686567e-06
2.110814083e-21
7.462686567e-06
-6.37343464e-21
7.462686567e-06
-2.424135449e-21
7.462686567e-06
3.922611202e-21
7.462686567e-06
-4.206071059e-22
7.462686567e-06
7.001700295e-22
7.462686567e-06
6.628818478e-21
7.462686567e-06
5.175499408e-22
7.462686567e-06
-1.28389121e-20
7.462686567e-06
3.433127872e-21
7.462686567e-06
1.461784029e-20
7.462686567e-06
-5.746577064e-21
7.462686567e-06
-1.207434121e-20
7.462686567e-06
8.159562028e-21
7.462686567e-06
1.080443175e-20
7.462686567e-06
-9.008683899e-22
7.462686567e-06
-1.793361422e-20
7.462686567e-06
2.981234151e-21
7.462686567e-06
8.606954079e-21
7.462686567e-06
-8.263680537e-21
7.462686567e-06
-2.065643289e-21
7.462686567e-06
6.239896349e-21
7.462686567e-06
5.954196032e-21
7.462686567e-06
5.007168357e-21
7.462686567e-06
-3.824407437e-21
7.462686567e-06
-9.678624248e-21
7.462686567e-06
-6.493923916e-21
7.462686567e-06
1.146375294e-20
7.462686567e-06
1.046612113e-20
7.462686567e-06
-1.143073481e-20
7.462686567e-06
-1.042546579e-20
7.462686567e-06
1.106961086e-20
7.462686567e-06
1.868777488e-21
7.462686567e-06
-1.335682557e-20
7.462686567e-06
8.432177148e-21
7.462686567e-06
9.359972703e-21
7.462686567e-06
-1.301960843e-20
7.462686567e-06
-8.844372054e-21
7.462686567e-06
9.757315603e-21
7.462686567e-06
1.088643402e-20
7.462686567e-06
-5.025489261e-21
7.462686567e-06
-6.492172042e-21
7.462686567e-06
-6.159069822e-22
7.462686567e-06
9.60446108e-21
7.462686567e-06
-3.637979687e-21
7.462686567e-06
-1.285130618e-20
7.462686567e-06
4.14791192e-21
7.462686567e-06
1.830723435e-20
7.462686567e-06
-7.922800543e-21
7.462686567e-06
-1.364151638e-20
7.462686567e-06
1.077534893e-20
7.462686567e-06
4.407749463e-21
7.462686567e-06
4.228077251e-21
7.462686567e-06
-4.758395546e-21
7.462686567e-06
-1.53406262e-20
7.462686567e-06
1.145211594e-20
7.462686567e-06
1.855264838e-20
7.462686567e-06
-6.931402423e-21
7.462686567e-06
-1.8927303e-20
7.462686567e-06
2.728919286e-21
7.462686567e-06
1.469868741e-20
7.462686567e-06
-4.276391774e-22
7.462686567e-06
-1.158171531e-21
7.462686567e-06
4.592584886e-22
7.462686567e-06
1.177468842e-21
7.462686567e-06
-6.892766423e-21
7.462686567e-06
-1.616843029e-20
7.462686567e-06
1.539212608e-20
7.462686567e-06
4.380090692e-21
7.462686567e-06
-8.552522842e-21
7.462686567e-06
6.67657118e-21
7.462686567e-06
-1.241101322e-20
7.462686567e-06
3.459296249e-21
7.462686567e-06
6.058103491e-21
7.462686567e-06
-7.843439441e-21
7.462686567e-06
-5.609134391e-22
7.462686567e-06
1.008611665e-20
7.462686567e-06
2.287343764e-21
7.462686567e-06
-1.438674824e-20
7.462686567e-06
-8.043777546e-21
7.462686567e-06
3.804425082e-21
7.462686567e-06
1.03966812e-20
7.462686567e-06
3.17424521e-21
7.462686567e-06
-5.330099131e-21
7.462686567e-06
1.574424374e-20
7.462686567e-06
1.431417643e-21
7.462686567e-06
-1.826893256e-20
7.462686567e-06
-7.864907752e-22
7.462686567e-06
-8.545396862e-22
7.462686567e-06
1.476475658e-20
7.462686567e-06
-3.949608919e-22
7.462686567e-06
-2.194174036e-20
7.462686567e-06
2.532526888e-20
7.462686567e-06
1.083815394e-20
7.462686567e-06
-2.031977278e-20
7.462686567e-06
-9.752856205e-21
7.462686567e-06
-5.873111292e-21
7.462686567e-06
1.983029855e-20
7.462686567e-06
8.351117421e-21
7.462686567e-06
-9.388116113e-21
7.462686567e-06
-4.470178039e-22
7.462686567e-06
4.567075462e-21
7.462686567e-06
-5.219144487e-21
7.462686567e-06
-1.167011429e-20
7.462686567e-06
3.620602841e-21
7.462686567e-06
5.623074063e-22
7.462686567e-06
9.346219589e-21
7.462686567e-06
1.241605672e-20
7.462686567e-06
-1.512790658e-20
7.462686567e-06
-8.487127274e-22
7.462686567e-06
1.736897902e-20
7.462686567e-06
-2.341267764e-20
7.462686567e-06
8.524626588e-21
7.462686567e-06
-5.847494426e-21
7.462686567e-06
-4.850549743e-21
7.462686567e-06
2.15185695e-20
7.462686567e-06
-2.684994317e-20
7.462686567e-06
2.107713823e-20
7.462686567e-06
6.467629194e-21
7.462686567e-06
-2.209108622e-20
7.462686567e-06
1.285967319e-20
7.462686567e-06
-1.503689877e-20
7.462686567e-06
5.325082625e-21
7.462686567e-06
2.308560954e-20
7.462686567e-06
-2.673023322e-20
7.462686567e-06
8.055327848e-21
7.462686567e-06
1.928044003e-20
7.462686567e-06
-1.921419915e-20
7.462686567e-06
-1.310328059e-20
7.462686567e-06
8.470913089e-21
7.462686567e-06
-6.526055187e-21
7.462686567e-06
-2.846254516e-21
7.462686567e-06
1.751911735e-20
7.462686567e-06
-6.607318767e-21
7.462686567e-06
5.404640847e-21
7.462686567e-06
4.457131447e-21
7.462686567e-06
-2.692272169e-20
-9.889750877e-22
2.089552239e-05
8.000885028e-21
2.089552239e-05
5.186209495e-21
2.089552239e-05
1.232442654e-20
2.089552239e-05
4.198689834e-21
2.089552239e-05
-4.306995062e-21
2.089552239e-05
-3.126159857e-21
2.089552239e-05
2.766530395e-21
2.089552239e-05
6.964116197e-21
2.089552239e-05
-2.627272272e-21
2.089552239e-05
2.595900717e-21
2.089552239e-05
-1.555846238e-21
2.089552239e-05
-1.752192308e-21
2.089552239e-05
-4.641425338e-21
2.089552239e-05
-2.27636901e-21
2.089552239e-05
3.154743608e-21
2.089552239e-05
-6.517414965e-21
2.089552239e-05
-4.929721824e-21
2.089552239e-05
-9.290032073e-22
2.089552239e-05
-2.908969627e-21
2.089552239e-05
3.936945791e-21
2.089552239e-05
4.923470382e-22
2.089552239e-05
-1.498390859e-20
2.089552239e-05
-8.499575602e-21
2.089552239e-05
1.249310129e-20
2.089552239e-05
1.320501991e-20
2.089552239e-05
6.573315561e-21
2.089552239e-05
5.02004839e-21
2.089552239e-05
2.853200149e-21
2.089552239e-05
2.821386072e-22
2.089552239e-05
-1.447114365e-20
2.089552239e-05
-3.002187212e-21
2.089552239e-05
4.152449962e-21
2.089552239e-05
-1.154051047e-20
2.089552239e-05
-2.022661117e-21
2.089552239e-05
-1.35319279e-20
2.089552239e-05
-1.803235488e-21
2.089552239e-05
1.714973704e-21
2.089552239e-05
-7.310501181e-22
2.089552239e-05
5.260075204e-21
2.089552239e-05
5.95467073e-21
2.089552239e-05
3.014873798e-21
2.089552239e-05
-3.69222581e-21
2.089552239e-05
1.65478783e-20
2.089552239e-05
-1.547678564e-20
2.089552239e-05
-7.38336499e-21
2.089552239e-05
1.895640992e-22
2.089552239e-05
-1.3598168e-20
2.089552239e-05
1.479675132e-21
2.089552239e-05
-2.345188666e-23
2.089552239e-05
6.60085008e-21
2.089552239e-05
1.187128449e-20
2.089552239e-05
-7.893787686e-21
2.089552239e-05
-5.368433039e-21
2.089552239e-05
8.30545999e-21
2.089552239e-05
-1.195989696e-21
2.089552239e-05
-9.615431793e-22
2.089552239e-05
5.16382048e-21
2.089552239e-05
-3.903431496e-21
2.089552239e-05
8.572733685e-21
2.089552239e-05
3.301101072e-21
2.089552239e-05
-1.37379676e-20
2.089552239e-05
3.870305342e-21
2.089552239e-05
5.965193738e-21
2.089552239e-05
-1.269953716e-20
2.089552239e-05
-5.553810617e-22
2.089552239e-05
5.095743922e-21
2.089552239e-05
-1.63982464e-21
2.089552239e-05
1.085757727e-20
2.089552239e-05
1.789649311e-20
2.089552239e-05
-1.097488636e-20
2.089552239e-05
-2.902779522e-20
2.089552239e-05
1.560466788e-20
2.089552239e-05
1.945206155e-20
2.089552239e-05
-4.731450202e-21
2.089552239e-05
-1.255229663e-20
2.089552239e-05
1.137364087e-20
2.089552239e-05
2.222289843e-20
2.089552239e-05
-1.514207264e-20
2.089552239e-05
-3.097546533e-20
2.089552239e-05
4.097830531e-21
2.089552239e-05
1.901282169e-20
2.089552239e-05
-1.80869148e-20
2.089552239e-05
-8.847445813e-21
2.089552239e-05
2.172541407e-20
2.089552239e-05
1.376318649e-20
2.089552239e-05
2.07972282e-21
2.089552239e-05
-8.499916206e-23
2.089552239e-05
-1.943620243e-20
2.089552239e-05
-1.258695973e-20
2.089552239e-05
2.588201807e-20
2.089552239e-05
1.814993213e-20
2.089552239e-05
-2.225991631e-20
2.089552239e-05
-1.582116429e-20
2.089552239e-05
1.76221347e-20
2.089552239e-05
2.712148977e-21
2.089552239e-05
-2.49579213e-20
2.089552239e-05
1.696171833e-20
2.089552239e-05
1.227831263e-20
2.089552239e-05
-2.506064612e-20
2.089552239e-05
-2.485478121e-20
2.089552239e-05
2.06262028e-20
2.089552239e-05
2.528402426e-20
2.089552239e-05
5.9336929e-22
2.089552239e-05
-1.105554892e-20
2.089552239e-05
-1.132044201e-20
2.089552239e-05
1.646099503e-20
2.089552239e-05
-8.933526721e-21
2.089552239e-05
-2.582957453e-20
2.089552239e-05
8.069093884e-21
2.089552239e-05
2.370320629e-20
2.089552239e-05
-5.02190139e-21
2.089552239e-05
-1.647904296e-20
2.089552239e-05
1.612390906e-20
2.089552239e-05
1.2977045e-20
2.089552239e-05
3.209242924e-21
2.089552239e-05
-1.256970351e-20
2.089552239e-05
-2.056274388e-20
2.089552239e-05
2.673054845e-20
2.089552239e-05
3.496981749e-20
2.089552239e-05
-1.731797235e-20
2.089552239e-05
-3.261507466e-20
2.089552239e-05
5.106175078e-21
2.089552239e-05
2.230140588e-20
2.089552239e-05
1.334408674e-20
2.089552239e-05
4.900031978e-21
2.089552239e-05
-8.518194646e-21
2.089552239e-05
-3.948969492e-21
2.089552239e-05
-2.719066634e-20
2.089552239e-05
-2.456512066e-20
2.089552239e-05
3.705719804e-20
2.089552239e-05
1.222995301e-20
2.089552239e-05
-9.429840115e-21
2.089552239e-05
-1.680750484e-22
2.089552239e-05
-2.193063661e-20
2.089552239e-05
-1.031548369e-23
2.089552239e-05
8.799893035e-21
2.089552239e-05
-5.13001495e-21
2.089552239e-05
-5.236616146e-21
2.089552239e-05
1.767202606e-20
2.089552239e-05
-4.339674303e-21
2.089552239e-05
-3.733392694e-20
2.089552239e-05
-8.775814758e-21
2.089552239e-05
5.154953818e-21
2.089552239e-05
2.581385755e-20
2.089552239e-05
1.796459146e-20
2.089552239e-05
-9.168366621e-21
2.089552239e-05
2.247480878e-20
2.089552239e-05
5.783792887e-21
2.089552239e-05
-2.218530339e-20
2.089552239e-05
-1.715532141e-20
2.089552239e-05
-5.53051567e-21
2.089552239e-05
3.71812736e-20
2.089552239e-05
3.160090373e-21
2.089552239e-05
-3.177560574e-20
2.089552239e-05
3.601015524e-20
2.089552239e-05
1.493886251e-20
2.089552239e-05
-3.641736814e-20
2.089552239e-05
-1.795885887e-20
2.089552239e-05
-7.311146991e-21
2.089552239e-05
3.119524524e-20
2.089552239e-05
1.34193099e-20
2.089552239e-05
-1.559438395e-20
2.089552239e-05
1.183347003e-20
2.089552239e-05
1.274163978e-20
2.089552239e-05
-3.446514429e-20
2.089552239e-05
-2.578258575e-20
2.089552239e-05
1.408740751e-20
2.089552239e-05
6.132468447e-21
2.089552239e-05
2.638428202e-20
2.089552239e-05
9.748266779e-21
2.089552239e-05
-1.594627996e-20
2.089552239e-05
-1.201920522e-21
2.089552239e-05
2.520469243e-20
2.089552239e-05
-4.154897399e-20
2.089552239e-05
1.009392752e-20
2.089552239e-05
-1.472264901e-20
2.089552239e-05
-6.165435473e-21
2.089552239e-05
3.9262318e-20
2.089552239e-05
-3.665163398e-20
2.089552239e-05
2.618234052e-20
2.089552239e-05
2.05799405e-20
2.089552239e-05
-3.700923679e-20
2.089552239e-05
1.397258167e-20
2.089552239e-05
-2.253385038e-20
2.089552239e-05
2.757963225e-21
2.089552239e-05
5.106209992e-20
2.089552239e-05
-3.643930845e-20
2.089552239e-05
5.654018307e-21
2.089552239e-05
3.278930757e-20
2.089552239e-05
-4.834610361e-20
2.089552239e-05
-2.939207455e-20
2.089552239e-05
1.976237351e-20
2.089552239e-05
-1.429338226e-20
2.089552239e-05
1.31657323e-21
2.089552239e-05
3.176151293e-20
2.089552239e-05
-1.306967417e-20
2.089552239e-05
5.377314184e-21
2.089552239e-05
-3.444233925e-21
2.089552239e-05
-5.935176496e-20
-1.097039758e-20
3.28358209e-05
5.189801512e-20
3.28358209e-05
2.133851377e-20
3.28358209e-05
1.598948016e-20
3.28358209e-05
1.393245189e-20
3.28358209e-05
1.138970441e-20
3.28358209e-05
6.697415381e-22
3.28358209e-05
4.21944927e-21
3.28358209e-05
2.171382206e-21
3.28358209e-05
-1.573762475e-21
3.28358209e-05
4.977097483e-21
3.28358209e-05
6.13932113e-21
3.28358209e-05
-4.934217712e-21
3.28358209e-05
3.971919184e-21
3.28358209e-05
-7.588296117e-21
3.28358209e-05
-9.73973248e-21
3.28358209e-05
-9.996845057e-21
3.28358209e-05
-8.332852743e-21
3.28358209e-05
-3.224479291e-21
3.28358209e-05
-8.777206397e-21
3.28358209e-05
-5.933329737e-21
3.28358209e-05
4.201620496e-22
3.28358209e-05
-1.775496626e-20
3.28358209e-05
-1.777021781e-20
3.28358209e-05
2.097922967e-20
3.28358209e-05
2.162859333e-20
3.28358209e-05
1.24126608e-20
3.28358209e-05
1.801006968e-20
3.28358209e-05
3.821496375e-21
3.28358209e-05
-7.151958769e-21
3.28358209e-05
-2.172392361e-20
3.28358209e-05
5.81107041e-22
3.28358209e-05
4.888896865e-21
3.28358209e-05
-1.575989907e-20
3.28358209e-05
-1.360354807e-20
3.28358209e-05
-1.96032724e-20
3.28358209e-05
-6.076414945e-21
3.28358209e-05
9.647595549e-21
3.28358209e-05
7.528587409e-21
3.28358209e-05
-1.820412195e-21
3.28358209e-05
1.311968021e-20
3.28358209e-05
9.334519263e-21
3.28358209e-05
-5.819498137e-21
3.28358209e-05
1.28912142e-20
3.28358209e-05
-1.848861882e-20
3.28358209e-05
-1.119892608e-20
3.28358209e-05
2.582424769e-21
3.28358209e-05
-1.628988835e-20
3.28358209e-05
-6.649801676e-23
3.28358209e-05
7.850235526e-21
3.28358209e-05
4.718009205e-22
3.28358209e-05
1.289984231e-20
3.28358209e-05
-1.322973238e-20
3.28358209e-05
-1.140923975e-21
3.28358209e-05
2.042786322e-20
3.28358209e-05
-3.416817555e-21
3.28358209e-05
-1.338664336e-20
3.28358209e-05
8.794316642e-21
3.28358209e-05
-2.429179893e-21
3.28358209e-05
2.124935069e-20
3.28358209e-05
4.293558518e-21
3.28358209e-05
-1.730615255e-20
3.28358209e-05
4.557629707e-21
3.28358209e-05
4.879737078e-21
3.28358209e-05
-1.535609959e-20
3.28358209e-05
2.664242712e-21
3.28358209e-05
1.120782102e-20
3.28358209e-05
-3.707379598e-21
3.28358209e-05
1.418739733e-20
3.28358209e-05
2.407696251e-20
3.28358209e-05
-2.147965378e-20
3.28358209e-05
-3.935393958e-20
3.28358209e-05
2.695764858e-20
3.28358209e-05
1.816225075e-20
3.28358209e-05
-6.045962461e-21
3.28358209e-05
-1.218889235e-20
3.28358209e-05
1.330046561e-20
3.28358209e-05
2.557080115e-20
3.28358209e-05
-1.842037486e-20
3.28358209e-05
-5.050246632e-20
3.28358209e-05
1.568507447e-21
3.28358209e-05
2.190149493e-20
3.28358209e-05
-2.520887615e-20
3.28358209e-05
-3.99195252e-21
3.28358209e-05
4.780116619e-20
3.28358209e-05
1.393596969e-20
3.28358209e-05
3.367691472e-21
3.28358209e-05
8.43292722e-21
3.28358209e-05
-3.37099e-20
3.28358209e-05
-1.872471266e-20
3.28358209e-05
3.983043977e-20
3.28358209e-05
6.58100112e-21
3.28358209e-05
-2.690583931e-20
3.28358209e-05
-1.893797965e-20
3.28358209e-05
2.072763413e-20
3.28358209e-05
-2.551258047e-21
3.28358209e-05
-3.696770014e-20
3.28358209e-05
1.914840143e-20
3.28358209e-05
1.94208399e-20
3.28358209e-05
-2.775390392e-20
3.28358209e-05
-3.117871556e-20
3.28358209e-05
1.846865175e-20
3.28358209e-05
4.883701743e-20
3.28358209e-05
7.548671794e-21
3.28358209e-05
-1.669301066e-20
3.28358209e-05
-3.203195699e-20
3.28358209e-05
2.258395537e-20
3.28358209e-05
2.39258636e-21
3.28358209e-05
-3.414310515e-20
3.28358209e-05
5.226093897e-21
3.28358209e-05
3.007399831e-20
3.28358209e-05
3.977927403e-21
3.28358209e-05
-2.360814944e-20
3.28358209e-05
6.007871994e-21
3.28358209e-05
1.979525144e-20
3.28358209e-05
1.659166056e-20
3.28358209e-05
-1.85872409e-20
3.28358209e-05
-2.485008413e-20
3.28358209e-05
3.827274286e-20
3.28358209e-05
4.304320186e-20
3.28358209e-05
-2.137047648e-20
3.28358209e-05
-3.511467276e-20
3.28358209e-05
3.107634726e-21
3.28358209e-05
3.841329766e-20
3.28358209e-05
3.014340513e-20
3.28358209e-05
1.837484373e-21
3.28358209e-05
-2.77879476e-20
3.28358209e-05
-9.585705563e-21
3.28358209e-05
-6.0027467e-20
3.28358209e-05
-2.665599848e-20
3.28358209e-05
5.432825679e-20
3.28358209e-05
2.563699905e-20
3.28358209e-05
-2.987819917e-21
3.28358209e-05
-2.839946771e-20
3.28358209e-05
-2.539982803e-20
3.28358209e-05
7.028974898e-21
3.28358209e-05
1.134519443e-20
3.28358209e-05
-4.166201567e-21
3.28358209e-05
-1.130586052e-20
3.28358209e-05
1.327882261e-20
3.28358209e-05
-1.193565998e-21
3.28358209e-05
-5.879772733e-20
3.28358209e-05
-1.570921282e-20
3.28358209e-05
1.665792241e-20
3.28358209e-05
3.757642419e-20
3.28358209e-05
4.014257347e-20
3.28358209e-05
-1.433458849e-20
3.28358209e-05
1.727829457e-20
3.28358209e-05
2.244844931e-20
3.28358209e-05
-1.617681327e-20
3.28358209e-05
-3.80006672e-20
3.28358209e-05
-2.368783742e-20
3.28358209e-05
5.922359485e-20
3.28358209e-05
1.161320677e-20
3.28358209e-05
-3.883659491e-20
3.28358209e-05
4.366901964e-20
3.28358209e-05
1.522530005e-20
3.28358209e-05
-4.372590851e-20
3.28358209e-05
-3.613670922e-20
3.28358209e-05
-1.494279897e-20
3.28358209e-05
4.867723173e-20
3.28358209e-05
1.224129298e-20
3.28358209e-05
-6.301054522e-21
3.28358209e-05
3.106061622e-20
3.28358209e-05
6.008207855e-21
3.28358209e-05
-6.318451779e-20
3.28358209e-05
-3.286063067e-20
3.28358209e-05
2.821975547e-20
3.28358209e-05
2.243964178e-20
3.28358209e-05
3.630321886e-20
3.28358209e-05
3.4727619e-21
3.28358209e-05
-1.713620344e-20
3.28358209e-05
-2.250670254e-21
3.28358209e-05
8.469888478e-21
3.28358209e-05
-3.192739679e-20
3.28358209e-05
-1.845607888e-21
3.28358209e-05
-4.633277882e-20
3.28358209e-05
-4.107000388e-21
3.28358209e-05
6.690869482e-20
3.28358209e-05
-3.217571087e-20
3.28358209e-05
2.143719563e-20
3.28358209e-05
4.097538517e-20
3.28358209e-05
-4.333204246e-20
3.28358209e-05
-9.718423764e-21
3.28358209e-05
-1.215118985e-20
3.28358209e-05
1.512487243e-20
3.28358209e-05
5.545572807e-20
3.28358209e-05
-4.839389137e-20
3.28358209e-05
5.035405812e-21
3.28358209e-05
3.300941391e-20
3.28358209e-05
-6.72109141e-20
3.28358209e-05
-4.696250166e-20
3.28358209e-05
1.243214526e-20
3.28358209e-05
-1.170844645e-20
3.28358209e-05
1.856913067e-20
3.28358209e-05
2.92304279e-20
3.28358209e-05
-2.749289922e-20
3.28358209e-05
7.830254792e-21
3.28358209e-05
-3.981849313e-22
3.28358209e-05
-8.135564117e-20
-1.093441306e-20
4.328358209e-05
6.021339757e-20
4.328358209e-05
3.354282836e-20
4.328358209e-05
2.583532042e-20
4.328358209e-05
2.072006645e-20
4.328358209e-05
4.660963741e-21
4.328358209e-05
7.195364121e-21
4.328358209e-05
1.955852376e-20
4.328358209e-05
8.796084426e-21
4.328358209e-05
-4.616436407e-21
4.328358209e-05
1.725587611e-20
4.328358209e-05
4.181720983e-22
4.328358209e-05
-3.287300332e-21
4.328358209e-05
6.936303902e-21
4.328358209e-05
-1.12581588e-20
4.328358209e-05
-9.889168352e-21
4.328358209e-05
-1.287472032e-20
4.328358209e-05
-1.11820277e-20
4.328358209e-05
-5.121668609e-21
4.328358209e-05
-1.140693154e-20
4.328358209e-05
-6.282310102e-21
4.328358209e-05
-1.377649118e-20
4.328358209e-05
-2.839421044e-20
4.328358209e-05
-1.213349861e-20
4.328358209e-05
1.975388403e-20
4.328358209e-05
2.488819978e-20
4.328358209e-05
2.732531337e-20
4.328358209e-05
2.724639067e-20
4.328358209e-05
9.813238666e-21
4.328358209e-05
-1.999870437e-20
4.328358209e-05
-3.08814824e-20
4.328358209e-05
-1.881764409e-21
4.328358209e-05
-4.96519747e-21
4.328358209e-05
-4.083388344e-20
4.328358209e-05
-2.125173526e-20
4.328358209e-05
-1.711465511e-20
4.328358209e-05
-4.830572421e-21
4.328358209e-05
1.006851695e-20
4.328358209e-05
2.139838088e-20
4.328358209e-05
1.0907875e-21
4.328358209e-05
1.82331297e-21
4.328358209e-05
5.380600828e-21
4.328358209e-05
-1.23582581e-20
4.328358209e-05
7.69225626e-21
4.328358209e-05
-2.028423334e-20
4.328358209e-05
-1.023919902e-20
4.328358209e-05
1.208922137e-21
4.328358209e-05
-1.62144318e-20
4.328358209e-05
-9.050347895e-21
4.328358209e-05
8.404545187e-21
4.328358209e-05
7.373549167e-21
4.328358209e-05
2.754809998e-21
4.328358209e-05
-6.841207434e-21
4.328358209e-05
1.173277509e-20
4.328358209e-05
1.954877004e-20
4.328358209e-05
-8.839765631e-21
4.328358209e-05
-1.577015511e-20
4.328358209e-05
7.787324844e-21
4.328358209e-05
1.26392597e-20
4.328358209e-05
1.260973097e-20
4.328358209e-05
1.078875206e-23
4.328358209e-05
-1.171544668e-20
4.328358209e-05
1.369216416e-20
4.328358209e-05
1.379818153e-20
4.328358209e-05
-9.531717415e-21
4.328358209e-05
-1.389571161e-21
4.328358209e-05
2.991175624e-21
4.328358209e-05
1.385380416e-21
4.328358209e-05
2.442454737e-20
4.328358209e-05
1.857759618e-20
4.328358209e-05
-3.776409067e-20
4.328358209e-05
-4.231167579e-20
4.328358209e-05
4.270643559e-20
4.328358209e-05
1.797041276e-20
4.328358209e-05
-7.124129844e-21
4.328358209e-05
-1.055460312e-20
4.328358209e-05
8.067975353e-21
4.328358209e-05
3.653098056e-20
4.328358209e-05
-2.799162444e-20
4.328358209e-05
-5.677080132e-20
4.328358209e-05
7.856786213e-21
4.328358209e-05
1.787281501e-20
4.328358209e-05
-3.411891448e-20
4.328358209e-05
1.03280316e-20
4.328358209e-05
5.965334309e-20
4.328358209e-05
1.800594913e-20
4.328358209e-05
8.969319406e-21
4.328358209e-05
1.375425866e-20
4.328358209e-05
-2.871138182e-20
4.328358209e-05
-2.157691198e-20
4.328358209e-05
3.824593538e-20
4.328358209e-05
-1.053977597e-20
4.328358209e-05
-3.033914172e-20
4.328358209e-05
-2.364888975e-20
4.328358209e-05
1.233670865e-20
4.328358209e-05
-8.006393324e-21
4.328358209e-05
-4.083738834e-20
4.328358209e-05
1.982252224e-20
4.328358209e-05
2.399739207e-20
4.328358209e-05
-2.943273608e-20
4.328358209e-05
-3.610305113e-20
4.328358209e-05
3.462249078e-20
4.328358209e-05
6.23305444e-20
4.328358209e-05
1.94024469e-21
4.328358209e-05
-2.881477498e-20
4.328358209e-05
-2.893773848e-20
4.328358209e-05
1.799700843e-20
4.328358209e-05
3.669937966e-21
4.328358209e-05
-2.552432358e-20
4.328358209e-05
2.524591551e-21
4.328358209e-05
3.260433652e-20
4.328358209e-05
8.938097057e-21
4.328358209e-05
-2.140212047e-20
4.328358209e-05
-2.821213087e-21
4.328358209e-05
3.520863291e-20
4.328358209e-05
2.017283235e-20
4.328358209e-05
-2.840809703e-20
4.328358209e-05
-1.509435853e-20
4.328358209e-05
5.632048287e-20
4.328358209e-05
3.915465717e-20
4.328358209e-05
-2.664298592e-20
4.328358209e-05
-3.425560355e-20
4.328358209e-05
1.88737937e-21
4.328358209e-05
4.257901423e-20
4.328358209e-05
3.021848578e-20
4.328358209e-05
-1.042645247e-20
4.328358209e-05
-2.82147935e-20
4.328358209e-05
-1.082828082e-20
4.328358209e-05
-8.899720818e-20
4.328358209e-05
-3.061133531e-20
4.328358209e-05
6.685669784e-20
4.328358209e-05
3.562116494e-20
4.328358209e-05
6.939597942e-21
4.328358209e-05
-3.828128894e-20
4.328358209e-05
-3.274559032e-20
4.328358209e-05
1.454818708e-20
4.328358209e-05
7.858236596e-21
4.328358209e-05
-1.273105568e-20
4.328358209e-05
-1.620240109e-20
4.328358209e-05
1.08004391e-20
4.328358209e-05
6.016717601e-21
4.328358209e-05
-7.122414064e-20
4.328358209e-05
-8.783013434e-21
4.328358209e-05
1.421479747e-20
4.328358209e-05
4.189761935e-20
4.328358209e-05
6.596824379e-20
4.328358209e-05
-1.531943479e-20
4.328358209e-05
2.237908414e-20
4.328358209e-05
2.748261589e-20
4.328358209e-05
-1.223165648e-20
4.328358209e-05
-5.513689378e-20
4.328358209e-05
-2.8095959e-20
4.328358209e-05
7.193638526e-20
4.328358209e-05
6.168090431e-22
4.328358209e-05
-4.025238616e-20
4.328358209e-05
5.382713852e-20
4.328358209e-05
1.428536433e-20
4.328358209e-05
-5.727851034e-20
4.328358209e-05
-3.896572004e-20
4.328358209e-05
-9.487313614e-21
4.328358209e-05
5.614089849e-20
4.328358209e-05
8.686984417e-21
4.328358209e-05
1.251188497e-20
4.328358209e-05
4.281818711e-20
4.328358209e-05
-4.107209204e-21
4.328358209e-05
-8.141858767e-20
4.328358209e-05
-3.816126378e-20
4.328358209e-05
5.027251811e-20
4.328358209e-05
3.549785978e-20
4.328358209e-05
2.970284269e-20
4.328358209e-05
-5.13884911e-21
4.328358209e-05
-2.235538032e-22
4.328358209e-05
-2.007320403e-21
4.328358209e-05
-1.747736973e-20
4.328358209e-05
-4.324320199e-20
4.328358209e-05
1.350045028e-20
4.328358209e-05
-7.299410548e-20
4.328358209e-05
-7.925237406e-21
4.328358209e-05
7.615306592e-20
4.328358209e-05
-2.810514073e-20
4.328358209e-05
3.308541072e-20
4.328358209e-05
4.083630544e-20
4.328358209e-05
-2.743814789e-20
4.328358209e-05
-3.246563568e-20
4.328358209e-05
9.118396818e-22
4.328358209e-05
3.47139108e-20
4.328358209e-05
4.265143143e-20
4.328358209e-05
-5.54265018e-20
4.328358209e-05
8.422007641e-21
4.328358209e-05
3.750603188e-20
4.328358209e-05
-9.274160989e-20
4.328358209e-05
-5.508067921e-20
4.328358209e-05
1.653047279e-20
4.328358209e-05
-4.596221419e-21
4.328358209e-05
2.307374771e-20
4.328358209e-05
1.219220133e-20
4.328358209e-05
-4.239048376e-20
4.328358209e-05
1.936563403e-20
4.328358209e-05
-6.647996255e-21
4.328358209e-05
-8.783293165e-20
-1.106182215e-20
5.223880597e-05
6.200141967e-20
5.223880597e-05
4.883521124e-20
5.223880597e-05
3.566556432e-20
5.223880597e-05
3.027814756e-20
5.223880597e-05
1.026764682e-20
5.223880597e-05
1.702371869e-20
5.223880597e-05
2.566486326e-20
5.223880597e-05
6.292732211e-21
5.223880597e-05
9.854382284e-21
5.223880597e-05
2.599789711e-20
5.223880597e-05
5.320657647e-21
5.223880597e-05
-5.697799296e-21
5.223880597e-05
-1.885433541e-21
5.223880597e-05
-9.189507949e-21
5.223880597e-05
-1.320900479e-20
5.223880597e-05
-1.764353078e-20
5.223880597e-05
-2.877182355e-20
5.223880597e-05
-1.568336704e-20
5.223880597e-05
-4.171215405e-21
5.223880597e-05
-3.672306051e-21
5.223880597e-05
-2.55534472e-20
5.223880597e-05
-3.423045186e-20
5.223880597e-05
-6.344762879e-21
5.223880597e-05
1.818612741e-20
5.223880597e-05
2.54551815e-20
5.223880597e-05
3.34383751e-20
5.223880597e-05
3.100292535e-20
5.223880597e-05
1.364929486e-20
5.223880597e-05
-4.274518038e-20
5.223880597e-05
-2.966806397e-20
5.223880597e-05
-5.857040084e-21
5.223880597e-05
-1.218240337e-20
5.223880597e-05
-2.97133723e-20
5.223880597e-05
-2.598077104e-20
5.223880597e-05
-2.601295469e-20
5.223880597e-05
-5.180467012e-21
5.223880597e-05
2.082129125e-20
5.223880597e-05
1.737908558e-20
5.223880597e-05
1.161147961e-20
5.223880597e-05
-4.230324633e-21
5.223880597e-05
-8.219081805e-21
5.223880597e-05
-1.726903123e-20
5.223880597e-05
-9.940363813e-21
5.223880597e-05
-1.37058442e-20
5.223880597e-05
-1.586132e-20
5.223880597e-05
3.383429538e-21
5.223880597e-05
-8.128512627e-21
5.223880597e-05
-1.779288371e-20
5.223880597e-05
3.771587738e-21
5.223880597e-05
6.244243072e-21
5.223880597e-05
-5.502405892e-21
5.223880597e-05
1.028165578e-21
5.223880597e-05
3.565831355e-20
5.223880597e-05
2.363006657e-20
5.223880597e-05
-7.854692551e-21
5.223880597e-05
-8.775355308e-21
5.223880597e-05
1.087914164e-20
5.223880597e-05
1.1297735e-20
5.223880597e-05
1.220762182e-20
5.223880597e-05
-2.817487412e-21
5.223880597e-05
-1.553625586e-20
5.223880597e-05
5.885642591e-21
5.223880597e-05
2.449278352e-20
5.223880597e-05
2.588148739e-21
5.223880597e-05
1.039221846e-21
5.223880597e-05
1.045444008e-20
5.223880597e-05
-1.574255611e-21
5.223880597e-05
1.922655308e-20
5.223880597e-05
8.010527899e-21
5.223880597e-05
-4.056261166e-20
5.223880597e-05
-3.649678245e-20
5.223880597e-05
2.689357243e-20
5.223880597e-05
2.241917405e-20
5.223880597e-05
-6.228500435e-21
5.223880597e-05
6.848554722e-22
5.223880597e-05
-3.093727712e-21
5.223880597e-05
2.853662129e-20
5.223880597e-05
-1.714376107e-20
5.223880597e-05
-4.609554947e-20
5.223880597e-05
2.86958191e-21
5.223880597e-05
1.570799411e-20
5.223880597e-05
-2.230433106e-20
5.223880597e-05
1.58781066e-20
5.223880597e-05
5.157678578e-20
5.223880597e-05
1.254203827e-20
5.223880597e-05
1.021690088e-20
5.223880597e-05
1.529367333e-20
5.223880597e-05
-1.915342166e-20
5.223880597e-05
-1.722909912e-20
5.223880597e-05
3.539141956e-20
5.223880597e-05
-1.939826781e-20
5.223880597e-05
-5.003880721e-20
5.223880597e-05
-2.261640099e-20
5.223880597e-05
1.088682387e-20
5.223880597e-05
-1.511977283e-20
5.223880597e-05
-3.745442898e-20
5.223880597e-05
1.268340723e-20
5.223880597e-05
3.007794022e-20
5.223880597e-05
-2.47473841e-20
5.223880597e-05
-4.140947204e-20
5.223880597e-05
3.616243147e-20
5.223880597e-05
6.731051782e-20
5.223880597e-05
4.996985861e-21
5.223880597e-05
-2.702353471e-20
5.223880597e-05
-4.130518765e-20
5.223880597e-05
1.516514597e-20
5.223880597e-05
1.189021683e-20
5.223880597e-05
-3.971078179e-20
5.223880597e-05
5.979157304e-21
5.223880597e-05
3.547387467e-20
5.223880597e-05
3.77684973e-21
5.223880597e-05
-2.287275026e-20
5.223880597e-05
6.630152084e-22
5.223880597e-05
4.375051306e-20
5.223880597e-05
3.480641496e-20
5.223880597e-05
-2.70409982e-20
5.223880597e-05
-6.23479499e-21
5.223880597e-05
6.82180963e-20
5.223880597e-05
2.711219015e-20
5.223880597e-05
-3.762860973e-20
5.223880597e-05
-3.130464853e-20
5.223880597e-05
2.495193184e-22
5.223880597e-05
4.683510405e-20
5.223880597e-05
3.731177221e-20
5.223880597e-05
-2.810882321e-20
5.223880597e-05
-3.796822366e-20
5.223880597e-05
-4.101367594e-21
5.223880597e-05
-9.399572205e-20
5.223880597e-05
-2.772081042e-20
5.223880597e-05
6.954069194e-20
5.223880597e-05
4.919098862e-20
5.223880597e-05
3.627021653e-22
5.223880597e-05
-5.087260041e-20
5.223880597e-05
-4.354917893e-20
5.223880597e-05
1.503740282e-20
5.223880597e-05
5.437879278e-21
5.223880597e-05
7.66521262e-22
5.223880597e-05
-1.985159748e-20
5.223880597e-05
-5.517922567e-21
5.223880597e-05
-4.459332799e-21
5.223880597e-05
-4.152176153e-20
5.223880597e-05
-1.431434951e-20
5.223880597e-05
2.159397234e-20
5.223880597e-05
6.440025592e-20
5.223880597e-05
7.714780288e-20
5.223880597e-05
-6.464124066e-21
5.223880597e-05
2.753210371e-20
5.223880597e-05
3.205744169e-20
5.223880597e-05
-2.549425487e-20
5.223880597e-05
-7.348749558e-20
5.223880597e-05
-4.908368583e-20
5.223880597e-05
6.325747867e-20
5.223880597e-05
8.045982366e-21
5.223880597e-05
-4.055496231e-20
5.223880597e-05
4.85652848e-20
5.223880597e-05
2.997217835e-20
5.223880597e-05
-5.825123627e-20
5.223880597e-05
-4.475332775e-20
5.223880597e-05
-7.245925264e-21
5.223880597e-05
4.894466131e-20
5.223880597e-05
1.40360387e-20
5.223880597e-05
1.735296623e-20
5.223880597e-05
4.12154056e-20
5.223880597e-05
-1.278758102e-20
5.223880597e-05
-7.700449628e-20
5.223880597e-05
-4.131623646e-20
5.223880597e-05
5.500974385e-20
5.223880597e-05
4.280712062e-20
5.223880597e-05
2.441371064e-20
5.223880597e-05
-7.230530273e-21
5.223880597e-05
5.486675809e-21
5.223880597e-05
7.525744812e-21
5.223880597e-05
-4.621225389e-20
5.223880597e-05
-3.995251187e-20
5.223880597e-05
1.187289018e-20
5.223880597e-05
-7.024653442e-20
5.223880597e-05
-8.903697074e-21
5.223880597e-05
7.155188991e-20
5.223880597e-05
-2.11229769e-20
5.223880597e-05
4.05565577e-20
5.223880597e-05
5.089695672e-20
5.223880597e-05
-3.330081465e-20
5.223880597e-05
-4.966621426e-20
5.223880597e-05
2.711276316e-21
5.223880597e-05
5.705462945e-20
5.223880597e-05
4.677256014e-20
5.223880597e-05
-5.508183516e-20
5.223880597e-05
9.879585424e-21
5.223880597e-05
2.870972593e-20
5.223880597e-05
-9.785111985e-20
5.223880597e-05
-8.352046156e-20
5.223880597e-05
1.514008543e-20
5.223880597e-05
9.349166523e-21
5.223880597e-05
2.350692104e-20
5.223880597e-05
-3.733236438e-21
5.223880597e-05
-3.794302104e-20
5.223880597e-05
1.783987087e-20
5.223880597e-05
-1.861047189e-20
5.223880597e-05
-8.522936132e-20
3.306474106e-21
5.970149254e-05
5.900143782e-20
5.970149254e-05
4.67174288e-20
5.970149254e-05
2.497365846e-20
5.970149254e-05
2.468800181e-20
5.970149254e-05
2.267507603e-20
5.970149254e-05
3.697385669e-20
5.970149254e-05
2.971825324e-20
5.970149254e-05
1.421131919e-20
5.970149254e-05
1.763699305e-20
5.970149254e-05
3.631103866e-20
5.970149254e-05
1.16607633e-20
5.970149254e-05
-5.880688869e-21
5.970149254e-05
-7.496703055e-22
5.970149254e-05
-1.290451352e-20
5.970149254e-05
-2.453573043e-20
5.970149254e-05
-1.933675854e-20
5.970149254e-05
-3.228616944e-20
5.970149254e-05
-2.474079536e-20
5.970149254e-05
-7.729311455e-21
5.970149254e-05
-1.089305583e-20
5.970149254e-05
-2.311069913e-20
5.970149254e-05
-3.153952442e-20
5.970149254e-05
1.868583945e-21
5.970149254e-05
1.277784513e-20
5.970149254e-05
2.139134066e-20
5.970149254e-05
4.555693623e-20
5.970149254e-05
2.014965154e-20
5.970149254e-05
9.387332669e-22
5.970149254e-05
-3.542229298e-20
5.970149254e-05
-1.313563347e-20
5.970149254e-05
-8.119798016e-21
5.970149254e-05
-2.551685817e-20
5.970149254e-05
-4.623514808e-20
5.970149254e-05
-3.387240489e-20
5.970149254e-05
-2.229975643e-20
5.970149254e-05
-6.937933467e-21
5.970149254e-05
2.489956467e-20
5.970149254e-05
4.021788539e-20
5.970149254e-05
1.173148899e-20
5.970149254e-05
-1.923768329e-20
5.970149254e-05
-2.366863808e-20
5.970149254e-05
-3.034774906e-20
5.970149254e-05
-2.365446537e-20
5.970149254e-05
-2.238169215e-20
5.970149254e-05
-1.889511332e-20
5.970149254e-05
4.538480112e-21
5.970149254e-05
4.934567534e-21
5.970149254e-05
-2.181593922e-20
5.970149254e-05
5.34904153e-21
5.970149254e-05
1.28513517e-20
5.970149254e-05
-1.589198342e-20
5.970149254e-05
-2.897354649e-21
5.970149254e-05
3.265236065e-20
5.970149254e-05
3.136990981e-20
5.970149254e-05
4.210150595e-22
5.970149254e-05
-4.099623322e-21
5.970149254e-05
2.032521863e-20
5.970149254e-05
2.619855166e-20
5.970149254e-05
1.388077971e-20
5.970149254e-05
-2.878684762e-21
5.970149254e-05
-1.687112567e-20
5.970149254e-05
-5.462250316e-22
5.970149254e-05
1.894136098e-20
5.970149254e-05
1.557470959e-20
5.970149254e-05
-1.291730365e-21
5.970149254e-05
1.644208551e-20
5.970149254e-05
-3.179218801e-21
5.970149254e-05
1.384212811e-20
5.970149254e-05
2.156587462e-21
5.970149254e-05
-3.373051104e-20
5.970149254e-05
-3.785062187e-20
5.970149254e-05
2.853847371e-20
5.970149254e-05
2.726522495e-20
5.970149254e-05
-9.025308669e-21
5.970149254e-05
-2.810888141e-21
5.970149254e-05
7.60687466e-22
5.970149254e-05
2.350563274e-20
5.970149254e-05
-1.848307165e-20
5.970149254e-05
-5.122940408e-20
5.970149254e-05
3.444763416e-20
5.970149254e-05
2.406268606e-20
5.970149254e-05
-1.865668148e-20
5.970149254e-05
1.431839529e-21
5.970149254e-05
3.45841934e-20
5.970149254e-05
5.581316389e-21
5.970149254e-05
1.435257215e-20
5.970149254e-05
1.29676265e-20
5.970149254e-05
-2.005830648e-20
5.970149254e-05
-6.65571651e-21
5.970149254e-05
2.815271717e-20
5.970149254e-05
-2.045575416e-20
5.970149254e-05
-4.531978987e-20
5.970149254e-05
-3.66527698e-20
5.970149254e-05
-1.046122653e-20
5.970149254e-05
-7.499790469e-21
5.970149254e-05
-2.900681558e-20
5.970149254e-05
2.025389036e-20
5.970149254e-05
1.99972375e-20
5.970149254e-05
-2.220260912e-20
5.970149254e-05
-4.184647675e-20
5.970149254e-05
4.469133638e-20
5.970149254e-05
6.160873677e-20
5.970149254e-05
1.167464841e-20
5.970149254e-05
-4.109307528e-20
5.970149254e-05
-3.140608176e-20
5.970149254e-05
6.654406179e-21
5.970149254e-05
5.67529158e-21
5.970149254e-05
-5.456402386e-20
5.970149254e-05
-1.681687425e-21
5.970149254e-05
5.25942899e-20
5.970149254e-05
9.180890467e-21
5.970149254e-05
-1.504973487e-20
5.970149254e-05
7.764204772e-21
5.970149254e-05
5.21047417e-20
5.970149254e-05
3.965024548e-20
5.970149254e-05
-1.852950075e-20
5.970149254e-05
-2.310795558e-21
5.970149254e-05
4.659452303e-20
5.970149254e-05
2.67377791e-20
5.970149254e-05
-1.329676673e-20
5.970149254e-05
-2.907678146e-20
5.970149254e-05
-2.411610334e-21
5.970149254e-05
4.282856969e-20
5.970149254e-05
1.602042453e-20
5.970149254e-05
-4.029011985e-20
5.970149254e-05
-3.772846853e-20
5.970149254e-05
-1.354485356e-20
5.970149254e-05
-8.213286516e-20
5.970149254e-05
-2.590779452e-20
5.970149254e-05
7.913447945e-20
5.970149254e-05
4.608486006e-20
5.970149254e-05
2.448628659e-21
5.970149254e-05
-4.765244495e-20
5.970149254e-05
-4.460420991e-20
5.970149254e-05
1.672438122e-20
5.970149254e-05
-1.817526902e-21
5.970149254e-05
-1.410854843e-20
5.970149254e-05
-2.374658918e-20
5.970149254e-05
-3.73301535e-21
5.970149254e-05
9.371851703e-21
5.970149254e-05
-3.338503452e-20
5.970149254e-05
-1.411201556e-20
5.970149254e-05
2.462171614e-20
5.970149254e-05
7.734919081e-20
5.970149254e-05
7.773344335e-20
5.970149254e-05
1.002400544e-20
5.970149254e-05
4.819506111e-20
5.970149254e-05
3.823012486e-20
5.970149254e-05
-4.419571736e-20
5.970149254e-05
-7.91599394e-20
5.970149254e-05
-3.981699241e-20
5.970149254e-05
2.512773338e-20
5.970149254e-05
-2.5205532e-21
5.970149254e-05
-3.836111198e-20
5.970149254e-05
5.658672139e-20
5.970149254e-05
3.239958612e-20
5.970149254e-05
-4.783797371e-20
5.970149254e-05
-4.12379542e-20
5.970149254e-05
-1.271936478e-20
5.970149254e-05
5.637817969e-20
5.970149254e-05
2.486189186e-20
5.970149254e-05
1.121837269e-20
5.970149254e-05
1.984137358e-20
5.970149254e-05
-2.080327381e-20
5.970149254e-05
-6.937411398e-20
5.970149254e-05
-2.94650626e-20
5.970149254e-05
5.362035882e-20
5.970149254e-05
5.21815323e-20
5.970149254e-05
2.890242415e-20
5.970149254e-05
-1.385259503e-20
5.970149254e-05
3.318078045e-21
5.970149254e-05
1.018555663e-20
5.970149254e-05
-5.062095932e-20
5.970149254e-05
-5.282787949e-20
5.970149254e-05
-2.467812347e-21
5.970149254e-05
-4.686716531e-20
5.970149254e-05
-1.803898956e-20
5.970149254e-05
5.046356601e-20
5.970149254e-05
-4.980645345e-21
5.970149254e-05
5.147478361e-20
5.970149254e-05
5.569103659e-20
5.970149254e-05
-2.601823192e-20
5.970149254e-05
-3.57509242e-20
5.970149254e-05
2.61800687e-21
5.970149254e-05
6.537449912e-20
5.970149254e-05
4.106318846e-20
5.970149254e-05
-6.800674694e-20
5.970149254e-05
9.755664278e-21
5.970149254e-05
1.815879172e-20
5.970149254e-05
-9.440327312e-20
5.970149254e-05
-7.714220927e-20
5.970149254e-05
-1.391999991e-20
5.970149254e-05
6.618391836e-21
5.970149254e-05
2.000090362e-20
5.970149254e-05
-9.641482868e-21
5.970149254e-05
-2.099744132e-20
5.970149254e-05
1.258075918e-20
5.970149254e-05
-2.066983191e-20
5.970149254e-05
-6.483533637e-20
-3.891524894e-22
6.567164179e-05
5.01386225e-20
6.567164179e-05
5.302392311e-20
6.567164179e-05
2.853435339e-20
6.567164179e-05
1.669511625e-20
6.567164179e-05
2.824746023e-20
6.567164179e-05
2.895595659e-20
6.567164179e-05
3.92375133e-20
6.567164179e-05
2.076293645e-20
6.567164179e-05
4.455198135e-20
6.567164179e-05
3.416790998e-20
6.567164179e-05
1.248622502e-20
6.567164179e-05
2.15632281e-21
6.567164179e-05
8.541908702e-21
6.567164179e-05
-5.265667481e-21
6.567164179e-05
-3.315800794e-20
6.567164179e-05
-2.629937612e-20
6.567164179e-05
-2.937214523e-20
6.567164179e-05
-3.137655974e-20
6.567164179e-05
-6.986967005e-21
6.567164179e-05
-2.019673772e-20
6.567164179e-05
-1.944438772e-20
6.567164179e-05
-2.187340206e-20
6.567164179e-05
1.649658183e-20
6.567164179e-05
1.80344238e-20
6.567164179e-05
1.775414628e-20
6.567164179e-05
2.432588517e-20
6.567164179e-05
1.945901773e-20
6.567164179e-05
-1.935421917e-20
6.567164179e-05
-4.627935432e-20
6.567164179e-05
-6.925187073e-21
6.567164179e-05
-8.705174695e-21
6.567164179e-05
-2.60544316e-20
6.567164179e-05
-4.224476816e-20
6.567164179e-05
-2.837622651e-20
6.567164179e-05
-2.64690172e-20
6.567164179e-05
-1.903821269e-22
6.567164179e-05
3.643638677e-20
6.567164179e-05
4.906712478e-20
6.567164179e-05
1.569557065e-20
6.567164179e-05
-2.73932293e-20
6.567164179e-05
-3.298152097e-20
6.567164179e-05
-5.257393257e-20
6.567164179e-05
-2.724482725e-20
6.567164179e-05
-1.465731605e-20
6.567164179e-05
-6.062051308e-21
6.567164179e-05
-1.668108315e-20
6.567164179e-05
-5.883274619e-21
6.567164179e-05
5.51904654e-21
6.567164179e-05
5.373223476e-21
6.567164179e-05
1.179964528e-20
6.567164179e-05
-6.321459908e-21
6.567164179e-05
8.819639632e-22
6.567164179e-05
2.956700047e-20
6.567164179e-05
4.400513785e-20
6.567164179e-05
8.617998332e-21
6.567164179e-05
-6.239000507e-22
6.567164179e-05
8.179529308e-21
6.567164179e-05
3.165693595e-20
6.567164179e-05
1.966270871e-20
6.567164179e-05
-4.432237006e-21
6.567164179e-05
-1.273727213e-20
6.567164179e-05
-5.122541374e-21
6.567164179e-05
1.14871407e-21
6.567164179e-05
1.936764118e-20
6.567164179e-05
4.086781257e-21
6.567164179e-05
2.554849775e-20
6.567164179e-05
2.398010146e-22
6.567164179e-05
7.734109007e-21
6.567164179e-05
-8.319262741e-21
6.567164179e-05
-3.405286021e-20
6.567164179e-05
-2.488436986e-20
6.567164179e-05
1.538333083e-20
6.567164179e-05
3.135357423e-20
6.567164179e-05
3.392150719e-21
6.567164179e-05
-1.847183582e-20
6.567164179e-05
1.873579408e-20
6.567164179e-05
2.920508454e-20
6.567164179e-05
-1.609954329e-20
6.567164179e-05
-3.475748648e-20
6.567164179e-05
3.385339526e-20
6.567164179e-05
1.78242954e-20
6.567164179e-05
-2.048103687e-20
6.567164179e-05
1.56156219e-20
6.567164179e-05
1.661006124e-20
6.567164179e-05
5.116826402e-21
6.567164179e-05
4.868972976e-21
6.567164179e-05
2.363269601e-22
6.567164179e-05
-5.407672216e-21
6.567164179e-05
-1.037291942e-20
6.567164179e-05
2.221607359e-20
6.567164179e-05
-1.694348642e-20
6.567164179e-05
-5.031077682e-20
6.567164179e-05
-4.502641167e-20
6.567164179e-05
-2.473086274e-20
6.567164179e-05
-1.263945033e-20
6.567164179e-05
-3.713688876e-20
6.567164179e-05
2.875624922e-21
6.567164179e-05
2.618756475e-20
6.567164179e-05
-1.876505244e-21
6.567164179e-05
-3.784111406e-20
6.567164179e-05
3.480611441e-20
6.567164179e-05
6.916853287e-20
6.567164179e-05
1.535351717e-20
6.567164179e-05
-3.491178852e-20
6.567164179e-05
-3.511426227e-20
6.567164179e-05
-3.141796373e-21
6.567164179e-05
-1.203923627e-20
6.567164179e-05
-4.42716024e-20
6.567164179e-05
1.782172047e-20
6.567164179e-05
4.041599415e-20
6.567164179e-05
1.530257131e-20
6.567164179e-05
-4.214637886e-21
6.567164179e-05
1.241262688e-20
6.567164179e-05
4.767596337e-20
6.567164179e-05
3.800782881e-20
6.567164179e-05
-3.000764823e-21
6.567164179e-05
4.245922935e-23
6.567164179e-05
3.421619322e-20
6.567164179e-05
2.408719696e-20
6.567164179e-05
-1.846549047e-20
6.567164179e-05
-6.93245707e-21
6.567164179e-05
1.208263693e-20
6.567164179e-05
2.376655698e-20
6.567164179e-05
-1.888021813e-20
6.567164179e-05
-4.249317967e-20
6.567164179e-05
-4.94731345e-20
6.567164179e-05
-3.001887209e-20
6.567164179e-05
-5.917643957e-20
6.567164179e-05
-1.716149169e-20
6.567164179e-05
6.164204152e-20
6.567164179e-05
4.367764262e-20
6.567164179e-05
-6.693247977e-22
6.567164179e-05
-4.472782872e-20
6.567164179e-05
-3.893488809e-20
6.567164179e-05
1.302657387e-20
6.567164179e-05
-1.175112918e-20
6.567164179e-05
-3.880135943e-20
6.567164179e-05
-1.417795954e-20
6.567164179e-05
1.246891776e-22
6.567164179e-05
1.528558458e-20
6.567164179e-05
-2.270252602e-20
6.567164179e-05
2.317149971e-21
6.567164179e-05
3.464791613e-20
6.567164179e-05
8.496783902e-20
6.567164179e-05
7.271262769e-20
6.567164179e-05
1.412256071e-20
6.567164179e-05
4.735513252e-20
6.567164179e-05
2.389726357e-20
6.567164179e-05
-2.85965197e-20
6.567164179e-05
-6.32669172e-20
6.567164179e-05
-4.740456742e-20
6.567164179e-05
1.302922459e-21
6.567164179e-05
-1.856299391e-20
6.567164179e-05
-3.159846345e-20
6.567164179e-05
4.47494445e-20
6.567164179e-05
3.782451028e-20
6.567164179e-05
-3.51390343e-20
6.567164179e-05
-3.307441452e-20
6.567164179e-05
-1.196656432e-20
6.567164179e-05
4.599171981e-20
6.567164179e-05
2.267529877e-20
6.567164179e-05
8.068358135e-21
6.567164179e-05
6.467579157e-21
6.567164179e-05
-1.987171987e-20
6.567164179e-05
-5.575856143e-20
6.567164179e-05
-2.986933542e-20
6.567164179e-05
5.39786499e-20
6.567164179e-05
4.72064471e-20
6.567164179e-05
3.718007387e-20
6.567164179e-05
-1.836217625e-20
6.567164179e-05
-3.244962195e-21
6.567164179e-05
1.045137406e-20
6.567164179e-05
-3.513139433e-20
6.567164179e-05
-3.622423831e-20
6.567164179e-05
-9.546506271e-21
6.567164179e-05
-3.742437041e-20
6.567164179e-05
-1.297358521e-20
6.567164179e-05
3.351875085e-20
6.567164179e-05
-1.045426738e-20
6.567164179e-05
5.748989031e-20
6.567164179e-05
5.647705494e-20
6.567164179e-05
-4.677370755e-21
6.567164179e-05
-1.197331335e-20
6.567164179e-05
-2.327054143e-21
6.567164179e-05
5.650649115e-20
6.567164179e-05
1.534692091e-20
6.567164179e-05
-6.981386412e-20
6.567164179e-05
-2.465448403e-21
6.567164179e-05
1.954081216e-20
6.567164179e-05
-7.527255092e-20
6.567164179e-05
-7.547888774e-20
6.567164179e-05
-3.660706061e-20
6.567164179e-05
1.053060793e-21
6.567164179e-05
1.914471878e-20
6.567164179e-05
7.450716295e-21
6.567164179e-05
-1.882332376e-20
6.567164179e-05
1.149848182e-20
6.567164179e-05
-1.401274356e-20
6.567164179e-05
-5.264750202e-20
-1.714544506e-21
7.014925373e-05
3.895832962e-20
7.014925373e-05
3.967932013e-20
7.014925373e-05
3.414088704e-20
7.014925373e-05
4.124341763e-20
7.014925373e-05
3.78986747e-20
7.014925373e-05
4.180237938e-20
7.014925373e-05
4.404601037e-20
7.014925373e-05
4.220648825e-20
7.014925373e-05
5.023790182e-20
7.014925373e-05
2.487437982e-20
7.014925373e-05
8.25427085e-21
7.014925373e-05
1.181180854e-20
7.014925373e-05
1.250939436e-20
7.014925373e-05
-1.422440075e-20
7.014925373e-05
-3.140081489e-20
7.014925373e-05
-2.68140999e-20
7.014925373e-05
-3.879462356e-20
7.014925373e-05
-1.307453326e-20
7.014925373e-05
-6.074943669e-21
7.014925373e-05
-2.694250938e-20
7.014925373e-05
-8.256537616e-21
7.014925373e-05
1.023560986e-20
7.014925373e-05
5.747369506e-22
7.014925373e-05
-2.369208471e-22
7.014925373e-05
1.713269466e-20
7.014925373e-05
4.209713627e-21
7.014925373e-05
5.132414866e-22
7.014925373e-05
-3.225864985e-20
7.014925373e-05
-3.352392222e-20
7.014925373e-05
-2.024566007e-20
7.014925373e-05
-7.502567671e-21
7.014925373e-05
-3.637833598e-20
7.014925373e-05
-2.231480631e-20
7.014925373e-05
-3.893625934e-20
7.014925373e-05
-2.477157058e-20
7.014925373e-05
9.775606684e-21
7.014925373e-05
2.180120799e-20
7.014925373e-05
3.532741961e-20
7.014925373e-05
7.782785844e-21
7.014925373e-05
-2.579758329e-20
7.014925373e-05
-4.292082971e-20
7.014925373e-05
-4.301836974e-20
7.014925373e-05
-2.206721408e-20
7.014925373e-05
-2.534970567e-20
7.014925373e-05
-1.260175626e-20
7.014925373e-05
-2.768382165e-20
7.014925373e-05
5.873406114e-21
7.014925373e-05
2.082404854e-20
7.014925373e-05
6.813193609e-21
7.014925373e-05
-4.386320729e-21
7.014925373e-05
5.369978698e-21
7.014925373e-05
5.147159446e-21
7.014925373e-05
3.828159079e-20
7.014925373e-05
4.111205579e-20
7.014925373e-05
2.284338665e-20
7.014925373e-05
1.766267254e-20
7.014925373e-05
1.619082928e-20
7.014925373e-05
2.462878364e-20
7.014925373e-05
2.262143611e-20
7.014925373e-05
5.219244467e-21
7.014925373e-05
-2.025588226e-20
7.014925373e-05
-6.438712248e-21
7.014925373e-05
-2.057344314e-22
7.014925373e-05
-3.278790704e-21
7.014925373e-05
3.030396533e-20
7.014925373e-05
3.064000717e-20
7.014925373e-05
1.185832362e-21
7.014925373e-05
-9.681495387e-21
7.014925373e-05
-1.530900055e-20
7.014925373e-05
-2.34636134e-20
7.014925373e-05
-2.985305029e-21
7.014925373e-05
1.374781177e-20
7.014925373e-05
1.650239593e-20
7.014925373e-05
9.78415082e-22
7.014925373e-05
-1.46816433e-20
7.014925373e-05
7.771614451e-21
7.014925373e-05
3.477810007e-20
7.014925373e-05
-7.632952263e-21
7.014925373e-05
-1.495091368e-20
7.014925373e-05
6.994690205e-21
7.014925373e-05
1.004098023e-20
7.014925373e-05
1.173312761e-20
7.014925373e-05
7.544478943e-22
7.014925373e-05
9.846696561e-21
7.014925373e-05
-5.132685877e-22
7.014925373e-05
-2.056915715e-20
7.014925373e-05
-1.290396843e-20
7.014925373e-05
1.738843365e-21
7.014925373e-05
4.03391865e-21
7.014925373e-05
4.289168946e-21
7.014925373e-05
-1.676835846e-21
7.014925373e-05
-3.637024719e-20
7.014925373e-05
-4.604054941e-20
7.014925373e-05
-3.942817473e-20
7.014925373e-05
-1.638634644e-20
7.014925373e-05
-4.301437937e-20
7.014925373e-05
-2.275208874e-20
7.014925373e-05
2.673095192e-20
7.014925373e-05
5.114328674e-21
7.014925373e-05
-8.45147011e-21
7.014925373e-05
1.917078493e-20
7.014925373e-05
5.366351602e-20
7.014925373e-05
1.295985435e-20
7.014925373e-05
-4.635403997e-20
7.014925373e-05
-3.83645983e-20
7.014925373e-05
-1.677002363e-20
7.014925373e-05
-1.750524263e-20
7.014925373e-05
-8.068249892e-21
7.014925373e-05
1.010082381e-20
7.014925373e-05
2.49228031e-20
7.014925373e-05
4.392076815e-21
7.014925373e-05
4.651951923e-21
7.014925373e-05
2.34902161e-20
7.014925373e-05
5.356857633e-20
7.014925373e-05
3.488390229e-20
7.014925373e-05
2.092252172e-20
7.014925373e-05
-7.286111144e-21
7.014925373e-05
1.801607477e-20
7.014925373e-05
2.315778078e-20
7.014925373e-05
1.029775985e-20
7.014925373e-05
-2.559177472e-21
7.014925373e-05
9.460938105e-21
7.014925373e-05
1.092218186e-20
7.014925373e-05
-2.901883224e-20
7.014925373e-05
-6.495174785e-20
7.014925373e-05
-7.052926306e-20
7.014925373e-05
-2.174568967e-20
7.014925373e-05
-4.133070434e-20
7.014925373e-05
1.284500222e-21
7.014925373e-05
4.922350171e-20
7.014925373e-05
3.45367484e-20
7.014925373e-05
1.766953325e-21
7.014925373e-05
-3.900327593e-20
7.014925373e-05
-3.616299593e-20
7.014925373e-05
1.624607971e-21
7.014925373e-05
-2.515734273e-20
7.014925373e-05
-3.80021001e-20
7.014925373e-05
-1.289505482e-20
7.014925373e-05
9.864503132e-21
7.014925373e-05
2.210696586e-20
7.014925373e-05
-8.228020332e-21
7.014925373e-05
2.066019071e-20
7.014925373e-05
3.831421816e-20
7.014925373e-05
6.270927241e-20
7.014925373e-05
5.828261175e-20
7.014925373e-05
3.795004094e-20
7.014925373e-05
5.367623917e-20
7.014925373e-05
1.990615337e-20
7.014925373e-05
-1.700761356e-20
7.014925373e-05
-5.7820882e-20
7.014925373e-05
-5.004688159e-20
7.014925373e-05
-9.269526195e-21
7.014925373e-05
-3.535567723e-20
7.014925373e-05
-1.412055886e-20
7.014925373e-05
3.362604473e-20
7.014925373e-05
2.943298363e-20
7.014925373e-05
-2.060265973e-20
7.014925373e-05
-1.996492565e-20
7.014925373e-05
-5.146233485e-21
7.014925373e-05
3.099742345e-20
7.014925373e-05
1.372945535e-20
7.014925373e-05
5.000069057e-22
7.014925373e-05
-1.092059111e-20
7.014925373e-05
-4.179609961e-21
7.014925373e-05
-4.660262146e-20
7.014925373e-05
-1.947214538e-20
7.014925373e-05
4.322553603e-20
7.014925373e-05
4.486818325e-20
7.014925373e-05
4.092599751e-20
7.014925373e-05
-2.367912275e-20
7.014925373e-05
-7.543384241e-21
7.014925373e-05
4.739895283e-21
7.014925373e-05
-2.951837405e-20
7.014925373e-05
-3.171860234e-20
7.014925373e-05
-2.018891572e-21
7.014925373e-05
-3.132149673e-20
7.014925373e-05
-3.537550774e-20
7.014925373e-05
1.336894725e-20
7.014925373e-05
-1.09489808e-21
7.014925373e-05
5.336985924e-20
7.014925373e-05
7.143053342e-20
7.014925373e-05
4.051289914e-21
7.014925373e-05
4.683665572e-21
7.014925373e-05
1.490776003e-20
7.014925373e-05
4.618069213e-20
7.014925373e-05
1.896488053e-21
7.014925373e-05
-6.251499034e-20
7.014925373e-05
-7.583332017e-21
7.014925373e-05
-3.439102588e-21
7.014925373e-05
-8.029970576e-20
7.014925373e-05
-6.887840678e-20
7.014925373e-05
-2.277563367e-20
7.014925373e-05
-2.187712598e-21
7.014925373e-05
3.432429594e-20
7.014925373e-05
-1.019668175e-20
7.014925373e-05
-9.924823363e-21
7.014925373e-05
2.919029168e-21
7.014925373e-05
1.713360483e-21
7.014925373e-05
-3.739282246e-20
-1.483225244e-20
7.313432836e-05
2.580267786e-20
7.313432836e-05
1.87271428e-20
7.313432836e-05
3.262606136e-20
7.313432836e-05
3.677275134e-20
7.313432836e-05
4.403251662e-20
7.313432836e-05
6.587812692e-20
7.313432836e-05
5.393803981e-20
7.313432836e-05
4.424988527e-20
7.313432836e-05
3.717584048e-20
7.313432836e-05
1.744227973e-20
7.313432836e-05
2.825717429e-21
7.313432836e-05
2.34886813e-20
7.313432836e-05
1.505503065e-20
7.313432836e-05
-1.217560024e-20
7.313432836e-05
-3.359163838e-20
7.313432836e-05
-3.733116359e-20
7.313432836e-05
-3.855679138e-20
7.313432836e-05
-1.317459821e-20
7.313432836e-05
1.501109792e-21
7.313432836e-05
-3.872613743e-21
7.313432836e-05
-5.393990946e-21
7.313432836e-05
8.468953847e-21
7.313432836e-05
6.736010814e-21
7.313432836e-05
-4.108965222e-21
7.313432836e-05
6.683686223e-21
7.313432836e-05
-8.158660565e-21
7.313432836e-05
-2.819552228e-20
7.313432836e-05
-1.930998981e-20
7.313432836e-05
-2.189273196e-20
7.313432836e-05
-5.24308633e-21
7.313432836e-05
-2.822541942e-20
7.313432836e-05
-5.041016325e-20
7.313432836e-05
-3.42418835e-20
7.313432836e-05
-2.536676435e-20
7.313432836e-05
-3.786608466e-21
7.313432836e-05
1.97387496e-20
7.313432836e-05
1.809797832e-20
7.313432836e-05
1.327641587e-20
7.313432836e-05
1.389181309e-21
7.313432836e-05
-2.415201576e-20
7.313432836e-05
-3.055348877e-20
7.313432836e-05
-3.202862613e-20
7.313432836e-05
-4.247859085e-20
7.313432836e-05
-3.413913161e-20
7.313432836e-05
-1.007371513e-20
7.313432836e-05
-8.617941022e-21
7.313432836e-05
-5.919720563e-21
7.313432836e-05
3.008324158e-20
7.313432836e-05
7.859383741e-21
7.313432836e-05
-9.866657056e-21
7.313432836e-05
2.556999385e-21
7.313432836e-05
1.374085407e-20
7.313432836e-05
3.74027446e-20
7.313432836e-05
4.149112066e-20
7.313432836e-05
2.573991399e-20
7.313432836e-05
3.592579385e-20
7.313432836e-05
3.242596783e-20
7.313432836e-05
-1.265343043e-21
7.313432836e-05
1.122288552e-20
7.313432836e-05
1.464039947e-20
7.313432836e-05
3.50663203e-21
7.313432836e-05
-3.044624094e-21
7.313432836e-05
-2.323246141e-20
7.313432836e-05
-5.109516065e-21
7.313432836e-05
2.877628606e-20
7.313432836e-05
1.441153407e-20
7.313432836e-05
1.055088292e-20
7.313432836e-05
1.320159229e-20
7.313432836e-05
-5.596679387e-21
7.313432836e-05
-1.222816855e-20
7.313432836e-05
-8.827880785e-22
7.313432836e-05
1.521210135e-20
7.313432836e-05
1.094973967e-20
7.313432836e-05
4.813103168e-21
7.313432836e-05
4.157740208e-22
7.313432836e-05
-1.337630943e-20
7.313432836e-05
1.704400509e-20
7.313432836e-05
2.646222603e-21
7.313432836e-05
-1.049033616e-20
7.313432836e-05
1.554088555e-20
7.313432836e-05
9.263474376e-22
7.313432836e-05
6.417686297e-21
7.313432836e-05
1.644204171e-21
7.313432836e-05
2.55248154e-21
7.313432836e-05
1.454860452e-20
7.313432836e-05
-4.387326529e-20
7.313432836e-05
-3.916119541e-20
7.313432836e-05
8.075775224e-22
7.313432836e-05
1.642565105e-20
7.313432836e-05
8.633931312e-21
7.313432836e-05
6.414853098e-21
7.313432836e-05
-1.696749328e-20
7.313432836e-05
-4.57355491e-20
7.313432836e-05
-2.396823269e-20
7.313432836e-05
-3.11226385e-20
7.313432836e-05
-5.312841244e-20
7.313432836e-05
-2.642601222e-20
7.313432836e-05
2.280769843e-20
7.313432836e-05
2.132878425e-21
7.313432836e-05
-1.443134792e-20
7.313432836e-05
1.942390642e-20
7.313432836e-05
4.378002998e-20
7.313432836e-05
1.788308654e-20
7.313432836e-05
-3.261995152e-20
7.313432836e-05
-4.300245866e-20
7.313432836e-05
-3.434334883e-20
7.313432836e-05
-2.121864689e-21
7.313432836e-05
1.454260762e-20
7.313432836e-05
3.901275151e-22
7.313432836e-05
2.716451073e-21
7.313432836e-05
1.564069421e-20
7.313432836e-05
2.185848175e-20
7.313432836e-05
2.916853553e-20
7.313432836e-05
3.474197038e-20
7.313432836e-05
4.611178618e-20
7.313432836e-05
3.076613955e-20
7.313432836e-05
-4.054666073e-21
7.313432836e-05
-6.945054649e-22
7.313432836e-05
1.117405291e-20
7.313432836e-05
1.983244694e-20
7.313432836e-05
1.596591827e-20
7.313432836e-05
1.357423203e-20
7.313432836e-05
-8.172194492e-21
7.313432836e-05
-2.563220767e-20
7.313432836e-05
-7.112030317e-20
7.313432836e-05
-6.871252895e-20
7.313432836e-05
-1.193636756e-20
7.313432836e-05
-2.652416532e-20
7.313432836e-05
-2.561030342e-21
7.313432836e-05
3.76181877e-20
7.313432836e-05
3.817186717e-20
7.313432836e-05
1.177222427e-20
7.313432836e-05
-3.862440163e-20
7.313432836e-05
-4.529465167e-20
7.313432836e-05
-1.423364832e-20
7.313432836e-05
-1.86720675e-20
7.313432836e-05
-2.995094507e-20
7.313432836e-05
-6.140623838e-21
7.313432836e-05
1.810240751e-20
7.313432836e-05
3.06363048e-20
7.313432836e-05
-2.811515583e-20
7.313432836e-05
4.437001699e-20
7.313432836e-05
5.541165199e-20
7.313432836e-05
5.07696798e-20
7.313432836e-05
5.690970556e-20
7.313432836e-05
3.001377085e-20
7.313432836e-05
5.32192983e-20
7.313432836e-05
1.726494466e-20
7.313432836e-05
-1.74442929e-20
7.313432836e-05
-4.985442426e-20
7.313432836e-05
-3.192187838e-20
7.313432836e-05
-2.904825039e-20
7.313432836e-05
-5.190742252e-20
7.313432836e-05
-1.786362834e-20
7.313432836e-05
2.313161169e-20
7.313432836e-05
9.134157636e-21
7.313432836e-05
-6.618362863e-21
7.313432836e-05
-1.048340361e-20
7.313432836e-05
-1.069486656e-20
7.313432836e-05
7.241445995e-21
7.313432836e-05
1.616738312e-20
7.313432836e-05
1.120455397e-20
7.313432836e-05
-1.283153208e-20
7.313432836e-05
-1.377086674e-20
7.313432836e-05
-2.451201294e-20
7.313432836e-05
8.625336572e-22
7.313432836e-05
4.043863818e-20
7.313432836e-05
3.440053798e-20
7.313432836e-05
4.117802249e-20
7.313432836e-05
-1.652304756e-20
7.313432836e-05
-9.679155712e-21
7.313432836e-05
-6.411691616e-21
7.313432836e-05
-2.926379789e-20
7.313432836e-05
-4.483583388e-20
7.313432836e-05
-2.095718131e-20
7.313432836e-05
-2.473139181e-20
7.313432836e-05
-3.708225745e-20
7.313432836e-05
-7.801717656e-21
7.313432836e-05
1.723126689e-20
7.313432836e-05
4.010110212e-20
7.313432836e-05
6.25358392e-20
7.313432836e-05
3.225337706e-20
7.313432836e-05
2.125276838e-20
7.313432836e-05
1.651898169e-20
7.313432836e-05
3.272594764e-20
7.313432836e-05
6.580538735e-21
7.313432836e-05
-5.885681417e-20
7.313432836e-05
-2.425465446e-20
7.313432836e-05
-1.575329437e-20
7.313432836e-05
-6.51158105e-20
7.313432836e-05
-5.459431154e-20
7.313432836e-05
-1.641775945e-20
7.313432836e-05
4.099033024e-21
7.313432836e-05
3.5426647e-20
7.313432836e-05
2.185171661e-20
7.313432836e-05
-1.227311716e-20
7.313432836e-05
-1.495986034e-20
7.313432836e-05
3.317764991e-21
7.313432836e-05
-3.791757596e-20
-1.104226319e-20
7.462686567e-05
6.013651008e-21
7.462686567e-05
2.320999398e-20
7.462686567e-05
2.84687484e-20
7.462686567e-05
3.2654023e-20
7.462686567e-05
4.671973949e-20
7.462686567e-05
5.836116796e-20
7.462686567e-05
4.277482152e-20
7.462686567e-05
2.706332786e-20
7.462686567e-05
1.883697772e-20
7.462686567e-05
2.08598124e-20
7.462686567e-05
1.517034198e-20
7.462686567e-05
1.930964222e-20
7.462686567e-05
1.944934685e-20
7.462686567e-05
-1.752144354e-20
7.462686567e-05
-2.609742793e-20
7.462686567e-05
-3.370322999e-20
7.462686567e-05
-2.854919839e-20
7.462686567e-05
-5.94248391e-21
7.462686567e-05
2.115232449e-21
7.462686567e-05
-3.987871495e-21
7.462686567e-05
6.241969914e-21
7.462686567e-05
1.906992764e-20
7.462686567e-05
-1.344879565e-20
7.462686567e-05
2.781680856e-21
7.462686567e-05
-2.655328597e-21
7.462686567e-05
-1.923096923e-20
7.462686567e-05
-2.100671622e-20
7.462686567e-05
-2.261101585e-20
7.462686567e-05
6.146712143e-21
7.462686567e-05
-2.662385493e-20
7.462686567e-05
-4.916011631e-20
7.462686567e-05
-4.391569451e-20
7.462686567e-05
-4.026795519e-20
7.462686567e-05
-1.475757264e-20
7.462686567e-05
-2.934550853e-21
7.462686567e-05
6.810158912e-21
7.462686567e-05
5.823361054e-22
7.462686567e-05
8.331273694e-22
7.462686567e-05
-2.130104927e-21
7.462686567e-05
-2.080775743e-20
7.462686567e-05
-4.508271468e-20
7.462686567e-05
-1.879487101e-20
7.462686567e-05
-3.991645389e-20
7.462686567e-05
-4.384934696e-20
7.462686567e-05
-1.533896204e-20
7.462686567e-05
-4.579157795e-21
7.462686567e-05
-9.008035651e-21
7.462686567e-05
1.524183786e-20
7.462686567e-05
2.71875136e-20
7.462686567e-05
-1.516949654e-20
7.462686567e-05
4.744483858e-21
7.462686567e-05
3.532800434e-20
7.462686567e-05
4.532975597e-20
7.462686567e-05
4.098577402e-20
7.462686567e-05
4.301182817e-20
7.462686567e-05
3.393751094e-20
7.462686567e-05
3.449402e-20
7.462686567e-05
-2.129244876e-21
7.462686567e-05
1.620122656e-21
7.462686567e-05
3.973574547e-21
7.462686567e-05
9.475130212e-21
7.462686567e-05
-1.294663566e-20
7.462686567e-05
-1.41621179e-20
7.462686567e-05
-1.641462623e-21
7.462686567e-05
2.422658828e-20
7.462686567e-05
1.549562091e-20
7.462686567e-05
4.101979202e-21
7.462686567e-05
-1.135123351e-21
7.462686567e-05
3.357392931e-21
7.462686567e-05
-4.815790896e-22
7.462686567e-05
1.803248091e-20
7.462686567e-05
1.724014427e-20
7.462686567e-05
1.338641064e-20
7.462686567e-05
1.409502466e-20
7.462686567e-05
6.651241214e-21
7.462686567e-05
-1.43676529e-20
7.462686567e-05
-1.280724584e-21
7.462686567e-05
3.460941167e-21
7.462686567e-05
5.771601842e-21
7.462686567e-05
8.453028549e-21
7.462686567e-05
-1.772328034e-20
7.462686567e-05
4.203312473e-21
7.462686567e-05
-3.074291152e-21
7.462686567e-05
5.083904913e-21
7.462686567e-05
-2.059593421e-21
7.462686567e-05
-4.470414177e-20
7.462686567e-05
-3.133077338e-20
7.462686567e-05
-5.442048134e-21
7.462686567e-05
1.02657441e-20
7.462686567e-05
1.255027464e-20
7.462686567e-05
5.484412799e-21
7.462686567e-05
-1.09846368e-20
7.462686567e-05
-2.738946916e-20
7.462686567e-05
-1.964930717e-20
7.462686567e-05
-2.493130255e-20
7.462686567e-05
-5.907490628e-20
7.462686567e-05
-1.505270945e-20
7.462686567e-05
-2.206048285e-21
7.462686567e-05
-1.424719176e-20
7.462686567e-05
2.440728539e-21
7.462686567e-05
2.090139782e-20
7.462686567e-05
1.610242175e-20
7.462686567e-05
6.069422851e-21
7.462686567e-05
-8.345269774e-21
7.462686567e-05
-3.578583729e-20
7.462686567e-05
-3.816565661e-20
7.462686567e-05
4.671492061e-21
7.462686567e-05
1.049076911e-20
7.462686567e-05
-6.46543427e-22
7.462686567e-05
1.361536102e-21
7.462686567e-05
1.271928569e-20
7.462686567e-05
4.01946334e-20
7.462686567e-05
3.699014273e-20
7.462686567e-05
2.837888834e-20
7.462686567e-05
3.89200084e-20
7.462686567e-05
4.405382068e-20
7.462686567e-05
9.059242866e-21
7.462686567e-05
-1.987818702e-20
7.462686567e-05
6.279616729e-21
7.462686567e-05
2.136567735e-20
7.462686567e-05
2.003172514e-20
7.462686567e-05
1.161564938e-20
7.462686567e-05
-3.072738018e-21
7.462686567e-05
-2.251512772e-20
7.462686567e-05
-6.015484726e-20
7.462686567e-05
-5.502335261e-20
7.462686567e-05
-2.227122038e-20
7.462686567e-05
1.707952305e-21
7.462686567e-05
7.646089939e-21
7.462686567e-05
3.527159064e-21
7.462686567e-05
2.07395602e-20
7.462686567e-05
1.600012802e-20
7.462686567e-05
-3.553341874e-20
7.462686567e-05
-3.763990912e-20
7.462686567e-05
-3.608357828e-20
7.462686567e-05
-2.612349467e-20
7.462686567e-05
-8.418272044e-21
7.462686567e-05
-1.765231542e-20
7.462686567e-05
2.772845157e-20
7.462686567e-05
1.954449761e-20
7.462686567e-05
-1.038742565e-20
7.462686567e-05
4.254537513e-20
7.462686567e-05
7.801351284e-20
7.462686567e-05
4.755487881e-20
7.462686567e-05
3.217102243e-20
7.462686567e-05
4.352747244e-20
7.462686567e-05
4.378246308e-20
7.462686567e-05
3.426838861e-20
7.462686567e-05
-4.716889101e-21
7.462686567e-05
-2.441458104e-20
7.462686567e-05
-2.156512777e-20
7.462686567e-05
-4.779416345e-20
7.462686567e-05
-5.951003927e-20
7.462686567e-05
-2.802859077e-20
7.462686567e-05
9.226001624e-23
7.462686567e-05
9.252942696e-22
7.462686567e-05
1.67821632e-20
7.462686567e-05
1.314825181e-20
7.462686567e-05
-1.077578459e-20
7.462686567e-05
-2.086060671e-20
7.462686567e-05
2.299428274e-21
7.462686567e-05
1.516147705e-20
7.462686567e-05
-8.127597451e-21
7.462686567e-05
-1.047091703e-20
7.462686567e-05
1.341564087e-21
7.462686567e-05
7.447053606e-21
7.462686567e-05
2.750989557e-20
7.462686567e-05
5.723320764e-20
7.462686567e-05
4.648651243e-20
7.462686567e-05
-2.330587152e-20
7.462686567e-05
-2.159243406e-20
7.462686567e-05
-3.160918497e-20
7.462686567e-05
-3.98996765e-20
7.462686567e-05
-2.912463237e-20
7.462686567e-05
-2.775245138e-20
7.462686567e-05
-3.157827534e-20
7.462686567e-05
-4.571363453e-20
7.462686567e-05
-1.312834265e-20
7.462686567e-05
3.085118106e-20
7.462686567e-05
3.508926074e-20
7.462686567e-05
3.830793148e-20
7.462686567e-05
3.250860437e-20
7.462686567e-05
5.150163168e-20
7.462686567e-05
3.331745499e-20
7.462686567e-05
-8.322490929e-21
7.462686567e-05
-4.431397249e-21
7.462686567e-05
-1.775463491e-20
7.462686567e-05
-3.316608866e-20
7.462686567e-05
-3.639411012e-20
7.462686567e-05
-6.006462666e-20
7.462686567e-05
-3.89440821e-20
7.462686567e-05
8.199032845e-21
7.462686567e-05
1.125456731e-20
7.462686567e-05
2.954589639e-20
7.462686567e-05
2.235635054e-20
7.462686567e-05
-1.474531545e-20
7.462686567e-05
-1.04492179e-20
7.462686567e-05
-1.537043382e-20
7.462686567e-05
-3.083314663e-20
-1.009484077e-20
7.462686567e-05
3.988671643e-21
7.462686567e-05
1.498077156e-20
7.462686567e-05
2.680657322e-20
7.462686567e-05
3.1484479e-20
7.462686567e-05
4.811617978e-20
7.462686567e-05
3.805888959e-20
7.462686567e-05
2.9497021e-20
7.462686567e-05
2.509913154e-20
7.462686567e-05
9.073090451e-22
7.462686567e-05
9.406182481e-21
7.462686567e-05
2.404598264e-20
7.462686567e-05
3.213125046e-20
7.462686567e-05
1.683468054e-20
7.462686567e-05
-9.181680258e-21
7.462686567e-05
-1.080071352e-20
7.462686567e-05
-2.382355151e-20
7.462686567e-05
-2.315577391e-20
7.462686567e-05
-1.609768869e-20
7.462686567e-05
-8.934369314e-21
7.462686567e-05
-2.23560693e-21
7.462686567e-05
5.006558577e-21
7.462686567e-05
9.201765736e-22
7.462686567e-05
3.092832894e-21
7.462686567e-05
-1.022653104e-20
7.462686567e-05
-3.215307114e-21
7.462686567e-05
-1.180188151e-20
7.462686567e-05
-3.884670038e-20
7.462686567e-05
-1.010055054e-20
7.462686567e-05
-4.016471468e-21
7.462686567e-05
-2.532233326e-20
7.462686567e-05
-3.063576216e-20
7.462686567e-05
-5.153779744e-20
7.462686567e-05
-3.183458463e-20
7.462686567e-05
-1.000226691e-20
7.462686567e-05
1.513084019e-21
7.462686567e-05
4.065154262e-21
7.462686567e-05
1.306482919e-20
7.462686567e-05
-3.986521713e-21
7.462686567e-05
-1.737057451e-20
7.462686567e-05
-3.274345401e-20
7.462686567e-05
-1.580996469e-20
7.462686567e-05
-6.615121664e-21
7.462686567e-05
-4.517505065e-20
7.462686567e-05
-4.595792238e-20
7.462686567e-05
-2.771747659e-20
7.462686567e-05
-1.951269445e-20
7.462686567e-05
-3.799895309e-22
7.462686567e-05
3.989947509e-20
7.462686567e-05
2.59854723e-20
7.462686567e-05
3.57478995e-21
7.462686567e-05
1.552289598e-20
7.462686567e-05
1.970014335e-20
7.462686567e-05
2.596083779e-20
7.462686567e-05
3.86253824e-20
7.462686567e-05
4.435283686e-20
7.462686567e-05
5.764496825e-20
7.462686567e-05
4.145045634e-20
7.462686567e-05
-4.970638174e-21
7.462686567e-05
-1.5823464e-20
7.462686567e-05
4.775356968e-21
7.462686567e-05
4.159389556e-21
7.462686567e-05
-8.082352671e-21
7.462686567e-05
1.523867056e-20
7.462686567e-05
8.873208953e-22
7.462686567e-05
7.866321402e-21
7.462686567e-05
1.561277924e-20
7.462686567e-05
-6.496983351e-21
7.462686567e-05
9.483768724e-21
7.462686567e-05
-1.105239005e-20
7.462686567e-05
-7.104234957e-21
7.462686567e-05
3.53189783e-20
7.462686567e-05
2.996312418e-20
7.462686567e-05
-5.489437857e-21
7.462686567e-05
6.486172588e-22
7.462686567e-05
1.105080294e-20
7.462686567e-05
-1.778344345e-20
7.462686567e-05
-1.133164062e-20
7.462686567e-05
1.742493347e-20
7.462686567e-05
1.962170833e-20
7.462686567e-05
-3.100360872e-21
7.462686567e-05
-2.744690186e-20
7.462686567e-05
-3.563082539e-21
7.462686567e-05
3.133219508e-22
7.462686567e-05
3.363350884e-21
7.462686567e-05
-2.253784548e-21
7.462686567e-05
-3.059994693e-20
7.462686567e-05
-3.197881102e-20
7.462686567e-05
-1.272289257e-20
7.462686567e-05
1.533822879e-20
7.462686567e-05
1.336103962e-20
7.462686567e-05
-1.821103905e-21
7.462686567e-05
-1.77278604e-20
7.462686567e-05
-1.556833043e-20
7.462686567e-05
-1.3315549e-20
7.462686567e-05
-2.137529726e-20
7.462686567e-05
-3.445309645e-20
7.462686567e-05
-3.348177522e-20
7.462686567e-05
-2.581702991e-20
7.462686567e-05
-1.783047743e-20
7.462686567e-05
6.263562275e-21
7.462686567e-05
4.778476366e-21
7.462686567e-05
6.117294441e-22
7.462686567e-05
9.757899154e-21
7.462686567e-05
-6.433866903e-21
7.462686567e-05
-3.437066667e-20
7.462686567e-05
-2.545066918e-20
7.462686567e-05
2.127157231e-20
7.462686567e-05
2.015936975e-20
7.462686567e-05
-1.979058989e-20
7.462686567e-05
-9.5298981e-21
7.462686567e-05
2.27247024e-20
7.462686567e-05
5.621311187e-20
7.462686567e-05
4.601954615e-20
7.462686567e-05
1.277866238e-20
7.462686567e-05
3.125042124e-20
7.462686567e-05
3.482930176e-20
7.462686567e-05
1.281088136e-20
7.462686567e-05
-2.160224165e-20
7.462686567e-05
1.390489547e-20
7.462686567e-05
3.134688716e-20
7.462686567e-05
1.601050075e-20
7.462686567e-05
1.764153873e-20
7.462686567e-05
-8.745196228e-21
7.462686567e-05
-3.637957509e-20
7.462686567e-05
-4.304432723e-20
7.462686567e-05
-4.401282667e-20
7.462686567e-05
-1.936890689e-20
7.462686567e-05
-1.099937844e-20
7.462686567e-05
-1.937137667e-21
7.462686567e-05
-3.010601602e-21
7.462686567e-05
1.189875752e-20
7.462686567e-05
1.149982409e-20
7.462686567e-05
-2.590693877e-20
7.462686567e-05
-4.126913628e-20
7.462686567e-05
-4.81591813e-20
7.462686567e-05
-2.882993195e-20
7.462686567e-05
-1.073567328e-22
7.462686567e-05
5.807489536e-22
7.462686567e-05
1.207452325e-20
7.462686567e-05
-2.460401395e-21
7.462686567e-05
2.980665584e-21
7.462686567e-05
6.727769721e-20
7.462686567e-05
8.853670523e-20
7.462686567e-05
4.465792704e-20
7.462686567e-05
2.173674436e-20
7.462686567e-05
3.098642997e-20
7.462686567e-05
3.461775064e-20
7.462686567e-05
3.580228782e-20
7.462686567e-05
2.663595763e-20
7.462686567e-05
1.341008091e-21
7.462686567e-05
-9.334349713e-21
7.462686567e-05
-6.994463556e-20
7.462686567e-05
-6.521987887e-20
7.462686567e-05
-1.475679305e-20
7.462686567e-05
-2.525085151e-20
7.462686567e-05
-1.593976963e-20
7.462686567e-05
4.147448555e-20
7.462686567e-05
2.051099674e-20
7.462686567e-05
-7.803572539e-21
7.462686567e-05
-3.302582333e-20
7.462686567e-05
-1.110924842e-20
7.462686567e-05
1.708134625e-20
7.462686567e-05
-1.214632396e-21
7.462686567e-05
-5.762769803e-21
7.462686567e-05
2.750694402e-21
7.462686567e-05
1.433385678e-20
7.462686567e-05
2.742628467e-20
7.462686567e-05
5.299388215e-20
7.462686567e-05
3.256438736e-20
7.462686567e-05
-1.71862576e-20
7.462686567e-05
-7.066033064e-21
7.462686567e-05
-4.126939594e-20
7.462686567e-05
-6.017057468e-20
7.462686567e-05
-3.797125516e-20
7.462686567e-05
-4.313509247e-20
7.462686567e-05
-2.895554579e-20
7.462686567e-05
-5.621683325e-20
7.462686567e-05
-8.181652208e-21
7.462686567e-05
5.217985713e-20
7.462686567e-05
2.066663839e-21
7.462686567e-05
2.821778282e-20
7.462686567e-05
5.368636458e-20
7.462686567e-05
6.594828817e-20
7.462686567e-05
5.007319621e-20
7.462686567e-05
-2.85988095e-20
7.462686567e-05
-1.705833799e-20
7.462686567e-05
1.549020054e-21
7.462686567e-05
-2.900079696e-20
7.462686567e-05
-5.994250727e-20
7.462686567e-05
-5.326314148e-20
7.462686567e-05
-2.307191643e-20
7.462686567e-05
-2.609514927e-21
7.462686567e-05
1.872353123e-20
7.462686567e-05
1.075472477e-20
7.462686567e-05
1.365673299e-20
7.462686567e-05
8.944199135e-21
7.462686567e-05
-2.885373824e-20
7.462686567e-05
-2.476226798e-20
7.462686567e-05
-1.726945975e-20
-1.466127824e-20
7.313432836e-05
9.042474642e-21
7.313432836e-05
8.870618509e-21
7.313432836e-05
1.853024825e-20
7.313432836e-05
5.733039426e-21
7.313432836e-05
2.292280082e-20
7.313432836e-05
3.748178666e-20
7.313432836e-05
2.97343177e-20
7.313432836e-05
1.171511164e-20
7.313432836e-05
4.353647905e-21
7.313432836e-05
1.583699784e-20
7.313432836e-05
2.123655948e-20
7.313432836e-05
8.912217519e-21
7.313432836e-05
1.12869577e-20
7.313432836e-05
-2.989072928e-22
7.313432836e-05
8.775478477e-21
7.313432836e-05
-2.557934084e-20
7.313432836e-05
-2.315030731e-20
7.313432836e-05
-1.653221083e-20
7.313432836e-05
-2.337291551e-20
7.313432836e-05
4.709706716e-21
7.313432836e-05
1.965253936e-21
7.313432836e-05
-3.479234736e-21
7.313432836e-05
3.854678234e-21
7.313432836e-05
2.685784537e-21
7.313432836e-05
5.932742289e-21
7.313432836e-05
-1.722356249e-20
7.313432836e-05
-3.614589909e-20
7.313432836e-05
-1.538600664e-20
7.313432836e-05
8.487931692e-21
7.313432836e-05
-2.061090047e-20
7.313432836e-05
-2.415379116e-20
7.313432836e-05
-4.503367251e-20
7.313432836e-05
-3.870304228e-20
7.313432836e-05
-9.468157613e-22
7.313432836e-05
1.644234968e-20
7.313432836e-05
-3.100090508e-21
7.313432836e-05
1.060376214e-20
7.313432836e-05
-7.402889493e-21
7.313432836e-05
-2.47318461e-20
7.313432836e-05
-2.949586903e-20
7.313432836e-05
-6.193357584e-21
7.313432836e-05
1.053548704e-20
7.313432836e-05
-3.732259812e-20
7.313432836e-05
-5.331675294e-20
7.313432836e-05
-2.787405994e-20
7.313432836e-05
-2.108413726e-20
7.313432836e-05
1.249918622e-20
7.313432836e-05
4.020937766e-20
7.313432836e-05
4.218715305e-20
7.313432836e-05
8.980062086e-21
7.313432836e-05
1.345231147e-20
7.313432836e-05
1.798601159e-20
7.313432836e-05
2.00372382e-20
7.313432836e-05
2.703805541e-20
7.313432836e-05
2.839558078e-20
7.313432836e-05
6.481857214e-20
7.313432836e-05
5.101682377e-20
7.313432836e-05
-1.156538046e-21
7.313432836e-05
-1.374022329e-20
7.313432836e-05
9.45098494e-21
7.313432836e-05
-9.841268228e-21
7.313432836e-05
-1.087503066e-20
7.313432836e-05
6.122799252e-21
7.313432836e-05
2.034469825e-20
7.313432836e-05
1.69149821e-21
7.313432836e-05
5.911475145e-21
7.313432836e-05
1.801611678e-21
7.313432836e-05
2.350723975e-21
7.313432836e-05
-1.08779845e-20
7.313432836e-05
-9.728132593e-21
7.313432836e-05
3.406206805e-20
7.313432836e-05
4.026926701e-20
7.313432836e-05
-2.215197097e-20
7.313432836e-05
9.493590369e-21
7.313432836e-05
8.812348617e-21
7.313432836e-05
-1.752775263e-21
7.313432836e-05
-2.394867069e-20
7.313432836e-05
2.030728532e-20
7.313432836e-05
2.477196211e-20
7.313432836e-05
-3.125620913e-20
7.313432836e-05
-1.956037761e-20
7.313432836e-05
-1.356915385e-20
7.313432836e-05
-1.555026834e-20
7.313432836e-05
3.139763359e-21
7.313432836e-05
1.706959308e-20
7.313432836e-05
-1.857847678e-20
7.313432836e-05
-3.696605033e-20
7.313432836e-05
-1.476595109e-20
7.313432836e-05
1.993214565e-20
7.313432836e-05
8.757435376e-21
7.313432836e-05
-7.863100169e-21
7.313432836e-05
-6.120615507e-21
7.313432836e-05
-1.18577401e-20
7.313432836e-05
2.574785252e-21
7.313432836e-05
-2.400012994e-20
7.313432836e-05
-2.492405099e-20
7.313432836e-05
-4.253126224e-20
7.313432836e-05
-3.938329349e-20
7.313432836e-05
-9.290940316e-21
7.313432836e-05
4.284053904e-21
7.313432836e-05
-2.434035303e-20
7.313432836e-05
-3.036528925e-20
7.313432836e-05
1.525296388e-20
7.313432836e-05
1.394303853e-20
7.313432836e-05
-2.24662651e-20
7.313432836e-05
-2.824380329e-20
7.313432836e-05
1.987588113e-20
7.313432836e-05
2.675702052e-20
7.313432836e-05
-2.227156999e-20
7.313432836e-05
-2.628518434e-20
7.313432836e-05
1.873720448e-20
7.313432836e-05
7.039243855e-20
7.313432836e-05
4.700449398e-20
7.313432836e-05
6.95341888e-21
7.313432836e-05
4.223137072e-21
7.313432836e-05
3.184102295e-20
7.313432836e-05
1.456358979e-20
7.313432836e-05
3.100161224e-21
7.313432836e-05
1.515541322e-20
7.313432836e-05
3.826269908e-20
7.313432836e-05
1.547520671e-20
7.313432836e-05
-7.532475e-21
7.313432836e-05
-2.337302801e-20
7.313432836e-05
-1.439523373e-20
7.313432836e-05
-1.397585213e-20
7.313432836e-05
-2.081806424e-20
7.313432836e-05
-2.636084946e-20
7.313432836e-05
-3.538499726e-20
7.313432836e-05
-1.52184105e-20
7.313432836e-05
-4.844599416e-21
7.313432836e-05
1.122932544e-20
7.313432836e-05
1.856515839e-20
7.313432836e-05
-1.646664016e-20
7.313432836e-05
-1.88143758e-20
7.313432836e-05
-6.762431963e-20
7.313432836e-05
-2.211398913e-20
7.313432836e-05
7.660749349e-21
7.313432836e-05
7.756835713e-21
7.313432836e-05
-1.01994088e-20
7.313432836e-05
-2.519972772e-20
7.313432836e-05
2.514861438e-20
7.313432836e-05
9.045720156e-20
7.313432836e-05
9.699199852e-20
7.313432836e-05
1.561359492e-20
7.313432836e-05
5.976008655e-21
7.313432836e-05
5.998286403e-20
7.313432836e-05
3.539839178e-20
7.313432836e-05
2.650833758e-20
7.313432836e-05
3.471657937e-20
7.313432836e-05
2.589954452e-20
7.313432836e-05
1.985422617e-20
7.313432836e-05
-7.833286612e-20
7.313432836e-05
-7.637708013e-20
7.313432836e-05
8.748779987e-21
7.313432836e-05
-3.033206171e-20
7.313432836e-05
-2.213843196e-20
7.313432836e-05
2.763492404e-20
7.313432836e-05
1.82807552e-20
7.313432836e-05
-1.470947177e-20
7.313432836e-05
-4.453804382e-20
7.313432836e-05
-5.285081329e-21
7.313432836e-05
-7.511074201e-21
7.313432836e-05
-1.083169522e-21
7.313432836e-05
1.450844346e-20
7.313432836e-05
5.728781234e-21
7.313432836e-05
1.16124174e-20
7.313432836e-05
2.055416804e-20
7.313432836e-05
5.696007813e-20
7.313432836e-05
1.677040948e-20
7.313432836e-05
-4.67130555e-21
7.313432836e-05
1.91044953e-20
7.313432836e-05
-6.894989959e-20
7.313432836e-05
-7.824383517e-20
7.313432836e-05
-3.238079973e-20
7.313432836e-05
-4.128946077e-20
7.313432836e-05
2.639113191e-21
7.313432836e-05
-7.915769365e-20
7.313432836e-05
-2.269143701e-20
7.313432836e-05
7.21539727e-20
7.313432836e-05
-2.149217655e-21
7.313432836e-05
1.778862889e-20
7.313432836e-05
8.227188867e-20
7.313432836e-05
6.082742093e-20
7.313432836e-05
4.850214311e-20
7.313432836e-05
-4.605032857e-20
7.313432836e-05
-1.793942042e-20
7.313432836e-05
3.316415504e-20
7.313432836e-05
-2.041448259e-20
7.313432836e-05
-7.338374904e-20
7.313432836e-05
-5.827045754e-20
7.313432836e-05
-5.204255572e-21
7.313432836e-05
3.64523557e-20
7.313432836e-05
1.887179589e-20
7.313432836e-05
-1.52648218e-20
7.313432836e-05
9.579797492e-21
7.313432836e-05
3.476530427e-21
7.313432836e-05
-2.05139861e-20
7.313432836e-05
-4.627640893e-21
7.313432836e-05
-1.367565947e-20
-4.670689407e-21
7.014925373e-05
-1.459231117e-20
7.014925373e-05
-2.517098819e-21
7.014925373e-05
8.876824869e-21
7.014925373e-05
2.245334656e-21
7.014925373e-05
1.703284352e-20
7.014925373e-05
2.356630966e-20
7.014925373e-05
1.756723665e-20
7.014925373e-05
1.010931899e-20
7.014925373e-05
-3.137835333e-21
7.014925373e-05
1.361033612e-20
7.014925373e-05
2.067913353e-20
7.014925373e-05
1.965609276e-20
7.014925373e-05
5.826814017e-21
7.014925373e-05
4.148383937e-21
7.014925373e-05
1.64843813e-20
7.014925373e-05
-1.966251472e-20
7.014925373e-05
-1.906905984e-20
7.014925373e-05
-1.941782195e-20
7.014925373e-05
-2.566234842e-20
7.014925373e-05
-1.066533512e-20
7.014925373e-05
1.201901738e-20
7.014925373e-05
1.239473181e-20
7.014925373e-05
1.845100639e-20
7.014925373e-05
1.436003148e-20
7.014925373e-05
-1.127900688e-20
7.014925373e-05
-1.799332794e-20
7.014925373e-05
-3.235067933e-20
7.014925373e-05
-3.397239495e-20
7.014925373e-05
-3.317907054e-22
7.014925373e-05
4.792956733e-21
7.014925373e-05
-1.789575529e-20
7.014925373e-05
-3.889937322e-20
7.014925373e-05
-2.458533124e-20
7.014925373e-05
8.139728955e-21
7.014925373e-05
1.867004348e-20
7.014925373e-05
-8.914710818e-21
7.014925373e-05
1.124884753e-20
7.014925373e-05
-5.917579109e-21
7.014925373e-05
-2.486707836e-20
7.014925373e-05
-9.1088744e-21
7.014925373e-05
-1.890146756e-20
7.014925373e-05
1.806482808e-20
7.014925373e-05
-1.575665288e-20
7.014925373e-05
-5.494883019e-20
7.014925373e-05
-3.321721454e-20
7.014925373e-05
-1.571453415e-20
7.014925373e-05
6.525499304e-21
7.014925373e-05
3.537195988e-20
7.014925373e-05
4.180176506e-20
7.014925373e-05
1.692678834e-20
7.014925373e-05
7.179827161e-21
7.014925373e-05
1.256078991e-20
7.014925373e-05
1.1041787e-20
7.014925373e-05
1.361742753e-20
7.014925373e-05
2.483090454e-20
7.014925373e-05
5.642302371e-20
7.014925373e-05
4.14209395e-20
7.014925373e-05
2.367538513e-21
7.014925373e-05
7.769678084e-21
7.014925373e-05
1.589114646e-20
7.014925373e-05
6.163439102e-21
7.014925373e-05
-1.567616939e-20
7.014925373e-05
1.509436698e-20
7.014925373e-05
7.867011015e-21
7.014925373e-05
7.750257937e-21
7.014925373e-05
1.477252814e-20
7.014925373e-05
-1.86614135e-20
7.014925373e-05
-5.061958999e-21
7.014925373e-05
1.148141352e-20
7.014925373e-05
-1.352065208e-20
7.014925373e-05
3.892945808e-20
7.014925373e-05
6.335187898e-21
7.014925373e-05
-8.697341156e-21
7.014925373e-05
1.910267751e-20
7.014925373e-05
3.429595474e-20
7.014925373e-05
-2.344916331e-20
7.014925373e-05
-4.761041075e-20
7.014925373e-05
2.237373696e-20
7.014925373e-05
2.368420307e-20
7.014925373e-05
-1.66993689e-20
7.014925373e-05
-2.780424706e-20
7.014925373e-05
-2.602332003e-20
7.014925373e-05
-1.302771764e-20
7.014925373e-05
3.80600971e-21
7.014925373e-05
2.622192267e-20
7.014925373e-05
2.814206741e-21
7.014925373e-05
-3.588505423e-20
7.014925373e-05
-3.321292647e-20
7.014925373e-05
6.657442479e-21
7.014925373e-05
2.76164678e-20
7.014925373e-05
-1.476469655e-20
7.014925373e-05
-9.806994966e-21
7.014925373e-05
1.608741346e-20
7.014925373e-05
7.752100929e-21
7.014925373e-05
-3.244848434e-20
7.014925373e-05
-1.06374364e-21
7.014925373e-05
-2.776233832e-20
7.014925373e-05
-7.294367996e-20
7.014925373e-05
-1.04996557e-20
7.014925373e-05
1.367279801e-20
7.014925373e-05
-2.537063146e-20
7.014925373e-05
-4.549020657e-20
7.014925373e-05
1.415789552e-20
7.014925373e-05
3.190566665e-20
7.014925373e-05
-3.134049491e-20
7.014925373e-05
-3.365124497e-20
7.014925373e-05
2.761853339e-20
7.014925373e-05
5.2075757e-20
7.014925373e-05
-4.611931601e-20
7.014925373e-05
-4.459201047e-20
7.014925373e-05
1.75248565e-20
7.014925373e-05
7.478020042e-20
7.014925373e-05
5.370627759e-20
7.014925373e-05
3.193915069e-21
7.014925373e-05
5.592002668e-22
7.014925373e-05
1.968037965e-20
7.014925373e-05
3.216047795e-20
7.014925373e-05
-1.751635913e-21
7.014925373e-05
-7.329644654e-22
7.014925373e-05
3.077929633e-20
7.014925373e-05
2.575450713e-20
7.014925373e-05
-3.042106123e-20
7.014925373e-05
-5.574050704e-20
7.014925373e-05
8.775389754e-21
7.014925373e-05
1.070511472e-20
7.014925373e-05
-9.413125039e-21
7.014925373e-05
-2.599974178e-20
7.014925373e-05
-5.067511606e-20
7.014925373e-05
-2.351089973e-20
7.014925373e-05
-5.077893408e-21
7.014925373e-05
-1.862411555e-21
7.014925373e-05
2.691401776e-20
7.014925373e-05
-5.469059669e-21
7.014925373e-05
-4.506686674e-21
7.014925373e-05
-7.721977649e-20
7.014925373e-05
-1.221710492e-20
7.014925373e-05
3.720563663e-20
7.014925373e-05
3.917716911e-21
7.014925373e-05
-4.06571588e-20
7.014925373e-05
-6.248247798e-20
7.014925373e-05
2.298668428e-20
7.014925373e-05
9.923051924e-20
7.014925373e-05
9.208002765e-20
7.014925373e-05
-1.784000327e-20
7.014925373e-05
-6.137733619e-21
7.014925373e-05
8.263668878e-20
7.014925373e-05
3.649133598e-20
7.014925373e-05
2.284654435e-20
7.014925373e-05
4.487458693e-20
7.014925373e-05
5.39196635e-20
7.014925373e-05
3.537644968e-20
7.014925373e-05
-9.716398429e-20
7.014925373e-05
-7.401451823e-20
7.014925373e-05
2.875666496e-20
7.014925373e-05
-4.379283346e-20
7.014925373e-05
-2.91655185e-20
7.014925373e-05
3.261445014e-20
7.014925373e-05
7.910062045e-21
7.014925373e-05
-1.366164671e-20
7.014925373e-05
-5.878454855e-20
7.014925373e-05
-5.40031194e-21
7.014925373e-05
4.132314095e-21
7.014925373e-05
6.827066858e-21
7.014925373e-05
4.325088351e-21
7.014925373e-05
-8.847837077e-21
7.014925373e-05
1.442401391e-20
7.014925373e-05
3.075270489e-20
7.014925373e-05
5.998113578e-20
7.014925373e-05
-1.339582527e-21
7.014925373e-05
-5.513414984e-21
7.014925373e-05
3.543736954e-20
7.014925373e-05
-9.666150741e-20
7.014925373e-05
-8.305647895e-20
7.014925373e-05
-8.711139654e-21
7.014925373e-05
-3.509718208e-20
7.014925373e-05
4.792501013e-22
7.014925373e-05
-1.089072519e-19
7.014925373e-05
-1.966673625e-20
7.014925373e-05
1.214860293e-19
7.014925373e-05
-2.362669255e-20
7.014925373e-05
8.361731651e-21
7.014925373e-05
1.080618633e-19
7.014925373e-05
5.701941596e-20
7.014925373e-05
4.358937076e-20
7.014925373e-05
-6.326408087e-20
7.014925373e-05
-2.732269007e-20
7.014925373e-05
5.812020393e-20
7.014925373e-05
-1.277956196e-20
7.014925373e-05
-1.021988977e-19
7.014925373e-05
-5.466350012e-20
7.014925373e-05
3.425530976e-20
7.014925373e-05
3.740563497e-20
7.014925373e-05
2.681493857e-20
7.014925373e-05
-3.25683131e-20
7.014925373e-05
-8.583461289e-21
7.014925373e-05
-2.281920634e-20
7.014925373e-05
-3.929147893e-21
7.014925373e-05
2.23084399e-20
7.014925373e-05
1.399840857e-20
-4.437898693e-21
6.567164179e-05
-1.706576792e-20
6.567164179e-05
-3.674466334e-21
6.567164179e-05
-9.275093454e-21
6.567164179e-05
-1.319520396e-20
6.567164179e-05
2.185927208e-20
6.567164179e-05
1.467728653e-20
6.567164179e-05
9.14091937e-21
6.567164179e-05
-3.161145961e-22
6.567164179e-05
-2.397473049e-21
6.567164179e-05
1.196023293e-20
6.567164179e-05
2.924501755e-20
6.567164179e-05
2.154773834e-20
6.567164179e-05
-7.168376485e-21
6.567164179e-05
2.358759729e-20
6.567164179e-05
2.03808169e-20
6.567164179e-05
-1.707797439e-20
6.567164179e-05
-1.215910749e-20
6.567164179e-05
-1.693056762e-20
6.567164179e-05
-4.18007344e-20
6.567164179e-05
-1.11889114e-20
6.567164179e-05
4.943784457e-21
6.567164179e-05
2.044830641e-20
6.567164179e-05
2.138298703e-20
6.567164179e-05
1.248048268e-20
6.567164179e-05
-1.470251112e-20
6.567164179e-05
-3.195947882e-20
6.567164179e-05
-3.807279191e-20
6.567164179e-05
-3.224598371e-20
6.567164179e-05
6.040330225e-21
6.567164179e-05
-1.51683905e-21
6.567164179e-05
-2.130027894e-20
6.567164179e-05
-1.907455147e-20
6.567164179e-05
-1.681302577e-20
6.567164179e-05
5.432774787e-21
6.567164179e-05
1.560754351e-20
6.567164179e-05
6.178050271e-21
6.567164179e-05
6.054498342e-21
6.567164179e-05
-1.723147031e-20
6.567164179e-05
-4.260343606e-21
6.567164179e-05
7.261339858e-21
6.567164179e-05
-4.005413353e-20
6.567164179e-05
1.38019209e-20
6.567164179e-05
-5.112195532e-21
6.567164179e-05
-4.194386913e-20
6.567164179e-05
-3.551642906e-20
6.567164179e-05
-1.503155481e-20
6.567164179e-05
7.621764455e-21
6.567164179e-05
2.396796751e-20
6.567164179e-05
3.066895794e-20
6.567164179e-05
1.206490839e-20
6.567164179e-05
1.463484192e-20
6.567164179e-05
2.055407058e-20
6.567164179e-05
1.07571735e-20
6.567164179e-05
-5.801377492e-21
6.567164179e-05
8.776198971e-21
6.567164179e-05
4.722195082e-20
6.567164179e-05
3.974364134e-20
6.567164179e-05
1.908905623e-20
6.567164179e-05
4.477764858e-21
6.567164179e-05
1.479181959e-20
6.567164179e-05
2.669799056e-21
6.567164179e-05
-1.434867379e-20
6.567164179e-05
8.467423553e-21
6.567164179e-05
3.239913655e-21
6.567164179e-05
4.361324995e-22
6.567164179e-05
1.746142293e-20
6.567164179e-05
-1.35704096e-20
6.567164179e-05
-8.934847355e-21
6.567164179e-05
5.118222448e-21
6.567164179e-05
-1.102416524e-20
6.567164179e-05
3.505314374e-20
6.567164179e-05
-6.300856407e-21
6.567164179e-05
-1.622396258e-20
6.567164179e-05
3.568363758e-20
6.567164179e-05
3.718131184e-20
6.567164179e-05
-2.342620724e-20
6.567164179e-05
-5.154577656e-20
6.567164179e-05
3.381064243e-20
6.567164179e-05
2.999904964e-20
6.567164179e-05
-1.803973644e-20
6.567164179e-05
-3.424317159e-20
6.567164179e-05
-2.283650069e-20
6.567164179e-05
-8.712866499e-21
6.567164179e-05
6.720142382e-21
6.567164179e-05
2.14687164e-20
6.567164179e-05
4.757204301e-21
6.567164179e-05
-2.362836306e-20
6.567164179e-05
-4.534422956e-20
6.567164179e-05
5.83687116e-21
6.567164179e-05
2.507905194e-20
6.567164179e-05
-1.707134185e-20
6.567164179e-05
-1.367916717e-20
6.567164179e-05
2.742353298e-20
6.567164179e-05
1.230223812e-20
6.567164179e-05
-3.123623833e-20
6.567164179e-05
2.945986362e-20
6.567164179e-05
-2.702798412e-20
6.567164179e-05
-7.904182975e-20
6.567164179e-05
-6.553688533e-21
6.567164179e-05
2.927189235e-20
6.567164179e-05
-1.711311845e-20
6.567164179e-05
-4.715966951e-20
6.567164179e-05
1.987519206e-20
6.567164179e-05
3.59127286e-20
6.567164179e-05
-2.968745428e-20
6.567164179e-05
-4.373778176e-20
6.567164179e-05
3.566985276e-20
6.567164179e-05
5.168743456e-20
6.567164179e-05
-3.497948557e-20
6.567164179e-05
-3.662183422e-20
6.567164179e-05
-2.761339461e-21
6.567164179e-05
4.431155282e-20
6.567164179e-05
4.785180429e-20
6.567164179e-05
1.604963448e-20
6.567164179e-05
-8.245323808e-21
6.567164179e-05
1.819655399e-20
6.567164179e-05
2.792531398e-20
6.567164179e-05
7.712371199e-21
6.567164179e-05
6.872957491e-21
6.567164179e-05
2.113186984e-20
6.567164179e-05
5.761106478e-21
6.567164179e-05
-5.186987956e-20
6.567164179e-05
-4.30655458e-20
6.567164179e-05
2.319989229e-20
6.567164179e-05
1.239191418e-20
6.567164179e-05
-8.240662416e-21
6.567164179e-05
-5.932115778e-21
6.567164179e-05
-5.511378239e-20
6.567164179e-05
-3.294929125e-20
6.567164179e-05
-3.048632279e-21
6.567164179e-05
-9.31269843e-21
6.567164179e-05
3.493496774e-20
6.567164179e-05
4.008331195e-21
6.567164179e-05
-1.751867948e-20
6.567164179e-05
-8.938885327e-20
6.567164179e-05
4.002324267e-21
6.567164179e-05
4.632978434e-20
6.567164179e-05
5.471191473e-21
6.567164179e-05
-4.288780592e-20
6.567164179e-05
-9.011279655e-20
6.567164179e-05
1.939863369e-20
6.567164179e-05
9.557400171e-20
6.567164179e-05
7.83921326e-20
6.567164179e-05
-3.316006125e-20
6.567164179e-05
-1.072519347e-20
6.567164179e-05
9.247161362e-20
6.567164179e-05
2.697635456e-20
6.567164179e-05
1.268183706e-20
6.567164179e-05
4.734987544e-20
6.567164179e-05
6.680978079e-20
6.567164179e-05
4.557260685e-20
6.567164179e-05
-1.113380796e-19
6.567164179e-05
-7.110751362e-20
6.567164179e-05
2.79001066e-20
6.567164179e-05
-4.443329177e-20
6.567164179e-05
-2.558263899e-20
6.567164179e-05
2.912628155e-20
6.567164179e-05
-4.833365319e-21
6.567164179e-05
-1.059329266e-20
6.567164179e-05
-5.174415881e-20
6.567164179e-05
1.520172304e-21
6.567164179e-05
-5.079519969e-21
6.567164179e-05
-4.948614788e-21
6.567164179e-05
1.381900159e-20
6.567164179e-05
-1.522091293e-20
6.567164179e-05
2.284138081e-20
6.567164179e-05
4.157613997e-20
6.567164179e-05
7.870203045e-20
6.567164179e-05
-2.051315384e-20
6.567164179e-05
-1.251313048e-20
6.567164179e-05
5.396881897e-20
6.567164179e-05
-1.017518515e-19
6.567164179e-05
-8.79767325e-20
6.567164179e-05
-1.542520803e-20
6.567164179e-05
-3.889002787e-20
6.567164179e-05
6.167465123e-21
6.567164179e-05
-1.109504143e-19
6.567164179e-05
-2.09862131e-20
6.567164179e-05
1.360865912e-19
6.567164179e-05
-2.357848825e-20
6.567164179e-05
1.251386022e-20
6.567164179e-05
9.93554887e-20
6.567164179e-05
4.6691117e-20
6.567164179e-05
3.938670927e-20
6.567164179e-05
-6.64160443e-20
6.567164179e-05
-2.597694614e-20
6.567164179e-05
8.935359482e-20
6.567164179e-05
-9.619168349e-21
6.567164179e-05
-8.546204802e-20
6.567164179e-05
-6.210303305e-20
6.567164179e-05
2.779980245e-20
6.567164179e-05
5.94039047e-20
6.567164179e-05
2.601144112e-20
6.567164179e-05
-3.768443332e-20
6.567164179e-05
-2.564347419e-20
6.567164179e-05
-3.615424143e-20
6.567164179e-05
-4.50087283e-21
6.567164179e-05
4.049844312e-20
6.567164179e-05
2.270716758e-20
2.875415262e-21
5.970149254e-05
-4.613998392e-21
5.970149254e-05
-7.329233001e-21
5.970149254e-05
-9.967232488e-21
5.970149254e-05
-3.091416481e-21
5.970149254e-05
1.054444529e-20
5.970149254e-05
-7.30074523e-22
5.970149254e-05
4.255392285e-21
5.970149254e-05
2.116279757e-20
5.970149254e-05
-3.684835901e-21
5.970149254e-05
-6.15299868e-21
5.970149254e-05
3.352985684e-20
5.970149254e-05
9.161428743e-21
5.970149254e-05
-3.907161942e-21
5.970149254e-05
3.625720087e-20
5.970149254e-05
2.613805967e-20
5.970149254e-05
-1.696649443e-20
5.970149254e-05
-8.785642027e-21
5.970149254e-05
-1.825698469e-20
5.970149254e-05
-4.435984857e-20
5.970149254e-05
-2.30181658e-20
5.970149254e-05
4.470781365e-22
5.970149254e-05
1.885711267e-20
5.970149254e-05
3.576636635e-20
5.970149254e-05
1.150741452e-20
5.970149254e-05
-1.351656712e-20
5.970149254e-05
-2.919849319e-20
5.970149254e-05
-3.733720195e-20
5.970149254e-05
-1.702350297e-20
5.970149254e-05
-1.82040935e-21
5.970149254e-05
-1.47334465e-20
5.970149254e-05
-2.58875348e-20
5.970149254e-05
-1.27367693e-20
5.970149254e-05
-1.801423579e-20
5.970149254e-05
1.119693042e-20
5.970149254e-05
3.964040309e-20
5.970149254e-05
-4.852980528e-21
5.970149254e-05
2.359720316e-21
5.970149254e-05
-1.844909284e-20
5.970149254e-05
-1.184607653e-20
5.970149254e-05
1.920473252e-20
5.970149254e-05
-2.798532076e-20
5.970149254e-05
2.672466229e-21
5.970149254e-05
1.479643519e-20
5.970149254e-05
-1.569977932e-20
5.970149254e-05
-3.117574756e-20
5.970149254e-05
-1.371814582e-20
5.970149254e-05
-2.881874136e-21
5.970149254e-05
-4.433703085e-21
5.970149254e-05
1.816021083e-20
5.970149254e-05
-5.631680463e-22
5.970149254e-05
2.161625537e-20
5.970149254e-05
2.614106636e-20
5.970149254e-05
1.771103257e-20
5.970149254e-05
4.327266431e-23
5.970149254e-05
-7.892978598e-21
5.970149254e-05
3.880035583e-20
5.970149254e-05
4.909204659e-20
5.970149254e-05
1.093788063e-20
5.970149254e-05
-4.666125163e-21
5.970149254e-05
6.771574074e-21
5.970149254e-05
2.190746842e-21
5.970149254e-05
5.273221119e-21
5.970149254e-05
1.16420465e-20
5.970149254e-05
-8.762886937e-21
5.970149254e-05
1.172923794e-20
5.970149254e-05
8.916590175e-21
5.970149254e-05
-1.649022805e-20
5.970149254e-05
1.669095045e-21
5.970149254e-05
1.128306557e-20
5.970149254e-05
-1.090375965e-20
5.970149254e-05
4.702908613e-20
5.970149254e-05
-1.300889619e-20
5.970149254e-05
-2.25400431e-20
5.970149254e-05
3.452504259e-20
5.970149254e-05
4.075825252e-20
5.970149254e-05
-3.463244241e-20
5.970149254e-05
-6.88111385e-20
5.970149254e-05
4.255863293e-20
5.970149254e-05
5.863160322e-20
5.970149254e-05
-1.525593604e-20
5.970149254e-05
-3.066959424e-20
5.970149254e-05
-3.318562789e-20
5.970149254e-05
-1.892657359e-20
5.970149254e-05
1.25360004e-20
5.970149254e-05
5.241858671e-20
5.970149254e-05
-1.374047327e-20
5.970149254e-05
-3.056632869e-20
5.970149254e-05
-4.303214468e-20
5.970149254e-05
4.167328625e-22
5.970149254e-05
2.117218605e-20
5.970149254e-05
-6.479961592e-21
5.970149254e-05
-5.100752603e-21
5.970149254e-05
3.872010016e-20
5.970149254e-05
9.498242758e-21
5.970149254e-05
-2.734979086e-20
5.970149254e-05
3.531852071e-20
5.970149254e-05
-2.184618063e-20
5.970149254e-05
-6.847894303e-20
5.970149254e-05
-1.191443568e-20
5.970149254e-05
1.964573859e-20
5.970149254e-05
-2.575328129e-20
5.970149254e-05
-4.930585866e-20
5.970149254e-05
3.055472194e-20
5.970149254e-05
4.357006668e-20
5.970149254e-05
-1.444513815e-20
5.970149254e-05
-4.437640973e-20
5.970149254e-05
2.476571947e-20
5.970149254e-05
5.218848403e-20
5.970149254e-05
-2.952549091e-20
5.970149254e-05
-3.892220688e-20
5.970149254e-05
-3.092102294e-20
5.970149254e-05
4.724768046e-20
5.970149254e-05
4.632169253e-20
5.970149254e-05
6.214959285e-21
5.970149254e-05
-1.24053951e-20
5.970149254e-05
4.598318638e-21
5.970149254e-05
2.774379846e-20
5.970149254e-05
1.433529582e-20
5.970149254e-05
5.887032449e-21
5.970149254e-05
1.758548474e-20
5.970149254e-05
1.090533118e-20
5.970149254e-05
-5.546070616e-20
5.970149254e-05
-3.462728146e-20
5.970149254e-05
3.470776412e-20
5.970149254e-05
2.291057973e-20
5.970149254e-05
-1.239826846e-20
5.970149254e-05
-2.396361195e-20
5.970149254e-05
-5.090193618e-20
5.970149254e-05
-1.548467835e-20
5.970149254e-05
-1.486918698e-20
5.970149254e-05
-4.512501364e-21
5.970149254e-05
4.165876809e-20
5.970149254e-05
4.144560547e-21
5.970149254e-05
-2.440929806e-20
5.970149254e-05
-8.782577062e-20
5.970149254e-05
2.007287049e-20
5.970149254e-05
7.675772225e-20
5.970149254e-05
5.798757361e-21
5.970149254e-05
-5.956455678e-20
5.970149254e-05
-8.638284692e-20
5.970149254e-05
1.757088264e-20
5.970149254e-05
8.008203388e-20
5.970149254e-05
6.140637055e-20
5.970149254e-05
-5.63356165e-20
5.970149254e-05
-1.613815662e-20
5.970149254e-05
1.008403975e-19
5.970149254e-05
1.328230457e-20
5.970149254e-05
7.938955548e-21
5.970149254e-05
6.025167233e-20
5.970149254e-05
8.119800797e-20
5.970149254e-05
3.304674879e-20
5.970149254e-05
-1.181013482e-19
5.970149254e-05
-7.125616344e-20
5.970149254e-05
4.426861668e-20
5.970149254e-05
-4.982231121e-20
5.970149254e-05
-1.968601315e-20
5.970149254e-05
3.240640261e-20
5.970149254e-05
-4.491059759e-21
5.970149254e-05
-4.097588478e-21
5.970149254e-05
-4.511791286e-20
5.970149254e-05
-5.037157311e-23
5.970149254e-05
-8.797168958e-21
5.970149254e-05
1.431867613e-22
5.970149254e-05
6.160433476e-21
5.970149254e-05
-5.709132236e-21
5.970149254e-05
1.466414268e-20
5.970149254e-05
2.750012422e-20
5.970149254e-05
8.301817594e-20
5.970149254e-05
-2.033083332e-20
5.970149254e-05
-1.351031571e-20
5.970149254e-05
5.489302536e-20
5.970149254e-05
-1.070589491e-19
5.970149254e-05
-8.165353468e-20
5.970149254e-05
9.859424716e-21
5.970149254e-05
-2.465791639e-20
5.970149254e-05
8.11944422e-21
5.970149254e-05
-1.140609625e-19
5.970149254e-05
-1.787440965e-20
5.970149254e-05
1.315056607e-19
5.970149254e-05
-3.174510911e-20
5.970149254e-05
8.721189626e-21
5.970149254e-05
1.15695561e-19
5.970149254e-05
4.492252454e-20
5.970149254e-05
2.982226344e-20
5.970149254e-05
-9.017636441e-20
5.970149254e-05
-3.441362557e-20
5.970149254e-05
1.058928131e-19
5.970149254e-05
-3.858470259e-22
5.970149254e-05
-1.030912421e-19
5.970149254e-05
-6.06405378e-20
5.970149254e-05
4.284908957e-20
5.970149254e-05
7.375258984e-20
5.970149254e-05
3.353039101e-20
5.970149254e-05
-4.257596188e-20
5.970149254e-05
-4.354935508e-20
5.970149254e-05
-3.654357458e-20
5.970149254e-05
-1.054469354e-20
5.970149254e-05
4.844050812e-20
5.970149254e-05
2.093595713e-20
1.696971108e-20
5.223880597e-05
-1.092709377e-20
5.223880597e-05
-1.920716853e-20
5.223880597e-05
3.806040112e-21
5.223880597e-05
-1.099354965e-20
5.223880597e-05
-2.187288046e-21
5.223880597e-05
-9.738720589e-21
5.223880597e-05
4.691970379e-22
5.223880597e-05
6.266530486e-21
5.223880597e-05
-2.9301933e-21
5.223880597e-05
8.543102087e-21
5.223880597e-05
2.052774207e-20
5.223880597e-05
8.795739929e-21
5.223880597e-05
1.962942238e-20
5.223880597e-05
3.212363682e-20
5.223880597e-05
1.399330363e-20
5.223880597e-05
-1.869134784e-20
5.223880597e-05
7.533396115e-22
5.223880597e-05
-7.379728124e-21
5.223880597e-05
-4.28993106e-20
5.223880597e-05
-2.360294978e-20
5.223880597e-05
5.234168734e-22
5.223880597e-05
9.659064712e-21
5.223880597e-05
2.363433464e-20
5.223880597e-05
1.924055843e-20
5.223880597e-05
-6.181779522e-21
5.223880597e-05
-2.610715018e-20
5.223880597e-05
-3.670741457e-20
5.223880597e-05
-1.074747914e-20
5.223880597e-05
-9.613466477e-21
5.223880597e-05
-2.173625262e-20
5.223880597e-05
-1.965219641e-20
5.223880597e-05
-3.295619801e-21
5.223880597e-05
-4.024989598e-21
5.223880597e-05
9.314400578e-21
5.223880597e-05
2.929837523e-20
5.223880597e-05
-1.013908622e-20
5.223880597e-05
-1.25792622e-21
5.223880597e-05
-1.452154085e-20
5.223880597e-05
-1.605981077e-20
5.223880597e-05
1.187834867e-20
5.223880597e-05
-1.232491118e-20
5.223880597e-05
6.128010986e-21
5.223880597e-05
1.861189877e-20
5.223880597e-05
-9.595083796e-22
5.223880597e-05
-1.991264822e-20
5.223880597e-05
-7.886718488e-21
5.223880597e-05
-1.616643054e-20
5.223880597e-05
-7.421987132e-21
5.223880597e-05
1.359723477e-20
5.223880597e-05
-2.456646523e-22
5.223880597e-05
8.173353331e-21
5.223880597e-05
1.476354185e-20
5.223880597e-05
1.209174867e-20
5.223880597e-05
1.235866933e-21
5.223880597e-05
-2.600475123e-21
5.223880597e-05
4.100131717e-20
5.223880597e-05
2.684887818e-20
5.223880597e-05
-4.721884243e-21
5.223880597e-05
-4.455675883e-21
5.223880597e-05
-7.252090802e-22
5.223880597e-05
1.014748983e-20
5.223880597e-05
1.223562114e-20
5.223880597e-05
8.521170005e-21
5.223880597e-05
-5.197288555e-21
5.223880597e-05
6.000631091e-22
5.223880597e-05
1.301559009e-20
5.223880597e-05
-1.140076535e-20
5.223880597e-05
2.662682964e-20
5.223880597e-05
9.097043494e-21
5.223880597e-05
-2.031754023e-20
5.223880597e-05
3.983268888e-20
5.223880597e-05
-2.519011098e-20
5.223880597e-05
-3.748849461e-20
5.223880597e-05
3.004303114e-20
5.223880597e-05
6.421867963e-20
5.223880597e-05
-1.903108072e-20
5.223880597e-05
-7.918270585e-20
5.223880597e-05
3.300680598e-20
5.223880597e-05
6.12321496e-20
5.223880597e-05
-9.631480671e-21
5.223880597e-05
-2.326936064e-20
5.223880597e-05
-2.849740461e-20
5.223880597e-05
-3.775141848e-20
5.223880597e-05
1.355611989e-20
5.223880597e-05
5.511636015e-20
5.223880597e-05
-6.984729655e-21
5.223880597e-05
-3.885829916e-20
5.223880597e-05
-3.630640884e-20
5.223880597e-05
1.194150332e-20
5.223880597e-05
9.02184281e-21
5.223880597e-05
-9.827998847e-21
5.223880597e-05
1.316785965e-20
5.223880597e-05
5.685775994e-20
5.223880597e-05
3.746326721e-21
5.223880597e-05
-5.103973276e-20
5.223880597e-05
3.709416612e-20
5.223880597e-05
-2.292455106e-20
5.223880597e-05
-6.798372889e-20
5.223880597e-05
1.339024682e-20
5.223880597e-05
3.300321814e-20
5.223880597e-05
-3.597075827e-20
5.223880597e-05
-5.867730629e-20
5.223880597e-05
4.728298549e-20
5.223880597e-05
6.336583777e-20
5.223880597e-05
-2.462346209e-20
5.223880597e-05
-6.255990895e-20
5.223880597e-05
3.283249589e-20
5.223880597e-05
5.62413221e-20
5.223880597e-05
-3.13080916e-20
5.223880597e-05
-4.183506319e-20
5.223880597e-05
-2.994999527e-20
5.223880597e-05
4.147181963e-20
5.223880597e-05
3.955844937e-20
5.223880597e-05
-1.598084588e-20
5.223880597e-05
-5.41397572e-21
5.223880597e-05
1.146782658e-20
5.223880597e-05
2.328439684e-20
5.223880597e-05
8.478074387e-21
5.223880597e-05
-4.35087012e-21
5.223880597e-05
2.383919074e-20
5.223880597e-05
1.364237802e-20
5.223880597e-05
-4.706688884e-20
5.223880597e-05
-4.051113554e-20
5.223880597e-05
4.219215341e-20
5.223880597e-05
1.947898029e-20
5.223880597e-05
-3.024969495e-20
5.223880597e-05
-3.679167557e-21
5.223880597e-05
-3.81513052e-20
5.223880597e-05
-3.728435909e-21
5.223880597e-05
-1.195935304e-20
5.223880597e-05
-1.773458859e-20
5.223880597e-05
2.661272207e-20
5.223880597e-05
-6.250581904e-22
5.223880597e-05
-4.000459107e-21
5.223880597e-05
-8.748922986e-20
5.223880597e-05
1.822243908e-20
5.223880597e-05
1.065757646e-19
5.223880597e-05
7.11592865e-21
5.223880597e-05
-7.795860201e-20
5.223880597e-05
-1.002455922e-19
5.223880597e-05
2.478474706e-20
5.223880597e-05
8.459205745e-20
5.223880597e-05
4.282373495e-20
5.223880597e-05
-8.619720807e-20
5.223880597e-05
-4.588783802e-21
5.223880597e-05
1.137298571e-19
5.223880597e-05
-1.150080968e-20
5.223880597e-05
-2.736747796e-20
5.223880597e-05
5.524662749e-20
5.223880597e-05
9.612564652e-20
5.223880597e-05
3.117961663e-20
5.223880597e-05
-1.368543826e-19
5.223880597e-05
-5.857130847e-20
5.223880597e-05
8.362700883e-20
5.223880597e-05
-5.951976598e-20
5.223880597e-05
-3.393902909e-20
5.223880597e-05
4.334792106e-20
5.223880597e-05
7.854133299e-22
5.223880597e-05
2.469007442e-21
5.223880597e-05
-4.914982292e-20
5.223880597e-05
3.185603161e-20
5.223880597e-05
7.856076739e-22
5.223880597e-05
-5.498127662e-21
5.223880597e-05
-2.691294039e-21
5.223880597e-05
-1.208079548e-20
5.223880597e-05
1.367264585e-21
5.223880597e-05
2.78486297e-20
5.223880597e-05
8.091616579e-20
5.223880597e-05
-3.158294928e-20
5.223880597e-05
5.005878842e-21
5.223880597e-05
6.812252619e-20
5.223880597e-05
-1.083023543e-19
5.223880597e-05
-6.857186318e-20
5.223880597e-05
2.69491264e-20
5.223880597e-05
-1.8605999e-20
5.223880597e-05
1.023970236e-20
5.223880597e-05
-1.322051567e-19
5.223880597e-05
-1.20546973e-20
5.223880597e-05
1.506868606e-19
5.223880597e-05
-5.518115052e-20
5.223880597e-05
5.037301149e-21
5.223880597e-05
1.181079494e-19
5.223880597e-05
3.726245819e-20
5.223880597e-05
2.179647723e-20
5.223880597e-05
-1.069793404e-19
5.223880597e-05
-1.514793555e-20
5.223880597e-05
1.238503948e-19
5.223880597e-05
1.240362031e-21
5.223880597e-05
-1.176086262e-19
5.223880597e-05
-6.061557054e-20
5.223880597e-05
5.580892235e-20
5.223880597e-05
7.145759257e-20
5.223880597e-05
1.905389019e-20
5.223880597e-05
-5.208209434e-20
5.223880597e-05
-8.778679069e-21
5.223880597e-05
-1.681245336e-20
5.223880597e-05
-3.040261623e-20
5.223880597e-05
3.089748718e-20
5.223880597e-05
3.001284395e-20
2.06277313e-20
4.328358209e-05
-1.317609084e-20
4.328358209e-05
-6.25215095e-21
4.328358209e-05
-4.599865136e-21
4.328358209e-05
-6.214506577e-21
4.328358209e-05
-1.721393361e-20
4.328358209e-05
-3.096497439e-20
4.328358209e-05
7.830689908e-21
4.328358209e-05
8.223876632e-21
4.328358209e-05
-1.260831039e-20
4.328358209e-05
9.592416263e-21
4.328358209e-05
1.834796797e-20
4.328358209e-05
2.122428253e-20
4.328358209e-05
2.344273093e-20
4.328358209e-05
2.311387229e-20
4.328358209e-05
7.413209349e-21
4.328358209e-05
-2.140833142e-20
4.328358209e-05
8.13389977e-21
4.328358209e-05
-1.603844295e-20
4.328358209e-05
-3.578957964e-20
4.328358209e-05
-1.571878878e-20
4.328358209e-05
1.849534509e-20
4.328358209e-05
1.241128768e-20
4.328358209e-05
1.033769915e-20
4.328358209e-05
1.173705759e-20
4.328358209e-05
-1.492690137e-20
4.328358209e-05
-2.551449688e-20
4.328358209e-05
-8.576742333e-21
4.328358209e-05
-3.280366112e-21
4.328358209e-05
-1.973807466e-20
4.328358209e-05
-2.415011468e-20
4.328358209e-05
-1.588630365e-20
4.328358209e-05
1.164732735e-20
4.328358209e-05
2.00503182e-21
4.328358209e-05
1.207467408e-20
4.328358209e-05
1.402874638e-20
4.328358209e-05
-9.787618698e-21
4.328358209e-05
-5.617608079e-21
4.328358209e-05
-1.411244547e-20
4.328358209e-05
-1.215035913e-21
4.328358209e-05
2.727344779e-20
4.328358209e-05
-2.397626918e-20
4.328358209e-05
1.259559968e-20
4.328358209e-05
2.930606889e-20
4.328358209e-05
-1.90932319e-21
4.328358209e-05
-2.976342069e-20
4.328358209e-05
-7.059399323e-21
4.328358209e-05
-1.334271515e-22
4.328358209e-05
-1.17260173e-20
4.328358209e-05
7.413415035e-21
4.328358209e-05
-1.182280258e-20
4.328358209e-05
-7.161486516e-21
4.328358209e-05
1.842621076e-20
4.328358209e-05
2.996393638e-21
4.328358209e-05
3.46640283e-21
4.328358209e-05
3.738510902e-21
4.328358209e-05
3.679909392e-20
4.328358209e-05
1.338917875e-20
4.328358209e-05
-1.282392918e-20
4.328358209e-05
-2.230457749e-21
4.328358209e-05
1.230380633e-21
4.328358209e-05
1.274203012e-20
4.328358209e-05
1.673644284e-20
4.328358209e-05
-3.280822153e-21
4.328358209e-05
-9.300907231e-21
4.328358209e-05
2.150743311e-21
4.328358209e-05
1.028275209e-20
4.328358209e-05
-4.148799442e-22
4.328358209e-05
2.334595371e-20
4.328358209e-05
8.925722186e-21
4.328358209e-05
-2.150155868e-20
4.328358209e-05
2.253679668e-20
4.328358209e-05
-3.11023988e-20
4.328358209e-05
-2.967737707e-20
4.328358209e-05
4.072377865e-20
4.328358209e-05
4.740922874e-20
4.328358209e-05
-3.021771041e-20
4.328358209e-05
-5.359479157e-20
4.328358209e-05
4.455274324e-20
4.328358209e-05
4.820156663e-20
4.328358209e-05
-1.041057102e-20
4.328358209e-05
-1.535090744e-20
4.328358209e-05
-2.783898782e-20
4.328358209e-05
-1.929396177e-20
4.328358209e-05
2.495027839e-21
4.328358209e-05
2.968047416e-20
4.328358209e-05
-1.759904756e-21
4.328358209e-05
-1.932737658e-20
4.328358209e-05
-2.100493005e-20
4.328358209e-05
2.274413498e-20
4.328358209e-05
1.792276938e-20
4.328358209e-05
-1.585024678e-20
4.328358209e-05
-1.374151872e-23
4.328358209e-05
3.367754369e-20
4.328358209e-05
-5.95214989e-22
4.328358209e-05
-4.742380265e-20
4.328358209e-05
1.580044831e-20
4.328358209e-05
-7.49750605e-21
4.328358209e-05
-4.099696398e-20
4.328358209e-05
1.349544678e-20
4.328358209e-05
2.894510153e-20
4.328358209e-05
-3.672004762e-20
4.328358209e-05
-5.850303737e-20
4.328358209e-05
4.687111123e-20
4.328358209e-05
7.116484333e-20
4.328358209e-05
-1.973111751e-20
4.328358209e-05
-5.510695305e-20
4.328358209e-05
2.555132739e-20
4.328358209e-05
4.66322254e-20
4.328358209e-05
-3.871205284e-20
4.328358209e-05
-3.93348605e-20
4.328358209e-05
-1.538381201e-20
4.328358209e-05
4.311612142e-20
4.328358209e-05
2.953631386e-20
4.328358209e-05
-1.269558067e-20
4.328358209e-05
-2.522103514e-20
4.328358209e-05
-4.361861697e-21
4.328358209e-05
3.510487357e-20
4.328358209e-05
2.026728969e-23
4.328358209e-05
-2.22306325e-20
4.328358209e-05
1.846661225e-20
4.328358209e-05
3.273973641e-20
4.328358209e-05
-3.649202422e-20
4.328358209e-05
-3.428589431e-20
4.328358209e-05
2.953252405e-20
4.328358209e-05
1.564125907e-20
4.328358209e-05
-2.299082788e-20
4.328358209e-05
-1.175525298e-20
4.328358209e-05
-1.478373647e-20
4.328358209e-05
1.853232489e-20
4.328358209e-05
-2.313785523e-20
4.328358209e-05
-2.564342363e-20
4.328358209e-05
2.536046752e-20
4.328358209e-05
1.001934925e-20
4.328358209e-05
-4.556361038e-21
4.328358209e-05
-8.887033184e-20
4.328358209e-05
1.1729837e-20
4.328358209e-05
9.740885656e-20
4.328358209e-05
2.781898116e-20
4.328358209e-05
-6.520104262e-20
4.328358209e-05
-8.727126191e-20
4.328358209e-05
3.008758707e-20
4.328358209e-05
6.914535582e-20
4.328358209e-05
1.702047989e-20
4.328358209e-05
-8.582583771e-20
4.328358209e-05
-3.122707838e-21
4.328358209e-05
9.555532302e-20
4.328358209e-05
-2.595357192e-20
4.328358209e-05
-2.20253029e-20
4.328358209e-05
5.466059456e-20
4.328358209e-05
6.787939265e-20
4.328358209e-05
1.51503927e-20
4.328358209e-05
-1.308462549e-19
4.328358209e-05
-3.614475258e-20
4.328358209e-05
8.741656513e-20
4.328358209e-05
-4.453229073e-20
4.328358209e-05
-3.091376571e-20
4.328358209e-05
3.993030385e-20
4.328358209e-05
1.037355967e-20
4.328358209e-05
1.159560806e-20
4.328358209e-05
-4.658591965e-20
4.328358209e-05
1.485430267e-20
4.328358209e-05
8.452223939e-21
4.328358209e-05
6.873924138e-21
4.328358209e-05
-1.098569634e-20
4.328358209e-05
-2.492066523e-20
4.328358209e-05
7.633398609e-21
4.328358209e-05
2.325919599e-20
4.328358209e-05
6.801002112e-20
4.328358209e-05
-2.277291277e-20
4.328358209e-05
-1.193249233e-20
4.328358209e-05
4.819901696e-20
4.328358209e-05
-8.689004441e-20
4.328358209e-05
-4.256038688e-20
4.328358209e-05
3.527340958e-20
4.328358209e-05
-3.848322383e-21
4.328358209e-05
1.253109449e-20
4.328358209e-05
-1.309496885e-19
4.328358209e-05
-2.305734699e-20
4.328358209e-05
1.368921833e-19
4.328358209e-05
-4.721941678e-20
4.328358209e-05
-5.168310728e-21
4.328358209e-05
1.020978585e-19
4.328358209e-05
3.336091996e-20
4.328358209e-05
5.334661481e-21
4.328358209e-05
-9.907330613e-20
4.328358209e-05
1.044936664e-21
4.328358209e-05
1.163187766e-19
4.328358209e-05
5.380116153e-21
4.328358209e-05
-9.325212857e-20
4.328358209e-05
-7.104650338e-20
4.328358209e-05
4.663753177e-20
4.328358209e-05
8.050108675e-20
4.328358209e-05
1.461665906e-20
4.328358209e-05
-4.81501267e-20
4.328358209e-05
-1.16753099e-20
4.328358209e-05
-1.655088914e-20
4.328358209e-05
-1.97632107e-20
4.328358209e-05
2.404893334e-20
4.328358209e-05
3.303042015e-20
2.733480676e-20
3.28358209e-05
1.111357839e-20
3.28358209e-05
-2.109091467e-20
3.28358209e-05
4.539478824e-21
3.28358209e-05
8.012664752e-21
3.28358209e-05
-1.99757569e-20
3.28358209e-05
-2.785398012e-20
3.28358209e-05
1.504873054e-20
3.28358209e-05
3.193787756e-20
3.28358209e-05
-1.677280412e-20
3.28358209e-05
9.747285838e-22
3.28358209e-05
1.672163051e-20
3.28358209e-05
-7.560042623e-21
3.28358209e-05
2.983088568e-21
3.28358209e-05
2.777165752e-20
3.28358209e-05
3.013714628e-21
3.28358209e-05
-9.960769366e-21
3.28358209e-05
1.659113021e-20
3.28358209e-05
-2.020003207e-20
3.28358209e-05
-4.041113361e-20
3.28358209e-05
-3.831734481e-21
3.28358209e-05
1.395608315e-20
3.28358209e-05
5.913519618e-21
3.28358209e-05
2.279252634e-20
3.28358209e-05
1.450926635e-20
3.28358209e-05
-1.998472864e-20
3.28358209e-05
-2.560564985e-20
3.28358209e-05
-1.932135435e-20
3.28358209e-05
8.797460451e-21
3.28358209e-05
-1.24887487e-20
3.28358209e-05
-3.164688877e-20
3.28358209e-05
-9.731125496e-21
3.28358209e-05
7.292188174e-21
3.28358209e-05
2.464051556e-20
3.28358209e-05
1.825511431e-20
3.28358209e-05
9.849630041e-21
3.28358209e-05
-2.533948907e-20
3.28358209e-05
-9.569463564e-21
3.28358209e-05
-1.125130489e-20
3.28358209e-05
1.75263544e-20
3.28358209e-05
3.602680919e-20
3.28358209e-05
-3.832129119e-20
3.28358209e-05
-4.242395685e-21
3.28358209e-05
1.960892992e-20
3.28358209e-05
-9.943183762e-21
3.28358209e-05
-4.215541817e-21
3.28358209e-05
5.868474645e-21
3.28358209e-05
2.643935558e-21
3.28358209e-05
-1.015074389e-20
3.28358209e-05
1.878527327e-22
3.28358209e-05
-1.925394871e-20
3.28358209e-05
-1.747444772e-21
3.28358209e-05
1.534055211e-20
3.28358209e-05
5.582572141e-21
3.28358209e-05
-3.311871166e-21
3.28358209e-05
1.643049178e-21
3.28358209e-05
3.631610225e-20
3.28358209e-05
2.826592295e-21
3.28358209e-05
-1.955339591e-20
3.28358209e-05
-5.926318192e-22
3.28358209e-05
-1.283273619e-21
3.28358209e-05
2.83989091e-21
3.28358209e-05
1.06152312e-20
3.28358209e-05
2.99226254e-21
3.28358209e-05
-1.438631152e-20
3.28358209e-05
2.680397269e-21
3.28358209e-05
1.33286697e-20
3.28358209e-05
4.379538655e-21
3.28358209e-05
2.546621198e-20
3.28358209e-05
3.653376732e-21
3.28358209e-05
-2.739731621e-20
3.28358209e-05
2.157837773e-20
3.28358209e-05
-2.945444651e-20
3.28358209e-05
-2.456871488e-20
3.28358209e-05
3.547932833e-20
3.28358209e-05
2.545844585e-20
3.28358209e-05
-2.215305459e-20
3.28358209e-05
-4.19346606e-20
3.28358209e-05
2.785956078e-20
3.28358209e-05
2.786554238e-20
3.28358209e-05
5.024791492e-21
3.28358209e-05
1.086702071e-20
3.28358209e-05
-1.85575628e-20
3.28358209e-05
-4.152322332e-20
3.28358209e-05
-4.832217203e-21
3.28358209e-05
3.977249027e-20
3.28358209e-05
3.383453114e-21
3.28358209e-05
-1.745363016e-20
3.28358209e-05
-1.615558094e-20
3.28358209e-05
2.289130339e-20
3.28358209e-05
1.997778393e-20
3.28358209e-05
-1.523244683e-20
3.28358209e-05
-1.162446663e-20
3.28358209e-05
1.891816092e-20
3.28358209e-05
8.12304609e-21
3.28358209e-05
-3.079412401e-20
3.28358209e-05
1.506061563e-20
3.28358209e-05
-6.078878714e-21
3.28358209e-05
-3.068072669e-20
3.28358209e-05
1.247713016e-20
3.28358209e-05
1.819505501e-20
3.28358209e-05
-2.912166163e-20
3.28358209e-05
-3.701000697e-20
3.28358209e-05
2.866369326e-20
3.28358209e-05
4.40745737e-20
3.28358209e-05
-3.064120868e-21
3.28358209e-05
-2.927190814e-20
3.28358209e-05
1.54485867e-20
3.28358209e-05
2.093571616e-20
3.28358209e-05
-1.616421502e-20
3.28358209e-05
-2.098888085e-20
3.28358209e-05
-2.911281155e-20
3.28358209e-05
4.343111749e-20
3.28358209e-05
2.96387797e-20
3.28358209e-05
-1.883927627e-20
3.28358209e-05
-2.69542502e-20
3.28358209e-05
-1.354425406e-20
3.28358209e-05
1.884406235e-20
3.28358209e-05
9.240937248e-21
3.28358209e-05
-1.512315813e-20
3.28358209e-05
-1.770625021e-21
3.28358209e-05
2.496393079e-20
3.28358209e-05
-2.170520556e-20
3.28358209e-05
-2.226077821e-20
3.28358209e-05
3.04395533e-20
3.28358209e-05
1.692483372e-20
3.28358209e-05
-1.073871847e-20
3.28358209e-05
-6.823734447e-21
3.28358209e-05
-1.375854368e-20
3.28358209e-05
1.802666224e-20
3.28358209e-05
-2.284627006e-20
3.28358209e-05
-1.878768545e-20
3.28358209e-05
1.718462534e-20
3.28358209e-05
-2.651271832e-21
3.28358209e-05
2.151262705e-21
3.28358209e-05
-5.884026237e-20
3.28358209e-05
1.307741206e-20
3.28358209e-05
9.843923815e-20
3.28358209e-05
1.604480437e-20
3.28358209e-05
-7.783885469e-20
3.28358209e-05
-7.299692647e-20
3.28358209e-05
2.476638051e-20
3.28358209e-05
5.562824499e-20
3.28358209e-05
1.976332292e-20
3.28358209e-05
-8.256264752e-20
3.28358209e-05
-1.308774997e-20
3.28358209e-05
9.356736272e-20
3.28358209e-05
-1.413644291e-20
3.28358209e-05
-3.779863651e-20
3.28358209e-05
4.384009472e-20
3.28358209e-05
6.74026908e-20
3.28358209e-05
9.259390576e-21
3.28358209e-05
-1.089244948e-19
3.28358209e-05
-3.536717852e-20
3.28358209e-05
7.585494066e-20
3.28358209e-05
-4.009003512e-20
3.28358209e-05
-1.926603866e-20
3.28358209e-05
4.559199823e-20
3.28358209e-05
1.353521139e-20
3.28358209e-05
1.58110103e-20
3.28358209e-05
-4.095787142e-20
3.28358209e-05
1.526432119e-20
3.28358209e-05
1.793727634e-20
3.28358209e-05
3.129591573e-21
3.28358209e-05
-1.469202006e-20
3.28358209e-05
-2.084044824e-20
3.28358209e-05
7.991737333e-21
3.28358209e-05
1.831736113e-20
3.28358209e-05
4.924554241e-20
3.28358209e-05
-1.883939269e-20
3.28358209e-05
-2.292942521e-20
3.28358209e-05
4.404428719e-20
3.28358209e-05
-6.295854522e-20
3.28358209e-05
-3.563207319e-20
3.28358209e-05
4.988455621e-20
3.28358209e-05
-1.404905194e-21
3.28358209e-05
-3.939023248e-21
3.28358209e-05
-9.862256194e-20
3.28358209e-05
5.557895973e-22
3.28358209e-05
1.141624442e-19
3.28358209e-05
-5.710534514e-20
3.28358209e-05
-1.280596941e-20
3.28358209e-05
8.690375392e-20
3.28358209e-05
1.362108996e-20
3.28358209e-05
-1.093032178e-20
3.28358209e-05
-8.943456045e-20
3.28358209e-05
1.588461182e-21
3.28358209e-05
1.185472953e-19
3.28358209e-05
-2.325500711e-21
3.28358209e-05
-8.747522034e-20
3.28358209e-05
-3.05869039e-20
3.28358209e-05
3.690326648e-20
3.28358209e-05
3.627386307e-20
3.28358209e-05
2.104073048e-20
3.28358209e-05
-3.189781724e-20
3.28358209e-05
-1.154377546e-20
3.28358209e-05
-2.598766419e-20
3.28358209e-05
-2.187997596e-20
3.28358209e-05
2.300877749e-20
3.28358209e-05
1.872711938e-20
3.730409675e-20
2.089552239e-05
1.387351879e-20
2.089552239e-05
1.054800259e-21
2.089552239e-05
-6.739850814e-21
2.089552239e-05
-1.440202167e-20
2.089552239e-05
-1.87257413e-20
2.089552239e-05
-2.39032179e-20
2.089552239e-05
9.812012304e-21
2.089552239e-05
2.579790133e-20
2.089552239e-05
-2.114180066e-21
2.089552239e-05
-5.8376417e-22
2.089552239e-05
1.258948424e-20
2.089552239e-05
-4.73140435e-21
2.089552239e-05
1.66093638e-21
2.089552239e-05
2.144402884e-20
2.089552239e-05
-9.913819684e-21
2.089552239e-05
-1.085631231e-20
2.089552239e-05
5.07754716e-21
2.089552239e-05
-1.125368175e-20
2.089552239e-05
-1.429142162e-20
2.089552239e-05
2.639058862e-21
2.089552239e-05
1.995462875e-20
2.089552239e-05
2.947724088e-21
2.089552239e-05
5.055075075e-21
2.089552239e-05
1.340859314e-20
2.089552239e-05
-6.337407147e-21
2.089552239e-05
-2.133924637e-20
2.089552239e-05
-2.302670968e-20
2.089552239e-05
2.294104868e-21
2.089552239e-05
-6.435680131e-22
2.089552239e-05
-2.799103992e-20
2.089552239e-05
-1.377379225e-20
2.089552239e-05
2.047918169e-20
2.089552239e-05
1.284665069e-20
2.089552239e-05
1.050636699e-20
2.089552239e-05
9.579750614e-21
2.089552239e-05
-3.034139202e-20
2.089552239e-05
-3.762954856e-21
2.089552239e-05
1.280762435e-20
2.089552239e-05
2.425757045e-21
2.089552239e-05
1.759461972e-20
2.089552239e-05
-1.633969667e-20
2.089552239e-05
-9.71023092e-21
2.089552239e-05
5.040308755e-21
2.089552239e-05
8.56292784e-22
2.089552239e-05
-8.738353391e-21
2.089552239e-05
2.715763439e-21
2.089552239e-05
1.200882163e-20
2.089552239e-05
-3.953861437e-21
2.089552239e-05
-1.642766024e-21
2.089552239e-05
-1.680701482e-20
2.089552239e-05
4.559961735e-21
2.089552239e-05
1.42936028e-20
2.089552239e-05
-3.876119873e-21
2.089552239e-05
4.520603939e-22
2.089552239e-05
2.791061088e-21
2.089552239e-05
1.03872061e-20
2.089552239e-05
2.249790665e-21
2.089552239e-05
-6.491834266e-21
2.089552239e-05
1.088989357e-21
2.089552239e-05
6.355180434e-22
2.089552239e-05
-1.956812155e-21
2.089552239e-05
1.246907907e-21
2.089552239e-05
1.154435423e-21
2.089552239e-05
-3.412780809e-21
2.089552239e-05
3.568802013e-21
2.089552239e-05
5.812187341e-21
2.089552239e-05
1.050859394e-20
2.089552239e-05
6.327484604e-21
2.089552239e-05
-1.026848751e-20
2.089552239e-05
-1.334555499e-20
2.089552239e-05
5.175822538e-21
2.089552239e-05
-2.322802044e-20
2.089552239e-05
1.923099674e-21
2.089552239e-05
2.838157724e-20
2.089552239e-05
2.878058464e-21
2.089552239e-05
-2.738354946e-20
2.089552239e-05
-8.644681616e-21
2.089552239e-05
4.468540776e-20
2.089552239e-05
7.128478969e-21
2.089552239e-05
5.396479383e-22
2.089552239e-05
9.946182609e-21
2.089552239e-05
-1.63448067e-20
2.089552239e-05
-2.343459887e-20
2.089552239e-05
6.449069337e-21
2.089552239e-05
1.27981233e-20
2.089552239e-05
-6.194659979e-21
2.089552239e-05
-6.999857952e-21
2.089552239e-05
-1.1235168e-20
2.089552239e-05
1.928372987e-20
2.089552239e-05
1.019338305e-20
2.089552239e-05
-1.894058201e-20
2.089552239e-05
-2.332238981e-20
2.089552239e-05
1.539069208e-20
2.089552239e-05
2.680935898e-20
2.089552239e-05
-4.394459781e-21
2.089552239e-05
4.928620467e-21
2.089552239e-05
-4.347926683e-21
2.089552239e-05
-1.611637406e-20
2.089552239e-05
-1.043116637e-20
2.089552239e-05
1.873351616e-20
2.089552239e-05
8.170120099e-21
2.089552239e-05
-2.851047846e-20
2.089552239e-05
-3.354704228e-21
2.089552239e-05
1.417677067e-20
2.089552239e-05
9.763173622e-21
2.089552239e-05
-3.416369571e-22
2.089552239e-05
-5.334553604e-21
2.089552239e-05
-3.737462742e-21
2.089552239e-05
3.483360637e-21
2.089552239e-05
2.536237589e-22
2.089552239e-05
-2.37465207e-20
2.089552239e-05
1.233529423e-20
2.089552239e-05
8.444954063e-21
2.089552239e-05
4.835056033e-21
2.089552239e-05
-1.265453159e-22
2.089552239e-05
-1.254432354e-20
2.089552239e-05
-3.668712526e-21
2.089552239e-05
1.000125794e-20
2.089552239e-05
6.185830542e-21
2.089552239e-05
-6.920763448e-21
2.089552239e-05
-2.945628286e-21
2.089552239e-05
-1.337339424e-20
2.089552239e-05
-1.577852917e-20
2.089552239e-05
1.300019117e-20
2.089552239e-05
1.288061819e-20
2.089552239e-05
8.969681365e-21
2.089552239e-05
1.075288502e-20
2.089552239e-05
-1.326086094e-20
2.089552239e-05
-1.771373837e-21
2.089552239e-05
-1.335445555e-20
2.089552239e-05
-4.488571508e-21
2.089552239e-05
1.034497228e-20
2.089552239e-05
-1.219415358e-20
2.089552239e-05
1.223473515e-20
2.089552239e-05
-3.120595798e-20
2.089552239e-05
2.453629199e-21
2.089552239e-05
5.795346589e-20
2.089552239e-05
1.903206192e-20
2.089552239e-05
-3.107652871e-20
2.089552239e-05
-5.11476086e-20
2.089552239e-05
6.4748802e-21
2.089552239e-05
2.509549023e-20
2.089552239e-05
1.559940788e-20
2.089552239e-05
-4.292908113e-20
2.089552239e-05
-9.415464423e-21
2.089552239e-05
6.295708526e-20
2.089552239e-05
-1.055130523e-20
2.089552239e-05
-3.790564747e-20
2.089552239e-05
3.014521471e-20
2.089552239e-05
4.879498209e-20
2.089552239e-05
1.055688588e-20
2.089552239e-05
-5.39878471e-20
2.089552239e-05
-3.00378699e-20
2.089552239e-05
2.806827559e-20
2.089552239e-05
-1.892025624e-20
2.089552239e-05
1.597429227e-21
2.089552239e-05
1.855217328e-20
2.089552239e-05
-6.099078733e-21
2.089552239e-05
1.590846646e-20
2.089552239e-05
-1.515697606e-20
2.089552239e-05
2.833042433e-21
2.089552239e-05
7.012509789e-22
2.089552239e-05
7.839074128e-21
2.089552239e-05
3.402874299e-22
2.089552239e-05
-1.188243548e-20
2.089552239e-05
-1.002287545e-20
2.089552239e-05
8.80636075e-21
2.089552239e-05
5.183922204e-20
2.089552239e-05
-1.867880157e-20
2.089552239e-05
-1.620867321e-20
2.089552239e-05
2.616805407e-20
2.089552239e-05
-4.374977432e-20
2.089552239e-05
-1.802494789e-20
2.089552239e-05
4.622955487e-20
2.089552239e-05
-8.971882066e-21
2.089552239e-05
-4.44418334e-21
2.089552239e-05
-5.267596176e-20
2.089552239e-05
-5.152681434e-21
2.089552239e-05
7.696249359e-20
2.089552239e-05
-2.568349493e-20
2.089552239e-05
-1.329733855e-20
2.089552239e-05
4.325616911e-20
2.089552239e-05
-5.972463665e-21
2.089552239e-05
-5.695938531e-21
2.089552239e-05
-4.087530904e-20
2.089552239e-05
-4.10851531e-21
2.089552239e-05
4.93597261e-20
2.089552239e-05
-9.153383033e-21
2.089552239e-05
-3.105908584e-20
2.089552239e-05
-2.380953218e-21
2.089552239e-05
1.36193947e-20
2.089552239e-05
8.972533717e-21
2.089552239e-05
1.973451846e-20
2.089552239e-05
-6.450683515e-21
2.089552239e-05
-9.609282715e-21
2.089552239e-05
-3.494972106e-20
2.089552239e-05
-2.320482419e-20
2.089552239e-05
3.665592222e-20
2.089552239e-05
2.389098783e-20
1.411169342e-20
7.462686567e-06
7.462686567e-06
7.462686567e-06
7.462686567e-06
7.462686567e-06
7.462686567e-06
7.462686567e-06
7.462686567e-06
7.462686567e-06
7.462686567e-06
7.462686567e-06
7.462686567e-06
7.462686567e-06
7.462686567e-06
7.462686567e-06
7.462686567e-06
7.462686567e-06
7.462686567e-06
7.462686567e-06
7.462686567e-06
7.462686567e-06
7.462686567e-06
7.462686567e-06
7.462686567e-06
7.462686567e-06
7.462686567e-06
7.462686567e-06
7.462686567e-06
7.462686567e-06
7.462686567e-06
7.462686567e-06
7.462686567e-06
7.462686567e-06
7.462686567e-06
7.462686567e-06
7.462686567e-06
7.462686567e-06
7.462686567e-06
7.462686567e-06
7.462686567e-06
7.462686567e-06
7.462686567e-06
7.462686567e-06
7.462686567e-06
7.462686567e-06
7.462686567e-06
7.462686567e-06
7.462686567e-06
7.462686567e-06
7.462686567e-06
7.462686567e-06
7.462686567e-06
7.462686567e-06
7.462686567e-06
7.462686567e-06
7.462686567e-06
7.462686567e-06
7.462686567e-06
7.462686567e-06
7.462686567e-06
7.462686567e-06
7.462686567e-06
7.462686567e-06
7.462686567e-06
7.462686567e-06
7.462686567e-06
7.462686567e-06
7.462686567e-06
7.462686567e-06
7.462686567e-06
7.462686567e-06
7.462686567e-06
7.462686567e-06
7.462686567e-06
7.462686567e-06
7.462686567e-06
7.462686567e-06
7.462686567e-06
7.462686567e-06
7.462686567e-06
7.462686567e-06
7.462686567e-06
7.462686567e-06
7.462686567e-06
7.462686567e-06
7.462686567e-06
7.462686567e-06
7.462686567e-06
7.462686567e-06
7.462686567e-06
7.462686567e-06
7.462686567e-06
7.462686567e-06
7.462686567e-06
7.462686567e-06
7.462686567e-06
7.462686567e-06
7.462686567e-06
7.462686567e-06
7.462686567e-06
7.462686567e-06
7.462686567e-06
7.462686567e-06
7.462686567e-06
7.462686567e-06
7.462686567e-06
7.462686567e-06
7.462686567e-06
7.462686567e-06
7.462686567e-06
7.462686567e-06
7.462686567e-06
7.462686567e-06
7.462686567e-06
7.462686567e-06
7.462686567e-06
7.462686567e-06
7.462686567e-06
7.462686567e-06
7.462686567e-06
7.462686567e-06
7.462686567e-06
7.462686567e-06
7.462686567e-06
7.462686567e-06
7.462686567e-06
7.462686567e-06
7.462686567e-06
7.462686567e-06
7.462686567e-06
7.462686567e-06
7.462686567e-06
7.462686567e-06
7.462686567e-06
7.462686567e-06
7.462686567e-06
7.462686567e-06
7.462686567e-06
7.462686567e-06
7.462686567e-06
7.462686567e-06
7.462686567e-06
7.462686567e-06
7.462686567e-06
7.462686567e-06
7.462686567e-06
7.462686567e-06
7.462686567e-06
7.462686567e-06
7.462686567e-06
7.462686567e-06
7.462686567e-06
7.462686567e-06
7.462686567e-06
7.462686567e-06
7.462686567e-06
7.462686567e-06
7.462686567e-06
7.462686567e-06
7.462686567e-06
7.462686567e-06
7.462686567e-06
7.462686567e-06
7.462686567e-06
7.462686567e-06
7.462686567e-06
7.462686567e-06
7.462686567e-06
7.462686567e-06
7.462686567e-06
7.462686567e-06
7.462686567e-06
7.462686567e-06
7.462686567e-06
7.462686567e-06
7.462686567e-06
7.462686567e-06
7.462686567e-06
7.462686567e-06
7.462686567e-06
7.462686567e-06
7.462686567e-06
7.462686567e-06
7.462686567e-06
7.462686567e-06
7.462686567e-06
7.462686567e-06
7.462686567e-06
7.462686567e-06
7.462686567e-06
7.462686567e-06
7.462686567e-06
7.462686567e-06
7.462686567e-06
7.462686567e-06
7.462686567e-06
7.462686567e-06
7.462686567e-06
7.462686567e-06
)
;

boundaryField
{
    inlet
    {
        type            cyclic;
        value           nonuniform List<scalar> 
20
(
-5.970149254e-05
-6.567164179e-05
-7.014925373e-05
-7.313432836e-05
-7.462686567e-05
-7.462686567e-05
-7.313432836e-05
-7.014925373e-05
-6.567164179e-05
-5.970149254e-05
-5.223880597e-05
-4.328358209e-05
-3.28358209e-05
-2.089552239e-05
-7.462686567e-06
-5.223880597e-05
-4.328358209e-05
-3.28358209e-05
-2.089552239e-05
-7.462686567e-06
)
;
    }
    outlet
    {
        type            cyclic;
        value           nonuniform List<scalar> 
20
(
5.970149254e-05
6.567164179e-05
7.014925373e-05
7.313432836e-05
7.462686567e-05
7.462686567e-05
7.313432836e-05
7.014925373e-05
6.567164179e-05
5.970149254e-05
5.223880597e-05
4.328358209e-05
3.28358209e-05
2.089552239e-05
7.462686567e-06
5.223880597e-05
4.328358209e-05
3.28358209e-05
2.089552239e-05
7.462686567e-06
)
;
    }
    topWall
    {
        type            calculated;
        value           uniform 0;
    }
    bottomWall
    {
        type            calculated;
        value           uniform 0;
    }
    frontAndBack
    {
        type            empty;
        value           nonuniform List<scalar> 0();
    }
}


// ************************************************************************* //
