/*--------------------------------*- C++ -*----------------------------------*\
  =========                 |
  \\      /  F ield         | OpenFOAM: The Open Source CFD Toolbox
   \\    /   O peration     | Website:  https://openfoam.org
    \\  /    A nd           | Version:  10
     \\/     M anipulation  |
\*---------------------------------------------------------------------------*/
FoamFile
{
    format      ascii;
    class       volVectorField;
    location    "4500";
    object      U;
}
// * * * * * * * * * * * * * * * * * * * * * * * * * * * * * * * * * * * * * //

dimensions      [0 1 -1 0 0 0 0];

internalField   nonuniform List<vector> 
4000
(
(0.1492537313 3.351588071e-16 0)
(0.1492537313 9.387016504e-17 0)
(0.1492537313 2.898799319e-17 0)
(0.1492537313 1.53650134e-18 0)
(0.1492537313 -4.788973219e-18 0)
(0.1492537313 -6.889132949e-18 0)
(0.1492537313 4.023569989e-18 0)
(0.1492537313 -7.828958191e-19 0)
(0.1492537313 -2.362915053e-17 0)
(0.1492537313 1.464952012e-17 0)
(0.1492537313 1.348881778e-17 0)
(0.1492537313 -1.054638984e-17 0)
(0.1492537313 -1.981947952e-17 0)
(0.1492537313 1.326446301e-17 0)
(0.1492537313 2.076839481e-17 0)
(0.1492537313 -1.808507229e-17 0)
(0.1492537313 -1.918999549e-17 0)
(0.1492537313 2.767638871e-18 0)
(0.1492537313 -3.140800179e-18 0)
(0.1492537313 3.249021804e-17 0)
(0.1492537313 7.42431574e-18 0)
(0.1492537313 -6.01737752e-17 0)
(0.1492537313 -9.789368703e-18 0)
(0.1492537313 3.321787082e-17 0)
(0.1492537313 8.679542167e-18 0)
(0.1492537313 1.874536138e-17 0)
(0.1492537313 -1.406612042e-17 0)
(0.1492537313 5.433466922e-18 0)
(0.1492537313 1.823451746e-17 0)
(0.1492537313 -4.38628719e-17 0)
(0.1492537313 3.211465916e-18 0)
(0.1492537313 -1.600206715e-17 0)
(0.1492537313 1.263298755e-17 0)
(0.1492537313 4.462212261e-19 0)
(0.1492537313 -4.569211921e-17 0)
(0.1492537313 8.203532566e-17 0)
(0.1492537313 -4.608696149e-17 0)
(0.1492537313 -2.972437868e-17 0)
(0.1492537313 4.816193094e-18 0)
(0.1492537313 1.55393289e-17 0)
(0.1492537313 6.449602146e-17 0)
(0.1492537313 -4.487414269e-17 0)
(0.1492537313 1.577766284e-17 0)
(0.1492537313 -5.282477924e-17 0)
(0.1492537313 1.559355465e-18 0)
(0.1492537313 2.23549469e-17 0)
(0.1492537313 -9.761490452e-18 0)
(0.1492537313 5.750607322e-17 0)
(0.1492537313 -6.093867784e-17 0)
(0.1492537313 -1.566020222e-17 0)
(0.1492537313 3.90812595e-17 0)
(0.1492537313 -2.153305675e-17 0)
(0.1492537313 5.309683079e-17 0)
(0.1492537313 -3.385004282e-17 0)
(0.1492537313 -5.721323874e-17 0)
(0.1492537313 3.473242843e-17 0)
(0.1492537313 6.95472735e-17 0)
(0.1492537313 -5.436896031e-17 0)
(0.1492537313 -3.051857795e-18 0)
(0.1492537313 1.956671505e-17 0)
(0.1492537313 -2.971158379e-17 0)
(0.1492537313 4.317476458e-18 0)
(0.1492537313 3.572291482e-18 0)
(0.1492537313 -1.594390415e-17 0)
(0.1492537313 -5.07488343e-17 0)
(0.1492537313 4.701980251e-17 0)
(0.1492537313 6.062266392e-17 0)
(0.1492537313 -4.363878444e-17 0)
(0.1492537313 -4.42502562e-17 0)
(0.1492537313 1.045519618e-16 0)
(0.1492537313 -6.152431593e-17 0)
(0.1492537313 -3.945553846e-17 0)
(0.1492537313 1.755187555e-16 0)
(0.1492537313 -9.301150024e-17 0)
(0.1492537313 -1.188694724e-16 0)
(0.1492537313 1.078687751e-16 0)
(0.1492537313 6.898299569e-17 0)
(0.1492537313 1.002316837e-17 0)
(0.1492537313 -1.722236312e-16 0)
(0.1492537313 4.25509704e-17 0)
(0.1492537313 1.187262645e-16 0)
(0.1492537313 -2.063274406e-17 0)
(0.1492537313 -6.624623154e-18 0)
(0.1492537313 -8.035109907e-17 0)
(0.1492537313 1.075806681e-18 0)
(0.1492537313 4.556580258e-17 0)
(0.1492537313 5.786880266e-17 0)
(0.1492537313 1.089337574e-18 0)
(0.1492537313 -1.644897852e-16 0)
(0.1492537313 6.057945871e-17 0)
(0.1492537313 1.024599219e-16 0)
(0.1492537313 -9.164977651e-18 0)
(0.1492537313 -9.942662024e-17 0)
(0.1492537313 5.180876267e-17 0)
(0.1492537313 6.081332701e-17 0)
(0.1492537313 -1.069469252e-16 0)
(0.1492537313 1.005609599e-16 0)
(0.1492537313 1.423790056e-17 0)
(0.1492537313 -1.178790898e-16 0)
(0.1492537313 -4.958570867e-18 0)
(0.1492537313 5.730983096e-17 0)
(0.1492537313 1.151254691e-16 0)
(0.1492537313 -1.011142832e-16 0)
(0.1492537313 -9.617502358e-17 0)
(0.1492537313 9.575411267e-17 0)
(0.1492537313 1.046625537e-16 0)
(0.1492537313 -5.499203227e-18 0)
(0.1492537313 -2.123673424e-16 0)
(0.1492537313 1.689224274e-18 0)
(0.1492537313 2.182495551e-16 0)
(0.1492537313 -7.170167127e-17 0)
(0.1492537313 -1.090335473e-16 0)
(0.1492537313 1.080393605e-16 0)
(0.1492537313 -4.325941628e-18 0)
(0.1492537313 9.648770719e-17 0)
(0.1492537313 -8.574157982e-17 0)
(0.1492537313 -1.262761698e-16 0)
(0.1492537313 1.23339282e-16 0)
(0.1492537313 1.334373002e-16 0)
(0.1492537313 -1.556050809e-17 0)
(0.1492537313 -2.419265345e-16 0)
(0.1492537313 1.529572412e-17 0)
(0.1492537313 2.281213959e-16 0)
(0.1492537313 -9.142864546e-17 0)
(0.1492537313 -9.883690646e-17 0)
(0.1492537313 8.183308286e-17 0)
(0.1492537313 1.099128885e-16 0)
(0.1492537313 -1.053763758e-17 0)
(0.1492537313 -2.140919129e-16 0)
(0.1492537313 1.217772066e-16 0)
(0.1492537313 1.736101623e-18 0)
(0.1492537313 -1.090615382e-16 0)
(0.1492537313 1.065893769e-16 0)
(0.1492537313 -1.113221945e-16 0)
(0.1492537313 2.087856895e-16 0)
(0.1492537313 -9.563365801e-19 0)
(0.1492537313 -2.104693641e-16 0)
(0.1492537313 7.530875616e-17 0)
(0.1492537313 1.623763086e-17 0)
(0.1492537313 1.194051736e-16 0)
(0.1492537313 -1.689857441e-17 0)
(0.1492537313 -2.057178899e-16 0)
(0.1492537313 -7.532558284e-18 0)
(0.1492537313 1.143175733e-16 0)
(0.1492537313 -7.966530261e-19 0)
(0.1492537313 -2.540522109e-17 0)
(0.1492537313 2.313445178e-16 0)
(0.1492537313 -6.914050734e-17 0)
(0.1492537313 -3.037263285e-16 0)
(0.1492537313 9.595045104e-17 0)
(0.1492537313 9.036698812e-17 0)
(0.1492537313 1.15112105e-16 0)
(0.1492537313 -1.004933902e-16 0)
(0.1492537313 -2.251766579e-16 0)
(0.1492537313 3.291716363e-16 0)
(0.1492537313 1.121205831e-16 0)
(0.1492537313 -2.171676672e-16 0)
(0.1492537313 -1.052114679e-16 0)
(0.1492537313 -1.082311661e-16 0)
(0.1492537313 2.192473714e-16 0)
(0.1492537313 8.266283769e-17 0)
(0.1492537313 1.802272912e-18 0)
(0.1492537313 -8.243574723e-17 0)
(0.1492537313 -9.979969022e-17 0)
(0.1492537313 1.709466732e-16 0)
(0.1492537313 -9.838298782e-17 0)
(0.1492537313 1.531272485e-17 0)
(0.1492537313 -1.052248535e-16 0)
(0.1492537313 -1.303725395e-18 0)
(0.1492537313 2.883868898e-16 0)
(0.1492537313 -2.002272541e-16 0)
(0.1492537313 2.770538942e-18 0)
(0.1492537313 2.640199687e-17 0)
(0.1492537313 -2.109497025e-16 0)
(0.1492537313 3.453380675e-16 0)
(0.1492537313 -4.324919202e-17 0)
(0.1492537313 -1.273042391e-16 0)
(0.1492537313 4.643498296e-17 0)
(0.1492537313 -2.375008131e-16 0)
(0.1492537313 3.157218752e-16 0)
(0.1492537313 2.433524349e-17 0)
(0.1492537313 -1.492261165e-16 0)
(0.1492537313 2.018580078e-17 0)
(0.1492537313 -1.784449252e-17 0)
(0.1492537313 1.047778459e-16 0)
(0.1492537313 -1.676279339e-16 0)
(0.1492537313 -1.536901967e-16 0)
(0.1492537313 3.237002986e-16 0)
(0.1492537313 1.28062307e-16 0)
(0.1492537313 -2.482276103e-16 0)
(0.1492537313 -1.037263309e-16 0)
(0.1492537313 1.139536255e-16 0)
(0.1492537313 -2.179794829e-17 0)
(0.1492537313 -8.579994235e-17 0)
(0.1492537313 2.066698904e-16 0)
(0.1492537313 -2.218715644e-16 0)
(0.1492537313 1.34073347e-16 0)
(0.1492537313 2.374262626e-16 0)
(0.1492537313 -3.304174086e-16 0)
(0.1492537313 6.006848762e-17 0)
(0.4179104478 -6.186380572e-16 0)
(0.4179104478 1.295037822e-17 0)
(0.4179104478 6.943748344e-17 0)
(0.4179104478 2.945530122e-18 0)
(0.4179104478 -4.090886474e-17 0)
(0.4179104478 -3.23495595e-17 0)
(0.4179104478 2.114316577e-17 0)
(0.4179104478 4.898204557e-17 0)
(0.4179104478 -3.690704073e-17 0)
(0.4179104478 1.07411516e-17 0)
(0.4179104478 -1.231402739e-17 0)
(0.4179104478 -1.518768867e-17 0)
(0.4179104478 -3.682506858e-17 0)
(0.4179104478 1.06620631e-17 0)
(0.4179104478 5.237122001e-17 0)
(0.4179104478 -5.361861398e-17 0)
(0.4179104478 -5.567264435e-17 0)
(0.4179104478 2.750918674e-17 0)
(0.4179104478 -3.111110579e-17 0)
(0.4179104478 2.900075229e-17 0)
(0.4179104478 1.893177281e-17 0)
(0.4179104478 -9.141267843e-17 0)
(0.4179104478 -8.189202742e-17 0)
(0.4179104478 4.709371546e-17 0)
(0.4179104478 1.202877073e-16 0)
(0.4179104478 6.198892648e-17 0)
(0.4179104478 2.372332329e-18 0)
(0.4179104478 2.075690613e-17 0)
(0.4179104478 2.893535609e-17 0)
(0.4179104478 -1.030109945e-16 0)
(0.4179104478 -5.928772063e-18 0)
(0.4179104478 -1.151324809e-18 0)
(0.4179104478 -5.980727686e-17 0)
(0.4179104478 2.875834419e-17 0)
(0.4179104478 -1.030615929e-16 0)
(0.4179104478 7.333839606e-18 0)
(0.4179104478 -1.170624446e-17 0)
(0.4179104478 -4.509719546e-17 0)
(0.4179104478 3.48472577e-17 0)
(0.4179104478 5.044432099e-17 0)
(0.4179104478 6.646232933e-17 0)
(0.4179104478 -2.468546528e-17 0)
(0.4179104478 8.152217278e-17 0)
(0.4179104478 -1.44201636e-16 0)
(0.4179104478 3.408224227e-17 0)
(0.4179104478 -2.999250867e-17 0)
(0.4179104478 -1.209554284e-16 0)
(0.4179104478 7.525778815e-17 0)
(0.4179104478 -3.899900985e-17 0)
(0.4179104478 1.082315176e-16 0)
(0.4179104478 1.034366232e-16 0)
(0.4179104478 -1.156606119e-16 0)
(0.4179104478 -3.858383229e-17 0)
(0.4179104478 5.579148178e-17 0)
(0.4179104478 -4.984736294e-17 0)
(0.4179104478 -2.240947383e-17 0)
(0.4179104478 1.334894929e-16 0)
(0.4179104478 -3.989087072e-17 0)
(0.4179104478 2.074715282e-17 0)
(0.4179104478 7.311190405e-17 0)
(0.4179104478 -1.073169886e-16 0)
(0.4179104478 -5.345841866e-18 0)
(0.4179104478 3.199952525e-17 0)
(0.4179104478 -1.082210492e-16 0)
(0.4179104478 -2.484048511e-17 0)
(0.4179104478 1.02235615e-16 0)
(0.4179104478 -3.640316291e-17 0)
(0.4179104478 2.106423187e-17 0)
(0.4179104478 1.74750389e-16 0)
(0.4179104478 -3.141432973e-17 0)
(0.4179104478 -2.448439996e-16 0)
(0.4179104478 5.462574063e-17 0)
(0.4179104478 2.414597326e-16 0)
(0.4179104478 -7.567099841e-17 0)
(0.4179104478 -1.558209803e-16 0)
(0.4179104478 1.202526204e-16 0)
(0.4179104478 1.619502477e-16 0)
(0.4179104478 -3.911163887e-17 0)
(0.4179104478 -3.070496939e-16 0)
(0.4179104478 5.725883041e-17 0)
(0.4179104478 1.366190931e-16 0)
(0.4179104478 -1.204175525e-16 0)
(0.4179104478 -3.613827973e-17 0)
(0.4179104478 7.688849042e-17 0)
(0.4179104478 1.558632469e-16 0)
(0.4179104478 9.965420032e-17 0)
(0.4179104478 -1.334522967e-16 0)
(0.4179104478 -1.897669485e-16 0)
(0.4179104478 -6.794907202e-17 0)
(0.4179104478 1.858371249e-16 0)
(0.4179104478 2.661004105e-16 0)
(0.4179104478 -2.545001547e-16 0)
(0.4179104478 -2.243289062e-16 0)
(0.4179104478 2.73147486e-16 0)
(0.4179104478 3.010051015e-17 0)
(0.4179104478 -2.271635131e-16 0)
(0.4179104478 1.108618819e-16 0)
(0.4179104478 1.689690355e-16 0)
(0.4179104478 -2.488647997e-16 0)
(0.4179104478 -2.055098015e-16 0)
(0.4179104478 2.962060348e-16 0)
(0.4179104478 1.325502049e-16 0)
(0.4179104478 -9.606660854e-17 0)
(0.4179104478 -1.337414409e-16 0)
(0.4179104478 4.323052726e-17 0)
(0.4179104478 1.525062997e-16 0)
(0.4179104478 -1.397783487e-16 0)
(0.4179104478 -1.33290844e-16 0)
(0.4179104478 5.564428538e-17 0)
(0.4179104478 2.123241961e-16 0)
(0.4179104478 -1.8058024e-16 0)
(0.4179104478 -1.597306071e-16 0)
(0.4179104478 2.290182418e-16 0)
(0.4179104478 1.443216041e-16 0)
(0.4179104478 3.485720078e-17 0)
(0.4179104478 -1.643254329e-16 0)
(0.4179104478 -1.92357057e-16 0)
(0.4179104478 2.229107332e-16 0)
(0.4179104478 2.448781858e-16 0)
(0.4179104478 -1.565134409e-16 0)
(0.4179104478 -1.759269491e-16 0)
(0.4179104478 3.850138241e-17 0)
(0.4179104478 1.196628801e-16 0)
(0.4179104478 -6.519066193e-18 0)
(0.4179104478 9.872296742e-17 0)
(0.4179104478 5.134141333e-17 0)
(0.4179104478 -1.084232561e-16 0)
(0.4179104478 -1.437137861e-16 0)
(0.4179104478 -2.15814813e-16 0)
(0.4179104478 2.668901001e-16 0)
(0.4179104478 5.248922071e-17 0)
(0.4179104478 -1.254516091e-16 0)
(0.4179104478 2.001807961e-16 0)
(0.4179104478 -2.18091176e-16 0)
(0.4179104478 -1.123680267e-16 0)
(0.4179104478 1.127794014e-16 0)
(0.4179104478 -1.001222636e-17 0)
(0.4179104478 -3.295494683e-17 0)
(0.4179104478 1.705558961e-16 0)
(0.4179104478 1.395988982e-17 0)
(0.4179104478 -2.623883107e-16 0)
(0.4179104478 -1.404487357e-16 0)
(0.4179104478 1.598962873e-17 0)
(0.4179104478 2.088063703e-16 0)
(0.4179104478 6.47495982e-17 0)
(0.4179104478 2.167596607e-17 0)
(0.4179104478 2.234906932e-16 0)
(0.4179104478 -9.780895168e-17 0)
(0.4179104478 -2.665266496e-16 0)
(0.4179104478 -1.007582832e-17 0)
(0.4179104478 4.804117146e-17 0)
(0.4179104478 2.37188177e-16 0)
(0.4179104478 -6.571973612e-17 0)
(0.4179104478 -3.396787239e-16 0)
(0.4179104478 4.531098641e-16 0)
(0.4179104478 1.978237937e-16 0)
(0.4179104478 -3.418652495e-16 0)
(0.4179104478 -1.959270884e-16 0)
(0.4179104478 -1.292660521e-16 0)
(0.4179104478 3.219748692e-16 0)
(0.4179104478 2.257448866e-16 0)
(0.4179104478 -2.453878682e-16 0)
(0.4179104478 -3.823521221e-17 0)
(0.4179104478 1.604451024e-16 0)
(0.4179104478 -5.283413378e-17 0)
(0.4179104478 -2.223978504e-16 0)
(0.4179104478 -2.71104019e-17 0)
(0.4179104478 4.048338059e-17 0)
(0.4179104478 1.812156656e-16 0)
(0.4179104478 2.116685e-16 0)
(0.4179104478 -1.428890188e-16 0)
(0.4179104478 -7.523053259e-17 0)
(0.4179104478 2.83920295e-16 0)
(0.4179104478 -5.314254009e-16 0)
(0.4179104478 7.946362834e-17 0)
(0.4179104478 7.255482617e-17 0)
(0.4179104478 -4.265075395e-17 0)
(0.4179104478 3.01679848e-16 0)
(0.4179104478 -4.432703534e-16 0)
(0.4179104478 3.79545562e-16 0)
(0.4179104478 7.468180226e-17 0)
(0.4179104478 -3.577803719e-16 0)
(0.4179104478 3.152213949e-16 0)
(0.4179104478 -4.937099649e-16 0)
(0.4179104478 5.300430082e-17 0)
(0.4179104478 6.293323654e-16 0)
(0.4179104478 -4.544529774e-16 0)
(0.4179104478 1.243056086e-16 0)
(0.4179104478 3.579679274e-16 0)
(0.4179104478 -3.312177305e-16 0)
(0.4179104478 -3.360387266e-16 0)
(0.4179104478 1.647342024e-16 0)
(0.4179104478 -8.298716686e-17 0)
(0.4179104478 -8.072443811e-17 0)
(0.4179104478 2.296927335e-16 0)
(0.4179104478 1.037591321e-16 0)
(0.4179104478 7.363881536e-17 0)
(0.4179104478 -1.736925396e-16 0)
(0.4179104478 -3.640898717e-16 0)
(0.4179104478 -7.538317147e-17 0)
(0.6567164179 5.401804783e-16 0)
(0.6567164179 2.066966593e-16 0)
(0.6567164179 1.71967944e-16 0)
(0.6567164179 1.026076236e-16 0)
(0.6567164179 3.311262721e-17 0)
(0.6567164179 -2.379515719e-17 0)
(0.6567164179 2.783665554e-17 0)
(0.6567164179 5.160370094e-17 0)
(0.6567164179 -3.163632836e-17 0)
(0.6567164179 3.164889978e-17 0)
(0.6567164179 2.95412082e-17 0)
(0.6567164179 -2.625294983e-17 0)
(0.6567164179 -1.795215906e-17 0)
(0.6567164179 -5.109841037e-17 0)
(0.6567164179 -3.625741988e-17 0)
(0.6567164179 -8.265202178e-17 0)
(0.6567164179 -4.819966135e-17 0)
(0.6567164179 -2.373946831e-17 0)
(0.6567164179 -4.874060054e-17 0)
(0.6567164179 -1.159456052e-17 0)
(0.6567164179 -1.033283139e-17 0)
(0.6567164179 -1.452105668e-16 0)
(0.6567164179 -1.219760721e-16 0)
(0.6567164179 1.71900844e-16 0)
(0.6567164179 1.570410282e-16 0)
(0.6567164179 6.832124708e-17 0)
(0.6567164179 1.335046147e-16 0)
(0.6567164179 4.098198019e-17 0)
(0.6567164179 -3.357666994e-17 0)
(0.6567164179 -1.809834047e-16 0)
(0.6567164179 -1.815703461e-17 0)
(0.6567164179 6.452241751e-17 0)
(0.6567164179 -1.460178926e-16 0)
(0.6567164179 -5.737935689e-17 0)
(0.6567164179 -1.712810702e-16 0)
(0.6567164179 -6.850195616e-17 0)
(0.6567164179 5.274616855e-17 0)
(0.6567164179 5.040360283e-17 0)
(0.6567164179 4.667984546e-17 0)
(0.6567164179 1.09563561e-16 0)
(0.6567164179 3.304863166e-18 0)
(0.6567164179 -5.948454324e-17 0)
(0.6567164179 2.123972585e-16 0)
(0.6567164179 -1.576340708e-16 0)
(0.6567164179 -1.117834771e-16 0)
(0.6567164179 2.510876772e-17 0)
(0.6567164179 -1.67940354e-16 0)
(0.6567164179 -3.23882294e-17 0)
(0.6567164179 6.606924878e-17 0)
(0.6567164179 7.299318875e-18 0)
(0.6567164179 1.430806932e-16 0)
(0.6567164179 -8.442345952e-17 0)
(0.6567164179 -9.12225003e-17 0)
(0.6567164179 1.661229734e-16 0)
(0.6567164179 3.737484274e-17 0)
(0.6567164179 -6.307972073e-17 0)
(0.6567164179 -2.432895888e-17 0)
(0.6567164179 -5.887047764e-17 0)
(0.6567164179 2.264329851e-16 0)
(0.6567164179 3.008956504e-17 0)
(0.6567164179 -2.065428864e-16 0)
(0.6567164179 8.399308234e-17 0)
(0.6567164179 6.570188747e-17 0)
(0.6567164179 -1.804656537e-16 0)
(0.6567164179 3.874581701e-17 0)
(0.6567164179 4.981424991e-17 0)
(0.6567164179 -4.025138132e-17 0)
(0.6567164179 1.56639085e-16 0)
(0.6567164179 2.570828357e-16 0)
(0.6567164179 -1.91677784e-16 0)
(0.6567164179 -3.792531982e-16 0)
(0.6567164179 2.560525757e-16 0)
(0.6567164179 1.648698296e-16 0)
(0.6567164179 -4.529275817e-17 0)
(0.6567164179 -1.442682714e-16 0)
(0.6567164179 1.662707459e-16 0)
(0.6567164179 2.537179795e-16 0)
(0.6567164179 -2.398523148e-16 0)
(0.6567164179 -3.248264277e-16 0)
(0.6567164179 5.366338129e-17 0)
(0.6567164179 1.84940417e-16 0)
(0.6567164179 -2.739574909e-16 0)
(0.6567164179 -1.280065196e-16 0)
(0.6567164179 4.541464678e-16 0)
(0.6567164179 1.432336294e-16 0)
(0.6567164179 1.836869537e-17 0)
(0.6567164179 2.401409417e-17 0)
(0.6567164179 -3.207639906e-16 0)
(0.6567164179 -9.332563923e-17 0)
(0.6567164179 3.351834645e-16 0)
(0.6567164179 9.58523806e-17 0)
(0.6567164179 -2.16679595e-16 0)
(0.6567164179 -1.205727768e-16 0)
(0.6567164179 1.132397295e-16 0)
(0.6567164179 -1.802412315e-17 0)
(0.6567164179 -2.487879415e-16 0)
(0.6567164179 1.771078247e-16 0)
(0.6567164179 1.055243936e-16 0)
(0.6567164179 -2.311235769e-16 0)
(0.6567164179 -2.512103205e-16 0)
(0.6567164179 7.631518121e-17 0)
(0.6567164179 3.989394502e-16 0)
(0.6567164179 1.643865095e-16 0)
(0.6567164179 -1.139934668e-16 0)
(0.6567164179 -3.469175702e-16 0)
(0.6567164179 2.025170808e-16 0)
(0.6567164179 -3.225046614e-17 0)
(0.6567164179 -3.227752665e-16 0)
(0.6567164179 1.304726273e-16 0)
(0.6567164179 3.07233389e-16 0)
(0.6567164179 5.164728409e-17 0)
(0.6567164179 -2.928824472e-16 0)
(0.6567164179 1.418425328e-16 0)
(0.6567164179 1.171212635e-16 0)
(0.6567164179 -9.372290672e-19 0)
(0.6567164179 2.994690481e-17 0)
(0.6567164179 -3.060414893e-16 0)
(0.6567164179 2.348095929e-16 0)
(0.6567164179 5.412271274e-16 0)
(0.6567164179 -1.857907239e-16 0)
(0.6567164179 -4.264711728e-16 0)
(0.6567164179 1.188274225e-18 0)
(0.6567164179 3.210314052e-16 0)
(0.6567164179 3.161912019e-16 0)
(0.6567164179 5.128141295e-17 0)
(0.6567164179 -3.160921438e-16 0)
(0.6567164179 -2.670496692e-17 0)
(0.6567164179 -3.730548693e-16 0)
(0.6567164179 -2.915232408e-16 0)
(0.6567164179 4.052850485e-16 0)
(0.6567164179 2.701447998e-16 0)
(0.6567164179 -1.158807065e-17 0)
(0.6567164179 -2.826237832e-16 0)
(0.6567164179 -1.992600086e-16 0)
(0.6567164179 7.252968489e-17 0)
(0.6567164179 1.32735673e-16 0)
(0.6567164179 -1.110935059e-16 0)
(0.6567164179 -6.106012351e-17 0)
(0.6567164179 2.595872315e-16 0)
(0.6567164179 -1.714161274e-16 0)
(0.6567164179 -5.230055365e-16 0)
(0.6567164179 -4.532730338e-17 0)
(0.6567164179 1.472936655e-16 0)
(0.6567164179 2.619233443e-16 0)
(0.6567164179 3.13166205e-16 0)
(0.6567164179 -1.339852124e-16 0)
(0.6567164179 1.694726273e-16 0)
(0.6567164179 2.307741493e-16 0)
(0.6567164179 -2.000539666e-16 0)
(0.6567164179 -3.206471179e-16 0)
(0.6567164179 -2.390735224e-16 0)
(0.6567164179 5.103488221e-16 0)
(0.6567164179 2.720919301e-16 0)
(0.6567164179 -3.147692407e-16 0)
(0.6567164179 1.772403982e-16 0)
(0.6567164179 1.24701644e-16 0)
(0.6567164179 -3.534121127e-16 0)
(0.6567164179 -2.307831744e-16 0)
(0.6567164179 -1.085860788e-17 0)
(0.6567164179 3.473311302e-16 0)
(0.6567164179 8.844143492e-17 0)
(0.6567164179 -1.069640835e-16 0)
(0.6567164179 2.847866917e-16 0)
(0.6567164179 1.629294301e-16 0)
(0.6567164179 -7.242287035e-16 0)
(0.6567164179 -2.758541675e-16 0)
(0.6567164179 2.220756782e-16 0)
(0.6567164179 1.128373942e-16 0)
(0.6567164179 4.903468294e-16 0)
(0.6567164179 3.344603243e-18 0)
(0.6567164179 -2.805170724e-16 0)
(0.6567164179 -1.839736351e-17 0)
(0.6567164179 3.718176621e-16 0)
(0.6567164179 -2.581250269e-16 0)
(0.6567164179 -2.21799034e-16 0)
(0.6567164179 -3.321530079e-16 0)
(0.6567164179 2.18350685e-17 0)
(0.6567164179 5.398419839e-16 0)
(0.6567164179 -2.92639645e-16 0)
(0.6567164179 7.276802985e-17 0)
(0.6567164179 3.912369326e-16 0)
(0.6567164179 -4.050790069e-16 0)
(0.6567164179 5.524881273e-17 0)
(0.6567164179 2.178241031e-17 0)
(0.6567164179 -1.011531379e-16 0)
(0.6567164179 5.636851943e-16 0)
(0.6567164179 -3.472850021e-16 0)
(0.6567164179 -2.182191965e-16 0)
(0.6567164179 3.013726354e-16 0)
(0.6567164179 -4.40546312e-16 0)
(0.6567164179 -2.366690365e-16 0)
(0.6567164179 9.201567552e-17 0)
(0.6567164179 -1.858156393e-16 0)
(0.6567164179 1.279836948e-16 0)
(0.6567164179 3.78955013e-16 0)
(0.6567164179 -2.077242799e-16 0)
(0.6567164179 -9.295139779e-17 0)
(0.6567164179 6.41313048e-17 0)
(0.6567164179 -7.512211725e-16 0)
(0.6567164179 -8.550573067e-17 0)
(0.8656716418 6.157316957e-16 0)
(0.8656716418 3.320926002e-16 0)
(0.8656716418 2.41074063e-16 0)
(0.8656716418 1.935796263e-16 0)
(0.8656716418 7.112659548e-17 0)
(0.8656716418 3.425441136e-17 0)
(0.8656716418 1.19174618e-16 0)
(0.8656716418 4.210915159e-17 0)
(0.8656716418 -1.792104323e-17 0)
(0.8656716418 1.272752464e-16 0)
(0.8656716418 2.083886187e-17 0)
(0.8656716418 -4.866774248e-17 0)
(0.8656716418 4.506951618e-17 0)
(0.8656716418 -8.980352169e-17 0)
(0.8656716418 -9.607952097e-17 0)
(0.8656716418 -1.113736307e-16 0)
(0.8656716418 -9.565353488e-17 0)
(0.8656716418 -2.706013883e-17 0)
(0.8656716418 -8.987136068e-17 0)
(0.8656716418 -5.499566365e-17 0)
(0.8656716418 -6.310863904e-17 0)
(0.8656716418 -2.57761488e-16 0)
(0.8656716418 -1.720997997e-16 0)
(0.8656716418 2.280394991e-16 0)
(0.8656716418 2.510264889e-16 0)
(0.8656716418 1.973722674e-16 0)
(0.8656716418 2.238372956e-16 0)
(0.8656716418 5.922153992e-17 0)
(0.8656716418 -1.340603295e-16 0)
(0.8656716418 -2.525800619e-16 0)
(0.8656716418 8.283026491e-20 0)
(0.8656716418 6.057891502e-18 0)
(0.8656716418 -2.923787791e-16 0)
(0.8656716418 -1.825548114e-16 0)
(0.8656716418 -1.9581138e-16 0)
(0.8656716418 -4.379596345e-17 0)
(0.8656716418 1.199304006e-16 0)
(0.8656716418 1.455128219e-16 0)
(0.8656716418 -2.667246624e-17 0)
(0.8656716418 6.252275746e-17 0)
(0.8656716418 1.046577275e-16 0)
(0.8656716418 -6.8798095e-17 0)
(0.8656716418 9.67530673e-17 0)
(0.8656716418 -1.969548996e-16 0)
(0.8656716418 -1.22995941e-16 0)
(0.8656716418 2.233458347e-17 0)
(0.8656716418 -1.489972954e-16 0)
(0.8656716418 -5.215238121e-17 0)
(0.8656716418 7.801838368e-17 0)
(0.8656716418 3.982446408e-17 0)
(0.8656716418 7.287486845e-17 0)
(0.8656716418 -1.186523776e-16 0)
(0.8656716418 7.69252122e-17 0)
(0.8656716418 2.050605441e-16 0)
(0.8656716418 -9.624089194e-17 0)
(0.8656716418 -1.662959434e-16 0)
(0.8656716418 1.035172263e-16 0)
(0.8656716418 7.79870282e-17 0)
(0.8656716418 1.353644267e-16 0)
(0.8656716418 1.75224604e-17 0)
(0.8656716418 -1.211810219e-16 0)
(0.8656716418 8.556367321e-17 0)
(0.8656716418 9.038342549e-17 0)
(0.8656716418 -1.199867621e-16 0)
(0.8656716418 -1.020602668e-17 0)
(0.8656716418 6.613143258e-17 0)
(0.8656716418 -1.565983034e-17 0)
(0.8656716418 2.124137464e-16 0)
(0.8656716418 1.931743487e-16 0)
(0.8656716418 -3.326840249e-16 0)
(0.8656716418 -3.734569589e-16 0)
(0.8656716418 4.012623753e-16 0)
(0.8656716418 1.549279025e-16 0)
(0.8656716418 -5.825498223e-17 0)
(0.8656716418 -8.612497233e-17 0)
(0.8656716418 5.518173849e-17 0)
(0.8656716418 3.391142337e-16 0)
(0.8656716418 -2.109951741e-16 0)
(0.8656716418 -5.842880148e-16 0)
(0.8656716418 1.654952729e-17 0)
(0.8656716418 2.20848611e-16 0)
(0.8656716418 -2.982414474e-16 0)
(0.8656716418 4.457799247e-17 0)
(0.8656716418 5.529758867e-16 0)
(0.8656716418 1.499022442e-16 0)
(0.8656716418 2.386596024e-17 0)
(0.8656716418 1.723536788e-16 0)
(0.8656716418 -3.0192025e-16 0)
(0.8656716418 -2.674225626e-16 0)
(0.8656716418 4.34253203e-16 0)
(0.8656716418 -4.790421848e-17 0)
(0.8656716418 -2.92703643e-16 0)
(0.8656716418 -1.825488188e-16 0)
(0.8656716418 1.865551806e-16 0)
(0.8656716418 -5.892653459e-17 0)
(0.8656716418 -4.364097429e-16 0)
(0.8656716418 2.377790758e-16 0)
(0.8656716418 2.520329685e-16 0)
(0.8656716418 -3.117592939e-16 0)
(0.8656716418 -3.914301011e-16 0)
(0.8656716418 2.890596884e-16 0)
(0.8656716418 5.699976203e-16 0)
(0.8656716418 6.52675687e-18 0)
(0.8656716418 -1.96645888e-16 0)
(0.8656716418 -3.151458507e-16 0)
(0.8656716418 2.18214783e-16 0)
(0.8656716418 8.054472911e-17 0)
(0.8656716418 -3.080057541e-16 0)
(0.8656716418 1.457714438e-17 0)
(0.8656716418 2.796535984e-16 0)
(0.8656716418 7.374189934e-17 0)
(0.8656716418 -1.731226349e-16 0)
(0.8656716418 -4.503972416e-17 0)
(0.8656716418 2.878522795e-16 0)
(0.8656716418 2.353622372e-16 0)
(0.8656716418 -3.321489137e-16 0)
(0.8656716418 -1.697581417e-16 0)
(0.8656716418 5.476354702e-16 0)
(0.8656716418 3.617426854e-16 0)
(0.8656716418 -2.671455456e-16 0)
(0.8656716418 -3.546320028e-16 0)
(0.8656716418 7.920385669e-17 0)
(0.8656716418 4.358692207e-16 0)
(0.8656716418 3.134477407e-16 0)
(0.8656716418 -6.297765655e-17 0)
(0.8656716418 -2.550435966e-16 0)
(0.8656716418 -8.396567055e-17 0)
(0.8656716418 -8.573222969e-16 0)
(0.8656716418 -2.384125908e-16 0)
(0.8656716418 6.859555109e-16 0)
(0.8656716418 2.710818997e-16 0)
(0.8656716418 -2.870745215e-17 0)
(0.8656716418 -3.393595248e-16 0)
(0.8656716418 -3.005079319e-16 0)
(0.8656716418 1.106280092e-16 0)
(0.8656716418 6.755757765e-17 0)
(0.8656716418 -3.055846885e-17 0)
(0.8656716418 -1.699999341e-16 0)
(0.8656716418 8.103056357e-17 0)
(0.8656716418 1.047804962e-16 0)
(0.8656716418 -7.137830279e-16 0)
(0.8656716418 -8.673740966e-17 0)
(0.8656716418 1.781569274e-16 0)
(0.8656716418 4.164521748e-16 0)
(0.8656716418 5.478006402e-16 0)
(0.8656716418 -2.590591735e-16 0)
(0.8656716418 1.639037148e-16 0)
(0.8656716418 2.913390624e-16 0)
(0.8656716418 -5.584457643e-17 0)
(0.8656716418 -5.02762188e-16 0)
(0.8656716418 -2.731039653e-16 0)
(0.8656716418 7.282583924e-16 0)
(0.8656716418 -3.617789324e-17 0)
(0.8656716418 -3.888011118e-16 0)
(0.8656716418 6.015629633e-16 0)
(0.8656716418 1.064312039e-16 0)
(0.8656716418 -5.431993462e-16 0)
(0.8656716418 -3.729916714e-16 0)
(0.8656716418 -1.500966472e-16 0)
(0.8656716418 5.484164575e-16 0)
(0.8656716418 7.267857121e-17 0)
(0.8656716418 5.6043009e-17 0)
(0.8656716418 4.023089558e-16 0)
(0.8656716418 -4.679918383e-17 0)
(0.8656716418 -7.278508055e-16 0)
(0.8656716418 -3.613844844e-16 0)
(0.8656716418 4.786414175e-16 0)
(0.8656716418 3.386911265e-16 0)
(0.8656716418 2.286930636e-16 0)
(0.8656716418 -6.63408306e-17 0)
(0.8656716418 -1.792733857e-17 0)
(0.8656716418 2.320899475e-17 0)
(0.8656716418 -1.704176044e-16 0)
(0.8656716418 -3.444173088e-16 0)
(0.8656716418 2.304793037e-16 0)
(0.8656716418 -7.218738141e-16 0)
(0.8656716418 -9.573278912e-17 0)
(0.8656716418 7.980077688e-16 0)
(0.8656716418 -3.286355269e-16 0)
(0.8656716418 3.055095498e-16 0)
(0.8656716418 4.19531578e-16 0)
(0.8656716418 -3.686987845e-16 0)
(0.8656716418 -3.188107305e-16 0)
(0.8656716418 -6.436880662e-17 0)
(0.8656716418 3.478418542e-16 0)
(0.8656716418 4.519811284e-16 0)
(0.8656716418 -5.416080589e-16 0)
(0.8656716418 1.735495539e-16 0)
(0.8656716418 3.582550053e-16 0)
(0.8656716418 -9.151015511e-16 0)
(0.8656716418 -5.399473833e-16 0)
(0.8656716418 2.046475329e-16 0)
(0.8656716418 -1.030046265e-16 0)
(0.8656716418 2.628325445e-16 0)
(0.8656716418 2.34784095e-16 0)
(0.8656716418 -4.425978261e-16 0)
(0.8656716418 2.304428764e-16 0)
(0.8656716418 -2.01355918e-17 0)
(0.8656716418 -8.620609739e-16 0)
(0.8656716418 -4.680325497e-17 0)
(1.044776119 6.880784659e-16 0)
(1.044776119 4.6195228e-16 0)
(1.044776119 3.435054646e-16 0)
(1.044776119 2.86208177e-16 0)
(1.044776119 1.044709106e-16 0)
(1.044776119 1.189238415e-16 0)
(1.044776119 2.265910373e-16 0)
(1.044776119 6.176625827e-17 0)
(1.044776119 1.20384101e-17 0)
(1.044776119 2.222554376e-16 0)
(1.044776119 3.564798141e-17 0)
(1.044776119 -3.543318444e-17 0)
(1.044776119 2.414157152e-17 0)
(1.044776119 -1.178784334e-16 0)
(1.044776119 -1.077617755e-16 0)
(1.044776119 -1.409287843e-16 0)
(1.044776119 -2.104852567e-16 0)
(1.044776119 -9.628327225e-17 0)
(1.044776119 -7.92359395e-17 0)
(1.044776119 -6.239438238e-17 0)
(1.044776119 -1.947078616e-16 0)
(1.044776119 -3.428431074e-16 0)
(1.044776119 -1.04409376e-16 0)
(1.044776119 1.995699992e-16 0)
(1.044776119 2.53836004e-16 0)
(1.044776119 3.193487295e-16 0)
(1.044776119 3.024444584e-16 0)
(1.044776119 1.269077354e-16 0)
(1.044776119 -3.075530247e-16 0)
(1.044776119 -3.374364303e-16 0)
(1.044776119 -3.238106339e-17 0)
(1.044776119 -6.306482946e-17 0)
(1.044776119 -3.723725178e-16 0)
(1.044776119 -2.403917158e-16 0)
(1.044776119 -1.884143077e-16 0)
(1.044776119 -7.024459387e-17 0)
(1.044776119 1.511401489e-16 0)
(1.044776119 1.935717042e-16 0)
(1.044776119 4.410889122e-17 0)
(1.044776119 -9.121819524e-18 0)
(1.044776119 9.091461078e-18 0)
(1.044776119 -1.309342415e-16 0)
(1.044776119 4.163646644e-18 0)
(1.044776119 -1.962330617e-16 0)
(1.044776119 -1.47406626e-16 0)
(1.044776119 5.464692495e-17 0)
(1.044776119 -1.278603924e-16 0)
(1.044776119 -1.373919073e-16 0)
(1.044776119 7.466267639e-17 0)
(1.044776119 5.328332267e-17 0)
(1.044776119 -3.309128739e-17 0)
(1.044776119 -2.955163582e-17 0)
(1.044776119 2.562324091e-16 0)
(1.044776119 2.133462146e-16 0)
(1.044776119 -1.074705491e-16 0)
(1.044776119 -1.121479751e-16 0)
(1.044776119 1.111643451e-16 0)
(1.044776119 1.048150764e-16 0)
(1.044776119 1.351474599e-16 0)
(1.044776119 -3.224865734e-17 0)
(1.044776119 -1.465970442e-16 0)
(1.044776119 1.350462934e-16 0)
(1.044776119 1.809180528e-16 0)
(1.044776119 -3.447145872e-17 0)
(1.044776119 -6.06615227e-18 0)
(1.044776119 6.234438036e-17 0)
(1.044776119 -2.797303674e-17 0)
(1.044776119 2.527505869e-16 0)
(1.044776119 1.276117902e-16 0)
(1.044776119 -4.307577e-16 0)
(1.044776119 -3.772616342e-16 0)
(1.044776119 3.923946437e-16 0)
(1.044776119 1.853472152e-16 0)
(1.044776119 -5.587899435e-17 0)
(1.044776119 -5.139895313e-17 0)
(1.044776119 -7.750978884e-18 0)
(1.044776119 3.582988226e-16 0)
(1.044776119 -2.201000505e-16 0)
(1.044776119 -5.52220523e-16 0)
(1.044776119 4.672840684e-17 0)
(1.044776119 1.573878854e-16 0)
(1.044776119 -2.953971724e-16 0)
(1.044776119 1.4727765e-16 0)
(1.044776119 5.991770797e-16 0)
(1.044776119 1.527787928e-16 0)
(1.044776119 4.760214536e-17 0)
(1.044776119 1.908794699e-16 0)
(1.044776119 -2.366330311e-16 0)
(1.044776119 -2.446977055e-16 0)
(1.044776119 4.014967123e-16 0)
(1.044776119 -1.543908468e-16 0)
(1.044776119 -4.09652957e-16 0)
(1.044776119 -2.063703496e-16 0)
(1.044776119 1.387106729e-16 0)
(1.044776119 -1.173872597e-16 0)
(1.044776119 -4.480484671e-16 0)
(1.044776119 2.172901875e-16 0)
(1.044776119 3.116091587e-16 0)
(1.044776119 -3.290959249e-16 0)
(1.044776119 -4.335219626e-16 0)
(1.044776119 4.114577252e-16 0)
(1.044776119 6.721955173e-16 0)
(1.044776119 9.043760249e-18 0)
(1.044776119 -2.682785083e-16 0)
(1.044776119 -3.918918567e-16 0)
(1.044776119 1.753076905e-16 0)
(1.044776119 1.260327918e-16 0)
(1.044776119 -3.189631717e-16 0)
(1.044776119 1.724507284e-17 0)
(1.044776119 3.306139449e-16 0)
(1.044776119 8.64495515e-17 0)
(1.044776119 -1.900477867e-16 0)
(1.044776119 -3.73345827e-17 0)
(1.044776119 3.736749663e-16 0)
(1.044776119 2.828768948e-16 0)
(1.044776119 -3.158740339e-16 0)
(1.044776119 -8.31387007e-17 0)
(1.044776119 6.539227553e-16 0)
(1.044776119 3.548547519e-16 0)
(1.044776119 -3.326721544e-16 0)
(1.044776119 -3.851706413e-16 0)
(1.044776119 3.208511847e-17 0)
(1.044776119 4.675929523e-16 0)
(1.044776119 3.656255087e-16 0)
(1.044776119 -1.643833632e-16 0)
(1.044776119 -3.177177708e-16 0)
(1.044776119 -8.075008722e-17 0)
(1.044776119 -9.948014895e-16 0)
(1.044776119 -2.671436418e-16 0)
(1.044776119 7.563095982e-16 0)
(1.044776119 3.88150648e-16 0)
(1.044776119 2.216232896e-17 0)
(1.044776119 -4.545916392e-16 0)
(1.044776119 -3.89222603e-16 0)
(1.044776119 1.483264727e-16 0)
(1.044776119 7.267711173e-17 0)
(1.044776119 -8.539199962e-18 0)
(1.044776119 -2.426298207e-16 0)
(1.044776119 -9.243082629e-18 0)
(1.044776119 4.241674148e-17 0)
(1.044776119 -6.328110901e-16 0)
(1.044776119 -9.30251002e-17 0)
(1.044776119 2.144230639e-16 0)
(1.044776119 5.3280784e-16 0)
(1.044776119 7.665148416e-16 0)
(1.044776119 -1.565372255e-16 0)
(1.044776119 2.093684331e-16 0)
(1.044776119 3.110320843e-16 0)
(1.044776119 -1.028510202e-16 0)
(1.044776119 -6.957308102e-16 0)
(1.044776119 -4.191978981e-16 0)
(1.044776119 7.469277427e-16 0)
(1.044776119 3.590369465e-18 0)
(1.044776119 -4.004157788e-16 0)
(1.044776119 5.885756997e-16 0)
(1.044776119 1.878673979e-16 0)
(1.044776119 -6.149882736e-16 0)
(1.044776119 -4.448259588e-16 0)
(1.044776119 -1.001667586e-16 0)
(1.044776119 5.610782871e-16 0)
(1.044776119 1.162772511e-16 0)
(1.044776119 1.689159399e-16 0)
(1.044776119 4.275749359e-16 0)
(1.044776119 -1.05144299e-16 0)
(1.044776119 -8.110861746e-16 0)
(1.044776119 -4.273022513e-16 0)
(1.044776119 5.673699218e-16 0)
(1.044776119 4.722232598e-16 0)
(1.044776119 2.265780115e-16 0)
(1.044776119 -9.87088669e-17 0)
(1.044776119 5.859456925e-17 0)
(1.044776119 3.113197491e-17 0)
(1.044776119 -3.501595261e-16 0)
(1.044776119 -3.987205577e-16 0)
(1.044776119 1.948869295e-16 0)
(1.044776119 -8.068185713e-16 0)
(1.044776119 -1.078043418e-16 0)
(1.044776119 8.20461125e-16 0)
(1.044776119 -2.762996408e-16 0)
(1.044776119 3.809124446e-16 0)
(1.044776119 5.199556253e-16 0)
(1.044776119 -3.205294139e-16 0)
(1.044776119 -5.013811291e-16 0)
(1.044776119 8.831641931e-19 0)
(1.044776119 5.014067857e-16 0)
(1.044776119 4.406269738e-16 0)
(1.044776119 -5.310289553e-16 0)
(1.044776119 1.352967222e-16 0)
(1.044776119 3.245145572e-16 0)
(1.044776119 -1.029952289e-15 0)
(1.044776119 -7.148968186e-16 0)
(1.044776119 1.886783495e-16 0)
(1.044776119 -5.449981381e-18 0)
(1.044776119 2.96968213e-16 0)
(1.044776119 1.136646668e-16 0)
(1.044776119 -4.912817225e-16 0)
(1.044776119 1.949827209e-16 0)
(1.044776119 -9.516155187e-17 0)
(1.044776119 -8.829371633e-16 0)
(1.044776119 2.490359681e-17 0)
(1.194029851 6.814222742e-16 0)
(1.194029851 5.298842062e-16 0)
(1.194029851 3.483376945e-16 0)
(1.194029851 2.830416689e-16 0)
(1.194029851 1.825561825e-16 0)
(1.194029851 2.89235679e-16 0)
(1.194029851 2.674043889e-16 0)
(1.194029851 1.194170687e-16 0)
(1.194029851 1.515677357e-16 0)
(1.194029851 3.236524837e-16 0)
(1.194029851 7.64260783e-17 0)
(1.194029851 -9.052538696e-17 0)
(1.194029851 -5.833526781e-18 0)
(1.194029851 -1.046506109e-16 0)
(1.194029851 -1.800009078e-16 0)
(1.194029851 -1.838029769e-16 0)
(1.194029851 -3.054474926e-16 0)
(1.194029851 -2.183381291e-16 0)
(1.194029851 -5.131288068e-17 0)
(1.194029851 -7.419324126e-17 0)
(1.194029851 -2.686071469e-16 0)
(1.194029851 -3.305334486e-16 0)
(1.194029851 -2.123630013e-17 0)
(1.194029851 1.527332749e-16 0)
(1.194029851 2.442677044e-16 0)
(1.194029851 4.168236112e-16 0)
(1.194029851 2.526762352e-16 0)
(1.194029851 8.497555552e-17 0)
(1.194029851 -4.153806228e-16 0)
(1.194029851 -2.08520677e-16 0)
(1.194029851 -4.570542563e-17 0)
(1.194029851 -2.138324702e-16 0)
(1.194029851 -3.680103877e-16 0)
(1.194029851 -2.841483801e-16 0)
(1.194029851 -2.579998899e-16 0)
(1.194029851 -6.666847697e-17 0)
(1.194029851 2.241024412e-16 0)
(1.194029851 2.895958056e-16 0)
(1.194029851 1.377944247e-16 0)
(1.194029851 -8.562100348e-17 0)
(1.194029851 -1.529051341e-16 0)
(1.194029851 -2.562771622e-16 0)
(1.194029851 -1.752605516e-16 0)
(1.194029851 -1.710845527e-16 0)
(1.194029851 -1.906886563e-16 0)
(1.194029851 -2.347556068e-18 0)
(1.194029851 -4.599086016e-18 0)
(1.194029851 -1.973295752e-16 0)
(1.194029851 5.434036297e-17 0)
(1.194029851 1.264531043e-16 0)
(1.194029851 -1.301036802e-16 0)
(1.194029851 -7.691485676e-18 0)
(1.194029851 3.521571475e-16 0)
(1.194029851 2.660351379e-16 0)
(1.194029851 -6.138301395e-17 0)
(1.194029851 -9.546909003e-17 0)
(1.194029851 1.806279419e-16 0)
(1.194029851 1.916794973e-16 0)
(1.194029851 7.400377575e-17 0)
(1.194029851 8.73388426e-18 0)
(1.194029851 -1.199658238e-16 0)
(1.194029851 -4.968361729e-18 0)
(1.194029851 2.479529791e-16 0)
(1.194029851 9.507549533e-17 0)
(1.194029851 -2.26691822e-18 0)
(1.194029851 1.34911798e-16 0)
(1.194029851 -2.247671606e-17 0)
(1.194029851 1.361706995e-16 0)
(1.194029851 6.229999062e-17 0)
(1.194029851 -3.243847928e-16 0)
(1.194029851 -4.052734484e-16 0)
(1.194029851 2.184197565e-16 0)
(1.194029851 2.632231779e-16 0)
(1.194029851 -6.143885625e-17 0)
(1.194029851 9.45383829e-18 0)
(1.194029851 2.108844574e-17 0)
(1.194029851 2.181829186e-16 0)
(1.194029851 -1.750929096e-16 0)
(1.194029851 -4.464295547e-16 0)
(1.194029851 1.830832715e-16 0)
(1.194029851 1.961238646e-16 0)
(1.194029851 -2.312179492e-16 0)
(1.194029851 8.007540525e-17 0)
(1.194029851 4.108018688e-16 0)
(1.194029851 1.281295562e-16 0)
(1.194029851 1.697716915e-16 0)
(1.194029851 9.297835353e-17 0)
(1.194029851 -2.044057613e-16 0)
(1.194029851 -6.932217517e-17 0)
(1.194029851 2.8656538e-16 0)
(1.194029851 -2.700988838e-16 0)
(1.194029851 -4.514929755e-16 0)
(1.194029851 -2.947813936e-16 0)
(1.194029851 -4.364522036e-18 0)
(1.194029851 -8.19283075e-17 0)
(1.194029851 -2.582462177e-16 0)
(1.194029851 1.05369563e-16 0)
(1.194029851 2.020523893e-16 0)
(1.194029851 -1.810392713e-16 0)
(1.194029851 -3.817938971e-16 0)
(1.194029851 4.072004156e-16 0)
(1.194029851 6.436786149e-16 0)
(1.194029851 7.550702971e-17 0)
(1.194029851 -3.820025183e-16 0)
(1.194029851 -2.630820114e-16 0)
(1.194029851 1.094759653e-16 0)
(1.194029851 6.328174794e-17 0)
(1.194029851 -4.710924789e-16 0)
(1.194029851 2.205202623e-17 0)
(1.194029851 4.621629979e-16 0)
(1.194029851 3.615095125e-17 0)
(1.194029851 -2.239865382e-16 0)
(1.194029851 2.821051349e-17 0)
(1.194029851 5.165909779e-16 0)
(1.194029851 4.268670247e-16 0)
(1.194029851 -2.627516161e-16 0)
(1.194029851 -4.917624619e-17 0)
(1.194029851 6.17543408e-16 0)
(1.194029851 2.000874949e-16 0)
(1.194029851 -2.373045379e-16 0)
(1.194029851 -2.266843222e-16 0)
(1.194029851 -6.934910237e-17 0)
(1.194029851 4.752134995e-16 0)
(1.194029851 3.079671921e-16 0)
(1.194029851 -3.766054004e-16 0)
(1.194029851 -3.840305367e-16 0)
(1.194029851 -7.465583119e-17 0)
(1.194029851 -8.568266076e-16 0)
(1.194029851 -3.295151755e-16 0)
(1.194029851 7.248957653e-16 0)
(1.194029851 5.308404464e-16 0)
(1.194029851 6.152808382e-17 0)
(1.194029851 -5.479487336e-16 0)
(1.194029851 -4.325057134e-16 0)
(1.194029851 1.647398374e-16 0)
(1.194029851 3.392463194e-18 0)
(1.194029851 -1.112856509e-16 0)
(1.194029851 -1.498750331e-16 0)
(1.194029851 -7.702810078e-17 0)
(1.194029851 -5.660868332e-17 0)
(1.194029851 -2.849788891e-16 0)
(1.194029851 -2.00798063e-16 0)
(1.194029851 2.009188973e-16 0)
(1.194029851 7.366169557e-16 0)
(1.194029851 7.360950813e-16 0)
(1.194029851 1.057800108e-16 0)
(1.194029851 4.608256522e-16 0)
(1.194029851 3.261412907e-16 0)
(1.194029851 -4.68208805e-16 0)
(1.194029851 -7.573696333e-16 0)
(1.194029851 -3.591868925e-16 0)
(1.194029851 3.539647884e-16 0)
(1.194029851 1.039010167e-16 0)
(1.194029851 -3.791231956e-16 0)
(1.194029851 4.406786461e-16 0)
(1.194029851 3.772552983e-16 0)
(1.194029851 -5.170042191e-16 0)
(1.194029851 -4.334288179e-16 0)
(1.194029851 -9.062403222e-17 0)
(1.194029851 4.993823613e-16 0)
(1.194029851 1.918551183e-16 0)
(1.194029851 1.515121006e-16 0)
(1.194029851 3.501123431e-16 0)
(1.194029851 -1.757580636e-16 0)
(1.194029851 -7.463503253e-16 0)
(1.194029851 -3.603098044e-16 0)
(1.194029851 5.240716942e-16 0)
(1.194029851 4.146336502e-16 0)
(1.194029851 2.521454685e-16 0)
(1.194029851 -5.047879526e-17 0)
(1.194029851 1.528561778e-16 0)
(1.194029851 7.854826515e-17 0)
(1.194029851 -5.32166028e-16 0)
(1.194029851 -4.645519051e-16 0)
(1.194029851 2.789708029e-17 0)
(1.194029851 -5.126007545e-16 0)
(1.194029851 -1.743328206e-16 0)
(1.194029851 5.789943339e-16 0)
(1.194029851 9.19887462e-20 0)
(1.194029851 4.106757166e-16 0)
(1.194029851 4.249960329e-16 0)
(1.194029851 -2.952541024e-16 0)
(1.194029851 -3.966885299e-16 0)
(1.194029851 4.34915871e-17 0)
(1.194029851 5.859289555e-16 0)
(1.194029851 4.534149745e-16 0)
(1.194029851 -6.240815275e-16 0)
(1.194029851 1.264452134e-16 0)
(1.194029851 2.105606445e-16 0)
(1.194029851 -9.809646738e-16 0)
(1.194029851 -7.765012403e-16 0)
(1.194029851 3.410144106e-17 0)
(1.194029851 1.379504559e-16 0)
(1.194029851 1.176303459e-16 0)
(1.194029851 -2.278615592e-16 0)
(1.194029851 -1.992859742e-16 0)
(1.194029851 2.657666971e-16 0)
(1.194029851 -1.917563052e-16 0)
(1.194029851 -7.459992161e-16 0)
(1.194029851 8.955321647e-18 0)
(1.313432836 5.17894177e-16 0)
(1.313432836 5.510117961e-16 0)
(1.313432836 2.838700982e-16 0)
(1.313432836 2.224150567e-16 0)
(1.313432836 2.657168443e-16 0)
(1.313432836 3.295257743e-16 0)
(1.313432836 3.536582519e-16 0)
(1.313432836 1.821550929e-16 0)
(1.313432836 3.089507992e-16 0)
(1.313432836 3.365008089e-16 0)
(1.313432836 1.457563488e-16 0)
(1.313432836 -2.708660339e-17 0)
(1.313432836 4.420687171e-17 0)
(1.313432836 -7.337608618e-17 0)
(1.313432836 -3.147496822e-16 0)
(1.313432836 -2.282402201e-16 0)
(1.313432836 -2.975802807e-16 0)
(1.313432836 -3.09826619e-16 0)
(1.313432836 -1.00811395e-16 0)
(1.313432836 -1.374732285e-16 0)
(1.313432836 -2.24026206e-16 0)
(1.313432836 -2.721261334e-16 0)
(1.313432836 9.514376202e-17 0)
(1.313432836 1.491216609e-16 0)
(1.313432836 1.950383622e-16 0)
(1.313432836 3.576290896e-16 0)
(1.313432836 2.497632711e-16 0)
(1.313432836 -1.063643909e-16 0)
(1.313432836 -4.262060144e-16 0)
(1.313432836 -8.70489967e-17 0)
(1.313432836 -7.858908868e-17 0)
(1.313432836 -2.459287321e-16 0)
(1.313432836 -4.391515104e-16 0)
(1.313432836 -3.284372006e-16 0)
(1.313432836 -2.748050633e-16 0)
(1.313432836 -2.048654625e-17 0)
(1.313432836 3.059347398e-16 0)
(1.313432836 4.651963673e-16 0)
(1.313432836 1.476988864e-16 0)
(1.313432836 -2.490388627e-16 0)
(1.313432836 -2.86473214e-16 0)
(1.313432836 -4.263218571e-16 0)
(1.313432836 -2.647343459e-16 0)
(1.313432836 -1.774028597e-16 0)
(1.313432836 -1.297655883e-16 0)
(1.313432836 -2.490366864e-17 0)
(1.313432836 -1.653528892e-17 0)
(1.313432836 -1.24484855e-16 0)
(1.313432836 3.281673664e-17 0)
(1.313432836 1.178146216e-16 0)
(1.313432836 -9.606658862e-17 0)
(1.313432836 3.193381939e-18 0)
(1.313432836 2.971709703e-16 0)
(1.313432836 3.87629771e-16 0)
(1.313432836 9.215726455e-17 0)
(1.313432836 -6.407450334e-17 0)
(1.313432836 9.701109235e-17 0)
(1.313432836 3.422351342e-16 0)
(1.313432836 1.817703247e-16 0)
(1.313432836 -8.906605899e-17 0)
(1.313432836 -1.572252049e-16 0)
(1.313432836 -1.826820251e-17 0)
(1.313432836 1.244508133e-16 0)
(1.313432836 2.085911257e-16 0)
(1.313432836 2.371967296e-17 0)
(1.313432836 1.960369597e-16 0)
(1.313432836 2.057594272e-17 0)
(1.313432836 8.066844496e-17 0)
(1.313432836 -3.745870978e-17 0)
(1.313432836 -3.314453186e-16 0)
(1.313432836 -3.445886929e-16 0)
(1.313432836 2.063578267e-16 0)
(1.313432836 3.191569405e-16 0)
(1.313432836 -3.566164003e-17 0)
(1.313432836 -1.010021605e-16 0)
(1.313432836 1.240776864e-16 0)
(1.313432836 2.636536186e-16 0)
(1.313432836 -2.085773734e-16 0)
(1.313432836 -4.365702558e-16 0)
(1.313432836 3.431288384e-16 0)
(1.313432836 2.360957442e-16 0)
(1.313432836 -1.734158672e-16 0)
(1.313432836 9.441446602e-17 0)
(1.313432836 2.439494245e-16 0)
(1.313432836 -2.140341626e-17 0)
(1.313432836 1.345280093e-16 0)
(1.313432836 1.222784928e-16 0)
(1.313432836 -1.164541321e-16 0)
(1.313432836 -9.256619979e-17 0)
(1.313432836 2.385249221e-16 0)
(1.313432836 -1.679745655e-16 0)
(1.313432836 -4.958840755e-16 0)
(1.313432836 -4.070939318e-16 0)
(1.313432836 -1.743985428e-16 0)
(1.313432836 -1.16537365e-16 0)
(1.313432836 -3.623189286e-16 0)
(1.313432836 1.131510299e-16 0)
(1.313432836 2.748265997e-16 0)
(1.313432836 -8.704836593e-17 0)
(1.313432836 -3.970395524e-16 0)
(1.313432836 3.615573243e-16 0)
(1.313432836 6.819143505e-16 0)
(1.313432836 1.457308124e-16 0)
(1.313432836 -3.694224449e-16 0)
(1.313432836 -3.367849676e-16 0)
(1.313432836 3.3078959e-17 0)
(1.313432836 -8.091028168e-17 0)
(1.313432836 -5.071615921e-16 0)
(1.313432836 1.210482251e-16 0)
(1.313432836 4.66782374e-16 0)
(1.313432836 1.551173249e-16 0)
(1.313432836 -1.230200421e-16 0)
(1.313432836 9.703070229e-17 0)
(1.313432836 5.219175808e-16 0)
(1.313432836 3.445583036e-16 0)
(1.313432836 -7.275500291e-17 0)
(1.313432836 1.703996103e-17 0)
(1.313432836 3.838095978e-16 0)
(1.313432836 2.782076421e-16 0)
(1.313432836 -1.380176801e-16 0)
(1.313432836 -1.95160735e-16 0)
(1.313432836 5.341640736e-17 0)
(1.313432836 3.422055432e-16 0)
(1.313432836 -3.876286286e-17 0)
(1.313432836 -4.064829695e-16 0)
(1.313432836 -4.011167758e-16 0)
(1.313432836 -2.378428791e-16 0)
(1.313432836 -6.724732518e-16 0)
(1.313432836 -2.068965563e-16 0)
(1.313432836 6.586752448e-16 0)
(1.313432836 4.373466729e-16 0)
(1.313432836 -2.022176698e-17 0)
(1.313432836 -3.894600672e-16 0)
(1.313432836 -4.313094521e-16 0)
(1.313432836 1.685361066e-16 0)
(1.313432836 -5.244460031e-17 0)
(1.313432836 -3.216257127e-16 0)
(1.313432836 -2.165070112e-16 0)
(1.313432836 -5.821128213e-18 0)
(1.313432836 1.435892455e-16 0)
(1.313432836 -2.905651086e-16 0)
(1.313432836 -1.09308054e-16 0)
(1.313432836 2.758862105e-16 0)
(1.313432836 8.900095635e-16 0)
(1.313432836 8.149015046e-16 0)
(1.313432836 1.035110916e-16 0)
(1.313432836 4.315855943e-16 0)
(1.313432836 3.122937172e-16 0)
(1.313432836 -3.651364263e-16 0)
(1.313432836 -7.098751405e-16 0)
(1.313432836 -4.625530326e-16 0)
(1.313432836 2.226235499e-16 0)
(1.313432836 -9.679329292e-17 0)
(1.313432836 -4.32886158e-16 0)
(1.313432836 5.127453636e-16 0)
(1.313432836 3.704664919e-16 0)
(1.313432836 -3.972922572e-16 0)
(1.313432836 -3.993492477e-16 0)
(1.313432836 -1.323251334e-16 0)
(1.313432836 5.653972962e-16 0)
(1.313432836 2.503230919e-16 0)
(1.313432836 8.189121799e-17 0)
(1.313432836 9.781146893e-17 0)
(1.313432836 -1.91270472e-16 0)
(1.313432836 -6.185248079e-16 0)
(1.313432836 -2.765160566e-16 0)
(1.313432836 5.190975601e-16 0)
(1.313432836 4.505022479e-16 0)
(1.313432836 4.067760987e-16 0)
(1.313432836 -1.311107398e-16 0)
(1.313432836 -1.200895374e-16 0)
(1.313432836 1.690363472e-16 0)
(1.313432836 -3.895313675e-16 0)
(1.313432836 -4.881564779e-16 0)
(1.313432836 -5.693508876e-17 0)
(1.313432836 -4.4539119e-16 0)
(1.313432836 -5.819954533e-17 0)
(1.313432836 4.128737274e-16 0)
(1.313432836 -1.689473707e-16 0)
(1.313432836 6.375616986e-16 0)
(1.313432836 5.778229997e-16 0)
(1.313432836 -1.85952591e-16 0)
(1.313432836 -2.488777874e-16 0)
(1.313432836 -3.02226996e-17 0)
(1.313432836 6.806549595e-16 0)
(1.313432836 2.807653993e-16 0)
(1.313432836 -7.209374657e-16 0)
(1.313432836 -1.796699055e-17 0)
(1.313432836 2.146253995e-16 0)
(1.313432836 -8.27989726e-16 0)
(1.313432836 -8.252494678e-16 0)
(1.313432836 -2.926668782e-16 0)
(1.313432836 2.512231456e-17 0)
(1.313432836 2.447988461e-16 0)
(1.313432836 -4.59220989e-18 0)
(1.313432836 -1.595746597e-16 0)
(1.313432836 1.009515631e-16 0)
(1.313432836 -2.165672917e-16 0)
(1.313432836 -4.631623038e-16 0)
(1.313432836 5.767822658e-17 0)
(1.402985075 4.845527969e-16 0)
(1.402985075 4.845785529e-16 0)
(1.402985075 3.57734013e-16 0)
(1.402985075 3.277402609e-16 0)
(1.402985075 3.392521133e-16 0)
(1.402985075 3.656483134e-16 0)
(1.402985075 4.313260043e-16 0)
(1.402985075 3.162883364e-16 0)
(1.402985075 4.751064645e-16 0)
(1.402985075 3.051503057e-16 0)
(1.402985075 7.466957956e-17 0)
(1.402985075 7.717391425e-17 0)
(1.402985075 1.212840146e-16 0)
(1.402985075 -1.044729757e-16 0)
(1.402985075 -3.121320987e-16 0)
(1.402985075 -2.86318011e-16 0)
(1.402985075 -3.852322555e-16 0)
(1.402985075 -2.198175292e-16 0)
(1.402985075 -7.057498061e-17 0)
(1.402985075 -2.432166551e-16 0)
(1.402985075 -1.361558112e-16 0)
(1.402985075 -6.792550842e-17 0)
(1.402985075 9.687661403e-17 0)
(1.402985075 7.494202736e-17 0)
(1.402985075 1.695637599e-16 0)
(1.402985075 1.46176743e-16 0)
(1.402985075 9.662808481e-17 0)
(1.402985075 -2.416425689e-16 0)
(1.402985075 -3.940399219e-16 0)
(1.402985075 -1.504760648e-16 0)
(1.402985075 -9.577236052e-17 0)
(1.402985075 -3.096532646e-16 0)
(1.402985075 -3.374454338e-16 0)
(1.402985075 -3.42195568e-16 0)
(1.402985075 -2.6203489e-16 0)
(1.402985075 4.188507959e-17 0)
(1.402985075 3.114404835e-16 0)
(1.402985075 4.220456487e-16 0)
(1.402985075 1.291596596e-16 0)
(1.402985075 -2.583454372e-16 0)
(1.402985075 -3.91401332e-16 0)
(1.402985075 -4.7232761e-16 0)
(1.402985075 -2.713228667e-16 0)
(1.402985075 -1.782451733e-16 0)
(1.402985075 -6.920943628e-17 0)
(1.402985075 -2.582315754e-16 0)
(1.402985075 -4.419611993e-18 0)
(1.402985075 1.448923673e-16 0)
(1.402985075 3.576574196e-17 0)
(1.402985075 2.982545663e-17 0)
(1.402985075 -4.369827859e-18 0)
(1.402985075 -5.874121512e-19 0)
(1.402985075 3.488563757e-16 0)
(1.402985075 4.25296611e-16 0)
(1.402985075 1.430744788e-16 0)
(1.402985075 1.031521145e-16 0)
(1.402985075 1.427780111e-16 0)
(1.402985075 2.66251868e-16 0)
(1.402985075 2.199248878e-16 0)
(1.402985075 1.343654303e-17 0)
(1.402985075 -1.717447287e-16 0)
(1.402985075 -5.219948939e-17 0)
(1.402985075 9.61702478e-18 0)
(1.402985075 8.49932988e-17 0)
(1.402985075 1.855238913e-16 0)
(1.402985075 2.917883803e-16 0)
(1.402985075 1.540817122e-18 0)
(1.402985075 2.633301074e-17 0)
(1.402985075 -1.356686379e-16 0)
(1.402985075 -2.923048735e-16 0)
(1.402985075 -1.217074314e-16 0)
(1.402985075 1.446198669e-16 0)
(1.402985075 2.36913147e-16 0)
(1.402985075 3.261162566e-17 0)
(1.402985075 -1.808188676e-16 0)
(1.402985075 1.180031409e-16 0)
(1.402985075 3.427365389e-16 0)
(1.402985075 -1.238100088e-16 0)
(1.402985075 -2.492461197e-16 0)
(1.402985075 2.347582726e-16 0)
(1.402985075 1.416775265e-16 0)
(1.402985075 -2.712343255e-17 0)
(1.402985075 7.256692464e-17 0)
(1.402985075 1.186289561e-16 0)
(1.402985075 5.309559409e-17 0)
(1.402985075 -8.261501433e-17 0)
(1.402985075 -8.26145747e-17 0)
(1.402985075 -2.197225702e-18 0)
(1.402985075 -2.303396414e-17 0)
(1.402985075 1.348296723e-16 0)
(1.402985075 -8.018282589e-17 0)
(1.402985075 -4.485810347e-16 0)
(1.402985075 -4.960736828e-16 0)
(1.402985075 -3.559082533e-16 0)
(1.402985075 -1.402269577e-16 0)
(1.402985075 -3.864406001e-16 0)
(1.402985075 -9.175422126e-17 0)
(1.402985075 2.674196448e-16 0)
(1.402985075 2.686766165e-17 0)
(1.402985075 -2.286233685e-16 0)
(1.402985075 2.82146374e-16 0)
(1.402985075 6.376313904e-16 0)
(1.402985075 1.734833143e-16 0)
(1.402985075 -4.204236996e-16 0)
(1.402985075 -4.03607664e-16 0)
(1.402985075 -1.009304954e-16 0)
(1.402985075 -1.108638132e-16 0)
(1.402985075 -2.898273091e-16 0)
(1.402985075 8.966478011e-17 0)
(1.402985075 3.461688514e-16 0)
(1.402985075 1.105869319e-16 0)
(1.402985075 4.433560682e-17 0)
(1.402985075 1.871619668e-16 0)
(1.402985075 4.650190647e-16 0)
(1.402985075 3.918143438e-16 0)
(1.402985075 1.115809661e-16 0)
(1.402985075 -7.573840524e-17 0)
(1.402985075 2.658128476e-16 0)
(1.402985075 2.890672631e-16 0)
(1.402985075 -3.168364324e-17 0)
(1.402985075 -2.233745143e-17 0)
(1.402985075 1.481276206e-16 0)
(1.402985075 1.519733088e-16 0)
(1.402985075 -2.773194146e-16 0)
(1.402985075 -5.339968734e-16 0)
(1.402985075 -5.929220648e-16 0)
(1.402985075 -2.460825641e-16 0)
(1.402985075 -5.230948907e-16 0)
(1.402985075 -6.614805705e-17 0)
(1.402985075 5.697903516e-16 0)
(1.402985075 4.311558391e-16 0)
(1.402985075 2.294277643e-17 0)
(1.402985075 -4.711194124e-16 0)
(1.402985075 -3.800939675e-16 0)
(1.402985075 1.015562253e-16 0)
(1.402985075 -2.037217699e-16 0)
(1.402985075 -3.537144857e-16 0)
(1.402985075 -1.508523861e-16 0)
(1.402985075 2.418643555e-17 0)
(1.402985075 1.857425501e-16 0)
(1.402985075 -1.71349693e-16 0)
(1.402985075 1.589779731e-16 0)
(1.402985075 3.574435377e-16 0)
(1.402985075 7.092594967e-16 0)
(1.402985075 6.696830158e-16 0)
(1.402985075 2.843037204e-16 0)
(1.402985075 5.406897719e-16 0)
(1.402985075 2.28856503e-16 0)
(1.402985075 -2.314602743e-16 0)
(1.402985075 -6.195282062e-16 0)
(1.402985075 -5.188297387e-16 0)
(1.402985075 -7.397773525e-17 0)
(1.402985075 -2.747624696e-16 0)
(1.402985075 -1.979206745e-16 0)
(1.402985075 4.222078848e-16 0)
(1.402985075 3.143355299e-16 0)
(1.402985075 -3.137396976e-16 0)
(1.402985075 -2.578155836e-16 0)
(1.402985075 -4.847905843e-17 0)
(1.402985075 3.817233985e-16 0)
(1.402985075 1.623549795e-16 0)
(1.402985075 5.224177863e-17 0)
(1.402985075 -4.148897213e-17 0)
(1.402985075 -1.102184642e-16 0)
(1.402985075 -4.827879426e-16 0)
(1.402985075 -2.634539646e-16 0)
(1.402985075 4.777073942e-16 0)
(1.402985075 4.864719197e-16 0)
(1.402985075 3.736444509e-16 0)
(1.402985075 -2.381409446e-16 0)
(1.402985075 -1.378584958e-17 0)
(1.402985075 8.252023523e-17 0)
(1.402985075 -3.174510867e-16 0)
(1.402985075 -3.345167283e-16 0)
(1.402985075 -1.061481339e-16 0)
(1.402985075 -2.857699296e-16 0)
(1.402985075 -2.350770644e-16 0)
(1.402985075 2.311429805e-16 0)
(1.402985075 -4.679738477e-17 0)
(1.402985075 5.383854577e-16 0)
(1.402985075 6.809095287e-16 0)
(1.402985075 -4.992282122e-18 0)
(1.402985075 -4.90240607e-17 0)
(1.402985075 4.56503265e-17 0)
(1.402985075 5.272016903e-16 0)
(1.402985075 6.288290761e-17 0)
(1.402985075 -7.195350546e-16 0)
(1.402985075 -4.23720524e-17 0)
(1.402985075 1.08820851e-16 0)
(1.402985075 -7.699903975e-16 0)
(1.402985075 -7.476069547e-16 0)
(1.402985075 -3.320791543e-16 0)
(1.402985075 1.453367823e-17 0)
(1.402985075 2.791871402e-16 0)
(1.402985075 1.591739367e-17 0)
(1.402985075 -1.804296209e-16 0)
(1.402985075 6.053140429e-17 0)
(1.402985075 1.439144766e-17 0)
(1.402985075 -4.634613964e-16 0)
(1.402985075 -8.152253366e-17 0)
(1.462686567 3.511563293e-16 0)
(1.462686567 3.211959982e-16 0)
(1.462686567 3.267257296e-16 0)
(1.462686567 3.639556366e-16 0)
(1.462686567 4.363133438e-16 0)
(1.462686567 5.694324272e-16 0)
(1.462686567 5.169330851e-16 0)
(1.462686567 4.451814319e-16 0)
(1.462686567 4.35505344e-16 0)
(1.462686567 2.035397789e-16 0)
(1.462686567 6.367333479e-17 0)
(1.462686567 1.976509823e-16 0)
(1.462686567 1.121707196e-16 0)
(1.462686567 -1.610251365e-16 0)
(1.462686567 -3.365049456e-16 0)
(1.462686567 -3.388566309e-16 0)
(1.462686567 -3.959572117e-16 0)
(1.462686567 -1.434908831e-16 0)
(1.462686567 -9.471270993e-18 0)
(1.462686567 -1.523408109e-16 0)
(1.462686567 -7.360443268e-17 0)
(1.462686567 1.028190955e-16 0)
(1.462686567 3.791687388e-17 0)
(1.462686567 -1.951251709e-17 0)
(1.462686567 9.016343953e-17 0)
(1.462686567 -2.25110255e-17 0)
(1.462686567 -1.26040904e-16 0)
(1.462686567 -2.368873616e-16 0)
(1.462686567 -2.784451516e-16 0)
(1.462686567 -1.39132028e-16 0)
(1.462686567 -1.93012208e-16 0)
(1.462686567 -4.357098832e-16 0)
(1.462686567 -3.019547533e-16 0)
(1.462686567 -3.444977528e-16 0)
(1.462686567 -1.367921437e-16 0)
(1.462686567 1.292064494e-16 0)
(1.462686567 2.053033198e-16 0)
(1.462686567 2.647741035e-16 0)
(1.462686567 6.904767236e-17 0)
(1.462686567 -2.549323182e-16 0)
(1.462686567 -3.846567786e-16 0)
(1.462686567 -3.886892846e-16 0)
(1.462686567 -3.172323741e-16 0)
(1.462686567 -3.105528484e-16 0)
(1.462686567 -1.107823782e-16 0)
(1.462686567 -1.846242111e-16 0)
(1.462686567 -8.158667961e-18 0)
(1.462686567 2.543708271e-16 0)
(1.462686567 8.398775312e-17 0)
(1.462686567 -7.905868208e-17 0)
(1.462686567 2.909002728e-17 0)
(1.462686567 1.093027911e-16 0)
(1.462686567 3.773386211e-16 0)
(1.462686567 3.911454468e-16 0)
(1.462686567 2.39797376e-16 0)
(1.462686567 2.854681464e-16 0)
(1.462686567 2.221700013e-16 0)
(1.462686567 1.036894812e-16 0)
(1.462686567 1.999408871e-16 0)
(1.462686567 1.142072456e-16 0)
(1.462686567 -8.264720366e-17 0)
(1.462686567 -5.060755491e-17 0)
(1.462686567 -1.125554148e-16 0)
(1.462686567 -3.83944449e-17 0)
(1.462686567 2.992779637e-16 0)
(1.462686567 2.270652403e-16 0)
(1.462686567 6.842325201e-17 0)
(1.462686567 9.331642923e-18 0)
(1.462686567 -9.577340067e-17 0)
(1.462686567 -1.834034738e-16 0)
(1.462686567 -2.51068856e-17 0)
(1.462686567 1.759664817e-16 0)
(1.462686567 1.729092586e-16 0)
(1.462686567 3.745161526e-17 0)
(1.462686567 -7.87597581e-17 0)
(1.462686567 -3.478660121e-17 0)
(1.462686567 2.869302492e-16 0)
(1.462686567 -6.780554128e-18 0)
(1.462686567 -1.367179886e-16 0)
(1.462686567 1.133457343e-16 0)
(1.462686567 4.81699962e-17 0)
(1.462686567 1.028233878e-16 0)
(1.462686567 2.231220994e-17 0)
(1.462686567 4.626944301e-17 0)
(1.462686567 8.526403682e-17 0)
(1.462686567 -3.245396446e-16 0)
(1.462686567 -2.950505085e-16 0)
(1.462686567 2.591964483e-17 0)
(1.462686567 1.310568426e-16 0)
(1.462686567 5.576934673e-17 0)
(1.462686567 7.585470774e-18 0)
(1.462686567 -2.607764315e-16 0)
(1.462686567 -4.6527753e-16 0)
(1.462686567 -3.285041413e-16 0)
(1.462686567 -2.260235866e-16 0)
(1.462686567 -4.921643188e-16 0)
(1.462686567 -2.409734091e-16 0)
(1.462686567 2.39758458e-16 0)
(1.462686567 4.131870863e-17 0)
(1.462686567 -9.408886234e-17 0)
(1.462686567 2.294220417e-16 0)
(1.462686567 4.819666323e-16 0)
(1.462686567 1.670584516e-16 0)
(1.462686567 -3.927642715e-16 0)
(1.462686567 -4.121678711e-16 0)
(1.462686567 -2.848484978e-16 0)
(1.462686567 -1.265057382e-16 0)
(1.462686567 2.088248362e-17 0)
(1.462686567 7.580975557e-17 0)
(1.462686567 1.382527332e-16 0)
(1.462686567 8.363814757e-17 0)
(1.462686567 1.4080569e-16 0)
(1.462686567 2.805603567e-16 0)
(1.462686567 4.783767045e-16 0)
(1.462686567 4.232366565e-16 0)
(1.462686567 2.61364419e-16 0)
(1.462686567 -5.623609814e-17 0)
(1.462686567 9.528614224e-17 0)
(1.462686567 1.869222177e-16 0)
(1.462686567 1.439096406e-16 0)
(1.462686567 7.847446884e-17 0)
(1.462686567 1.210530515e-16 0)
(1.462686567 1.441479958e-17 0)
(1.462686567 -2.521763186e-16 0)
(1.462686567 -6.954500809e-16 0)
(1.462686567 -7.090533955e-16 0)
(1.462686567 -1.797655423e-16 0)
(1.462686567 -3.359515989e-16 0)
(1.462686567 1.626530595e-17 0)
(1.462686567 4.604677588e-16 0)
(1.462686567 3.827119548e-16 0)
(1.462686567 8.397979605e-17 0)
(1.462686567 -3.838978025e-16 0)
(1.462686567 -4.036005314e-16 0)
(1.462686567 -8.827961768e-17 0)
(1.462686567 -2.330699716e-16 0)
(1.462686567 -3.530956145e-16 0)
(1.462686567 -9.92486798e-17 0)
(1.462686567 1.510754212e-16 0)
(1.462686567 2.704772634e-16 0)
(1.462686567 -1.854819437e-16 0)
(1.462686567 3.158234719e-16 0)
(1.462686567 4.621626753e-16 0)
(1.462686567 5.695649253e-16 0)
(1.462686567 5.810175436e-16 0)
(1.462686567 3.65713567e-16 0)
(1.462686567 5.438813691e-16 0)
(1.462686567 1.826423124e-16 0)
(1.462686567 -1.822434028e-16 0)
(1.462686567 -5.429402775e-16 0)
(1.462686567 -4.038150873e-16 0)
(1.462686567 -2.052107938e-16 0)
(1.462686567 -4.536304443e-16 0)
(1.462686567 -1.633556569e-16 0)
(1.462686567 2.874107129e-16 0)
(1.462686567 1.952606146e-16 0)
(1.462686567 -1.29113542e-16 0)
(1.462686567 -1.460056865e-16 0)
(1.462686567 -8.840814452e-17 0)
(1.462686567 1.890227783e-16 0)
(1.462686567 1.663505224e-16 0)
(1.462686567 6.185780843e-17 0)
(1.462686567 -1.206294412e-16 0)
(1.462686567 -1.028474378e-16 0)
(1.462686567 -3.691149785e-16 0)
(1.462686567 -1.001638508e-16 0)
(1.462686567 4.452661832e-16 0)
(1.462686567 4.13996341e-16 0)
(1.462686567 4.009805373e-16 0)
(1.462686567 -1.955329613e-16 0)
(1.462686567 -6.186404695e-17 0)
(1.462686567 -3.560325981e-17 0)
(1.462686567 -2.939691438e-16 0)
(1.462686567 -3.54373091e-16 0)
(1.462686567 -9.570887838e-17 0)
(1.462686567 -2.513952976e-16 0)
(1.462686567 -3.756726041e-16 0)
(1.462686567 -1.085275937e-17 0)
(1.462686567 8.697502396e-17 0)
(1.462686567 4.796947516e-16 0)
(1.462686567 6.940568731e-16 0)
(1.462686567 1.807635525e-16 0)
(1.462686567 1.186305232e-16 0)
(1.462686567 1.456632958e-16 0)
(1.462686567 3.783897029e-16 0)
(1.462686567 6.109402542e-17 0)
(1.462686567 -6.0688039e-16 0)
(1.462686567 -1.63285511e-16 0)
(1.462686567 -1.028580715e-16 0)
(1.462686567 -7.261838176e-16 0)
(1.462686567 -6.398267049e-16 0)
(1.462686567 -2.239044293e-16 0)
(1.462686567 1.498454709e-17 0)
(1.462686567 3.564825027e-16 0)
(1.462686567 8.146292428e-17 0)
(1.462686567 -1.145275989e-16 0)
(1.462686567 -6.0362373e-17 0)
(1.462686567 3.668193152e-17 0)
(1.462686567 -3.670016995e-16 0)
(1.462686567 -1.104053252e-16 0)
(1.492537313 1.709512628e-16 0)
(1.492537313 2.136991967e-16 0)
(1.492537313 3.272520924e-16 0)
(1.492537313 4.036031996e-16 0)
(1.492537313 4.67655807e-16 0)
(1.492537313 6.378118252e-16 0)
(1.492537313 4.778985589e-16 0)
(1.492537313 3.54110547e-16 0)
(1.492537313 2.871977594e-16 0)
(1.492537313 1.952415066e-16 0)
(1.492537313 1.10450013e-16 0)
(1.492537313 2.020044098e-16 0)
(1.492537313 1.788782276e-16 0)
(1.492537313 -1.444424891e-16 0)
(1.492537313 -3.162912415e-16 0)
(1.492537313 -3.798456385e-16 0)
(1.492537313 -3.625534278e-16 0)
(1.492537313 -9.762513995e-17 0)
(1.492537313 2.530582582e-17 0)
(1.492537313 -3.397063956e-17 0)
(1.492537313 2.324142812e-17 0)
(1.492537313 1.431494176e-16 0)
(1.492537313 -5.714896597e-17 0)
(1.492537313 -2.344827291e-17 0)
(1.492537313 2.759022604e-17 0)
(1.492537313 -1.263568832e-16 0)
(1.492537313 -2.548226854e-16 0)
(1.492537313 -2.273561879e-16 0)
(1.492537313 -6.616491653e-17 0)
(1.492537313 -1.512647426e-16 0)
(1.492537313 -4.087195273e-16 0)
(1.492537313 -5.0304851e-16 0)
(1.492537313 -3.567873149e-16 0)
(1.492537313 -2.048339314e-16 0)
(1.492537313 -3.397692854e-17 0)
(1.492537313 1.418007533e-16 0)
(1.492537313 7.685399223e-17 0)
(1.492537313 4.847144537e-17 0)
(1.492537313 -2.374771816e-17 0)
(1.492537313 -2.078572874e-16 0)
(1.492537313 -3.777316218e-16 0)
(1.492537313 -2.854591485e-16 0)
(1.492537313 -4.164907452e-16 0)
(1.492537313 -3.957901877e-16 0)
(1.492537313 -1.11566613e-16 0)
(1.492537313 -5.908046355e-17 0)
(1.492537313 -8.895657582e-17 0)
(1.492537313 2.473143545e-16 0)
(1.492537313 1.49230698e-16 0)
(1.492537313 -1.465069634e-16 0)
(1.492537313 5.02601994e-17 0)
(1.492537313 2.279602646e-16 0)
(1.492537313 4.012054183e-16 0)
(1.492537313 4.353020257e-16 0)
(1.492537313 3.772162035e-16 0)
(1.492537313 3.515102162e-16 0)
(1.492537313 3.366323496e-16 0)
(1.492537313 -2.159246571e-18 0)
(1.492537313 5.59441885e-17 0)
(1.492537313 1.047581881e-16 0)
(1.492537313 8.015443511e-17 0)
(1.492537313 -7.757589872e-17 0)
(1.492537313 -2.230771124e-16 0)
(1.492537313 -4.72088913e-17 0)
(1.492537313 2.523672317e-16 0)
(1.492537313 1.717872746e-16 0)
(1.492537313 1.033787412e-16 0)
(1.492537313 7.753779139e-17 0)
(1.492537313 -2.575483333e-18 0)
(1.492537313 -6.617202986e-17 0)
(1.492537313 1.02068451e-16 0)
(1.492537313 1.684765883e-16 0)
(1.492537313 1.224628868e-16 0)
(1.492537313 9.42186077e-17 0)
(1.492537313 4.35375536e-17 0)
(1.492537313 -1.177655276e-16 0)
(1.492537313 7.970667359e-17 0)
(1.492537313 3.083108775e-17 0)
(1.492537313 -2.702006107e-17 0)
(1.492537313 1.309160526e-16 0)
(1.492537313 -5.830982141e-17 0)
(1.492537313 7.066397576e-17 0)
(1.492537313 1.238983817e-18 0)
(1.492537313 4.954232933e-17 0)
(1.492537313 3.730937525e-17 0)
(1.492537313 -4.609394971e-16 0)
(1.492537313 -3.464757442e-16 0)
(1.492537313 -3.598143887e-17 0)
(1.492537313 1.268511948e-16 0)
(1.492537313 1.181141588e-16 0)
(1.492537313 8.421453793e-17 0)
(1.492537313 -1.370852534e-16 0)
(1.492537313 -3.779859854e-16 0)
(1.492537313 -2.433282442e-16 0)
(1.492537313 -2.897876929e-16 0)
(1.492537313 -5.612924147e-16 0)
(1.492537313 -2.215877569e-16 0)
(1.492537313 1.215131269e-16 0)
(1.492537313 -5.692849289e-17 0)
(1.492537313 -7.064583704e-17 0)
(1.492537313 1.661794292e-16 0)
(1.492537313 3.143246944e-16 0)
(1.492537313 1.382562352e-16 0)
(1.492537313 -2.185275372e-16 0)
(1.492537313 -3.717668518e-16 0)
(1.492537313 -3.651870895e-16 0)
(1.492537313 -2.230128438e-17 0)
(1.492537313 1.158981691e-16 0)
(1.492537313 5.374142862e-18 0)
(1.492537313 2.606859632e-17 0)
(1.492537313 1.554998313e-16 0)
(1.492537313 2.880353679e-16 0)
(1.492537313 3.230580041e-16 0)
(1.492537313 3.389387329e-16 0)
(1.492537313 4.315422625e-16 0)
(1.492537313 4.134957372e-16 0)
(1.492537313 4.231414624e-17 0)
(1.492537313 -1.306949215e-16 0)
(1.492537313 7.420067983e-17 0)
(1.492537313 2.209130154e-16 0)
(1.492537313 1.805373848e-16 0)
(1.492537313 1.550875166e-16 0)
(1.492537313 -2.473696122e-17 0)
(1.492537313 -2.692467924e-16 0)
(1.492537313 -6.58973847e-16 0)
(1.492537313 -6.277888828e-16 0)
(1.492537313 -1.567504174e-16 0)
(1.492537313 -9.133961584e-17 0)
(1.492537313 1.844384538e-17 0)
(1.492537313 2.167469824e-16 0)
(1.492537313 3.025570455e-16 0)
(1.492537313 1.534826172e-16 0)
(1.492537313 -3.593340909e-16 0)
(1.492537313 -4.383525533e-16 0)
(1.492537313 -2.45177488e-16 0)
(1.492537313 -2.188150384e-16 0)
(1.492537313 -1.983967638e-16 0)
(1.492537313 -1.352836563e-16 0)
(1.492537313 2.471785506e-16 0)
(1.492537313 2.676312227e-16 0)
(1.492537313 -1.980019112e-16 0)
(1.492537313 4.235150713e-16 0)
(1.492537313 6.704900876e-16 0)
(1.492537313 5.120431816e-16 0)
(1.492537313 4.398547087e-16 0)
(1.492537313 3.617768339e-16 0)
(1.492537313 5.028474419e-16 0)
(1.492537313 2.683873342e-16 0)
(1.492537313 -1.076926717e-16 0)
(1.492537313 -3.845200488e-16 0)
(1.492537313 -2.902564244e-16 0)
(1.492537313 -3.78492884e-16 0)
(1.492537313 -5.34592477e-16 0)
(1.492537313 -2.262500738e-16 0)
(1.492537313 9.666115157e-17 0)
(1.492537313 7.166653615e-17 0)
(1.492537313 4.007666946e-17 0)
(1.492537313 -5.308810392e-19 0)
(1.492537313 -1.070759061e-16 0)
(1.492537313 -7.589229112e-17 0)
(1.492537313 9.108548204e-17 0)
(1.492537313 1.259616772e-16 0)
(1.492537313 -9.632551169e-17 0)
(1.492537313 -1.033304283e-16 0)
(1.492537313 -1.168081413e-16 0)
(1.492537313 4.143557693e-17 0)
(1.492537313 3.397926574e-16 0)
(1.492537313 4.613840048e-16 0)
(1.492537313 4.425709342e-16 0)
(1.492537313 -2.094814116e-16 0)
(1.492537313 -1.958129846e-16 0)
(1.492537313 -1.387773714e-16 0)
(1.492537313 -3.033514015e-16 0)
(1.492537313 -3.932077315e-16 0)
(1.492537313 -2.36301264e-16 0)
(1.492537313 -2.954955749e-16 0)
(1.492537313 -4.110094524e-16 0)
(1.492537313 -9.135723531e-17 0)
(1.492537313 2.30212895e-16 0)
(1.492537313 3.835841164e-16 0)
(1.492537313 5.09090427e-16 0)
(1.492537313 3.103738513e-16 0)
(1.492537313 3.582920991e-16 0)
(1.492537313 2.728258839e-16 0)
(1.492537313 1.388005208e-16 0)
(1.492537313 2.342969348e-17 0)
(1.492537313 -3.886234291e-16 0)
(1.492537313 -3.122374512e-16 0)
(1.492537313 -2.726596913e-16 0)
(1.492537313 -6.116987276e-16 0)
(1.492537313 -4.997817661e-16 0)
(1.492537313 -5.326349342e-17 0)
(1.492537313 8.97483584e-17 0)
(1.492537313 3.453456504e-16 0)
(1.492537313 2.260351318e-16 0)
(1.492537313 -1.171446594e-16 0)
(1.492537313 -1.179507326e-16 0)
(1.492537313 -6.578372095e-17 0)
(1.492537313 -3.243489124e-16 0)
(1.492537313 -8.893234793e-17 0)
(1.492537313 8.608481761e-17 0)
(1.492537313 1.874113641e-16 0)
(1.492537313 3.015699542e-16 0)
(1.492537313 3.377596784e-16 0)
(1.492537313 4.989987702e-16 0)
(1.492537313 5.145814276e-16 0)
(1.492537313 3.591046813e-16 0)
(1.492537313 2.672967826e-16 0)
(1.492537313 1.114748288e-16 0)
(1.492537313 1.446255966e-16 0)
(1.492537313 1.868879923e-16 0)
(1.492537313 2.544737694e-16 0)
(1.492537313 1.889842283e-16 0)
(1.492537313 -1.17692715e-16 0)
(1.492537313 -1.882832111e-16 0)
(1.492537313 -2.938647779e-16 0)
(1.492537313 -2.792226538e-16 0)
(1.492537313 -1.275959296e-16 0)
(1.492537313 -4.761445315e-17 0)
(1.492537313 -2.6951552e-17 0)
(1.492537313 7.320491808e-17 0)
(1.492537313 8.233143156e-17 0)
(1.492537313 -5.825482432e-17 0)
(1.492537313 -4.892930857e-17 0)
(1.492537313 -1.156862965e-17 0)
(1.492537313 -1.625795702e-16 0)
(1.492537313 -3.180255412e-16 0)
(1.492537313 -1.461978881e-16 0)
(1.492537313 1.105941121e-17 0)
(1.492537313 -2.687299702e-16 0)
(1.492537313 -4.11854425e-16 0)
(1.492537313 -4.988231491e-16 0)
(1.492537313 -3.781428578e-16 0)
(1.492537313 -1.136695013e-16 0)
(1.492537313 -1.295709426e-17 0)
(1.492537313 4.559082447e-17 0)
(1.492537313 6.805162987e-17 0)
(1.492537313 -1.494397896e-17 0)
(1.492537313 -9.949105482e-17 0)
(1.492537313 -2.693245481e-16 0)
(1.492537313 -3.012309608e-16 0)
(1.492537313 -1.226603626e-16 0)
(1.492537313 -4.302092217e-16 0)
(1.492537313 -4.625357468e-16 0)
(1.492537313 -2.572433445e-16 0)
(1.492537313 -1.343570017e-16 0)
(1.492537313 -2.1261268e-17 0)
(1.492537313 2.911923018e-16 0)
(1.492537313 2.851694451e-16 0)
(1.492537313 -6.66750336e-17 0)
(1.492537313 7.243721241e-17 0)
(1.492537313 2.872322351e-16 0)
(1.492537313 3.746219312e-16 0)
(1.492537313 4.137477648e-16 0)
(1.492537313 4.206999822e-16 0)
(1.492537313 4.6984148e-16 0)
(1.492537313 3.928260578e-16 0)
(1.492537313 -6.011511744e-17 0)
(1.492537313 -6.386550268e-17 0)
(1.492537313 4.119456411e-17 0)
(1.492537313 6.268342179e-17 0)
(1.492537313 -9.849261238e-17 0)
(1.492537313 1.001708077e-17 0)
(1.492537313 -4.093143285e-18 0)
(1.492537313 1.529938685e-16 0)
(1.492537313 1.575293123e-16 0)
(1.492537313 -7.053369515e-18 0)
(1.492537313 5.271170987e-17 0)
(1.492537313 -3.682862008e-17 0)
(1.492537313 -1.58892533e-17 0)
(1.492537313 2.641541227e-16 0)
(1.492537313 2.477887156e-16 0)
(1.492537313 4.643044975e-17 0)
(1.492537313 9.533803298e-17 0)
(1.492537313 1.153886948e-16 0)
(1.492537313 -1.520660647e-16 0)
(1.492537313 -4.863703083e-17 0)
(1.492537313 1.335036926e-16 0)
(1.492537313 1.338808833e-16 0)
(1.492537313 -1.58548492e-18 0)
(1.492537313 -2.354190721e-16 0)
(1.492537313 -1.935777075e-18 0)
(1.492537313 -5.182121634e-18 0)
(1.492537313 4.574005279e-17 0)
(1.492537313 -4.598042376e-17 0)
(1.492537313 -4.130701899e-16 0)
(1.492537313 -3.219730116e-16 0)
(1.492537313 -5.516046191e-17 0)
(1.492537313 1.33718161e-16 0)
(1.492537313 9.768803621e-17 0)
(1.492537313 3.606247612e-17 0)
(1.492537313 -1.457195709e-16 0)
(1.492537313 -2.241311539e-16 0)
(1.492537313 -1.483940148e-16 0)
(1.492537313 -2.616935796e-16 0)
(1.492537313 -4.767030428e-16 0)
(1.492537313 -2.390078582e-16 0)
(1.492537313 -1.36383585e-16 0)
(1.492537313 -1.540383731e-16 0)
(1.492537313 3.538658943e-17 0)
(1.492537313 1.466894012e-16 0)
(1.492537313 8.378698927e-17 0)
(1.492537313 6.027611279e-17 0)
(1.492537313 -7.231734512e-17 0)
(1.492537313 -3.475511718e-16 0)
(1.492537313 -3.156366835e-16 0)
(1.492537313 1.317696895e-16 0)
(1.492537313 1.503614573e-16 0)
(1.492537313 -1.046874666e-16 0)
(1.492537313 -3.77030065e-17 0)
(1.492537313 1.789646344e-16 0)
(1.492537313 4.734231326e-16 0)
(1.492537313 3.998456933e-16 0)
(1.492537313 1.966129798e-16 0)
(1.492537313 3.754346464e-16 0)
(1.492537313 4.190388824e-16 0)
(1.492537313 1.205813268e-16 0)
(1.492537313 -2.179962332e-16 0)
(1.492537313 6.332550125e-17 0)
(1.492537313 2.67800387e-16 0)
(1.492537313 2.06932509e-16 0)
(1.492537313 1.700763706e-16 0)
(1.492537313 -4.445095008e-17 0)
(1.492537313 -2.818054556e-16 0)
(1.492537313 -5.372330212e-16 0)
(1.492537313 -5.171226461e-16 0)
(1.492537313 -1.9631916e-16 0)
(1.492537313 -1.076862175e-17 0)
(1.492537313 4.16227198e-17 0)
(1.492537313 8.377567954e-18 0)
(1.492537313 1.563498546e-16 0)
(1.492537313 1.549176588e-16 0)
(1.492537313 -2.887801827e-16 0)
(1.492537313 -4.011994932e-16 0)
(1.492537313 -4.231486239e-16 0)
(1.492537313 -3.105137704e-16 0)
(1.492537313 -6.365626786e-17 0)
(1.492537313 -7.711702041e-17 0)
(1.492537313 2.258774959e-16 0)
(1.492537313 1.000811036e-16 0)
(1.492537313 -3.343563481e-17 0)
(1.492537313 5.550522675e-16 0)
(1.492537313 8.315760097e-16 0)
(1.492537313 4.758507018e-16 0)
(1.492537313 2.829260515e-16 0)
(1.492537313 3.56532487e-16 0)
(1.492537313 3.950010348e-16 0)
(1.492537313 3.642845286e-16 0)
(1.492537313 1.225304836e-16 0)
(1.492537313 -1.02476072e-16 0)
(1.492537313 -1.32520433e-16 0)
(1.492537313 -6.197236026e-16 0)
(1.492537313 -6.44689586e-16 0)
(1.492537313 -2.188789228e-16 0)
(1.492537313 -1.366293037e-16 0)
(1.492537313 -6.668224578e-17 0)
(1.492537313 3.181667668e-16 0)
(1.492537313 1.737370361e-16 0)
(1.492537313 -1.102621954e-16 0)
(1.492537313 -2.933771928e-16 0)
(1.492537313 -4.677644614e-17 0)
(1.492537313 1.746097233e-16 0)
(1.492537313 -4.952060754e-17 0)
(1.492537313 -1.182986229e-16 0)
(1.492537313 3.224222999e-17 0)
(1.492537313 1.642441113e-16 0)
(1.492537313 2.744721483e-16 0)
(1.492537313 5.527829521e-16 0)
(1.492537313 4.038038709e-16 0)
(1.492537313 -1.932570666e-16 0)
(1.492537313 -1.625158156e-16 0)
(1.492537313 -3.61892825e-16 0)
(1.492537313 -5.013528089e-16 0)
(1.492537313 -3.447233276e-16 0)
(1.492537313 -3.396661623e-16 0)
(1.492537313 -3.177884317e-16 0)
(1.492537313 -5.070922681e-16 0)
(1.492537313 -9.641298825e-17 0)
(1.492537313 4.190037748e-16 0)
(1.492537313 1.88187923e-16 0)
(1.492537313 3.046315847e-16 0)
(1.492537313 4.441489536e-16 0)
(1.492537313 6.211481804e-16 0)
(1.492537313 4.422771332e-16 0)
(1.492537313 -1.682177485e-16 0)
(1.492537313 -1.149684116e-16 0)
(1.492537313 -8.626537635e-17 0)
(1.492537313 -2.825748756e-16 0)
(1.492537313 -4.743187049e-16 0)
(1.492537313 -6.132756423e-16 0)
(1.492537313 -2.96841489e-16 0)
(1.492537313 3.004024921e-17 0)
(1.492537313 1.379357104e-16 0)
(1.492537313 2.017332102e-16 0)
(1.492537313 2.070350041e-16 0)
(1.492537313 1.964594393e-17 0)
(1.492537313 -1.979204216e-16 0)
(1.492537313 -2.300849172e-16 0)
(1.492537313 -2.39525835e-16 0)
(1.492537313 -9.599676002e-17 0)
(1.462686567 2.382095062e-17 0)
(1.462686567 1.486859703e-16 0)
(1.462686567 2.822055658e-16 0)
(1.462686567 2.138496165e-16 0)
(1.462686567 3.559188396e-16 0)
(1.462686567 3.711764362e-16 0)
(1.462686567 3.196285894e-16 0)
(1.462686567 1.82286974e-16 0)
(1.462686567 2.285317254e-17 0)
(1.462686567 1.28086801e-16 0)
(1.462686567 2.128609579e-16 0)
(1.462686567 2.252851641e-16 0)
(1.462686567 1.663908522e-16 0)
(1.462686567 -7.4964856e-17 0)
(1.462686567 -5.551282044e-17 0)
(1.462686567 -2.505335588e-16 0)
(1.462686567 -1.959253716e-16 0)
(1.462686567 -1.552441277e-16 0)
(1.462686567 -1.691432435e-16 0)
(1.462686567 1.658078648e-18 0)
(1.462686567 1.676293615e-17 0)
(1.462686567 -1.10640656e-17 0)
(1.462686567 4.118782638e-17 0)
(1.462686567 -3.53952343e-17 0)
(1.462686567 -1.847534669e-17 0)
(1.462686567 -1.543484753e-16 0)
(1.462686567 -3.686218264e-16 0)
(1.462686567 -1.311518235e-16 0)
(1.462686567 3.529756607e-17 0)
(1.462686567 -2.055389299e-16 0)
(1.462686567 -2.890535866e-16 0)
(1.462686567 -4.878964609e-16 0)
(1.462686567 -3.492702657e-16 0)
(1.462686567 -7.244840212e-17 0)
(1.462686567 8.696939842e-17 0)
(1.462686567 1.637770674e-17 0)
(1.462686567 1.052241098e-16 0)
(1.462686567 -4.910708028e-17 0)
(1.462686567 -2.061689374e-16 0)
(1.462686567 -3.565230675e-16 0)
(1.462686567 -9.696228329e-17 0)
(1.462686567 3.628012218e-17 0)
(1.462686567 -4.547182745e-16 0)
(1.462686567 -5.166322075e-16 0)
(1.462686567 -2.697855897e-16 0)
(1.462686567 -1.89274034e-16 0)
(1.462686567 4.622153556e-17 0)
(1.462686567 3.846010255e-16 0)
(1.462686567 3.532324726e-16 0)
(1.462686567 5.581820937e-17 0)
(1.462686567 1.388662436e-16 0)
(1.462686567 2.017915819e-16 0)
(1.462686567 2.36171823e-16 0)
(1.462686567 3.196341827e-16 0)
(1.462686567 3.990652024e-16 0)
(1.462686567 6.238127099e-16 0)
(1.462686567 4.491161138e-16 0)
(1.462686567 -1.457296394e-17 0)
(1.462686567 -1.178225035e-16 0)
(1.462686567 2.802016065e-17 0)
(1.462686567 -5.633843913e-17 0)
(1.462686567 -9.788138718e-17 0)
(1.462686567 1.300199892e-16 0)
(1.462686567 1.149738899e-16 0)
(1.462686567 4.902583096e-17 0)
(1.462686567 1.045024309e-16 0)
(1.462686567 -3.762982863e-17 0)
(1.462686567 4.237684619e-17 0)
(1.462686567 -9.037137763e-17 0)
(1.462686567 -7.817408491e-17 0)
(1.462686567 3.468312474e-16 0)
(1.462686567 3.81733565e-16 0)
(1.462686567 -9.521561368e-17 0)
(1.462686567 3.669783642e-17 0)
(1.462686567 9.373096154e-17 0)
(1.462686567 -7.947428837e-17 0)
(1.462686567 -1.587784931e-16 0)
(1.462686567 1.834446758e-16 0)
(1.462686567 2.03417277e-16 0)
(1.462686567 -1.667918681e-16 0)
(1.462686567 -2.268466333e-16 0)
(1.462686567 -9.608624693e-17 0)
(1.462686567 -7.783493009e-17 0)
(1.462686567 1.902920342e-17 0)
(1.462686567 6.257795576e-17 0)
(1.462686567 -2.367754214e-16 0)
(1.462686567 -3.420447556e-16 0)
(1.462686567 -1.322551369e-16 0)
(1.462686567 1.543718579e-16 0)
(1.462686567 1.548284005e-16 0)
(1.462686567 -3.929922282e-17 0)
(1.462686567 -1.409332396e-16 0)
(1.462686567 -1.429245369e-16 0)
(1.462686567 -4.0519515e-17 0)
(1.462686567 -2.047329844e-16 0)
(1.462686567 -3.469969731e-16 0)
(1.462686567 -3.729893111e-16 0)
(1.462686567 -3.26153524e-16 0)
(1.462686567 -1.681759026e-16 0)
(1.462686567 3.712757664e-17 0)
(1.462686567 -9.013077258e-17 0)
(1.462686567 -1.63166319e-16 0)
(1.462686567 1.230712551e-16 0)
(1.462686567 7.082131879e-17 0)
(1.462686567 -2.89166194e-16 0)
(1.462686567 -2.693854276e-16 0)
(1.462686567 1.794325405e-16 0)
(1.462686567 2.414741923e-16 0)
(1.462686567 -2.175908682e-16 0)
(1.462686567 -1.944471046e-16 0)
(1.462686567 2.518604305e-16 0)
(1.462686567 6.619997897e-16 0)
(1.462686567 4.68088197e-16 0)
(1.462686567 6.25684575e-17 0)
(1.462686567 1.401114718e-16 0)
(1.462686567 3.496331539e-16 0)
(1.462686567 1.49049003e-16 0)
(1.462686567 -1.084244672e-16 0)
(1.462686567 1.721234839e-16 0)
(1.462686567 3.485966999e-16 0)
(1.462686567 1.43464936e-16 0)
(1.462686567 7.428442919e-17 0)
(1.462686567 -1.853222308e-16 0)
(1.462686567 -2.649265798e-16 0)
(1.462686567 -2.438979287e-16 0)
(1.462686567 -2.930604211e-16 0)
(1.462686567 -2.427219916e-16 0)
(1.462686567 -2.020675167e-16 0)
(1.462686567 -6.904722934e-17 0)
(1.462686567 -5.592662445e-17 0)
(1.462686567 9.570198136e-17 0)
(1.462686567 1.408318755e-16 0)
(1.462686567 -1.790228613e-16 0)
(1.462686567 -3.016321145e-16 0)
(1.462686567 -5.897206277e-16 0)
(1.462686567 -2.520850058e-16 0)
(1.462686567 1.211047777e-17 0)
(1.462686567 1.088772352e-17 0)
(1.462686567 5.047238311e-17 0)
(1.462686567 -7.647365435e-17 0)
(1.462686567 1.142918059e-16 0)
(1.462686567 7.632327434e-16 0)
(1.462686567 9.532005208e-16 0)
(1.462686567 3.203426711e-16 0)
(1.462686567 1.548739614e-16 0)
(1.462686567 4.447532228e-16 0)
(1.462686567 3.480868777e-16 0)
(1.462686567 3.15639145e-16 0)
(1.462686567 3.065751652e-16 0)
(1.462686567 1.319696817e-16 0)
(1.462686567 5.6231834e-17 0)
(1.462686567 -6.94184449e-16 0)
(1.462686567 -7.19742532e-16 0)
(1.462686567 -7.227484041e-17 0)
(1.462686567 -2.671131546e-16 0)
(1.462686567 -2.045000356e-16 0)
(1.462686567 3.471755017e-16 0)
(1.462686567 2.255826056e-16 0)
(1.462686567 -1.364246962e-16 0)
(1.462686567 -3.808930873e-16 0)
(1.462686567 -8.099178018e-17 0)
(1.462686567 3.676388393e-17 0)
(1.462686567 -3.268644465e-17 0)
(1.462686567 6.859248483e-17 0)
(1.462686567 6.655106412e-17 0)
(1.462686567 1.417950297e-16 0)
(1.462686567 2.416552843e-16 0)
(1.462686567 5.222928047e-16 0)
(1.462686567 2.806981647e-16 0)
(1.462686567 -1.102767041e-16 0)
(1.462686567 2.581866565e-17 0)
(1.462686567 -5.526458288e-16 0)
(1.462686567 -6.768297659e-16 0)
(1.462686567 -3.641644461e-16 0)
(1.462686567 -4.498150436e-16 0)
(1.462686567 -1.239482784e-16 0)
(1.462686567 -6.208410938e-16 0)
(1.462686567 -1.429723845e-16 0)
(1.462686567 5.568535374e-16 0)
(1.462686567 1.627989235e-17 0)
(1.462686567 2.518378402e-16 0)
(1.462686567 6.896013979e-16 0)
(1.462686567 6.438226697e-16 0)
(1.462686567 4.8254982e-16 0)
(1.462686567 -3.552105466e-16 0)
(1.462686567 -1.555030275e-16 0)
(1.462686567 1.674817403e-16 0)
(1.462686567 -2.967950741e-16 0)
(1.462686567 -6.450691452e-16 0)
(1.462686567 -5.111965075e-16 0)
(1.462686567 -1.281679541e-16 0)
(1.462686567 1.575149516e-16 0)
(1.462686567 1.646243354e-16 0)
(1.462686567 2.310034611e-17 0)
(1.462686567 1.889331395e-16 0)
(1.462686567 5.214318728e-17 0)
(1.462686567 -2.644860176e-16 0)
(1.462686567 -1.799566073e-16 0)
(1.462686567 -1.165109877e-16 0)
(1.462686567 -7.168686478e-17 0)
(1.402985075 1.552838808e-17 0)
(1.402985075 5.493280209e-17 0)
(1.402985075 1.528225365e-16 0)
(1.402985075 5.988048258e-17 0)
(1.402985075 2.096642728e-16 0)
(1.402985075 3.044944258e-16 0)
(1.402985075 2.340402043e-16 0)
(1.402985075 1.084287182e-16 0)
(1.402985075 -8.540820502e-18 0)
(1.402985075 1.441935057e-16 0)
(1.402985075 2.379359457e-16 0)
(1.402985075 1.35955418e-16 0)
(1.402985075 5.746775424e-17 0)
(1.402985075 2.828697036e-17 0)
(1.402985075 1.466195145e-16 0)
(1.402985075 -2.215133846e-16 0)
(1.402985075 -2.131058484e-16 0)
(1.402985075 -1.815925466e-16 0)
(1.402985075 -2.468700168e-16 0)
(1.402985075 -2.672975133e-17 0)
(1.402985075 4.904728253e-17 0)
(1.402985075 4.589343899e-17 0)
(1.402985075 9.727024317e-17 0)
(1.402985075 7.522997713e-17 0)
(1.402985075 -1.790731574e-17 0)
(1.402985075 -1.739685335e-16 0)
(1.402985075 -3.558932469e-16 0)
(1.402985075 -2.56616676e-16 0)
(1.402985075 3.035212655e-17 0)
(1.402985075 -7.2121942e-17 0)
(1.402985075 -1.823483751e-16 0)
(1.402985075 -4.264498547e-16 0)
(1.402985075 -3.441306776e-16 0)
(1.402985075 5.101897516e-17 0)
(1.402985075 1.673849965e-16 0)
(1.402985075 -6.605103243e-17 0)
(1.402985075 1.303885811e-16 0)
(1.402985075 -6.785416647e-17 0)
(1.402985075 -2.436898066e-16 0)
(1.402985075 -1.783796893e-16 0)
(1.402985075 -1.383652011e-16 0)
(1.402985075 1.233248895e-16 0)
(1.402985075 -2.484307489e-16 0)
(1.402985075 -5.668615177e-16 0)
(1.402985075 -3.480123398e-16 0)
(1.402985075 -2.167555127e-16 0)
(1.402985075 9.654447644e-17 0)
(1.402985075 4.012788312e-16 0)
(1.402985075 4.139441798e-16 0)
(1.402985075 1.450864001e-16 0)
(1.402985075 1.23867119e-16 0)
(1.402985075 1.407920202e-16 0)
(1.402985075 1.255476895e-16 0)
(1.402985075 1.781023449e-16 0)
(1.402985075 2.562527747e-16 0)
(1.402985075 6.092968255e-16 0)
(1.402985075 4.658196425e-16 0)
(1.402985075 1.685899717e-17 0)
(1.402985075 -5.057909532e-17 0)
(1.402985075 1.55466752e-16 0)
(1.402985075 -2.229385398e-17 0)
(1.402985075 -1.415690476e-16 0)
(1.402985075 1.075017272e-16 0)
(1.402985075 1.458231642e-16 0)
(1.402985075 6.267644082e-17 0)
(1.402985075 9.800132375e-17 0)
(1.402985075 -8.775842373e-17 0)
(1.402985075 -1.538157944e-17 0)
(1.402985075 1.203951557e-17 0)
(1.402985075 -1.200542599e-16 0)
(1.402985075 3.890825543e-16 0)
(1.402985075 2.36150045e-16 0)
(1.402985075 -1.577321239e-16 0)
(1.402985075 1.673806178e-16 0)
(1.402985075 2.335651814e-16 0)
(1.402985075 -1.341709089e-16 0)
(1.402985075 -3.383831846e-16 0)
(1.402985075 2.248197553e-16 0)
(1.402985075 2.531623232e-16 0)
(1.402985075 -2.366788547e-16 0)
(1.402985075 -2.459606722e-16 0)
(1.402985075 -1.893793808e-16 0)
(1.402985075 -1.66404634e-16 0)
(1.402985075 3.551504551e-17 0)
(1.402985075 2.38995425e-16 0)
(1.402985075 -9.397076233e-17 0)
(1.402985075 -3.577932288e-16 0)
(1.402985075 -2.460756154e-16 0)
(1.402985075 1.455074133e-16 0)
(1.402985075 1.725593865e-16 0)
(1.402985075 -1.15254541e-16 0)
(1.402985075 -8.823825295e-17 0)
(1.402985075 2.631258748e-18 0)
(1.402985075 5.148757951e-17 0)
(1.402985075 -2.79269525e-16 0)
(1.402985075 -9.948642756e-17 0)
(1.402985075 -3.760804279e-16 0)
(1.402985075 -5.680110887e-16 0)
(1.402985075 -1.068369936e-16 0)
(1.402985075 1.030662999e-16 0)
(1.402985075 -2.612972743e-16 0)
(1.402985075 -3.95792423e-16 0)
(1.402985075 1.463112048e-16 0)
(1.402985075 2.272506003e-16 0)
(1.402985075 -2.519175226e-16 0)
(1.402985075 -3.048783285e-16 0)
(1.402985075 2.704573633e-16 0)
(1.402985075 3.987878704e-16 0)
(1.402985075 -3.71086272e-16 0)
(1.402985075 -3.672111098e-16 0)
(1.402985075 1.539111701e-16 0)
(1.402985075 7.473008064e-16 0)
(1.402985075 5.318946177e-16 0)
(1.402985075 7.019434007e-17 0)
(1.402985075 3.519967304e-17 0)
(1.402985075 2.2601655e-16 0)
(1.402985075 2.261660309e-16 0)
(1.402985075 1.89099032e-17 0)
(1.402985075 7.471983866e-17 0)
(1.402985075 3.403730196e-16 0)
(1.402985075 2.236510063e-16 0)
(1.402985075 -1.890476572e-16 0)
(1.402985075 -3.894435895e-16 0)
(1.402985075 -3.135289827e-17 0)
(1.402985075 -2.754265883e-17 0)
(1.402985075 -1.622352413e-16 0)
(1.402985075 -2.524248475e-16 0)
(1.402985075 -4.427584887e-16 0)
(1.402985075 -1.939777423e-16 0)
(1.402985075 -5.24906864e-17 0)
(1.402985075 7.692227288e-17 0)
(1.402985075 2.315352822e-16 0)
(1.402985075 -1.328132256e-16 0)
(1.402985075 -8.489546145e-17 0)
(1.402985075 -7.130174918e-16 0)
(1.402985075 -2.06191487e-16 0)
(1.402985075 2.183010959e-16 0)
(1.402985075 1.125589812e-16 0)
(1.402985075 -2.752387707e-16 0)
(1.402985075 -4.522931446e-16 0)
(1.402985075 2.499410601e-16 0)
(1.402985075 9.66361963e-16 0)
(1.402985075 9.7748428e-16 0)
(1.402985075 -3.269632919e-17 0)
(1.402985075 -4.080765796e-17 0)
(1.402985075 7.108814483e-16 0)
(1.402985075 3.803309952e-16 0)
(1.402985075 2.396672725e-16 0)
(1.402985075 4.250112026e-16 0)
(1.402985075 4.267481559e-16 0)
(1.402985075 2.586634239e-16 0)
(1.402985075 -8.92453236e-16 0)
(1.402985075 -7.360501124e-16 0)
(1.402985075 2.441111175e-16 0)
(1.402985075 -3.78729255e-16 0)
(1.402985075 -2.692582968e-16 0)
(1.402985075 2.820233034e-16 0)
(1.402985075 1.413165859e-16 0)
(1.402985075 -1.450347481e-16 0)
(1.402985075 -5.62756002e-16 0)
(1.402985075 -6.305603113e-17 0)
(1.402985075 1.378999089e-17 0)
(1.402985075 6.62391369e-17 0)
(1.402985075 1.007790145e-16 0)
(1.402985075 -1.584973968e-17 0)
(1.402985075 9.63412708e-17 0)
(1.402985075 2.666027881e-16 0)
(1.402985075 6.135584922e-16 0)
(1.402985075 4.074538734e-17 0)
(1.402985075 -4.266441552e-17 0)
(1.402985075 3.146889451e-16 0)
(1.402985075 -8.601505596e-16 0)
(1.402985075 -8.409212569e-16 0)
(1.402985075 -1.8648248e-16 0)
(1.402985075 -3.721358305e-16 0)
(1.402985075 3.051210548e-17 0)
(1.402985075 -9.630909528e-16 0)
(1.402985075 -2.247028967e-16 0)
(1.402985075 9.988644488e-16 0)
(1.402985075 -1.571707814e-16 0)
(1.402985075 1.109237732e-16 0)
(1.402985075 9.538759158e-16 0)
(1.402985075 6.121741746e-16 0)
(1.402985075 5.017884144e-16 0)
(1.402985075 -5.676671952e-16 0)
(1.402985075 -2.40179506e-16 0)
(1.402985075 4.779842281e-16 0)
(1.402985075 -1.185910722e-16 0)
(1.402985075 -8.87162479e-16 0)
(1.402985075 -5.674339007e-16 0)
(1.402985075 1.440558157e-16 0)
(1.402985075 3.698998869e-16 0)
(1.402985075 2.342596175e-16 0)
(1.402985075 -2.501017796e-16 0)
(1.402985075 5.649525604e-18 0)
(1.402985075 -7.898099464e-17 0)
(1.402985075 -1.153329667e-16 0)
(1.402985075 1.239325008e-16 0)
(1.402985075 -1.024546656e-17 0)
(1.402985075 -6.068008548e-17 0)
(1.313432836 -7.319006576e-17 0)
(1.313432836 -9.663440941e-18 0)
(1.313432836 3.870440789e-19 0)
(1.313432836 -6.725667404e-17 0)
(1.313432836 1.951656406e-16 0)
(1.313432836 2.08460599e-16 0)
(1.313432836 1.312246666e-16 0)
(1.313432836 5.370422266e-17 0)
(1.313432836 -1.968196661e-18 0)
(1.313432836 1.301873779e-16 0)
(1.313432836 2.376634742e-16 0)
(1.313432836 2.184287889e-16 0)
(1.313432836 1.643530051e-18 0)
(1.313432836 1.413909284e-16 0)
(1.313432836 1.882813233e-16 0)
(1.313432836 -1.947844252e-16 0)
(1.313432836 -1.644423658e-16 0)
(1.313432836 -1.779045174e-16 0)
(1.313432836 -3.481603346e-16 0)
(1.313432836 -1.219769914e-16 0)
(1.313432836 8.456123305e-17 0)
(1.313432836 1.408599053e-16 0)
(1.313432836 2.006778114e-16 0)
(1.313432836 1.356562929e-16 0)
(1.313432836 -1.307889922e-16 0)
(1.313432836 -2.635654461e-16 0)
(1.313432836 -3.680119789e-16 0)
(1.313432836 -3.173447097e-16 0)
(1.313432836 6.036338854e-17 0)
(1.313432836 -2.901182136e-18 0)
(1.313432836 -1.965637264e-16 0)
(1.313432836 -2.54793401e-16 0)
(1.313432836 -2.058079454e-16 0)
(1.313432836 3.837285919e-17 0)
(1.313432836 2.065714546e-16 0)
(1.313432836 2.272672602e-17 0)
(1.313432836 7.56962397e-17 0)
(1.313432836 -1.308153808e-16 0)
(1.313432836 -1.519451984e-16 0)
(1.313432836 -1.107958389e-17 0)
(1.313432836 -3.092130578e-16 0)
(1.313432836 1.791887304e-16 0)
(1.313432836 -1.200312324e-16 0)
(1.313432836 -5.163759282e-16 0)
(1.313432836 -3.653219588e-16 0)
(1.313432836 -1.578790545e-16 0)
(1.313432836 7.548913876e-17 0)
(1.313432836 2.803195194e-16 0)
(1.313432836 3.60101224e-16 0)
(1.313432836 1.889180625e-16 0)
(1.313432836 1.073234321e-16 0)
(1.313432836 1.403272846e-16 0)
(1.313432836 1.148011025e-16 0)
(1.313432836 4.674806114e-17 0)
(1.313432836 1.138074082e-16 0)
(1.313432836 4.854677165e-16 0)
(1.313432836 4.442183479e-16 0)
(1.313432836 9.940248284e-17 0)
(1.313432836 4.12674714e-17 0)
(1.313432836 1.705981155e-16 0)
(1.313432836 2.313697906e-17 0)
(1.313432836 -1.42968811e-16 0)
(1.313432836 1.206947864e-16 0)
(1.313432836 3.783053218e-17 0)
(1.313432836 4.516699238e-17 0)
(1.313432836 1.562585915e-16 0)
(1.313432836 -1.509441552e-16 0)
(1.313432836 -5.040907392e-17 0)
(1.313432836 4.806360493e-17 0)
(1.313432836 -1.180333948e-16 0)
(1.313432836 4.160200601e-16 0)
(1.313432836 -3.57603371e-18 0)
(1.313432836 -1.460809236e-16 0)
(1.313432836 2.854124789e-16 0)
(1.313432836 3.456169873e-16 0)
(1.313432836 -2.263345477e-16 0)
(1.313432836 -4.897235604e-16 0)
(1.313432836 2.815591598e-16 0)
(1.313432836 3.097549343e-16 0)
(1.313432836 -1.644522013e-16 0)
(1.313432836 -3.098772302e-16 0)
(1.313432836 -2.43341503e-16 0)
(1.313432836 -1.29143936e-16 0)
(1.313432836 3.150489027e-17 0)
(1.313432836 2.735845099e-16 0)
(1.313432836 6.513766113e-17 0)
(1.313432836 -2.881355792e-16 0)
(1.313432836 -4.040015256e-16 0)
(1.313432836 4.25039895e-17 0)
(1.313432836 2.445965384e-16 0)
(1.313432836 -1.512642107e-16 0)
(1.313432836 -1.105504875e-16 0)
(1.313432836 2.108213573e-16 0)
(1.313432836 8.079326657e-17 0)
(1.313432836 -2.927166046e-16 0)
(1.313432836 1.957735032e-16 0)
(1.313432836 -2.872419517e-16 0)
(1.313432836 -8.002504993e-16 0)
(1.313432836 -1.162968721e-16 0)
(1.313432836 2.67453741e-16 0)
(1.313432836 -2.073810757e-16 0)
(1.313432836 -5.179487201e-16 0)
(1.313432836 1.514326033e-16 0)
(1.313432836 3.495419262e-16 0)
(1.313432836 -3.1017557e-16 0)
(1.313432836 -3.773891904e-16 0)
(1.313432836 3.282720235e-16 0)
(1.313432836 5.483517586e-16 0)
(1.313432836 -3.927354826e-16 0)
(1.313432836 -4.159624084e-16 0)
(1.313432836 7.755178543e-18 0)
(1.313432836 5.805892343e-16 0)
(1.313432836 5.887851081e-16 0)
(1.313432836 1.106976753e-16 0)
(1.313432836 -4.486378691e-17 0)
(1.313432836 1.692567095e-16 0)
(1.313432836 2.799745972e-16 0)
(1.313432836 7.018684724e-17 0)
(1.313432836 5.920381992e-17 0)
(1.313432836 2.491543056e-16 0)
(1.313432836 1.295266468e-16 0)
(1.313432836 -4.75808658e-16 0)
(1.313432836 -4.987498698e-16 0)
(1.313432836 2.099119177e-16 0)
(1.313432836 1.419243998e-16 0)
(1.313432836 -5.966464394e-17 0)
(1.313432836 -1.735862273e-16 0)
(1.313432836 -5.771744845e-16 0)
(1.313432836 -2.870148893e-16 0)
(1.313432836 -2.428643905e-17 0)
(1.313432836 -4.138948467e-17 0)
(1.313432836 3.070798611e-16 0)
(1.313432836 -2.821962706e-17 0)
(1.313432836 -7.88448859e-17 0)
(1.313432836 -8.428818494e-16 0)
(1.313432836 -3.411321136e-17 0)
(1.313432836 4.493883651e-16 0)
(1.313432836 6.186976836e-17 0)
(1.313432836 -4.471916346e-16 0)
(1.313432836 -7.995370126e-16 0)
(1.313432836 2.230031151e-16 0)
(1.313432836 9.689757006e-16 0)
(1.313432836 8.90997495e-16 0)
(1.313432836 -2.60850103e-16 0)
(1.313432836 -1.113264971e-16 0)
(1.313432836 9.106867636e-16 0)
(1.313432836 3.238361015e-16 0)
(1.313432836 1.86769704e-16 0)
(1.313432836 5.085767387e-16 0)
(1.313432836 6.095890546e-16 0)
(1.313432836 3.9301814e-16 0)
(1.313432836 -1.012037105e-15 0)
(1.313432836 -7.121370334e-16 0)
(1.313432836 2.774660071e-16 0)
(1.313432836 -4.674061657e-16 0)
(1.313432836 -3.074096394e-16 0)
(1.313432836 3.242137903e-16 0)
(1.313432836 4.333420191e-17 0)
(1.313432836 -1.190390311e-16 0)
(1.313432836 -5.837241001e-16 0)
(1.313432836 -1.989526409e-17 0)
(1.313432836 -1.542393189e-17 0)
(1.313432836 1.740899113e-17 0)
(1.313432836 7.816615927e-17 0)
(1.313432836 -1.144599457e-16 0)
(1.313432836 1.516144042e-16 0)
(1.313432836 3.615926166e-16 0)
(1.313432836 7.627591633e-16 0)
(1.313432836 -1.120543489e-16 0)
(1.313432836 -6.122163165e-17 0)
(1.313432836 4.578845778e-16 0)
(1.313432836 -1.058960761e-15 0)
(1.313432836 -8.845968449e-16 0)
(1.313432836 -9.110058752e-17 0)
(1.313432836 -3.48151419e-16 0)
(1.313432836 2.097478596e-17 0)
(1.313432836 -1.108818559e-15 0)
(1.313432836 -2.097202639e-16 0)
(1.313432836 1.299212853e-15 0)
(1.313432836 -2.656809191e-16 0)
(1.313432836 8.473917373e-17 0)
(1.313432836 1.052433474e-15 0)
(1.313432836 5.710966117e-16 0)
(1.313432836 4.318888163e-16 0)
(1.313432836 -7.014870941e-16 0)
(1.313432836 -2.668421986e-16 0)
(1.313432836 8.008722392e-16 0)
(1.313432836 -1.357174718e-16 0)
(1.313432836 -9.811867346e-16 0)
(1.313432836 -5.392311757e-16 0)
(1.313432836 3.528500641e-16 0)
(1.313432836 4.963005795e-16 0)
(1.313432836 2.686117726e-16 0)
(1.313432836 -3.932641493e-16 0)
(1.313432836 -1.624975446e-16 0)
(1.313432836 -2.867778256e-16 0)
(1.313432836 -4.968754148e-17 0)
(1.313432836 3.748291207e-16 0)
(1.313432836 1.206998001e-16 0)
(1.313432836 -2.43335031e-17 0)
(1.194029851 -2.856394716e-16 0)
(1.194029851 -8.413216459e-17 0)
(1.194029851 -1.304096406e-16 0)
(1.194029851 -9.95375965e-17 0)
(1.194029851 1.695394142e-16 0)
(1.194029851 7.417612748e-17 0)
(1.194029851 7.721896132e-17 0)
(1.194029851 1.137687792e-16 0)
(1.194029851 -1.974876557e-18 0)
(1.194029851 2.814794405e-17 0)
(1.194029851 3.062220551e-16 0)
(1.194029851 1.44709689e-16 0)
(1.194029851 -5.619841242e-17 0)
(1.194029851 2.933431273e-16 0)
(1.194029851 2.437673647e-16 0)
(1.194029851 -1.441729382e-16 0)
(1.194029851 -1.082564276e-16 0)
(1.194029851 -1.59190611e-16 0)
(1.194029851 -4.272954656e-16 0)
(1.194029851 -2.057688936e-16 0)
(1.194029851 2.073186449e-17 0)
(1.194029851 1.963384535e-16 0)
(1.194029851 2.968131975e-16 0)
(1.194029851 1.485443696e-16 0)
(1.194029851 -1.525724535e-16 0)
(1.194029851 -3.243669274e-16 0)
(1.194029851 -3.685098307e-16 0)
(1.194029851 -3.078068686e-16 0)
(1.194029851 -6.29699967e-19 0)
(1.194029851 3.725637147e-18 0)
(1.194029851 -2.542836175e-16 0)
(1.194029851 -2.099117235e-16 0)
(1.194029851 -1.519225254e-16 0)
(1.194029851 1.135190538e-16 0)
(1.194029851 2.842715865e-16 0)
(1.194029851 -1.172751588e-17 0)
(1.194029851 5.666037302e-17 0)
(1.194029851 -1.709025324e-16 0)
(1.194029851 -1.126949319e-16 0)
(1.194029851 1.092351116e-16 0)
(1.194029851 -3.112443493e-16 0)
(1.194029851 8.469733331e-17 0)
(1.194029851 1.592569062e-17 0)
(1.194029851 -2.791387035e-16 0)
(1.194029851 -3.361495019e-16 0)
(1.194029851 -1.51913886e-16 0)
(1.194029851 -5.298534184e-18 0)
(1.194029851 8.111262265e-17 0)
(1.194029851 2.673224027e-16 0)
(1.194029851 1.113476894e-17 0)
(1.194029851 1.785916746e-16 0)
(1.194029851 2.666748151e-16 0)
(1.194029851 1.207044901e-16 0)
(1.194029851 -7.430154375e-17 0)
(1.194029851 2.954416244e-17 0)
(1.194029851 4.517042617e-16 0)
(1.194029851 4.072163893e-16 0)
(1.194029851 1.555713354e-16 0)
(1.194029851 -7.261226549e-18 0)
(1.194029851 1.009736127e-16 0)
(1.194029851 8.229338931e-17 0)
(1.194029851 -9.544175124e-17 0)
(1.194029851 7.320837454e-17 0)
(1.194029851 1.923564541e-17 0)
(1.194029851 6.536156031e-17 0)
(1.194029851 1.414171513e-16 0)
(1.194029851 -1.579432168e-16 0)
(1.194029851 -4.389555441e-17 0)
(1.194029851 1.105016156e-16 0)
(1.194029851 -7.459416664e-17 0)
(1.194029851 3.748101812e-16 0)
(1.194029851 -8.987719128e-17 0)
(1.194029851 -1.708030259e-16 0)
(1.194029851 3.086564029e-16 0)
(1.194029851 4.397859373e-16 0)
(1.194029851 -2.384694874e-16 0)
(1.194029851 -6.67738566e-16 0)
(1.194029851 3.965887799e-16 0)
(1.194029851 4.247869352e-16 0)
(1.194029851 -1.871497617e-16 0)
(1.194029851 -3.602804748e-16 0)
(1.194029851 -2.796949993e-16 0)
(1.194029851 -4.364162823e-17 0)
(1.194029851 1.491210347e-16 0)
(1.194029851 3.00793004e-16 0)
(1.194029851 -2.67949289e-17 0)
(1.194029851 -2.836867678e-16 0)
(1.194029851 -4.958447059e-16 0)
(1.194029851 3.706876975e-17 0)
(1.194029851 2.771576488e-16 0)
(1.194029851 -1.410784493e-16 0)
(1.194029851 -1.07598902e-16 0)
(1.194029851 3.631498755e-16 0)
(1.194029851 1.540710656e-16 0)
(1.194029851 -3.324674435e-16 0)
(1.194029851 2.817526262e-16 0)
(1.194029851 -2.046809726e-16 0)
(1.194029851 -7.128413073e-16 0)
(1.194029851 -2.689937681e-17 0)
(1.194029851 1.589916037e-16 0)
(1.194029851 -2.983923221e-16 0)
(1.194029851 -3.674373864e-16 0)
(1.194029851 2.969951545e-16 0)
(1.194029851 3.429070972e-16 0)
(1.194029851 -2.248895547e-16 0)
(1.194029851 -4.436978099e-16 0)
(1.194029851 3.018452738e-16 0)
(1.194029851 4.933905838e-16 0)
(1.194029851 -3.226044925e-16 0)
(1.194029851 -3.822714731e-16 0)
(1.194029851 -5.874796075e-17 0)
(1.194029851 4.84926736e-16 0)
(1.194029851 3.603017341e-16 0)
(1.194029851 1.419880603e-16 0)
(1.194029851 -1.171451568e-16 0)
(1.194029851 1.248395213e-16 0)
(1.194029851 3.127552927e-16 0)
(1.194029851 7.164206501e-17 0)
(1.194029851 4.785130837e-17 0)
(1.194029851 2.482822576e-16 0)
(1.194029851 7.459167576e-17 0)
(1.194029851 -5.259687655e-16 0)
(1.194029851 -4.014284456e-16 0)
(1.194029851 2.266411381e-16 0)
(1.194029851 1.520909477e-16 0)
(1.194029851 -6.794730019e-17 0)
(1.194029851 -9.388175013e-17 0)
(1.194029851 -5.038421652e-16 0)
(1.194029851 -2.801956219e-16 0)
(1.194029851 -1.000380511e-16 0)
(1.194029851 -6.776690737e-17 0)
(1.194029851 3.891782672e-16 0)
(1.194029851 8.170353201e-17 0)
(1.194029851 -2.833538812e-16 0)
(1.194029851 -8.667084349e-16 0)
(1.194029851 1.770309652e-16 0)
(1.194029851 5.845205214e-16 0)
(1.194029851 -3.602454886e-19 0)
(1.194029851 -4.362511526e-16 0)
(1.194029851 -8.888831656e-16 0)
(1.194029851 1.652502269e-16 0)
(1.194029851 9.318500564e-16 0)
(1.194029851 6.473061697e-16 0)
(1.194029851 -4.320369122e-16 0)
(1.194029851 -1.134196308e-16 0)
(1.194029851 9.204083618e-16 0)
(1.194029851 2.018675235e-16 0)
(1.194029851 1.595240991e-16 0)
(1.194029851 4.499744544e-16 0)
(1.194029851 7.725571241e-16 0)
(1.194029851 5.62075983e-16 0)
(1.194029851 -1.177729615e-15 0)
(1.194029851 -7.466159364e-16 0)
(1.194029851 3.434525901e-16 0)
(1.194029851 -4.514697841e-16 0)
(1.194029851 -1.903772541e-16 0)
(1.194029851 3.008772307e-16 0)
(1.194029851 -1.422803989e-16 0)
(1.194029851 -6.129588774e-17 0)
(1.194029851 -3.936716828e-16 0)
(1.194029851 -2.266469676e-17 0)
(1.194029851 -1.30299275e-16 0)
(1.194029851 -4.986416085e-17 0)
(1.194029851 1.567922341e-16 0)
(1.194029851 -1.144984562e-16 0)
(1.194029851 3.106167862e-16 0)
(1.194029851 3.681865357e-16 0)
(1.194029851 6.611063009e-16 0)
(1.194029851 -1.553698262e-16 0)
(1.194029851 -1.928366308e-16 0)
(1.194029851 5.204053825e-16 0)
(1.194029851 -9.130322489e-16 0)
(1.194029851 -8.494318123e-16 0)
(1.194029851 -1.259608058e-16 0)
(1.194029851 -3.92194729e-16 0)
(1.194029851 8.043609672e-17 0)
(1.194029851 -1.122064791e-15 0)
(1.194029851 -1.929968077e-16 0)
(1.194029851 1.381806185e-15 0)
(1.194029851 -2.029291758e-16 0)
(1.194029851 1.336153889e-16 0)
(1.194029851 1.082387769e-15 0)
(1.194029851 3.829393373e-16 0)
(1.194029851 2.940152319e-16 0)
(1.194029851 -6.537696829e-16 0)
(1.194029851 -3.058799038e-16 0)
(1.194029851 8.862094046e-16 0)
(1.194029851 -4.926769494e-17 0)
(1.194029851 -8.727787284e-16 0)
(1.194029851 -7.036982572e-16 0)
(1.194029851 3.291173106e-16 0)
(1.194029851 7.345445434e-16 0)
(1.194029851 3.435093314e-16 0)
(1.194029851 -3.288336988e-16 0)
(1.194029851 -4.705356453e-16 0)
(1.194029851 -3.859899833e-16 0)
(1.194029851 -6.169618684e-18 0)
(1.194029851 3.748106821e-16 0)
(1.194029851 4.243982894e-16 0)
(1.194029851 1.96602119e-16 0)
(1.044776119 -2.27409392e-17 0)
(1.044776119 -1.316181172e-16 0)
(1.044776119 -2.097369933e-17 0)
(1.044776119 -6.711610921e-17 0)
(1.044776119 5.137053991e-17 0)
(1.044776119 -5.514189171e-17 0)
(1.044776119 2.844268875e-17 0)
(1.044776119 1.242497582e-16 0)
(1.044776119 -6.558855198e-17 0)
(1.044776119 3.121063632e-17 0)
(1.044776119 2.995641336e-16 0)
(1.044776119 1.077666126e-16 0)
(1.044776119 7.608410334e-17 0)
(1.044776119 3.443846869e-16 0)
(1.044776119 2.027398987e-16 0)
(1.044776119 -1.988390494e-16 0)
(1.044776119 -1.855377951e-17 0)
(1.044776119 -1.393680598e-16 0)
(1.044776119 -4.668266909e-16 0)
(1.044776119 -2.171240765e-16 0)
(1.044776119 2.588061873e-17 0)
(1.044776119 1.426067345e-16 0)
(1.044776119 2.984544146e-16 0)
(1.044776119 1.467992212e-16 0)
(1.044776119 -9.49801531e-17 0)
(1.044776119 -2.732565556e-16 0)
(1.044776119 -3.617071471e-16 0)
(1.044776119 -1.120631971e-16 0)
(1.044776119 -6.346915295e-17 0)
(1.044776119 -2.345342265e-16 0)
(1.044776119 -2.198548071e-16 0)
(1.044776119 -6.152935338e-17 0)
(1.044776119 -1.064610186e-16 0)
(1.044776119 1.070682651e-16 0)
(1.044776119 3.26741824e-16 0)
(1.044776119 -6.633178852e-17 0)
(1.044776119 8.450364709e-18 0)
(1.044776119 -1.811502926e-16 0)
(1.044776119 -1.382113957e-16 0)
(1.044776119 1.691106285e-16 0)
(1.044776119 -2.13111518e-16 0)
(1.044776119 2.104361869e-17 0)
(1.044776119 2.00068676e-16 0)
(1.044776119 -8.370134672e-17 0)
(1.044776119 -2.601144859e-16 0)
(1.044776119 -1.050058338e-16 0)
(1.044776119 -1.040243145e-16 0)
(1.044776119 -8.447468281e-17 0)
(1.044776119 1.349588278e-16 0)
(1.044776119 3.321350781e-17 0)
(1.044776119 1.369462019e-16 0)
(1.044776119 1.647542749e-16 0)
(1.044776119 1.52039485e-16 0)
(1.044776119 7.174993062e-18 0)
(1.044776119 -7.508252983e-17 0)
(1.044776119 3.925567118e-16 0)
(1.044776119 3.796739753e-16 0)
(1.044776119 6.742249413e-18 0)
(1.044776119 -3.91642165e-17 0)
(1.044776119 2.762371294e-17 0)
(1.044776119 3.70764482e-17 0)
(1.044776119 1.131811458e-16 0)
(1.044776119 1.123252691e-16 0)
(1.044776119 -9.584093477e-17 0)
(1.044776119 5.199872252e-17 0)
(1.044776119 1.328948327e-16 0)
(1.044776119 -1.304710381e-16 0)
(1.044776119 1.578632183e-16 0)
(1.044776119 1.097129464e-16 0)
(1.044776119 -1.809656796e-16 0)
(1.044776119 4.497159084e-16 0)
(1.044776119 -2.053050117e-16 0)
(1.044776119 -3.281058644e-16 0)
(1.044776119 3.614007402e-16 0)
(1.044776119 5.163571299e-16 0)
(1.044776119 -2.925923728e-16 0)
(1.044776119 -7.191894067e-16 0)
(1.044776119 3.687406687e-16 0)
(1.044776119 6.281698732e-16 0)
(1.044776119 -1.033176811e-16 0)
(1.044776119 -2.398701226e-16 0)
(1.044776119 -3.11920966e-16 0)
(1.044776119 -3.368366577e-16 0)
(1.044776119 1.065665322e-16 0)
(1.044776119 5.735137786e-16 0)
(1.044776119 -7.376171943e-17 0)
(1.044776119 -3.432002664e-16 0)
(1.044776119 -3.967001925e-16 0)
(1.044776119 5.518180443e-17 0)
(1.044776119 1.141923999e-16 0)
(1.044776119 -8.633714674e-17 0)
(1.044776119 6.342346886e-17 0)
(1.044776119 5.112773342e-16 0)
(1.044776119 5.422179729e-17 0)
(1.044776119 -3.975405164e-16 0)
(1.044776119 3.887757159e-16 0)
(1.044776119 -2.393320164e-16 0)
(1.044776119 -6.922819786e-16 0)
(1.044776119 -1.40956274e-17 0)
(1.044776119 3.30188035e-16 0)
(1.044776119 -2.612091133e-16 0)
(1.044776119 -6.421149765e-16 0)
(1.044776119 3.575837934e-16 0)
(1.044776119 6.060802954e-16 0)
(1.044776119 -2.153709799e-16 0)
(1.044776119 -5.631000259e-16 0)
(1.044776119 3.238218011e-16 0)
(1.044776119 5.899370804e-16 0)
(1.044776119 -3.198001799e-16 0)
(1.044776119 -4.326401009e-16 0)
(1.044776119 -3.52111959e-16 0)
(1.044776119 4.537944447e-16 0)
(1.044776119 4.986681649e-16 0)
(1.044776119 -6.530045295e-17 0)
(1.044776119 -9.048772678e-17 0)
(1.044776119 6.60264727e-17 0)
(1.044776119 2.631245809e-16 0)
(1.044776119 1.347523258e-16 0)
(1.044776119 -2.030239324e-17 0)
(1.044776119 1.887310671e-16 0)
(1.044776119 1.394560478e-16 0)
(1.044776119 -5.348394356e-16 0)
(1.044776119 -3.810728993e-16 0)
(1.044776119 4.367790574e-16 0)
(1.044776119 2.608650691e-16 0)
(1.044776119 -2.631701542e-16 0)
(1.044776119 -1.70914243e-16 0)
(1.044776119 -4.476586513e-16 0)
(1.044776119 -6.680910887e-17 0)
(1.044776119 -1.18699096e-16 0)
(1.044776119 -1.337920052e-16 0)
(1.044776119 3.198527808e-16 0)
(1.044776119 2.203679416e-17 0)
(1.044776119 -9.599925482e-17 0)
(1.044776119 -9.284664585e-16 0)
(1.044776119 1.899861531e-16 0)
(1.044776119 9.876321943e-16 0)
(1.044776119 1.192362973e-16 0)
(1.044776119 -7.687889392e-16 0)
(1.044776119 -9.545619418e-16 0)
(1.044776119 2.571193429e-16 0)
(1.044776119 8.067607376e-16 0)
(1.044776119 5.441504576e-16 0)
(1.044776119 -7.491994685e-16 0)
(1.044776119 -1.159674396e-16 0)
(1.044776119 1.116095108e-15 0)
(1.044776119 1.371766937e-18 0)
(1.044776119 -1.140971692e-16 0)
(1.044776119 6.584529312e-16 0)
(1.044776119 8.965542387e-16 0)
(1.044776119 2.377443582e-16 0)
(1.044776119 -1.263698534e-15 0)
(1.044776119 -6.081567446e-16 0)
(1.044776119 6.676643804e-16 0)
(1.044776119 -5.692204202e-16 0)
(1.044776119 -3.138704627e-16 0)
(1.044776119 3.831600105e-16 0)
(1.044776119 4.407293293e-17 0)
(1.044776119 -1.820063773e-17 0)
(1.044776119 -5.341848136e-16 0)
(1.044776119 1.870422059e-16 0)
(1.044776119 2.35223825e-17 0)
(1.044776119 -6.520868777e-18 0)
(1.044776119 -3.147632931e-17 0)
(1.044776119 -8.630559766e-17 0)
(1.044776119 -1.289281315e-17 0)
(1.044776119 2.494442098e-16 0)
(1.044776119 9.253836267e-16 0)
(1.044776119 -2.862390475e-16 0)
(1.044776119 2.641576204e-18 0)
(1.044776119 6.600924879e-16 0)
(1.044776119 -1.185441607e-15 0)
(1.044776119 -7.740070869e-16 0)
(1.044776119 2.316619754e-16 0)
(1.044776119 -1.73029628e-16 0)
(1.044776119 7.918188375e-17 0)
(1.044776119 -1.28984395e-15 0)
(1.044776119 -1.669928521e-16 0)
(1.044776119 1.426805401e-15 0)
(1.044776119 -4.770504138e-16 0)
(1.044776119 6.414930137e-17 0)
(1.044776119 1.198537298e-15 0)
(1.044776119 4.733229842e-16 0)
(1.044776119 3.140696834e-16 0)
(1.044776119 -1.082794699e-15 0)
(1.044776119 -2.557693161e-16 0)
(1.044776119 1.214406053e-15 0)
(1.044776119 2.333556429e-17 0)
(1.044776119 -1.187472657e-15 0)
(1.044776119 -5.796532828e-16 0)
(1.044776119 5.397258992e-16 0)
(1.044776119 7.446186514e-16 0)
(1.044776119 2.489598169e-16 0)
(1.044776119 -5.568672543e-16 0)
(1.044776119 -2.097186281e-16 0)
(1.044776119 -2.562907635e-16 0)
(1.044776119 -2.325126802e-16 0)
(1.044776119 4.718887135e-16 0)
(1.044776119 1.904982041e-16 0)
(1.044776119 1.461155362e-16 0)
(0.8656716418 -6.262045306e-17 0)
(0.8656716418 -1.214603338e-16 0)
(0.8656716418 1.212200502e-17 0)
(0.8656716418 -6.774576652e-17 0)
(0.8656716418 -1.099517516e-16 0)
(0.8656716418 -1.947352853e-16 0)
(0.8656716418 4.628400398e-17 0)
(0.8656716418 1.041326447e-16 0)
(0.8656716418 -6.898837745e-17 0)
(0.8656716418 7.916333253e-17 0)
(0.8656716418 1.77490919e-16 0)
(0.8656716418 1.747466719e-16 0)
(0.8656716418 2.388061134e-16 0)
(0.8656716418 2.795532496e-16 0)
(0.8656716418 1.318727939e-16 0)
(0.8656716418 -1.876834605e-16 0)
(0.8656716418 2.545354912e-17 0)
(0.8656716418 -1.389038006e-16 0)
(0.8656716418 -3.888754713e-16 0)
(0.8656716418 -2.165215803e-16 0)
(0.8656716418 9.542071205e-17 0)
(0.8656716418 1.426345556e-16 0)
(0.8656716418 1.707749966e-16 0)
(0.8656716418 1.429804512e-16 0)
(0.8656716418 -9.023988188e-17 0)
(0.8656716418 -2.471927395e-16 0)
(0.8656716418 -2.570633242e-16 0)
(0.8656716418 -7.645875152e-17 0)
(0.8656716418 -1.49882275e-16 0)
(0.8656716418 -2.686078809e-16 0)
(0.8656716418 -1.690070062e-16 0)
(0.8656716418 7.205312197e-17 0)
(0.8656716418 -6.44078089e-18 0)
(0.8656716418 9.732797341e-17 0)
(0.8656716418 2.409523889e-16 0)
(0.8656716418 -1.052128727e-16 0)
(0.8656716418 -4.443130565e-17 0)
(0.8656716418 -1.419990409e-16 0)
(0.8656716418 -8.156792874e-17 0)
(0.8656716418 2.047043169e-16 0)
(0.8656716418 -2.237886317e-16 0)
(0.8656716418 1.008487618e-16 0)
(0.8656716418 2.828023358e-16 0)
(0.8656716418 -8.168479603e-18 0)
(0.8656716418 -2.470290397e-16 0)
(0.8656716418 -1.193804748e-16 0)
(0.8656716418 -8.816034301e-17 0)
(0.8656716418 -6.474233241e-17 0)
(0.8656716418 7.262718947e-17 0)
(0.8656716418 -7.189962183e-17 0)
(0.8656716418 1.724930657e-17 0)
(0.8656716418 1.576893975e-16 0)
(0.8656716418 8.602126887e-17 0)
(0.8656716418 3.600071333e-17 0)
(0.8656716418 -3.825947875e-17 0)
(0.8656716418 3.559663874e-16 0)
(0.8656716418 2.339231522e-16 0)
(0.8656716418 -8.464744024e-17 0)
(0.8656716418 -5.873134176e-17 0)
(0.8656716418 -3.959183954e-18 0)
(0.8656716418 1.093778965e-16 0)
(0.8656716418 2.040936184e-16 0)
(0.8656716418 4.440030816e-17 0)
(0.8656716418 -1.176140754e-16 0)
(0.8656716418 2.781116636e-17 0)
(0.8656716418 1.021981502e-16 0)
(0.8656716418 -5.912235358e-17 0)
(0.8656716418 2.481742965e-16 0)
(0.8656716418 8.470729953e-17 0)
(0.8656716418 -1.961827282e-16 0)
(0.8656716418 3.620331152e-16 0)
(0.8656716418 -2.986140938e-16 0)
(0.8656716418 -3.771656989e-16 0)
(0.8656716418 3.902676738e-16 0)
(0.8656716418 5.317458615e-16 0)
(0.8656716418 -2.799143998e-16 0)
(0.8656716418 -6.418378707e-16 0)
(0.8656716418 3.758916119e-16 0)
(0.8656716418 5.661159165e-16 0)
(0.8656716418 -8.601923685e-17 0)
(0.8656716418 -1.85490929e-16 0)
(0.8656716418 -2.738499122e-16 0)
(0.8656716418 -3.511708857e-16 0)
(0.8656716418 5.481920562e-17 0)
(0.8656716418 5.390628305e-16 0)
(0.8656716418 -5.560559738e-17 0)
(0.8656716418 -3.019155765e-16 0)
(0.8656716418 -2.423459837e-16 0)
(0.8656716418 1.354173581e-16 0)
(0.8656716418 1.08628234e-16 0)
(0.8656716418 -9.888974184e-17 0)
(0.8656716418 9.039779276e-17 0)
(0.8656716418 4.131474537e-16 0)
(0.8656716418 5.399467473e-18 0)
(0.8656716418 -4.529627841e-16 0)
(0.8656716418 2.860319913e-16 0)
(0.8656716418 -1.497614451e-16 0)
(0.8656716418 -5.726488103e-16 0)
(0.8656716418 8.98794777e-17 0)
(0.8656716418 3.607040513e-16 0)
(0.8656716418 -3.136111885e-16 0)
(0.8656716418 -6.511125007e-16 0)
(0.8656716418 4.472816794e-16 0)
(0.8656716418 7.15786091e-16 0)
(0.8656716418 -1.972458237e-16 0)
(0.8656716418 -5.867565865e-16 0)
(0.8656716418 2.715924775e-16 0)
(0.8656716418 5.345370166e-16 0)
(0.8656716418 -3.275289336e-16 0)
(0.8656716418 -4.075280564e-16 0)
(0.8656716418 -3.43435214e-16 0)
(0.8656716418 3.984651782e-16 0)
(0.8656716418 4.506751786e-16 0)
(0.8656716418 -1.475003233e-16 0)
(0.8656716418 -1.334474314e-16 0)
(0.8656716418 -1.082069056e-17 0)
(0.8656716418 2.631645507e-16 0)
(0.8656716418 1.02903205e-16 0)
(0.8656716418 -1.253647058e-16 0)
(0.8656716418 1.350832497e-16 0)
(0.8656716418 2.489197927e-16 0)
(0.8656716418 -4.114324895e-16 0)
(0.8656716418 -3.647823823e-16 0)
(0.8656716418 4.381909646e-16 0)
(0.8656716418 1.951047864e-16 0)
(0.8656716418 -2.956334238e-16 0)
(0.8656716418 -1.232049379e-16 0)
(0.8656716418 -3.000337067e-16 0)
(0.8656716418 1.16063098e-16 0)
(0.8656716418 -1.712475962e-16 0)
(0.8656716418 -2.204293259e-16 0)
(0.8656716418 2.657961026e-16 0)
(0.8656716418 2.970213068e-17 0)
(0.8656716418 -2.856224343e-18 0)
(0.8656716418 -9.035704377e-16 0)
(0.8656716418 1.308440583e-16 0)
(0.8656716418 1.082966481e-15 0)
(0.8656716418 2.12203635e-16 0)
(0.8656716418 -8.010744108e-16 0)
(0.8656716418 -9.398528487e-16 0)
(0.8656716418 2.922514121e-16 0)
(0.8656716418 7.554989201e-16 0)
(0.8656716418 3.478647903e-16 0)
(0.8656716418 -9.073414717e-16 0)
(0.8656716418 -7.576580192e-17 0)
(0.8656716418 1.076198174e-15 0)
(0.8656716418 -1.701220333e-16 0)
(0.8656716418 -2.744205871e-16 0)
(0.8656716418 6.368998585e-16 0)
(0.8656716418 8.494816196e-16 0)
(0.8656716418 1.424983794e-16 0)
(0.8656716418 -1.358153944e-15 0)
(0.8656716418 -4.785145614e-16 0)
(0.8656716418 8.952042437e-16 0)
(0.8656716418 -5.133428461e-16 0)
(0.8656716418 -3.49226121e-16 0)
(0.8656716418 4.202206072e-16 0)
(0.8656716418 1.049347849e-16 0)
(0.8656716418 9.161044176e-17 0)
(0.8656716418 -5.252521593e-16 0)
(0.8656716418 2.458060634e-16 0)
(0.8656716418 4.980866862e-17 0)
(0.8656716418 3.500490739e-17 0)
(0.8656716418 -7.776422266e-17 0)
(0.8656716418 -1.846409196e-16 0)
(0.8656716418 -6.083023216e-17 0)
(0.8656716418 2.476123935e-16 0)
(0.8656716418 8.4460433e-16 0)
(0.8656716418 -2.886712401e-16 0)
(0.8656716418 -1.136711241e-17 0)
(0.8656716418 5.97819511e-16 0)
(0.8656716418 -1.068360571e-15 0)
(0.8656716418 -5.780478664e-16 0)
(0.8656716418 4.057918387e-16 0)
(0.8656716418 -6.95314204e-17 0)
(0.8656716418 7.860060073e-17 0)
(0.8656716418 -1.317615666e-15 0)
(0.8656716418 -1.859348434e-16 0)
(0.8656716418 1.415183051e-15 0)
(0.8656716418 -5.725741522e-16 0)
(0.8656716418 -7.714656528e-18 0)
(0.8656716418 1.158137212e-15 0)
(0.8656716418 4.354998688e-16 0)
(0.8656716418 1.566394057e-16 0)
(0.8656716418 -1.184006943e-15 0)
(0.8656716418 -1.013386403e-16 0)
(0.8656716418 1.312123378e-15 0)
(0.8656716418 5.035095626e-17 0)
(0.8656716418 -1.134586582e-15 0)
(0.8656716418 -5.864038357e-16 0)
(0.8656716418 5.459274843e-16 0)
(0.8656716418 7.056778552e-16 0)
(0.8656716418 1.82790199e-16 0)
(0.8656716418 -5.538204435e-16 0)
(0.8656716418 -6.878690494e-17 0)
(0.8656716418 -1.739218623e-16 0)
(0.8656716418 -2.727864491e-16 0)
(0.8656716418 3.716031987e-16 0)
(0.8656716418 2.181175135e-16 0)
(0.8656716418 1.586377603e-16 0)
(0.6567164179 -5.877351589e-17 0)
(0.6567164179 -1.497322881e-16 0)
(0.6567164179 -1.021008974e-17 0)
(0.6567164179 5.110764033e-18 0)
(0.6567164179 -2.035149405e-16 0)
(0.6567164179 -3.286986857e-16 0)
(0.6567164179 1.091563185e-16 0)
(0.6567164179 2.268433593e-16 0)
(0.6567164179 -1.394240791e-16 0)
(0.6567164179 6.200085885e-17 0)
(0.6567164179 2.005237679e-16 0)
(0.6567164179 2.714227194e-17 0)
(0.6567164179 1.00177156e-16 0)
(0.6567164179 2.970135688e-16 0)
(0.6567164179 2.285837337e-17 0)
(0.6567164179 -1.523317358e-16 0)
(0.6567164179 1.39998344e-16 0)
(0.6567164179 -1.747647568e-16 0)
(0.6567164179 -4.000917303e-16 0)
(0.6567164179 -8.692827569e-17 0)
(0.6567164179 1.525230027e-16 0)
(0.6567164179 7.162324895e-17 0)
(0.6567164179 1.973948927e-16 0)
(0.6567164179 1.739528386e-16 0)
(0.6567164179 -2.06347304e-16 0)
(0.6567164179 -3.073334522e-16 0)
(0.6567164179 -1.540228049e-16 0)
(0.6567164179 2.147372077e-17 0)
(0.6567164179 -1.648645764e-16 0)
(0.6567164179 -2.663670171e-16 0)
(0.6567164179 -1.522261498e-16 0)
(0.6567164179 8.818611558e-17 0)
(0.6567164179 1.703713833e-16 0)
(0.6567164179 1.766271178e-16 0)
(0.6567164179 1.231334399e-16 0)
(0.6567164179 -2.072933779e-16 0)
(0.6567164179 -7.504268629e-17 0)
(0.6567164179 -1.229854004e-16 0)
(0.6567164179 7.022966883e-17 0)
(0.6567164179 3.185482749e-16 0)
(0.6567164179 -2.764515448e-16 0)
(0.6567164179 1.917345383e-17 0)
(0.6567164179 1.840905171e-16 0)
(0.6567164179 -3.947199255e-17 0)
(0.6567164179 -1.392848323e-16 0)
(0.6567164179 5.676414472e-17 0)
(0.6567164179 -1.391325854e-18 0)
(0.6567164179 -1.685361186e-16 0)
(0.6567164179 8.358311144e-17 0)
(0.6567164179 -2.330785532e-16 0)
(0.6567164179 -5.880500029e-17 0)
(0.6567164179 2.290488976e-16 0)
(0.6567164179 1.740471764e-18 0)
(0.6567164179 -1.371317223e-17 0)
(0.6567164179 8.105405792e-17 0)
(0.6567164179 3.837342421e-16 0)
(0.6567164179 -4.688541709e-18 0)
(0.6567164179 -1.445430443e-16 0)
(0.6567164179 -5.72261615e-18 0)
(0.6567164179 -5.972771381e-18 0)
(0.6567164179 1.239091345e-16 0)
(0.6567164179 4.409143238e-17 0)
(0.6567164179 -3.182854519e-17 0)
(0.6567164179 -3.950315056e-17 0)
(0.6567164179 3.386331666e-17 0)
(0.6567164179 1.50902593e-16 0)
(0.6567164179 2.860437025e-17 0)
(0.6567164179 2.246367629e-16 0)
(0.6567164179 9.046812472e-17 0)
(0.6567164179 -2.453983771e-16 0)
(0.6567164179 1.456658267e-16 0)
(0.6567164179 -3.005592643e-16 0)
(0.6567164179 -2.369621598e-16 0)
(0.6567164179 3.121473488e-16 0)
(0.6567164179 4.236298861e-16 0)
(0.6567164179 -2.161720745e-16 0)
(0.6567164179 -5.592946806e-16 0)
(0.6567164179 4.249425734e-16 0)
(0.6567164179 3.609864877e-16 0)
(0.6567164179 -4.762976632e-17 0)
(0.6567164179 -2.74595558e-17 0)
(0.6567164179 -2.56327268e-16 0)
(0.6567164179 -1.93589381e-16 0)
(0.6567164179 5.851497771e-17 0)
(0.6567164179 2.119019646e-16 0)
(0.6567164179 8.460937372e-18 0)
(0.6567164179 -1.947709673e-16 0)
(0.6567164179 -2.753332101e-16 0)
(0.6567164179 3.144584245e-16 0)
(0.6567164179 2.803490756e-16 0)
(0.6567164179 -1.925200923e-16 0)
(0.6567164179 -7.584486339e-17 0)
(0.6567164179 3.074411946e-16 0)
(0.6567164179 7.213333931e-17 0)
(0.6567164179 -4.520455669e-16 0)
(0.6567164179 9.772311416e-17 0)
(0.6567164179 -4.88671946e-17 0)
(0.6567164179 -3.32490902e-16 0)
(0.6567164179 2.349809801e-16 0)
(0.6567164179 1.267048057e-16 0)
(0.6567164179 -4.537266699e-16 0)
(0.6567164179 -3.363215725e-16 0)
(0.6567164179 4.340781129e-16 0)
(0.6567164179 5.071883365e-16 0)
(0.6567164179 -1.022920405e-16 0)
(0.6567164179 -4.028000208e-16 0)
(0.6567164179 1.894185768e-16 0)
(0.6567164179 2.510800891e-16 0)
(0.6567164179 -2.770339231e-16 0)
(0.6567164179 -2.68309415e-16 0)
(0.6567164179 -6.447327644e-17 0)
(0.6567164179 4.464171025e-16 0)
(0.6567164179 1.02058968e-16 0)
(0.6567164179 -1.073476731e-16 0)
(0.6567164179 -2.869997476e-16 0)
(0.6567164179 -4.24730703e-17 0)
(0.6567164179 2.908996191e-16 0)
(0.6567164179 -5.425863242e-17 0)
(0.6567164179 -1.669581551e-16 0)
(0.6567164179 1.892279875e-16 0)
(0.6567164179 2.724863149e-16 0)
(0.6567164179 -2.838256083e-16 0)
(0.6567164179 -2.85614675e-16 0)
(0.6567164179 1.766818814e-16 0)
(0.6567164179 8.837626566e-17 0)
(0.6567164179 -9.346624803e-17 0)
(0.6567164179 1.520539424e-17 0)
(0.6567164179 -8.681688758e-17 0)
(0.6567164179 1.002538681e-16 0)
(0.6567164179 -2.473103864e-16 0)
(0.6567164179 -2.107824733e-16 0)
(0.6567164179 2.257316474e-16 0)
(0.6567164179 5.677084235e-17 0)
(0.6567164179 -9.724659861e-17 0)
(0.6567164179 -6.697224459e-16 0)
(0.6567164179 1.914534248e-16 0)
(0.6567164179 9.250563513e-16 0)
(0.6567164179 1.699501563e-16 0)
(0.6567164179 -5.674794706e-16 0)
(0.6567164179 -8.482818118e-16 0)
(0.6567164179 2.16843692e-16 0)
(0.6567164179 6.888895698e-16 0)
(0.6567164179 8.020597684e-17 0)
(0.6567164179 -8.072281367e-16 0)
(0.6567164179 -4.311697053e-17 0)
(0.6567164179 9.317366186e-16 0)
(0.6567164179 -2.201149406e-16 0)
(0.6567164179 -2.939621637e-16 0)
(0.6567164179 3.386483169e-16 0)
(0.6567164179 7.263655193e-16 0)
(0.6567164179 3.741168066e-16 0)
(0.6567164179 -1.276629141e-15 0)
(0.6567164179 -4.483138042e-16 0)
(0.6567164179 7.615238937e-16 0)
(0.6567164179 -3.838932071e-16 0)
(0.6567164179 -1.647953048e-16 0)
(0.6567164179 4.470791529e-16 0)
(0.6567164179 -1.393292388e-17 0)
(0.6567164179 1.468282534e-16 0)
(0.6567164179 -3.012806384e-16 0)
(0.6567164179 1.133240068e-16 0)
(0.6567164179 6.810962408e-17 0)
(0.6567164179 -1.465333204e-17 0)
(0.6567164179 -8.706605167e-17 0)
(0.6567164179 -2.334533176e-16 0)
(0.6567164179 2.992619724e-16 0)
(0.6567164179 2.109363306e-16 0)
(0.6567164179 3.826479948e-16 0)
(0.6567164179 -1.240695885e-16 0)
(0.6567164179 -2.85352455e-16 0)
(0.6567164179 4.227786698e-16 0)
(0.6567164179 -5.443763367e-16 0)
(0.6567164179 -3.80530845e-16 0)
(0.6567164179 2.957037948e-16 0)
(0.6567164179 -1.173953385e-16 0)
(0.6567164179 9.381480054e-17 0)
(0.6567164179 -1.1569368e-15 0)
(0.6567164179 -1.26286192e-16 0)
(0.6567164179 1.36470948e-15 0)
(0.6567164179 -4.175453319e-16 0)
(0.6567164179 -1.0430701e-16 0)
(0.6567164179 9.13207164e-16 0)
(0.6567164179 8.064659186e-17 0)
(0.6567164179 -9.34324426e-17 0)
(0.6567164179 -7.089792267e-16 0)
(0.6567164179 4.91859223e-19 0)
(0.6567164179 1.029205714e-15 0)
(0.6567164179 1.735897994e-19 0)
(0.6567164179 -7.472330082e-16 0)
(0.6567164179 -6.653727794e-16 0)
(0.6567164179 3.512139949e-16 0)
(0.6567164179 6.782561022e-16 0)
(0.6567164179 2.096564365e-16 0)
(0.6567164179 -2.647643397e-16 0)
(0.6567164179 -2.83984525e-16 0)
(0.6567164179 -2.447181906e-16 0)
(0.6567164179 -1.329674144e-16 0)
(0.6567164179 9.15977843e-17 0)
(0.6567164179 3.942151981e-16 0)
(0.6567164179 4.89078045e-16 0)
(0.4179104478 2.006375991e-16 0)
(0.4179104478 -8.314487768e-17 0)
(0.4179104478 -2.92884377e-17 0)
(0.4179104478 -5.294089529e-17 0)
(0.4179104478 -2.054958129e-16 0)
(0.4179104478 -2.749622714e-16 0)
(0.4179104478 1.274537219e-16 0)
(0.4179104478 2.863524861e-16 0)
(0.4179104478 -9.541182336e-17 0)
(0.4179104478 -9.86784798e-19 0)
(0.4179104478 1.366856951e-16 0)
(0.4179104478 -4.841254369e-17 0)
(0.4179104478 3.670961753e-17 0)
(0.4179104478 2.432879598e-16 0)
(0.4179104478 -3.693996027e-17 0)
(0.4179104478 -1.2165407e-16 0)
(0.4179104478 9.795751633e-17 0)
(0.4179104478 -1.591473084e-16 0)
(0.4179104478 -2.636816915e-16 0)
(0.4179104478 -2.333987978e-17 0)
(0.4179104478 2.0039986e-16 0)
(0.4179104478 7.100411488e-17 0)
(0.4179104478 1.036420112e-16 0)
(0.4179104478 1.237976769e-16 0)
(0.4179104478 -1.116254144e-16 0)
(0.4179104478 -2.25166679e-16 0)
(0.4179104478 -2.15719494e-16 0)
(0.4179104478 5.701993737e-17 0)
(0.4179104478 -6.666534022e-17 0)
(0.4179104478 -3.263186981e-16 0)
(0.4179104478 -1.088791425e-16 0)
(0.4179104478 1.74169263e-16 0)
(0.4179104478 1.666307791e-16 0)
(0.4179104478 1.282301182e-16 0)
(0.4179104478 1.087161342e-16 0)
(0.4179104478 -2.756564389e-16 0)
(0.4179104478 -7.001151689e-17 0)
(0.4179104478 1.008593454e-17 0)
(0.4179104478 1.031045103e-16 0)
(0.4179104478 2.778084169e-16 0)
(0.4179104478 -2.954521798e-16 0)
(0.4179104478 -5.976425963e-17 0)
(0.4179104478 1.552843849e-16 0)
(0.4179104478 -4.072236245e-17 0)
(0.4179104478 -7.623062526e-17 0)
(0.4179104478 9.736251183e-18 0)
(0.4179104478 9.19527285e-17 0)
(0.4179104478 -4.145273533e-17 0)
(0.4179104478 -3.055499204e-17 0)
(0.4179104478 -1.677609536e-16 0)
(0.4179104478 1.307860404e-17 0)
(0.4179104478 1.272959766e-16 0)
(0.4179104478 1.637381435e-17 0)
(0.4179104478 -8.574460844e-18 0)
(0.4179104478 6.400419733e-18 0)
(0.4179104478 2.577702851e-16 0)
(0.4179104478 6.353817245e-17 0)
(0.4179104478 -1.877406463e-16 0)
(0.4179104478 -7.63261697e-19 0)
(0.4179104478 -2.854408092e-18 0)
(0.4179104478 -2.274556949e-17 0)
(0.4179104478 1.125409913e-16 0)
(0.4179104478 4.20010575e-17 0)
(0.4179104478 -1.286274001e-16 0)
(0.4179104478 3.134355388e-17 0)
(0.4179104478 7.87104197e-17 0)
(0.4179104478 8.456993438e-17 0)
(0.4179104478 1.977863138e-16 0)
(0.4179104478 -7.005210732e-17 0)
(0.4179104478 -2.344842567e-16 0)
(0.4179104478 1.810293214e-16 0)
(0.4179104478 -3.084682189e-16 0)
(0.4179104478 -1.557074349e-16 0)
(0.4179104478 3.929424322e-16 0)
(0.4179104478 1.546486478e-16 0)
(0.4179104478 -3.161157284e-16 0)
(0.4179104478 -2.646150766e-16 0)
(0.4179104478 4.056503754e-16 0)
(0.4179104478 2.35515015e-16 0)
(0.4179104478 3.369732907e-17 0)
(0.4179104478 1.093498572e-16 0)
(0.4179104478 -1.74820445e-16 0)
(0.4179104478 -3.959704261e-16 0)
(0.4179104478 -2.086807831e-17 0)
(0.4179104478 3.186799769e-16 0)
(0.4179104478 -3.376822621e-17 0)
(0.4179104478 -1.200350882e-16 0)
(0.4179104478 -8.900724896e-17 0)
(0.4179104478 2.155114383e-16 0)
(0.4179104478 1.116636135e-16 0)
(0.4179104478 -1.938859543e-16 0)
(0.4179104478 -1.865760907e-16 0)
(0.4179104478 1.915626364e-16 0)
(0.4179104478 1.538225281e-16 0)
(0.4179104478 -1.860912172e-16 0)
(0.4179104478 1.678329273e-16 0)
(0.4179104478 -6.529024822e-17 0)
(0.4179104478 -2.723772752e-16 0)
(0.4179104478 -4.188569843e-17 0)
(0.4179104478 2.742371941e-16 0)
(0.4179104478 -6.171988445e-17 0)
(0.4179104478 -4.470600757e-16 0)
(0.4179104478 1.221447767e-16 0)
(0.4179104478 3.66707535e-16 0)
(0.4179104478 1.853845694e-17 0)
(0.4179104478 -1.970199069e-16 0)
(0.4179104478 7.533933588e-17 0)
(0.4179104478 1.46722955e-16 0)
(0.4179104478 -7.858258257e-17 0)
(0.4179104478 -1.443857554e-16 0)
(0.4179104478 -3.384252228e-16 0)
(0.4179104478 3.250107833e-16 0)
(0.4179104478 2.899729332e-16 0)
(0.4179104478 -1.319809549e-16 0)
(0.4179104478 -1.558500344e-16 0)
(0.4179104478 -1.476165023e-16 0)
(0.4179104478 7.762248608e-17 0)
(0.4179104478 1.294692132e-16 0)
(0.4179104478 -7.728419411e-17 0)
(0.4179104478 -7.345854357e-17 0)
(0.4179104478 1.337071612e-16 0)
(0.4179104478 -2.041591085e-16 0)
(0.4179104478 -2.265882589e-16 0)
(0.4179104478 2.956561418e-16 0)
(0.4179104478 2.172382329e-16 0)
(0.4179104478 -3.701430521e-17 0)
(0.4179104478 -2.849474277e-17 0)
(0.4179104478 -1.707235419e-16 0)
(0.4179104478 1.524612508e-16 0)
(0.4179104478 -1.801983722e-16 0)
(0.4179104478 -1.607176638e-16 0)
(0.4179104478 1.433809237e-16 0)
(0.4179104478 -8.190325345e-17 0)
(0.4179104478 1.406328941e-16 0)
(0.4179104478 -5.434900722e-16 0)
(0.4179104478 7.652213148e-17 0)
(0.4179104478 9.043186772e-16 0)
(0.4179104478 2.264514931e-16 0)
(0.4179104478 -6.669380746e-16 0)
(0.4179104478 -6.885977261e-16 0)
(0.4179104478 2.065919634e-16 0)
(0.4179104478 4.192730519e-16 0)
(0.4179104478 2.216393381e-16 0)
(0.4179104478 -7.265522769e-16 0)
(0.4179104478 -1.154707777e-16 0)
(0.4179104478 8.81676565e-16 0)
(0.4179104478 -1.776645278e-16 0)
(0.4179104478 -4.461242184e-16 0)
(0.4179104478 4.713345963e-16 0)
(0.4179104478 6.243510171e-16 0)
(0.4179104478 -1.665430172e-17 0)
(0.4179104478 -8.779039301e-16 0)
(0.4179104478 -2.824750269e-16 0)
(0.4179104478 6.349903127e-16 0)
(0.4179104478 -3.758082498e-16 0)
(0.4179104478 -1.45099519e-16 0)
(0.4179104478 3.585001291e-16 0)
(0.4179104478 1.184161986e-16 0)
(0.4179104478 1.665680893e-16 0)
(0.4179104478 -3.889698654e-16 0)
(0.4179104478 1.478071417e-16 0)
(0.4179104478 1.58984167e-16 0)
(0.4179104478 8.481642041e-17 0)
(0.4179104478 -1.191705385e-16 0)
(0.4179104478 -2.031218004e-16 0)
(0.4179104478 -1.261843049e-16 0)
(0.4179104478 1.576163402e-16 0)
(0.4179104478 6.659025146e-16 0)
(0.4179104478 -2.95273809e-16 0)
(0.4179104478 -1.300640727e-16 0)
(0.4179104478 4.220443149e-16 0)
(0.4179104478 -7.291647318e-16 0)
(0.4179104478 -2.747457365e-16 0)
(0.4179104478 6.126205901e-16 0)
(0.4179104478 1.123660693e-17 0)
(0.4179104478 -4.354353006e-17 0)
(0.4179104478 -8.609071276e-16 0)
(0.4179104478 -9.148259907e-18 0)
(0.4179104478 1.028159406e-15 0)
(0.4179104478 -5.475348389e-16 0)
(0.4179104478 -1.652878692e-16 0)
(0.4179104478 7.217973771e-16 0)
(0.4179104478 1.150614989e-16 0)
(0.4179104478 -6.076424287e-17 0)
(0.4179104478 -8.469982675e-16 0)
(0.4179104478 2.410513027e-17 0)
(0.4179104478 1.009639189e-15 0)
(0.4179104478 -6.435532949e-17 0)
(0.4179104478 -7.35171276e-16 0)
(0.4179104478 -1.227401366e-16 0)
(0.4179104478 3.15480009e-16 0)
(0.4179104478 2.334197024e-16 0)
(0.4179104478 1.852138795e-16 0)
(0.4179104478 -3.149647574e-16 0)
(0.4179104478 5.622735471e-18 0)
(0.4179104478 -2.840156368e-16 0)
(0.4179104478 -3.135978348e-16 0)
(0.4179104478 3.790992307e-16 0)
(0.4179104478 1.866874222e-16 0)
(0.4179104478 2.151909709e-16 0)
(0.1492537313 6.314793772e-17 0)
(0.1492537313 1.190056618e-17 0)
(0.1492537313 8.286459658e-18 0)
(0.1492537313 -3.336571932e-17 0)
(0.1492537313 -9.842820161e-17 0)
(0.1492537313 -1.119148251e-16 0)
(0.1492537313 8.096348388e-17 0)
(0.1492537313 1.363242037e-16 0)
(0.1492537313 -2.85769471e-17 0)
(0.1492537313 -7.655950807e-18 0)
(0.1492537313 2.696933145e-17 0)
(0.1492537313 -1.992166268e-17 0)
(0.1492537313 2.3957685e-17 0)
(0.1492537313 1.016915865e-16 0)
(0.1492537313 -2.103813309e-17 0)
(0.1492537313 -6.459028736e-17 0)
(0.1492537313 7.472016014e-17 0)
(0.1492537313 -6.99856323e-17 0)
(0.1492537313 -1.261863419e-16 0)
(0.1492537313 3.921749998e-17 0)
(0.1492537313 8.311669092e-17 0)
(0.1492537313 4.117219677e-18 0)
(0.1492537313 4.328960996e-17 0)
(0.1492537313 6.040773355e-17 0)
(0.1492537313 -5.363030645e-17 0)
(0.1492537313 -1.00485157e-16 0)
(0.1492537313 -1.156337531e-16 0)
(0.1492537313 5.538025934e-17 0)
(0.1492537313 2.458286096e-18 0)
(0.1492537313 -1.838142525e-16 0)
(0.1492537313 -5.356839462e-17 0)
(0.1492537313 1.006146514e-16 0)
(0.1492537313 6.114852632e-17 0)
(0.1492537313 7.608205247e-17 0)
(0.1492537313 6.560648997e-17 0)
(0.1492537313 -1.88031235e-16 0)
(0.1492537313 -3.631714842e-17 0)
(0.1492537313 3.329023313e-17 0)
(0.1492537313 5.039493778e-17 0)
(0.1492537313 1.499065281e-16 0)
(0.1492537313 -1.682543117e-16 0)
(0.1492537313 -1.330914938e-17 0)
(0.1492537313 4.911706524e-17 0)
(0.1492537313 -3.138662728e-17 0)
(0.1492537313 -5.544248966e-17 0)
(0.1492537313 1.416164351e-17 0)
(0.1492537313 7.638981862e-17 0)
(0.1492537313 -1.273965851e-17 0)
(0.1492537313 -3.005885383e-17 0)
(0.1492537313 -6.406225945e-17 0)
(0.1492537313 2.009376939e-17 0)
(0.1492537313 4.756425644e-17 0)
(0.1492537313 -2.28247746e-18 0)
(0.1492537313 -3.703289536e-18 0)
(0.1492537313 -4.812541777e-17 0)
(0.1492537313 9.182263519e-17 0)
(0.1492537313 4.294842395e-17 0)
(0.1492537313 -7.87999967e-17 0)
(0.1492537313 -9.759090057e-18 0)
(0.1492537313 2.776830211e-18 0)
(0.1492537313 -4.924786371e-17 0)
(0.1492537313 6.862960141e-17 0)
(0.1492537313 3.994136673e-17 0)
(0.1492537313 -6.318962724e-17 0)
(0.1492537313 5.489037003e-18 0)
(0.1492537313 3.275781859e-17 0)
(0.1492537313 2.472323161e-17 0)
(0.1492537313 7.652930949e-17 0)
(0.1492537313 -2.996857696e-17 0)
(0.1492537313 -9.650842795e-17 0)
(0.1492537313 1.108212557e-16 0)
(0.1492537313 -1.554652374e-16 0)
(0.1492537313 -3.642712971e-17 0)
(0.1492537313 2.284090214e-16 0)
(0.1492537313 6.865011656e-19 0)
(0.1492537313 -2.150482068e-16 0)
(0.1492537313 -4.802036711e-17 0)
(0.1492537313 2.654471904e-16 0)
(0.1492537313 5.257925699e-17 0)
(0.1492537313 -2.745478731e-17 0)
(0.1492537313 2.89059205e-17 0)
(0.1492537313 -6.064606539e-17 0)
(0.1492537313 -1.502039837e-16 0)
(0.1492537313 2.562440106e-17 0)
(0.1492537313 1.973685135e-16 0)
(0.1492537313 -8.921835408e-17 0)
(0.1492537313 -5.844558222e-17 0)
(0.1492537313 -6.009499889e-18 0)
(0.1492537313 1.137417835e-16 0)
(0.1492537313 3.432388459e-17 0)
(0.1492537313 -1.139336243e-16 0)
(0.1492537313 -1.251205011e-16 0)
(0.1492537313 7.149151746e-17 0)
(0.1492537313 1.408932162e-16 0)
(0.1492537313 -2.014159592e-17 0)
(0.1492537313 9.328139757e-17 0)
(0.1492537313 -5.989001991e-17 0)
(0.1492537313 -1.022234185e-16 0)
(0.1492537313 -3.673398585e-17 0)
(0.1492537313 1.191878019e-16 0)
(0.1492537313 7.016049473e-17 0)
(0.1492537313 -1.879554498e-16 0)
(0.1492537313 3.448763904e-17 0)
(0.1492537313 1.098604915e-16 0)
(0.1492537313 -3.178892992e-17 0)
(0.1492537313 -3.412460522e-17 0)
(0.1492537313 5.289134012e-17 0)
(0.1492537313 3.673708719e-17 0)
(0.1492537313 -6.148343616e-17 0)
(0.1492537313 1.759248141e-17 0)
(0.1492537313 -1.940462565e-16 0)
(0.1492537313 9.798999643e-17 0)
(0.1492537313 1.190542628e-16 0)
(0.1492537313 -4.273491953e-17 0)
(0.1492537313 -2.466829013e-19 0)
(0.1492537313 -6.95248624e-17 0)
(0.1492537313 -1.212224996e-17 0)
(0.1492537313 5.539672808e-17 0)
(0.1492537313 2.762310113e-17 0)
(0.1492537313 -5.227714216e-17 0)
(0.1492537313 -2.86332381e-17 0)
(0.1492537313 -1.16217622e-16 0)
(0.1492537313 -4.479519966e-17 0)
(0.1492537313 2.122184323e-16 0)
(0.1492537313 6.186321436e-17 0)
(0.1492537313 -4.736605023e-17 0)
(0.1492537313 4.406221116e-17 0)
(0.1492537313 -1.010082264e-16 0)
(0.1492537313 6.68315683e-17 0)
(0.1492537313 -8.368444273e-17 0)
(0.1492537313 -7.903061869e-18 0)
(0.1492537313 1.12911853e-16 0)
(0.1492537313 -1.404504553e-16 0)
(0.1492537313 1.163137743e-16 0)
(0.1492537313 -2.491573702e-16 0)
(0.1492537313 -1.464401177e-17 0)
(0.1492537313 3.989581482e-16 0)
(0.1492537313 9.104856263e-17 0)
(0.1492537313 -2.965507774e-16 0)
(0.1492537313 -2.640504467e-16 0)
(0.1492537313 1.8629832e-16 0)
(0.1492537313 1.5196108e-16 0)
(0.1492537313 1.151093733e-16 0)
(0.1492537313 -3.818733699e-16 0)
(0.1492537313 -1.351595954e-16 0)
(0.1492537313 4.649456704e-16 0)
(0.1492537313 -8.113185947e-17 0)
(0.1492537313 -2.187904871e-16 0)
(0.1492537313 2.956051294e-16 0)
(0.1492537313 2.475901906e-16 0)
(0.1492537313 -6.362263632e-17 0)
(0.1492537313 -4.126345228e-16 0)
(0.1492537313 -1.188573586e-16 0)
(0.1492537313 3.240656537e-16 0)
(0.1492537313 -2.096782832e-16 0)
(0.1492537313 -8.757687388e-19 0)
(0.1492537313 2.294364383e-16 0)
(0.1492537313 -1.489089195e-18 0)
(0.1492537313 7.860429001e-17 0)
(0.1492537313 -1.958828408e-16 0)
(0.1492537313 4.469790942e-17 0)
(0.1492537313 -2.082226694e-18 0)
(0.1492537313 5.16280882e-17 0)
(0.1492537313 -3.135025639e-18 0)
(0.1492537313 -4.43014454e-17 0)
(0.1492537313 -9.458196941e-17 0)
(0.1492537313 2.728618219e-17 0)
(0.1492537313 3.995879869e-16 0)
(0.1492537313 -1.882719129e-16 0)
(0.1492537313 -1.095548526e-16 0)
(0.1492537313 2.201295319e-16 0)
(0.1492537313 -4.193454394e-16 0)
(0.1492537313 -3.648496106e-17 0)
(0.1492537313 4.341331492e-16 0)
(0.1492537313 -4.074210173e-17 0)
(0.1492537313 -7.815957664e-18 0)
(0.1492537313 -4.224776464e-16 0)
(0.1492537313 -2.017108468e-17 0)
(0.1492537313 5.093351586e-16 0)
(0.1492537313 -3.606899094e-16 0)
(0.1492537313 -2.22251355e-17 0)
(0.1492537313 3.985490921e-16 0)
(0.1492537313 -4.061693345e-17 0)
(0.1492537313 -8.317979629e-18 0)
(0.1492537313 -4.636698063e-16 0)
(0.1492537313 -3.614635625e-17 0)
(0.1492537313 4.848317169e-16 0)
(0.1492537313 -9.796881156e-17 0)
(0.1492537313 -3.403979457e-16 0)
(0.1492537313 1.143061591e-16 0)
(0.1492537313 2.130203798e-16 0)
(0.1492537313 -1.130607757e-17 0)
(0.1492537313 8.763811247e-17 0)
(0.1492537313 -1.304063403e-16 0)
(0.1492537313 1.459391134e-19 0)
(0.1492537313 -1.83023787e-16 0)
(0.1492537313 -1.632985065e-16 0)
(0.1492537313 3.158353398e-16 0)
(0.1492537313 6.010505264e-17 0)
(0.1492537313 -2.235196956e-17 0)
)
;

boundaryField
{
    inlet
    {
        type            cyclic;
    }
    outlet
    {
        type            cyclic;
    }
    topWall
    {
        type            fixedValue;
        value           uniform (0 0 0);
    }
    bottomWall
    {
        type            fixedValue;
        value           uniform (0 0 0);
    }
    frontAndBack
    {
        type            empty;
    }
}


// ************************************************************************* //
