/*--------------------------------*- C++ -*----------------------------------*\
  =========                 |
  \\      /  F ield         | OpenFOAM: The Open Source CFD Toolbox
   \\    /   O peration     | Website:  https://openfoam.org
    \\  /    A nd           | Version:  10
     \\/     M anipulation  |
\*---------------------------------------------------------------------------*/
FoamFile
{
    format      ascii;
    class       surfaceScalarField;
    location    "1500";
    object      phi;
}
// * * * * * * * * * * * * * * * * * * * * * * * * * * * * * * * * * * * * * //

dimensions      [0 3 -1 0 0 0 0];

internalField   nonuniform List<scalar> 
7780
(
7.462686567e-06
1.916434466e-19
7.462686567e-06
2.34981613e-20
7.462686567e-06
9.181380639e-21
7.462686567e-06
3.392765314e-21
7.462686567e-06
-8.255855646e-22
7.462686567e-06
-4.514204573e-21
7.462686567e-06
-7.713253862e-22
7.462686567e-06
2.45348391e-21
7.462686567e-06
-5.878255707e-22
7.462686567e-06
3.580260252e-22
7.462686567e-06
1.94356339e-21
7.462686567e-06
-1.364179485e-21
7.462686567e-06
-2.438166798e-21
7.462686567e-06
-1.068138523e-22
7.462686567e-06
3.329865128e-21
7.462686567e-06
-2.950282246e-21
7.462686567e-06
-2.428758474e-21
7.462686567e-06
2.848652769e-21
7.462686567e-06
-2.663175824e-21
7.462686567e-06
5.265805056e-22
7.462686567e-06
1.291974853e-21
7.462686567e-06
-5.88119212e-21
7.462686567e-06
-5.252974977e-21
7.462686567e-06
4.49269188e-21
7.462686567e-06
5.809055881e-21
7.462686567e-06
2.319641686e-21
7.462686567e-06
-1.751622868e-21
7.462686567e-06
4.194801927e-21
7.462686567e-06
3.890437076e-22
7.462686567e-06
-4.608615136e-21
7.462686567e-06
1.766720276e-21
7.462686567e-06
-4.725174023e-22
7.462686567e-06
-2.094792072e-21
7.462686567e-06
6.908053345e-22
7.462686567e-06
-5.59722216e-21
7.462686567e-06
1.822681521e-21
7.462686567e-06
-1.989984567e-21
7.462686567e-06
-5.990088254e-22
7.462686567e-06
6.872876892e-22
7.462686567e-06
2.465643719e-21
7.462686567e-06
2.98926833e-21
7.462686567e-06
-1.978443021e-21
7.462686567e-06
4.807267181e-21
7.462686567e-06
-7.613923385e-21
7.462686567e-06
1.388751232e-21
7.462686567e-06
9.681895958e-22
7.462686567e-06
-5.806615221e-21
7.462686567e-06
3.696084958e-21
7.462686567e-06
-3.157770748e-21
7.462686567e-06
3.8444302e-21
7.462686567e-06
5.952268863e-21
7.462686567e-06
-5.543496096e-21
7.462686567e-06
-6.406459238e-23
7.462686567e-06
3.261042401e-21
7.462686567e-06
-2.63950419e-21
7.462686567e-06
-2.660006082e-21
7.462686567e-06
5.701215232e-21
7.462686567e-06
-2.775106137e-21
7.462686567e-06
2.172499827e-21
7.462686567e-06
4.65189349e-21
7.462686567e-06
-6.726574163e-21
7.462686567e-06
2.542571327e-21
7.462686567e-06
9.179767036e-22
7.462686567e-06
-5.786498259e-21
7.462686567e-06
-2.0315997e-21
7.462686567e-06
5.696578781e-21
7.462686567e-06
-1.487382045e-21
7.462686567e-06
9.718467009e-22
7.462686567e-06
7.176024203e-21
7.462686567e-06
-6.838177348e-22
7.462686567e-06
-1.339942188e-20
7.462686567e-06
3.016615661e-21
7.462686567e-06
1.297258235e-20
7.462686567e-06
-7.643037087e-21
7.462686567e-06
-1.111801095e-20
7.462686567e-06
7.419469874e-21
7.462686567e-06
1.058194673e-20
7.462686567e-06
-5.887624709e-22
7.462686567e-06
-1.827348485e-20
7.462686567e-06
3.532970972e-21
7.462686567e-06
1.038818625e-20
7.462686567e-06
-7.059606402e-21
7.462686567e-06
-8.266769006e-23
7.462686567e-06
3.226419996e-21
7.462686567e-06
5.89748621e-21
7.462686567e-06
4.753161186e-21
7.462686567e-06
-2.019220679e-21
7.462686567e-06
-1.009806122e-20
7.462686567e-06
-7.603932369e-21
7.462686567e-06
1.025344308e-20
7.462686567e-06
1.243566711e-20
7.462686567e-06
-1.06301394e-20
7.462686567e-06
-9.915616512e-21
7.462686567e-06
1.131361542e-20
7.462686567e-06
1.850094729e-21
7.462686567e-06
-1.112226974e-20
7.462686567e-06
7.930428086e-21
7.462686567e-06
7.818134746e-21
7.462686567e-06
-1.131281183e-20
7.462686567e-06
-1.094753185e-20
7.462686567e-06
1.159582964e-20
7.462686567e-06
1.073663464e-20
7.462686567e-06
-2.86834129e-21
7.462686567e-06
-5.085264264e-21
7.462686567e-06
-1.703671112e-22
7.462686567e-06
8.565416361e-21
7.462686567e-06
-3.712698296e-21
7.462686567e-06
-1.369554936e-20
7.462686567e-06
3.174671793e-21
7.462686567e-06
1.671087954e-20
7.462686567e-06
-8.321084301e-21
7.462686567e-06
-1.2093855e-20
7.462686567e-06
7.420723952e-21
7.462686567e-06
5.990067809e-21
7.462686567e-06
6.066052844e-21
7.462686567e-06
-4.482375336e-21
7.462686567e-06
-1.77352295e-20
7.462686567e-06
1.228155902e-20
7.462686567e-06
1.821849143e-20
7.462686567e-06
-8.749165438e-21
7.462686567e-06
-1.672669271e-20
7.462686567e-06
1.07462602e-21
7.462686567e-06
1.359909915e-20
7.462686567e-06
-5.476083882e-22
7.462686567e-06
6.905892402e-22
7.462686567e-06
7.161804497e-22
7.462686567e-06
1.447033932e-21
7.462686567e-06
-3.768864932e-21
7.462686567e-06
-1.64129097e-20
7.462686567e-06
1.642209506e-20
7.462686567e-06
4.63761818e-21
7.462686567e-06
-9.937962637e-21
7.462686567e-06
3.129635513e-21
7.462686567e-06
-1.150941554e-20
7.462686567e-06
5.875390393e-21
7.462686567e-06
5.544297914e-21
7.462686567e-06
-9.514134023e-21
7.462686567e-06
4.750877962e-22
7.462686567e-06
9.113172711e-21
7.462686567e-06
1.475057946e-21
7.462686567e-06
-1.364049001e-20
7.462686567e-06
-7.808517324e-21
7.462686567e-06
1.763154421e-21
7.462686567e-06
1.020662039e-20
7.462686567e-06
3.088673998e-21
7.462686567e-06
-4.39065032e-21
7.462686567e-06
1.526245006e-20
7.462686567e-06
1.601639652e-21
7.462686567e-06
-1.598284775e-20
7.462686567e-06
2.80216668e-23
7.462686567e-06
-1.007700569e-21
7.462686567e-06
1.65170613e-20
7.462686567e-06
-1.627954363e-21
7.462686567e-06
-2.134627095e-20
7.462686567e-06
2.616212267e-20
7.462686567e-06
9.870583994e-21
7.462686567e-06
-1.860026315e-20
7.462686567e-06
-1.010235977e-20
7.462686567e-06
-7.251225621e-21
7.462686567e-06
1.960141724e-20
7.462686567e-06
7.493715384e-21
7.462686567e-06
-9.833750473e-21
7.462686567e-06
-2.419853008e-22
7.462686567e-06
3.344876596e-21
7.462686567e-06
-5.28005972e-21
7.462686567e-06
-1.056683643e-20
7.462686567e-06
2.49565013e-21
7.462686567e-06
1.652293386e-22
7.462686567e-06
7.802399176e-21
7.462686567e-06
1.348628378e-20
7.462686567e-06
-1.509916398e-20
7.462686567e-06
2.744153058e-22
7.462686567e-06
1.915265859e-20
7.462686567e-06
-2.258017444e-20
7.462686567e-06
7.184204202e-21
7.462686567e-06
-3.029181373e-21
7.462686567e-06
-5.338441194e-21
7.462686567e-06
1.881855511e-20
7.462686567e-06
-2.754823365e-20
7.462686567e-06
2.305796766e-20
7.462686567e-06
7.157661133e-21
7.462686567e-06
-1.973677357e-20
7.462686567e-06
1.077899606e-20
7.462686567e-06
-1.638943384e-20
7.462686567e-06
4.668659803e-21
7.462686567e-06
2.203357255e-20
7.462686567e-06
-2.447028586e-20
7.462686567e-06
8.985859222e-21
7.462686567e-06
1.719347747e-20
7.462686567e-06
-1.863316035e-20
7.462686567e-06
-1.333054763e-20
7.462686567e-06
8.670164835e-21
7.462686567e-06
-5.108682091e-21
7.462686567e-06
-1.55143029e-22
7.462686567e-06
1.824007024e-20
7.462686567e-06
-6.623135853e-21
7.462686567e-06
3.13460124e-21
7.462686567e-06
3.237032146e-21
7.462686567e-06
-2.466361834e-20
1.892204757e-20
2.089552239e-05
1.66477555e-19
2.089552239e-05
5.402033769e-20
2.089552239e-05
2.815980128e-20
2.089552239e-05
1.580135371e-20
2.089552239e-05
-3.247972864e-21
2.089552239e-05
-5.76895252e-21
2.089552239e-05
-3.789021668e-22
2.089552239e-05
7.66788008e-21
2.089552239e-05
-2.349090584e-22
2.089552239e-05
4.741515063e-21
2.089552239e-05
3.709101976e-21
2.089552239e-05
-2.134613357e-21
2.089552239e-05
-4.583332149e-21
2.089552239e-05
-2.654639998e-21
2.089552239e-05
7.483142128e-22
2.089552239e-05
-8.021367063e-21
2.089552239e-05
-8.148082838e-21
2.089552239e-05
2.995500604e-22
2.089552239e-05
-5.106878834e-21
2.089552239e-05
-2.133379682e-21
2.089552239e-05
-1.909917284e-22
2.089552239e-05
-1.047770946e-20
2.089552239e-05
-1.133525561e-20
2.089552239e-05
9.188384742e-21
2.089552239e-05
1.797904245e-20
2.089552239e-05
2.818523778e-21
2.089552239e-05
-1.943469028e-21
2.089552239e-05
7.071371766e-21
2.089552239e-05
1.129041414e-21
2.089552239e-05
-1.287275242e-20
2.089552239e-05
3.162629118e-21
2.089552239e-05
1.197399522e-21
2.089552239e-05
-1.254423468e-20
2.089552239e-05
1.882073338e-22
2.089552239e-05
-1.383011365e-20
2.089552239e-05
5.314402589e-21
2.089552239e-05
1.501708018e-21
2.089552239e-05
2.86878777e-21
2.089552239e-05
-1.05572053e-21
2.089552239e-05
7.259908587e-23
2.089552239e-05
5.668108038e-21
2.089552239e-05
-9.385045328e-22
2.089552239e-05
1.595991037e-20
2.089552239e-05
-1.63434146e-20
2.089552239e-05
-6.088231163e-21
2.089552239e-05
2.332052256e-21
2.089552239e-05
-1.197319868e-20
2.089552239e-05
2.597779395e-21
2.089552239e-05
-1.101277661e-21
2.089552239e-05
4.187983311e-21
2.089552239e-05
1.049440727e-20
2.089552239e-05
-4.514700998e-21
2.089552239e-05
-3.633630396e-21
2.089552239e-05
6.591020582e-21
2.089552239e-05
-3.427831902e-21
2.089552239e-05
-3.949726757e-21
2.089552239e-05
5.015359718e-21
2.089552239e-05
-9.306321563e-22
2.089552239e-05
1.116904889e-20
2.089552239e-05
5.780736865e-21
2.089552239e-05
-1.329991715e-20
2.089552239e-05
4.418400925e-21
2.089552239e-05
4.495670634e-21
2.089552239e-05
-1.121171603e-20
2.089552239e-05
-1.232052465e-21
2.089552239e-05
9.429585793e-21
2.089552239e-05
-7.423142459e-21
2.089552239e-05
6.302103575e-21
2.089552239e-05
1.690253138e-20
2.089552239e-05
-1.51973121e-20
2.089552239e-05
-2.685019597e-20
2.089552239e-05
1.410158539e-20
2.089552239e-05
1.249599788e-20
2.089552239e-05
-1.20980698e-20
2.089552239e-05
-1.170631913e-20
2.089552239e-05
1.017845189e-20
2.089552239e-05
1.866530959e-20
2.089552239e-05
-1.177653571e-20
2.089552239e-05
-2.905775932e-20
2.089552239e-05
1.011518473e-20
2.089552239e-05
1.84190903e-20
2.089552239e-05
-1.4670539e-20
2.089552239e-05
-3.454756958e-21
2.089552239e-05
2.105626251e-20
2.089552239e-05
1.410681887e-20
2.089552239e-05
4.887057124e-21
2.089552239e-05
-3.493150389e-21
2.089552239e-05
-2.515338815e-20
2.089552239e-05
-1.307574026e-20
2.089552239e-05
2.380634775e-20
2.089552239e-05
2.57881594e-20
2.089552239e-05
-1.862435236e-20
2.089552239e-05
-1.779252269e-20
2.089552239e-05
2.131711936e-20
2.089552239e-05
3.207490146e-21
2.089552239e-05
-2.137014006e-20
2.089552239e-05
1.909747994e-20
2.089552239e-05
1.239384612e-20
2.089552239e-05
-2.26826573e-20
2.089552239e-05
-2.304047734e-20
2.089552239e-05
2.491880949e-20
2.089552239e-05
2.394394702e-20
2.089552239e-05
-1.44305476e-21
2.089552239e-05
-9.649807304e-21
2.089552239e-05
-1.239410191e-20
2.089552239e-05
1.485385109e-20
2.089552239e-05
-5.157883509e-21
2.089552239e-05
-2.221751744e-20
2.089552239e-05
7.853154359e-21
2.089552239e-05
2.202248902e-20
2.089552239e-05
-8.432608598e-21
2.089552239e-05
-1.818263836e-20
2.089552239e-05
1.764534493e-20
2.089552239e-05
1.461033802e-20
2.089552239e-05
3.593949156e-21
2.089552239e-05
-1.127447442e-20
2.089552239e-05
-2.50840689e-20
2.089552239e-05
2.508556719e-20
2.089552239e-05
3.372372087e-20
2.089552239e-05
-1.907177326e-20
2.089552239e-05
-2.882129188e-20
2.089552239e-05
-1.135477896e-22
2.089552239e-05
1.912211135e-20
2.089552239e-05
1.242434906e-20
2.089552239e-05
7.177712892e-21
2.089552239e-05
-1.144129192e-20
2.089552239e-05
-1.338085947e-21
2.089552239e-05
-2.459399046e-20
2.089552239e-05
-2.030475518e-20
2.089552239e-05
3.346677198e-20
2.089552239e-05
1.12040822e-20
2.089552239e-05
-7.973045361e-21
2.089552239e-05
-4.477167295e-21
2.089552239e-05
-2.142418279e-20
2.089552239e-05
1.594730514e-21
2.089552239e-05
1.380532863e-20
2.089552239e-05
-9.180261443e-21
2.089552239e-05
-6.491088221e-21
2.089552239e-05
1.873766384e-20
2.089552239e-05
-5.794292494e-21
2.089552239e-05
-3.553972648e-20
2.089552239e-05
-1.032302851e-20
2.089552239e-05
1.003508897e-20
2.089552239e-05
2.130304657e-20
2.089552239e-05
1.944080266e-20
2.089552239e-05
-5.952014473e-21
2.089552239e-05
1.939952342e-20
2.089552239e-05
9.95522373e-21
2.089552239e-05
-2.085227731e-20
2.089552239e-05
-1.059198351e-20
2.089552239e-05
-6.015956166e-21
2.089552239e-05
3.464920729e-20
2.089552239e-05
8.25875684e-21
2.089552239e-05
-3.205308475e-20
2.089552239e-05
4.460289655e-20
2.089552239e-05
1.447749125e-20
2.089552239e-05
-3.892678247e-20
2.089552239e-05
-2.155620449e-20
2.089552239e-05
-7.329696967e-21
2.089552239e-05
3.251793287e-20
2.089552239e-05
9.484701714e-21
2.089552239e-05
-1.562643229e-20
2.089552239e-05
1.139090264e-20
2.089552239e-05
1.610653249e-20
2.089552239e-05
-3.523970244e-20
2.089552239e-05
-2.538548883e-20
2.089552239e-05
9.655259792e-21
2.089552239e-05
3.63889998e-21
2.089552239e-05
2.443690741e-20
2.089552239e-05
1.226273138e-20
2.089552239e-05
-1.259247529e-20
2.089552239e-05
1.453046726e-21
2.089552239e-05
2.328145305e-20
2.089552239e-05
-3.721975536e-20
2.089552239e-05
8.084506774e-21
2.089552239e-05
-1.392860858e-20
2.089552239e-05
-4.882329747e-21
2.089552239e-05
3.938571013e-20
2.089552239e-05
-3.93688935e-20
2.089552239e-05
2.634491268e-20
2.089552239e-05
2.421273578e-20
2.089552239e-05
-3.630106766e-20
2.089552239e-05
8.709307091e-21
2.089552239e-05
-2.300288317e-20
2.089552239e-05
-1.422846905e-21
2.089552239e-05
5.192968166e-20
2.089552239e-05
-3.837596328e-20
2.089552239e-05
9.539174913e-21
2.089552239e-05
3.125509755e-20
2.089552239e-05
-4.813861338e-20
2.089552239e-05
-2.560361206e-20
2.089552239e-05
1.964337401e-20
2.089552239e-05
-1.263863093e-20
2.089552239e-05
6.272114875e-21
2.089552239e-05
2.8470626e-20
2.089552239e-05
-9.430205334e-21
2.089552239e-05
1.688561879e-21
2.089552239e-05
-3.830853771e-21
2.089552239e-05
-4.644909113e-20
2.44859947e-20
3.28358209e-05
1.550904917e-19
3.28358209e-05
8.079563328e-20
3.28358209e-05
4.566447501e-20
3.28358209e-05
2.172718672e-20
3.28358209e-05
1.011223388e-20
3.28358209e-05
-1.926559399e-21
3.28358209e-05
-4.018707697e-22
3.28358209e-05
-7.668057833e-22
3.28358209e-05
2.424457739e-21
3.28358209e-05
1.198908256e-20
3.28358209e-05
4.845485929e-21
3.28358209e-05
2.607962991e-21
3.28358209e-05
-3.171684009e-21
3.28358209e-05
-1.434960986e-20
3.28358209e-05
-3.87928222e-21
3.28358209e-05
-1.078445418e-20
3.28358209e-05
-1.154054561e-20
3.28358209e-05
2.660027335e-21
3.28358209e-05
-3.604400675e-21
3.28358209e-05
-1.239676877e-20
3.28358209e-05
-6.227862345e-21
3.28358209e-05
-2.269935769e-20
3.28358209e-05
-1.940112283e-20
3.28358209e-05
1.414287309e-20
3.28358209e-05
1.693777168e-20
3.28358209e-05
6.81198789e-21
3.28358209e-05
1.395264537e-20
3.28358209e-05
7.667158046e-21
3.28358209e-05
-8.926485906e-21
3.28358209e-05
-2.425668257e-20
3.28358209e-05
5.367989041e-21
3.28358209e-05
7.940511153e-21
3.28358209e-05
-1.913107791e-20
3.28358209e-05
-6.462641156e-21
3.28358209e-05
-1.949808318e-20
3.28358209e-05
-1.467372492e-21
3.28358209e-05
6.890747035e-21
3.28358209e-05
7.705583333e-21
3.28358209e-05
-6.965824322e-21
3.28358209e-05
2.726059268e-21
3.28358209e-05
8.523179802e-21
3.28358209e-05
-5.427142542e-21
3.28358209e-05
1.940923958e-20
3.28358209e-05
-1.89651669e-20
3.28358209e-05
-8.911144886e-21
3.28358209e-05
-6.760302658e-22
3.28358209e-05
-1.384688863e-20
3.28358209e-05
5.269587079e-21
3.28358209e-05
5.155412336e-21
3.28358209e-05
1.566260823e-21
3.28358209e-05
6.663105406e-21
3.28358209e-05
-8.3564562e-21
3.28358209e-05
1.608253254e-21
3.28358209e-05
9.808095109e-21
3.28358209e-05
-8.909856624e-21
3.28358209e-05
-1.245029885e-20
3.28358209e-05
1.009045925e-20
3.28358209e-05
2.447927576e-21
3.28358209e-05
1.918405122e-20
3.28358209e-05
7.767990205e-21
3.28358209e-05
-2.217265222e-20
3.28358209e-05
8.464932847e-21
3.28358209e-05
1.493254542e-21
3.28358209e-05
-8.666498778e-21
3.28358209e-05
3.935504751e-21
3.28358209e-05
7.168123339e-21
3.28358209e-05
-4.632131655e-21
3.28358209e-05
5.117683862e-21
3.28358209e-05
1.004720973e-20
3.28358209e-05
-2.134784939e-20
3.28358209e-05
-4.103116408e-20
3.28358209e-05
1.71150284e-20
3.28358209e-05
1.592811364e-20
3.28358209e-05
-1.02929531e-20
3.28358209e-05
-1.22308547e-20
3.28358209e-05
1.072934689e-20
3.28358209e-05
3.297492494e-20
3.28358209e-05
-1.964932652e-20
3.28358209e-05
-4.683490641e-20
3.28358209e-05
1.224287853e-20
3.28358209e-05
2.878685807e-20
3.28358209e-05
-2.268892337e-20
3.28358209e-05
-8.238086253e-21
3.28358209e-05
4.835323711e-20
3.28358209e-05
1.730549279e-20
3.28358209e-05
8.111976541e-21
3.28358209e-05
3.191692044e-21
3.28358209e-05
-4.037326521e-20
3.28358209e-05
-2.140859938e-20
3.28358209e-05
4.359848954e-20
3.28358209e-05
1.262992572e-20
3.28358209e-05
-2.623094624e-20
3.28358209e-05
-1.384642399e-20
3.28358209e-05
2.751777658e-20
3.28358209e-05
2.691904745e-22
3.28358209e-05
-3.170654974e-20
3.28358209e-05
1.801529498e-20
3.28358209e-05
2.003168159e-20
3.28358209e-05
-2.512199162e-20
3.28358209e-05
-3.380042988e-20
3.28358209e-05
2.000761916e-20
3.28358209e-05
5.328920723e-20
3.28358209e-05
1.04593443e-20
3.28358209e-05
-1.557802442e-20
3.28358209e-05
-2.871225749e-20
3.28358209e-05
2.853927331e-20
3.28358209e-05
5.635360436e-21
3.28358209e-05
-3.579189367e-20
3.28358209e-05
2.07749385e-21
3.28358209e-05
2.895156684e-20
3.28358209e-05
-3.702699191e-21
3.28358209e-05
-2.216324641e-20
3.28358209e-05
4.152414088e-21
3.28358209e-05
1.642904239e-20
3.28358209e-05
1.540569121e-20
3.28358209e-05
-1.182202742e-20
3.28358209e-05
-3.052914129e-20
3.28358209e-05
3.855213285e-20
3.28358209e-05
3.353497015e-20
3.28358209e-05
-1.734722638e-20
3.28358209e-05
-3.998055874e-20
3.28358209e-05
2.283866784e-21
3.28358209e-05
3.392483246e-20
3.28358209e-05
3.549514502e-20
3.28358209e-05
-4.122685978e-22
3.28358209e-05
-2.697446383e-20
3.28358209e-05
6.167217378e-22
3.28358209e-05
-4.492179376e-20
3.28358209e-05
-2.676831234e-20
3.28358209e-05
4.557343571e-20
3.28358209e-05
2.624090159e-20
3.28358209e-05
-8.869260501e-21
3.28358209e-05
-2.776844147e-20
3.28358209e-05
-3.020401931e-20
3.28358209e-05
4.647706861e-21
3.28358209e-05
1.342411533e-20
3.28358209e-05
-5.251538871e-21
3.28358209e-05
-1.752130499e-20
3.28358209e-05
1.526498789e-20
3.28358209e-05
-8.350771042e-22
3.28358209e-05
-5.698093216e-20
3.28358209e-05
-1.101285258e-20
3.28358209e-05
2.115221919e-20
3.28358209e-05
3.143464372e-20
3.28358209e-05
4.207759856e-20
3.28358209e-05
-1.489420892e-20
3.28358209e-05
1.787397657e-20
3.28358209e-05
2.585768545e-20
3.28358209e-05
-3.407370621e-21
3.28358209e-05
-3.800173958e-20
3.28358209e-05
-2.334441123e-20
3.28358209e-05
6.397588776e-20
3.28358209e-05
1.27630428e-20
3.28358209e-05
-3.55487204e-20
3.28358209e-05
4.832649017e-20
3.28358209e-05
1.952110343e-20
3.28358209e-05
-4.738332397e-20
3.28358209e-05
-2.928939213e-20
3.28358209e-05
-1.216207185e-20
3.28358209e-05
4.396812979e-20
3.28358209e-05
1.249906009e-20
3.28358209e-05
-4.744356917e-21
3.28358209e-05
2.834658862e-20
3.28358209e-05
1.158247174e-20
3.28358209e-05
-6.618326994e-20
3.28358209e-05
-3.481383459e-20
3.28358209e-05
2.30579265e-20
3.28358209e-05
1.376562799e-20
3.28358209e-05
2.850911657e-20
3.28358209e-05
6.342818694e-21
3.28358209e-05
-1.306227672e-20
3.28358209e-05
5.231174452e-21
3.28358209e-05
1.816700632e-20
3.28358209e-05
-3.439291915e-20
3.28358209e-05
2.35047506e-21
3.28358209e-05
-4.578037843e-20
3.28358209e-05
-2.012408359e-21
3.28358209e-05
6.034110115e-20
3.28358209e-05
-3.479804136e-20
3.28358209e-05
2.924331235e-20
3.28358209e-05
4.06377566e-20
3.28358209e-05
-3.997557182e-20
3.28358209e-05
-1.044457448e-20
3.28358209e-05
-1.93296071e-20
3.28358209e-05
1.408219334e-20
3.28358209e-05
5.75547536e-20
3.28358209e-05
-4.179672392e-20
3.28358209e-05
8.607005312e-21
3.28358209e-05
4.13933594e-20
3.28358209e-05
-6.787850972e-20
3.28358209e-05
-3.922907869e-20
3.28358209e-05
1.09340708e-20
3.28358209e-05
-1.159830732e-20
3.28358209e-05
2.426623734e-20
3.28358209e-05
3.771981032e-20
3.28358209e-05
-3.158865657e-20
3.28358209e-05
8.12880505e-21
3.28358209e-05
-2.015364904e-21
3.28358209e-05
-7.015892795e-20
2.909046742e-20
4.328358209e-05
1.408313258e-19
4.328358209e-05
8.878624595e-20
4.328358209e-05
6.103102024e-20
4.328358209e-05
3.336486813e-20
4.328358209e-05
1.419203963e-20
4.328358209e-05
1.111356587e-20
4.328358209e-05
1.813332822e-20
4.328358209e-05
-2.419771355e-21
4.328358209e-05
2.776222553e-21
4.328358209e-05
1.620011143e-20
4.328358209e-05
4.343658592e-22
4.328358209e-05
1.240796564e-21
4.328358209e-05
5.074817409e-21
4.328358209e-05
-1.388667999e-20
4.328358209e-05
-1.323576238e-20
4.328358209e-05
-1.10831391e-20
4.328358209e-05
-1.763399131e-20
4.328358209e-05
-3.75189187e-21
4.328358209e-05
-7.830953257e-21
4.328358209e-05
-1.433517116e-20
4.328358209e-05
-1.552958873e-20
4.328358209e-05
-2.848295596e-20
4.328358209e-05
-1.673131737e-20
4.328358209e-05
1.856492332e-20
4.328358209e-05
1.723548393e-20
4.328358209e-05
1.943466739e-20
4.328358209e-05
2.201261398e-20
4.328358209e-05
9.967088677e-22
4.328358209e-05
-2.129731302e-20
4.328358209e-05
-2.438176856e-20
4.328358209e-05
8.924273117e-21
4.328358209e-05
-6.508414454e-21
4.328358209e-05
-2.995604697e-20
4.328358209e-05
-1.285606229e-20
4.328358209e-05
-1.686510101e-20
4.328358209e-05
-9.65800757e-22
4.328358209e-05
1.716014932e-20
4.328358209e-05
1.454431825e-20
4.328358209e-05
5.253170093e-22
4.328358209e-05
-4.575741829e-21
4.328358209e-05
3.213981921e-21
4.328358209e-05
-3.43424556e-21
4.328358209e-05
8.846944307e-21
4.328358209e-05
-1.424144429e-20
4.328358209e-05
-1.384999691e-20
4.328358209e-05
3.113645071e-21
4.328358209e-05
-9.790013812e-21
4.328358209e-05
-5.763224175e-21
4.328358209e-05
6.892170504e-21
4.328358209e-05
1.068374933e-20
4.328358209e-05
9.692763802e-21
4.328358209e-05
-6.81573176e-21
4.328358209e-05
8.548785911e-21
4.328358209e-05
1.656810302e-20
4.328358209e-05
-1.898708747e-20
4.328358209e-05
-1.346959743e-20
4.328358209e-05
1.802754885e-20
4.328358209e-05
7.873991147e-21
4.328358209e-05
1.834137914e-20
4.328358209e-05
2.672778502e-22
4.328358209e-05
-5.542996449e-21
4.328358209e-05
1.383922535e-20
4.328358209e-05
1.449481045e-20
4.328358209e-05
-1.473346409e-20
4.328358209e-05
-1.370457004e-21
4.328358209e-05
1.415678551e-20
4.328358209e-05
-3.931260709e-22
4.328358209e-05
9.988167059e-21
4.328358209e-05
3.259574421e-21
4.328358209e-05
-4.34941154e-20
4.328358209e-05
-4.324240561e-20
4.328358209e-05
2.640897391e-20
4.328358209e-05
7.516226513e-21
4.328358209e-05
-1.883376925e-20
4.328358209e-05
-1.126570269e-20
4.328358209e-05
5.904848725e-21
4.328358209e-05
4.238661176e-20
4.328358209e-05
-1.943443125e-20
4.328358209e-05
-5.557323112e-20
4.328358209e-05
1.490412653e-20
4.328358209e-05
2.58960176e-20
4.328358209e-05
-2.900372192e-20
4.328358209e-05
4.794870824e-21
4.328358209e-05
5.932485048e-20
4.328358209e-05
2.018727051e-20
4.328358209e-05
1.103612663e-20
4.328358209e-05
9.22633924e-21
4.328358209e-05
-3.707746989e-20
4.328358209e-05
-2.889465755e-20
4.328358209e-05
4.710148559e-20
4.328358209e-05
-6.351658337e-21
4.328358209e-05
-2.821323827e-20
4.328358209e-05
-1.154702514e-20
4.328358209e-05
2.534167412e-20
4.328358209e-05
-4.453648413e-21
4.328358209e-05
-3.824047529e-20
4.328358209e-05
1.928623382e-20
4.328358209e-05
2.693129534e-20
4.328358209e-05
-2.658371971e-20
4.328358209e-05
-3.803669908e-20
4.328358209e-05
3.451856542e-20
4.328358209e-05
5.413878773e-20
4.328358209e-05
2.823797519e-21
4.328358209e-05
-1.782221924e-20
4.328358209e-05
-2.967121064e-20
4.328358209e-05
2.627228867e-20
4.328358209e-05
4.928266466e-21
4.328358209e-05
-4.293256673e-20
4.328358209e-05
9.41274395e-21
4.328358209e-05
2.751340543e-20
4.328358209e-05
-5.379243824e-21
4.328358209e-05
-2.589233285e-20
4.328358209e-05
1.021870155e-21
4.328358209e-05
2.506362986e-20
4.328358209e-05
2.965524156e-20
4.328358209e-05
-3.138825389e-20
4.328358209e-05
-2.286702775e-20
4.328358209e-05
5.827866036e-20
4.328358209e-05
3.657159673e-20
4.328358209e-05
-2.64660305e-20
4.328358209e-05
-4.420993566e-20
4.328358209e-05
9.448388343e-22
4.328358209e-05
4.964879237e-20
4.328358209e-05
2.9831716e-20
4.328358209e-05
-1.262577118e-20
4.328358209e-05
-2.682907728e-20
4.328358209e-05
7.199346501e-22
4.328358209e-05
-6.555546971e-20
4.328358209e-05
-3.315888771e-20
4.328358209e-05
5.460115883e-20
4.328358209e-05
3.464011378e-20
4.328358209e-05
4.213059765e-21
4.328358209e-05
-4.320096017e-20
4.328358209e-05
-3.550112832e-20
4.328358209e-05
1.302956547e-20
4.328358209e-05
1.882582174e-21
4.328358209e-05
-1.514771347e-20
4.328358209e-05
-2.822375245e-20
4.328358209e-05
1.043489815e-20
4.328358209e-05
2.937800134e-21
4.328358209e-05
-7.130881818e-20
4.328358209e-05
-8.090066883e-21
4.328358209e-05
1.469671045e-20
4.328358209e-05
4.203366944e-20
4.328358209e-05
6.877490288e-20
4.328358209e-05
-7.460470874e-21
4.328358209e-05
2.275697479e-20
4.328358209e-05
3.23746888e-20
4.328358209e-05
-1.153489803e-21
4.328358209e-05
-5.693866159e-20
4.328358209e-05
-2.539470808e-20
4.328358209e-05
7.422210695e-20
4.328358209e-05
1.015121483e-20
4.328358209e-05
-3.923980808e-20
4.328358209e-05
6.200561666e-20
4.328358209e-05
2.157145806e-20
4.328358209e-05
-5.064235439e-20
4.328358209e-05
-3.107632336e-20
4.328358209e-05
-1.649657177e-20
4.328358209e-05
4.620870399e-20
4.328358209e-05
2.448909385e-21
4.328358209e-05
6.378670859e-21
4.328358209e-05
4.863463539e-20
4.328358209e-05
-1.739104809e-21
4.328358209e-05
-8.331132549e-20
4.328358209e-05
-3.655733056e-20
4.328358209e-05
4.314461274e-20
4.328358209e-05
3.011054058e-20
4.328358209e-05
2.429376986e-20
4.328358209e-05
-7.858021255e-21
4.328358209e-05
5.693730536e-21
4.328358209e-05
6.280671421e-21
4.328358209e-05
-1.45673246e-20
4.328358209e-05
-3.596190456e-20
4.328358209e-05
1.592806274e-20
4.328358209e-05
-6.533424896e-20
4.328358209e-05
-1.167359227e-20
4.328358209e-05
7.042051963e-20
4.328358209e-05
-2.650840192e-20
4.328358209e-05
3.973133884e-20
4.328358209e-05
4.869643394e-20
4.328358209e-05
-3.998201324e-20
4.328358209e-05
-3.73525016e-20
4.328358209e-05
-1.573513721e-20
4.328358209e-05
4.026146816e-20
4.328358209e-05
5.684672908e-20
4.328358209e-05
-5.075503048e-20
4.328358209e-05
1.197495792e-20
4.328358209e-05
3.839127279e-20
4.328358209e-05
-8.913273708e-20
4.328358209e-05
-5.231452985e-20
4.328358209e-05
1.849281684e-20
4.328358209e-05
-9.282807378e-21
4.328358209e-05
2.578885113e-20
4.328358209e-05
1.678808703e-20
4.328358209e-05
-4.658283981e-20
4.328358209e-05
1.66216156e-20
4.328358209e-05
-1.540258935e-21
4.328358209e-05
-7.587386226e-20
2.570516926e-20
5.223880597e-05
1.236471578e-19
5.223880597e-05
1.002934888e-19
5.223880597e-05
6.321422288e-20
5.223880597e-05
4.266807503e-20
5.223880597e-05
2.744994795e-20
5.223880597e-05
2.239121032e-20
5.223880597e-05
2.572309036e-20
5.223880597e-05
1.337424483e-20
5.223880597e-05
4.293674839e-21
5.223880597e-05
2.674131525e-20
5.223880597e-05
4.313812451e-21
5.223880597e-05
1.22828739e-21
5.223880597e-05
3.979933917e-21
5.223880597e-05
-1.342953945e-20
5.223880597e-05
-1.678940734e-20
5.223880597e-05
-2.572494668e-20
5.223880597e-05
-2.209500428e-20
5.223880597e-05
-1.852613555e-20
5.223880597e-05
-1.969120168e-20
5.223880597e-05
-4.523359869e-21
5.223880597e-05
-2.245043467e-20
5.223880597e-05
-4.033649092e-20
5.223880597e-05
-2.985690741e-21
5.223880597e-05
5.904839106e-21
5.223880597e-05
1.311551404e-20
5.223880597e-05
3.333299448e-20
5.223880597e-05
2.990423972e-20
5.223880597e-05
7.77709863e-22
5.223880597e-05
-4.12308393e-20
5.223880597e-05
-1.945320713e-20
5.223880597e-05
2.859884973e-21
5.223880597e-05
-5.690894071e-21
5.223880597e-05
-3.097493104e-20
5.223880597e-05
-2.326286555e-20
5.223880597e-05
-1.354164567e-20
5.223880597e-05
-2.147745546e-22
5.223880597e-05
1.312005773e-20
5.223880597e-05
1.643487267e-20
5.223880597e-05
1.100815343e-20
5.223880597e-05
-1.239856793e-22
5.223880597e-05
-4.388192474e-22
5.223880597e-05
-9.660045405e-21
5.223880597e-05
-7.144758505e-21
5.223880597e-05
-1.168513063e-20
5.223880597e-05
-1.170210777e-20
5.223880597e-05
3.261740846e-21
5.223880597e-05
-1.431071106e-20
5.223880597e-05
-1.344009534e-20
5.223880597e-05
8.381121155e-21
5.223880597e-05
1.693457677e-20
5.223880597e-05
4.432122785e-21
5.223880597e-05
-6.584399932e-21
5.223880597e-05
2.732751005e-20
5.223880597e-05
1.404960254e-20
5.223880597e-05
-1.52990889e-20
5.223880597e-05
-1.014041101e-20
5.223880597e-05
1.838654168e-20
5.223880597e-05
1.560602034e-20
5.223880597e-05
1.551614797e-20
5.223880597e-05
4.545156654e-21
5.223880597e-05
-1.415704285e-20
5.223880597e-05
1.196684101e-20
5.223880597e-05
2.678929525e-20
5.223880597e-05
2.164094604e-21
5.223880597e-05
-7.14832943e-21
5.223880597e-05
1.780293426e-20
5.223880597e-05
3.676535018e-21
5.223880597e-05
1.383502966e-20
5.223880597e-05
-3.276302009e-21
5.223880597e-05
-4.780658884e-20
5.223880597e-05
-5.550404234e-20
5.223880597e-05
1.007088004e-20
5.223880597e-05
1.474767462e-20
5.223880597e-05
-1.019817178e-20
5.223880597e-05
-1.899961324e-20
5.223880597e-05
9.696657506e-21
5.223880597e-05
3.243128953e-20
5.223880597e-05
-7.478209313e-21
5.223880597e-05
-4.324484285e-20
5.223880597e-05
1.352990897e-20
5.223880597e-05
1.948007613e-20
5.223880597e-05
-2.126747053e-20
5.223880597e-05
2.135814149e-20
5.223880597e-05
5.064301127e-20
5.223880597e-05
9.407213473e-21
5.223880597e-05
6.277229597e-21
5.223880597e-05
1.514592185e-20
5.223880597e-05
-2.070591816e-20
5.223880597e-05
-2.003944282e-20
5.223880597e-05
3.193074537e-20
5.223880597e-05
-2.664363942e-20
5.223880597e-05
-2.955741269e-20
5.223880597e-05
-1.075372095e-20
5.223880597e-05
2.20243837e-20
5.223880597e-05
-1.275483714e-22
5.223880597e-05
-3.600645412e-20
5.223880597e-05
1.740171916e-20
5.223880597e-05
2.694568948e-20
5.223880597e-05
-1.829412664e-20
5.223880597e-05
-3.577729607e-20
5.223880597e-05
3.532486856e-20
5.223880597e-05
5.691167189e-20
5.223880597e-05
6.171765446e-22
5.223880597e-05
-1.949740034e-20
5.223880597e-05
-2.501158431e-20
5.223880597e-05
1.394291992e-20
5.223880597e-05
3.686672816e-21
5.223880597e-05
-3.026144128e-20
5.223880597e-05
-3.269157174e-21
5.223880597e-05
3.166530944e-20
5.223880597e-05
-3.90704231e-21
5.223880597e-05
-2.185636933e-20
5.223880597e-05
-5.419404784e-21
5.223880597e-05
3.671603016e-20
5.223880597e-05
4.20340382e-20
5.223880597e-05
-2.607246727e-20
5.223880597e-05
-1.122973493e-20
5.223880597e-05
5.669189299e-20
5.223880597e-05
3.148953271e-20
5.223880597e-05
-2.703312382e-20
5.223880597e-05
-3.792116856e-20
5.223880597e-05
3.609267845e-21
5.223880597e-05
4.618511956e-20
5.223880597e-05
2.744096534e-20
5.223880597e-05
-2.699757907e-20
5.223880597e-05
-4.058036908e-20
5.223880597e-05
1.067760231e-20
5.223880597e-05
-7.212887678e-20
5.223880597e-05
-2.827801339e-20
5.223880597e-05
6.684220613e-20
5.223880597e-05
4.693492262e-20
5.223880597e-05
6.834374945e-21
5.223880597e-05
-4.096839342e-20
5.223880597e-05
-5.356207615e-20
5.223880597e-05
1.070188546e-20
5.223880597e-05
1.670981161e-21
5.223880597e-05
-1.756773476e-20
5.223880597e-05
-2.459365863e-20
5.223880597e-05
-1.160578936e-20
5.223880597e-05
-1.404917323e-20
5.223880597e-05
-5.785185651e-20
5.223880597e-05
-1.067341918e-20
5.223880597e-05
9.912045909e-21
5.223880597e-05
7.139360709e-20
5.223880597e-05
9.291233178e-20
5.223880597e-05
-7.749318224e-21
5.223880597e-05
3.789627985e-20
5.223880597e-05
4.100088944e-20
5.223880597e-05
-2.332924939e-20
5.223880597e-05
-5.958027803e-20
5.223880597e-05
-3.192853929e-20
5.223880597e-05
6.584540046e-20
5.223880597e-05
1.154676386e-20
5.223880597e-05
-3.691737597e-20
5.223880597e-05
6.279728001e-20
5.223880597e-05
3.194906509e-20
5.223880597e-05
-4.727059559e-20
5.223880597e-05
-4.331325983e-20
5.223880597e-05
-1.555405638e-20
5.223880597e-05
4.682701111e-20
5.223880597e-05
7.045377266e-21
5.223880597e-05
1.771869504e-20
5.223880597e-05
4.56997949e-20
5.223880597e-05
-2.254017685e-20
5.223880597e-05
-8.069476588e-20
5.223880597e-05
-3.040439235e-20
5.223880597e-05
5.049320346e-20
5.223880597e-05
3.216015282e-20
5.223880597e-05
2.225108028e-20
5.223880597e-05
-1.403725321e-21
5.223880597e-05
1.438990266e-20
5.223880597e-05
8.611337468e-21
5.223880597e-05
-2.635988893e-20
5.223880597e-05
-3.801114178e-20
5.223880597e-05
1.314775046e-20
5.223880597e-05
-6.819259199e-20
5.223880597e-05
-1.306498022e-20
5.223880597e-05
7.301982847e-20
5.223880597e-05
-1.649076765e-20
5.223880597e-05
3.969104884e-20
5.223880597e-05
4.604796624e-20
5.223880597e-05
-4.161098965e-20
5.223880597e-05
-5.255236566e-20
5.223880597e-05
-1.45522175e-20
5.223880597e-05
5.243153441e-20
5.223880597e-05
6.340855139e-20
5.223880597e-05
-4.266438698e-20
5.223880597e-05
9.755184501e-21
5.223880597e-05
1.596792517e-20
5.223880597e-05
-1.00050348e-19
5.223880597e-05
-6.745122127e-20
5.223880597e-05
8.411281699e-21
5.223880597e-05
1.295798425e-20
5.223880597e-05
3.549317427e-20
5.223880597e-05
-5.623012384e-21
5.223880597e-05
-4.537196309e-20
5.223880597e-05
1.617414241e-20
5.223880597e-05
-1.598966734e-20
5.223880597e-05
-6.572167249e-20
2.968998622e-20
5.970149254e-05
1.013450068e-19
5.970149254e-05
8.714145811e-20
5.970149254e-05
5.809627383e-20
5.970149254e-05
5.105103876e-20
5.970149254e-05
4.119896914e-20
5.970149254e-05
3.365346255e-20
5.970149254e-05
2.697076095e-20
5.970149254e-05
1.918768316e-20
5.970149254e-05
1.558271921e-20
5.970149254e-05
2.40700573e-20
5.970149254e-05
1.537939117e-20
5.970149254e-05
2.137968998e-21
5.970149254e-05
4.107042062e-21
5.970149254e-05
-1.238052549e-20
5.970149254e-05
-3.006142026e-20
5.970149254e-05
-2.235623607e-20
5.970149254e-05
-3.667061081e-20
5.970149254e-05
-3.369146386e-20
5.970149254e-05
-9.053353746e-21
5.970149254e-05
-7.801757266e-21
5.970149254e-05
-2.72995931e-20
5.970149254e-05
-3.642428458e-20
5.970149254e-05
8.519361952e-22
5.970149254e-05
1.069159961e-20
5.970149254e-05
-1.41643801e-21
5.970149254e-05
3.405515701e-20
5.970149254e-05
3.288913864e-20
5.970149254e-05
-5.91913099e-21
5.970149254e-05
-4.305704314e-20
5.970149254e-05
-2.488512483e-20
5.970149254e-05
1.501719937e-21
5.970149254e-05
-1.245044181e-20
5.970149254e-05
-2.97917114e-20
5.970149254e-05
-1.157224103e-20
5.970149254e-05
-1.125710223e-20
5.970149254e-05
-8.539994105e-21
5.970149254e-05
1.376953304e-20
5.970149254e-05
3.97907016e-20
5.970149254e-05
1.395487478e-20
5.970149254e-05
-3.871850037e-21
5.970149254e-05
-7.759845628e-21
5.970149254e-05
-2.942957971e-20
5.970149254e-05
-2.240186887e-20
5.970149254e-05
-2.089557913e-20
5.970149254e-05
-1.156397145e-20
5.970149254e-05
-5.159727385e-21
5.970149254e-05
-3.175172084e-22
5.970149254e-05
-2.126783779e-20
5.970149254e-05
1.067067775e-20
5.970149254e-05
1.222417655e-20
5.970149254e-05
8.009310583e-22
5.970149254e-05
-2.138998267e-21
5.970149254e-05
2.638589977e-20
5.970149254e-05
3.188256812e-20
5.970149254e-05
-5.063402555e-21
5.970149254e-05
-1.034247488e-20
5.970149254e-05
2.090607045e-20
5.970149254e-05
3.025372803e-20
5.970149254e-05
1.002951084e-20
5.970149254e-05
1.143176667e-21
5.970149254e-05
-3.41057183e-21
5.970149254e-05
2.447432574e-21
5.970149254e-05
2.733726659e-20
5.970149254e-05
1.496547537e-20
5.970149254e-05
3.627000068e-21
5.970149254e-05
1.823911271e-20
5.970149254e-05
3.534788598e-21
5.970149254e-05
8.902912437e-21
5.970149254e-05
-1.064079099e-20
5.970149254e-05
-5.680036416e-20
5.970149254e-05
-5.916256526e-20
5.970149254e-05
1.187805947e-20
5.970149254e-05
1.454295153e-20
5.970149254e-05
-3.364004908e-21
5.970149254e-05
-5.425444859e-21
5.970149254e-05
3.72662064e-21
5.970149254e-05
3.511044428e-20
5.970149254e-05
-2.26985792e-20
5.970149254e-05
-3.302735048e-20
5.970149254e-05
2.702613083e-20
5.970149254e-05
3.551377135e-20
5.970149254e-05
-1.475707205e-20
5.970149254e-05
1.450457616e-20
5.970149254e-05
3.205001201e-20
5.970149254e-05
-7.276748768e-21
5.970149254e-05
1.045936763e-20
5.970149254e-05
7.029246084e-21
5.970149254e-05
-1.818925707e-20
5.970149254e-05
-4.531166483e-21
5.970149254e-05
1.94479224e-20
5.970149254e-05
-2.277859295e-20
5.970149254e-05
-4.100782962e-20
5.970149254e-05
-1.112460086e-20
5.970149254e-05
1.019054651e-20
5.970149254e-05
-2.32572613e-21
5.970149254e-05
-2.477088272e-20
5.970149254e-05
1.667018663e-20
5.970149254e-05
2.844632379e-20
5.970149254e-05
-1.057159929e-20
5.970149254e-05
-3.990735872e-20
5.970149254e-05
3.632230376e-20
5.970149254e-05
6.372934396e-20
5.970149254e-05
1.25983144e-21
5.970149254e-05
-2.74203155e-20
5.970149254e-05
-1.73821537e-20
5.970149254e-05
4.417983841e-21
5.970149254e-05
7.633345551e-21
5.970149254e-05
-3.405727953e-20
5.970149254e-05
-5.994829001e-21
5.970149254e-05
3.225673038e-20
5.970149254e-05
5.462254548e-21
5.970149254e-05
-9.458387115e-21
5.970149254e-05
3.268957141e-23
5.970149254e-05
4.446040215e-20
5.970149254e-05
3.911686222e-20
5.970149254e-05
-1.881490438e-20
5.970149254e-05
-5.521261436e-21
5.970149254e-05
4.552276647e-20
5.970149254e-05
2.083992568e-20
5.970149254e-05
-1.771440257e-20
5.970149254e-05
-1.315343577e-20
5.970149254e-05
-1.025047745e-20
5.970149254e-05
4.499420648e-20
5.970149254e-05
1.30842209e-20
5.970149254e-05
-5.086233615e-20
5.970149254e-05
-3.513179935e-20
5.970149254e-05
-1.807183722e-20
5.970149254e-05
-7.014193241e-20
5.970149254e-05
-8.55842912e-21
5.970149254e-05
8.04684757e-20
5.970149254e-05
5.252117536e-20
5.970149254e-05
1.1290469e-20
5.970149254e-05
-4.98839027e-20
5.970149254e-05
-5.718875578e-20
5.970149254e-05
1.62683413e-20
5.970149254e-05
-6.236286994e-21
5.970149254e-05
-2.302482985e-20
5.970149254e-05
-3.135300416e-20
5.970149254e-05
-1.734469856e-20
5.970149254e-05
-6.601874303e-21
5.970149254e-05
-4.7337226e-20
5.970149254e-05
-2.871114841e-20
5.970149254e-05
2.394227749e-20
5.970149254e-05
8.605740381e-20
5.970149254e-05
9.67164261e-20
5.970149254e-05
1.708372497e-20
5.970149254e-05
5.450216126e-20
5.970149254e-05
5.13526473e-20
5.970149254e-05
-3.460457551e-20
5.970149254e-05
-7.608105321e-20
5.970149254e-05
-3.192714649e-20
5.970149254e-05
3.871871346e-20
5.970149254e-05
2.587933141e-21
5.970149254e-05
-3.329254316e-20
5.970149254e-05
4.746978315e-20
5.970149254e-05
4.375091212e-20
5.970149254e-05
-3.633263832e-20
5.970149254e-05
-3.974487764e-20
5.970149254e-05
-1.930789419e-20
5.970149254e-05
4.760710329e-20
5.970149254e-05
1.342176584e-20
5.970149254e-05
1.374608542e-20
5.970149254e-05
2.669084668e-20
5.970149254e-05
-1.930748384e-20
5.970149254e-05
-6.490608557e-20
5.970149254e-05
-2.241471501e-20
5.970149254e-05
5.636018379e-20
5.970149254e-05
4.679610724e-20
5.970149254e-05
2.068671417e-20
5.970149254e-05
-1.31921919e-20
5.970149254e-05
1.038353614e-20
5.970149254e-05
1.01909927e-20
5.970149254e-05
-3.838112308e-20
5.970149254e-05
-4.854041663e-20
5.970149254e-05
2.053576881e-21
5.970149254e-05
-4.528806893e-20
5.970149254e-05
-1.067941185e-20
5.970149254e-05
5.107299647e-20
5.970149254e-05
-8.464034998e-21
5.970149254e-05
4.666735289e-20
5.970149254e-05
4.88850302e-20
5.970149254e-05
-3.610055132e-20
5.970149254e-05
-5.746671957e-20
5.970149254e-05
-5.947392806e-21
5.970149254e-05
6.946548697e-20
5.970149254e-05
5.137840761e-20
5.970149254e-05
-5.871993717e-20
5.970149254e-05
2.032584552e-21
5.970149254e-05
2.042324926e-20
5.970149254e-05
-9.099146577e-20
5.970149254e-05
-6.873446573e-20
5.970149254e-05
-4.283435934e-21
5.970149254e-05
1.319618309e-20
5.970149254e-05
3.115745998e-20
5.970149254e-05
-2.497370832e-20
5.970149254e-05
-4.001257382e-20
5.970149254e-05
1.617188027e-20
5.970149254e-05
-9.400230003e-21
5.970149254e-05
-5.28943014e-20
2.571208044e-20
6.567164179e-05
8.102699006e-20
6.567164179e-05
8.092024149e-20
6.567164179e-05
6.405438638e-20
6.567164179e-05
4.828879604e-20
6.567164179e-05
4.283446611e-20
6.567164179e-05
4.146970928e-20
6.567164179e-05
2.531983634e-20
6.567164179e-05
2.374151485e-20
6.567164179e-05
4.446813924e-20
6.567164179e-05
4.015657308e-20
6.567164179e-05
1.738167476e-20
6.567164179e-05
7.685098794e-22
6.567164179e-05
2.093754539e-21
6.567164179e-05
-1.811656144e-20
6.567164179e-05
-3.767460773e-20
6.567164179e-05
-4.412714241e-20
6.567164179e-05
-4.964983963e-20
6.567164179e-05
-3.816060059e-20
6.567164179e-05
-1.732023367e-20
6.567164179e-05
5.620200976e-22
6.567164179e-05
-2.553087488e-20
6.567164179e-05
-6.279598269e-21
6.567164179e-05
-3.313325487e-21
6.567164179e-05
4.503819416e-21
6.567164179e-05
-7.108758467e-22
6.567164179e-05
1.8520935e-20
6.567164179e-05
3.167413441e-20
6.567164179e-05
-1.368455375e-21
6.567164179e-05
-4.500107018e-20
6.567164179e-05
-2.261368081e-20
6.567164179e-05
-2.113059098e-20
6.567164179e-05
-3.170672911e-20
6.567164179e-05
-2.783979008e-20
6.567164179e-05
-2.117104004e-20
6.567164179e-05
-2.034430896e-20
6.567164179e-05
1.394502358e-21
6.567164179e-05
3.865424369e-20
6.567164179e-05
3.356448837e-20
6.567164179e-05
1.941860668e-20
6.567164179e-05
-1.512371681e-20
6.567164179e-05
-3.476311559e-20
6.567164179e-05
-4.555078591e-20
6.567164179e-05
-2.035938394e-20
6.567164179e-05
-8.385778795e-21
6.567164179e-05
-1.23518746e-20
6.567164179e-05
-1.934405592e-20
6.567164179e-05
-1.352880775e-20
6.567164179e-05
8.572012412e-21
6.567164179e-05
8.241434462e-21
6.567164179e-05
9.770651224e-21
6.567164179e-05
7.009609935e-21
6.567164179e-05
1.938113256e-21
6.567164179e-05
2.768714753e-20
6.567164179e-05
3.706434522e-20
6.567164179e-05
1.142315569e-20
6.567164179e-05
-1.354461062e-22
6.567164179e-05
1.214704581e-20
6.567164179e-05
3.829834378e-20
6.567164179e-05
1.978168699e-20
6.567164179e-05
-4.840301429e-23
6.567164179e-05
2.773296699e-22
6.567164179e-05
3.110916633e-21
6.567164179e-05
1.061097121e-20
6.567164179e-05
1.359275545e-20
6.567164179e-05
1.356199805e-20
6.567164179e-05
2.132243536e-20
6.567164179e-05
8.403137012e-21
6.567164179e-05
6.005269492e-21
6.567164179e-05
-2.73479188e-20
6.567164179e-05
-6.926355915e-20
6.567164179e-05
-3.976578908e-20
6.567164179e-05
8.374815481e-21
6.567164179e-05
1.361287881e-20
6.567164179e-05
-6.948309423e-21
6.567164179e-05
3.209068239e-21
6.567164179e-05
8.713348587e-21
6.567164179e-05
2.980050225e-20
6.567164179e-05
-8.345279044e-21
6.567164179e-05
-1.811587979e-20
6.567164179e-05
3.598407077e-20
6.567164179e-05
2.756938631e-20
6.567164179e-05
-7.573547982e-21
6.567164179e-05
9.057605399e-21
6.567164179e-05
2.209265246e-20
6.567164179e-05
7.67288832e-21
6.567164179e-05
2.857034754e-21
6.567164179e-05
5.071287387e-21
6.567164179e-05
-5.9461089e-21
6.567164179e-05
4.935657457e-22
6.567164179e-05
1.107502798e-20
6.567164179e-05
-2.274669853e-20
6.567164179e-05
-3.528779641e-20
6.567164179e-05
-1.628711998e-20
6.567164179e-05
-9.824781122e-21
6.567164179e-05
-7.515794843e-21
6.567164179e-05
-2.451942438e-20
6.567164179e-05
7.290293971e-21
6.567164179e-05
3.448874541e-20
6.567164179e-05
-1.06903328e-20
6.567164179e-05
-2.255470391e-20
6.567164179e-05
2.836200972e-20
6.567164179e-05
5.205874501e-20
6.567164179e-05
1.308010875e-20
6.567164179e-05
-3.368666635e-20
6.567164179e-05
-2.481374802e-20
6.567164179e-05
3.795682042e-21
6.567164179e-05
-7.088281591e-21
6.567164179e-05
-3.844825949e-20
6.567164179e-05
-3.066714944e-21
6.567164179e-05
3.111950323e-20
6.567164179e-05
1.65753023e-20
6.567164179e-05
-4.798558047e-21
6.567164179e-05
5.201667359e-21
6.567164179e-05
4.203486802e-20
6.567164179e-05
3.395494169e-20
6.567164179e-05
-5.129874954e-21
6.567164179e-05
-1.764810371e-20
6.567164179e-05
3.333826171e-20
6.567164179e-05
2.474225299e-20
6.567164179e-05
-5.866385182e-21
6.567164179e-05
2.828373259e-22
6.567164179e-05
2.430598125e-21
6.567164179e-05
1.311357434e-20
6.567164179e-05
-8.980337702e-21
6.567164179e-05
-5.374898934e-20
6.567164179e-05
-4.582365059e-20
6.567164179e-05
-3.062481339e-20
6.567164179e-05
-5.445674067e-20
6.567164179e-05
-1.117358198e-20
6.567164179e-05
8.054772298e-20
6.567164179e-05
4.747834094e-20
6.567164179e-05
1.632192005e-20
6.567164179e-05
-3.22716895e-20
6.567164179e-05
-4.160860475e-20
6.567164179e-05
1.146234877e-20
6.567164179e-05
-1.985985138e-20
6.567164179e-05
-3.001510601e-20
6.567164179e-05
-4.187735544e-20
6.567164179e-05
-4.904457761e-22
6.567164179e-05
-8.699719011e-21
6.567164179e-05
-4.583641657e-20
6.567164179e-05
-7.099802589e-21
6.567164179e-05
2.631388973e-20
6.567164179e-05
9.258854098e-20
6.567164179e-05
8.84118345e-20
6.567164179e-05
1.597795682e-20
6.567164179e-05
5.949000823e-20
6.567164179e-05
4.152136538e-20
6.567164179e-05
-2.628930102e-20
6.567164179e-05
-5.590342062e-20
6.567164179e-05
-3.354043306e-20
6.567164179e-05
2.2201661e-20
6.567164179e-05
2.590885339e-22
6.567164179e-05
-3.078053816e-20
6.567164179e-05
3.4709176e-20
6.567164179e-05
4.144211522e-20
6.567164179e-05
-2.020614314e-20
6.567164179e-05
-2.873724082e-20
6.567164179e-05
-2.617313689e-21
6.567164179e-05
3.979870842e-20
6.567164179e-05
7.632245819e-21
6.567164179e-05
-1.375779314e-21
6.567164179e-05
1.921141963e-20
6.567164179e-05
-1.395838858e-20
6.567164179e-05
-4.882513553e-20
6.567164179e-05
-2.304951981e-20
6.567164179e-05
5.438198738e-20
6.567164179e-05
4.450745774e-20
6.567164179e-05
2.254266284e-20
6.567164179e-05
-2.914182811e-20
6.567164179e-05
-5.658836468e-21
6.567164179e-05
1.018605247e-20
6.567164179e-05
-3.400536863e-20
6.567164179e-05
-4.079770332e-20
6.567164179e-05
-5.377403916e-21
6.567164179e-05
-4.221841315e-20
6.567164179e-05
-3.811666333e-21
6.567164179e-05
3.531122795e-20
6.567164179e-05
-6.38516097e-21
6.567164179e-05
4.054602125e-20
6.567164179e-05
4.479317554e-20
6.567164179e-05
-1.85160137e-20
6.567164179e-05
-2.072314678e-20
6.567164179e-05
8.386577516e-21
6.567164179e-05
5.613429806e-20
6.567164179e-05
2.241546043e-20
6.567164179e-05
-5.614050402e-20
6.567164179e-05
-1.637523965e-20
6.567164179e-05
1.119839503e-20
6.567164179e-05
-6.560079565e-20
6.567164179e-05
-7.809420753e-20
6.567164179e-05
-1.949265731e-20
6.567164179e-05
1.09335873e-20
6.567164179e-05
2.264477402e-20
6.567164179e-05
-3.421251253e-21
6.567164179e-05
-2.99590673e-20
6.567164179e-05
-1.300639726e-21
6.567164179e-05
-4.031544922e-21
6.567164179e-05
-3.530272611e-20
1.403594202e-20
7.014925373e-05
5.613615194e-20
7.014925373e-05
5.21295709e-20
7.014925373e-05
5.91597551e-20
7.014925373e-05
6.578178467e-20
7.014925373e-05
5.914420055e-20
7.014925373e-05
3.793610654e-20
7.014925373e-05
3.752053013e-20
7.014925373e-05
2.140288129e-20
7.014925373e-05
4.744985184e-20
7.014925373e-05
3.337661454e-20
7.014925373e-05
1.653554875e-20
7.014925373e-05
-5.947962141e-21
7.014925373e-05
2.741323315e-21
7.014925373e-05
-6.60260886e-21
7.014925373e-05
-3.870158644e-20
7.014925373e-05
-4.585602598e-20
7.014925373e-05
-5.606164871e-20
7.014925373e-05
-3.683219984e-20
7.014925373e-05
-7.979630929e-21
7.014925373e-05
-1.516544741e-20
7.014925373e-05
-1.604564841e-20
7.014925373e-05
2.729791506e-21
7.014925373e-05
2.668349724e-21
7.014925373e-05
-1.18615116e-20
7.014925373e-05
7.599702377e-21
7.014925373e-05
-1.334062157e-21
7.014925373e-05
1.160350984e-21
7.014925373e-05
-6.360517264e-21
7.014925373e-05
-3.165393426e-20
7.014925373e-05
-2.753931402e-20
7.014925373e-05
-2.423867641e-20
7.014925373e-05
-4.130664215e-20
7.014925373e-05
-3.571176348e-20
7.014925373e-05
-1.430467811e-20
7.014925373e-05
-8.561771997e-21
7.014925373e-05
1.402999894e-20
7.014925373e-05
2.858396989e-20
7.014925373e-05
3.018434937e-20
7.014925373e-05
1.789004092e-20
7.014925373e-05
-2.000508046e-20
7.014925373e-05
-4.758567632e-20
7.014925373e-05
-4.149189576e-20
7.014925373e-05
-3.097819455e-20
7.014925373e-05
-7.95209055e-21
7.014925373e-05
-1.543562302e-20
7.014925373e-05
-2.397981835e-20
7.014925373e-05
-2.329212335e-22
7.014925373e-05
2.741868375e-20
7.014925373e-05
1.290910287e-20
7.014925373e-05
3.814207266e-21
7.014925373e-05
1.574363184e-21
7.014925373e-05
2.281560895e-21
7.014925373e-05
2.786656359e-20
7.014925373e-05
3.939871219e-20
7.014925373e-05
2.491056796e-20
7.014925373e-05
9.464423958e-21
7.014925373e-05
2.093668521e-20
7.014925373e-05
3.082715684e-20
7.014925373e-05
2.176201114e-20
7.014925373e-05
1.090529575e-20
7.014925373e-05
-5.300732994e-21
7.014925373e-05
-9.055465937e-21
7.014925373e-05
8.003294796e-21
7.014925373e-05
9.853776726e-21
7.014925373e-05
2.11061539e-20
7.014925373e-05
2.439616789e-20
7.014925373e-05
1.32058043e-20
7.014925373e-05
-1.021770719e-20
7.014925373e-05
-3.626071234e-20
7.014925373e-05
-3.61099096e-20
7.014925373e-05
-3.350783856e-20
7.014925373e-05
3.173305822e-21
7.014925373e-05
1.20590587e-20
7.014925373e-05
-1.581584032e-21
7.014925373e-05
-1.183026203e-20
7.014925373e-05
7.044586346e-22
7.014925373e-05
4.138696532e-20
7.014925373e-05
3.202583708e-21
7.014925373e-05
-1.431388383e-20
7.014925373e-05
3.07392483e-20
7.014925373e-05
1.260104485e-20
7.014925373e-05
5.895815028e-21
7.014925373e-05
5.971940882e-21
7.014925373e-05
1.507402045e-20
7.014925373e-05
8.356660178e-21
7.014925373e-05
-9.469364657e-21
7.014925373e-05
-1.124066425e-20
7.014925373e-05
-2.44657253e-22
7.014925373e-05
-4.814950989e-21
7.014925373e-05
9.037164605e-21
7.014925373e-05
-6.148443362e-21
7.014925373e-05
-2.399076648e-20
7.014925373e-05
-2.058926966e-20
7.014925373e-05
-2.302532802e-20
7.014925373e-05
7.725888972e-22
7.014925373e-05
-2.344574279e-20
7.014925373e-05
-1.087407109e-20
7.014925373e-05
2.07802349e-20
7.014925373e-05
7.165780644e-21
7.014925373e-05
-2.017921279e-20
7.014925373e-05
1.037473372e-20
7.014925373e-05
4.986378581e-20
7.014925373e-05
1.875395601e-20
7.014925373e-05
-4.365990096e-20
7.014925373e-05
-3.50676556e-20
7.014925373e-05
-5.750732009e-21
7.014925373e-05
-1.381490452e-20
7.014925373e-05
-1.981480104e-20
7.014925373e-05
1.88149109e-21
7.014925373e-05
1.403868443e-20
7.014925373e-05
1.612211259e-22
7.014925373e-05
1.41601483e-20
7.014925373e-05
2.802840151e-20
7.014925373e-05
4.168821601e-20
7.014925373e-05
3.691369695e-20
7.014925373e-05
1.142127262e-20
7.014925373e-05
-1.191785882e-20
7.014925373e-05
1.641167701e-20
7.014925373e-05
2.596367891e-20
7.014925373e-05
3.350990235e-21
7.014925373e-05
1.79967774e-20
7.014925373e-05
3.132745163e-21
7.014925373e-05
-1.843937439e-20
7.014925373e-05
-3.902331187e-20
7.014925373e-05
-6.44754707e-20
7.014925373e-05
-6.194660046e-20
7.014925373e-05
-2.005306156e-20
7.014925373e-05
-3.771807792e-20
7.014925373e-05
6.406605852e-21
7.014925373e-05
6.897386161e-20
7.014925373e-05
4.788704584e-20
7.014925373e-05
2.156063007e-20
7.014925373e-05
-3.947197851e-20
7.014925373e-05
-3.785380065e-20
7.014925373e-05
-8.298068224e-21
7.014925373e-05
-3.190287452e-20
7.014925373e-05
-2.502932862e-20
7.014925373e-05
-1.956324958e-20
7.014925373e-05
-9.400040653e-21
7.014925373e-05
4.360953815e-21
7.014925373e-05
-3.663881842e-20
7.014925373e-05
7.76162742e-21
7.014925373e-05
4.196261231e-20
7.014925373e-05
7.701317591e-20
7.014925373e-05
7.362317903e-20
7.014925373e-05
4.304521315e-20
7.014925373e-05
5.438909002e-20
7.014925373e-05
3.643302713e-20
7.014925373e-05
-3.501284744e-21
7.014925373e-05
-4.546019367e-20
7.014925373e-05
-3.679935578e-20
7.014925373e-05
-8.047902669e-21
7.014925373e-05
-3.403037614e-20
7.014925373e-05
-8.400191469e-21
7.014925373e-05
4.047884324e-20
7.014925373e-05
2.308568447e-20
7.014925373e-05
-2.418274535e-20
7.014925373e-05
-1.71937515e-20
7.014925373e-05
-9.61521264e-21
7.014925373e-05
2.504818945e-20
7.014925373e-05
9.843886856e-21
7.014925373e-05
9.32071271e-22
7.014925373e-05
-1.081011753e-20
7.014925373e-05
-5.76192161e-21
7.014925373e-05
-3.221111709e-20
7.014925373e-05
-9.27079627e-21
7.014925373e-05
6.108357626e-20
7.014925373e-05
3.984366568e-20
7.014925373e-05
2.227831085e-20
7.014925373e-05
-3.063510258e-20
7.014925373e-05
-1.500259689e-20
7.014925373e-05
9.396907406e-21
7.014925373e-05
-3.503197276e-20
7.014925373e-05
-4.249041041e-20
7.014925373e-05
-1.651369009e-21
7.014925373e-05
-2.94809728e-20
7.014925373e-05
-5.112493684e-20
7.014925373e-05
1.72381092e-20
7.014925373e-05
1.601360702e-20
7.014925373e-05
4.773040159e-20
7.014925373e-05
5.559005288e-20
7.014925373e-05
-6.186085042e-22
7.014925373e-05
-7.282208824e-21
7.014925373e-05
3.947421088e-21
7.014925373e-05
5.33049038e-20
7.014925373e-05
1.487154304e-20
7.014925373e-05
-6.338380723e-20
7.014925373e-05
-1.13393772e-20
7.014925373e-05
7.561579585e-21
7.014925373e-05
-7.021534427e-20
7.014925373e-05
-7.990687694e-20
7.014925373e-05
-1.456683006e-20
7.014925373e-05
-9.458510547e-21
7.014925373e-05
2.34742793e-20
7.014925373e-05
7.212930337e-21
7.014925373e-05
-3.133303245e-20
7.014925373e-05
-2.444587174e-21
7.014925373e-05
-3.560617933e-21
7.014925373e-05
-1.820769179e-20
1.190563868e-20
7.313432836e-05
5.426673388e-20
7.313432836e-05
3.851697934e-20
7.313432836e-05
6.34831691e-20
7.313432836e-05
5.806663305e-20
7.313432836e-05
5.769604848e-20
7.313432836e-05
5.087874138e-20
7.313432836e-05
3.287879769e-20
7.313432836e-05
3.332928802e-20
7.313432836e-05
5.036031993e-20
7.313432836e-05
2.669082014e-20
7.313432836e-05
8.67879095e-21
7.313432836e-05
1.639848687e-21
7.313432836e-05
-7.494280127e-21
7.313432836e-05
-2.147020624e-20
7.313432836e-05
-4.145699125e-20
7.313432836e-05
-4.273466533e-20
7.313432836e-05
-5.220754967e-20
7.313432836e-05
-2.284464143e-20
7.313432836e-05
-1.744479914e-20
7.313432836e-05
-1.96419463e-20
7.313432836e-05
5.921375857e-21
7.313432836e-05
8.053816676e-22
7.313432836e-05
-2.187351802e-21
7.313432836e-05
-4.720504938e-21
7.313432836e-05
4.705472465e-21
7.313432836e-05
-7.954099254e-21
7.313432836e-05
-1.215662874e-20
7.313432836e-05
-2.218578297e-20
7.313432836e-05
-1.032313295e-20
7.313432836e-05
-2.178391095e-20
7.313432836e-05
-4.144193297e-20
7.313432836e-05
-3.937460187e-20
7.313432836e-05
-3.493901418e-20
7.313432836e-05
-2.021175934e-20
7.313432836e-05
-1.98996957e-21
7.313432836e-05
1.957054974e-20
7.313432836e-05
2.716974877e-20
7.313432836e-05
1.649021796e-20
7.313432836e-05
8.514069957e-21
7.313432836e-05
-1.009658305e-20
7.313432836e-05
-3.222616419e-20
7.313432836e-05
-4.260028905e-20
7.313432836e-05
-3.86242309e-20
7.313432836e-05
-1.915994462e-20
7.313432836e-05
-3.554689217e-21
7.313432836e-05
-1.151893985e-20
7.313432836e-05
-5.645134951e-22
7.313432836e-05
3.322545372e-20
7.313432836e-05
1.19515404e-20
7.313432836e-05
-8.9865437e-21
7.313432836e-05
-3.35887269e-21
7.313432836e-05
1.485007783e-20
7.313432836e-05
2.327115836e-20
7.313432836e-05
3.980742965e-20
7.313432836e-05
3.467108878e-20
7.313432836e-05
4.038963902e-20
7.313432836e-05
3.478772005e-20
7.313432836e-05
2.31828865e-21
7.313432836e-05
2.348979031e-20
7.313432836e-05
9.122476665e-21
7.313432836e-05
8.398319926e-21
7.313432836e-05
-1.375836185e-20
7.313432836e-05
-1.375357695e-20
7.313432836e-05
-4.145255842e-21
7.313432836e-05
3.333715378e-20
7.313432836e-05
3.106592876e-20
7.313432836e-05
4.102495359e-21
7.313432836e-05
-3.538955638e-21
7.313432836e-05
-6.975369784e-21
7.313432836e-05
-2.22421446e-20
7.313432836e-05
-2.669977428e-20
7.313432836e-05
6.291725647e-21
7.313432836e-05
1.051852164e-20
7.313432836e-05
1.54843779e-20
7.313432836e-05
-1.503606851e-20
7.313432836e-05
-3.862483754e-21
7.313432836e-05
3.048282458e-20
7.313432836e-05
1.363713258e-20
7.313432836e-05
-3.739024146e-21
7.313432836e-05
1.137176455e-20
7.313432836e-05
4.672090203e-21
7.313432836e-05
4.178408554e-22
7.313432836e-05
-2.470143063e-21
7.313432836e-05
1.668598251e-20
7.313432836e-05
1.490063341e-20
7.313432836e-05
-2.78754356e-20
7.313432836e-05
-3.364687908e-20
7.313432836e-05
-7.290406355e-21
7.313432836e-05
5.738377031e-21
7.313432836e-05
1.383753349e-20
7.313432836e-05
1.45659009e-20
7.313432836e-05
-1.727583718e-20
7.313432836e-05
-2.789378523e-20
7.313432836e-05
-1.405914764e-20
7.313432836e-05
-8.247494674e-21
7.313432836e-05
-2.948200664e-20
7.313432836e-05
-1.488788256e-20
7.313432836e-05
1.624728799e-20
7.313432836e-05
-8.063591205e-21
7.313432836e-05
-2.189521926e-20
7.313432836e-05
1.002506163e-20
7.313432836e-05
3.590623769e-20
7.313432836e-05
1.451734936e-20
7.313432836e-05
-3.833940786e-20
7.313432836e-05
-5.006220783e-20
7.313432836e-05
-2.018431586e-20
7.313432836e-05
6.852648182e-21
7.313432836e-05
-1.077985499e-21
7.313432836e-05
-4.324785978e-21
7.313432836e-05
2.002926641e-20
7.313432836e-05
7.549967037e-21
7.313432836e-05
2.54822757e-20
7.313432836e-05
3.359828732e-20
7.313432836e-05
2.261424797e-20
7.313432836e-05
3.258202375e-20
7.313432836e-05
2.987214515e-20
7.313432836e-05
-4.05574092e-21
7.313432836e-05
-1.276382197e-22
7.313432836e-05
2.485814339e-20
7.313432836e-05
1.603121667e-20
7.313432836e-05
3.820184849e-21
7.313432836e-05
1.58760877e-20
7.313432836e-05
-2.499243335e-20
7.313432836e-05
-5.288537616e-20
7.313432836e-05
-5.655139253e-20
7.313432836e-05
-6.259972536e-20
7.313432836e-05
-2.452697372e-20
7.313432836e-05
-2.865481284e-20
7.313432836e-05
-1.867727748e-22
7.313432836e-05
5.174649986e-20
7.313432836e-05
4.847621251e-20
7.313432836e-05
3.246212172e-20
7.313432836e-05
-3.040556178e-20
7.313432836e-05
-3.438901018e-20
7.313432836e-05
-2.03938174e-20
7.313432836e-05
-4.187541022e-20
7.313432836e-05
-3.099878293e-20
7.313432836e-05
-1.553797994e-20
7.313432836e-05
4.453257108e-21
7.313432836e-05
1.243609757e-20
7.313432836e-05
-2.592401889e-20
7.313432836e-05
2.583768259e-20
7.313432836e-05
5.596472091e-20
7.313432836e-05
6.745483289e-20
7.313432836e-05
5.362062937e-20
7.313432836e-05
4.463990376e-20
7.313432836e-05
6.03944858e-20
7.313432836e-05
3.637899899e-20
7.313432836e-05
-8.628109219e-21
7.313432836e-05
-2.323932405e-20
7.313432836e-05
-2.619800784e-20
7.313432836e-05
-2.470600001e-20
7.313432836e-05
-4.412304138e-20
7.313432836e-05
-1.027259802e-20
7.313432836e-05
2.703545088e-20
7.313432836e-05
7.172369643e-21
7.313432836e-05
-7.719468955e-21
7.313432836e-05
-5.581885303e-21
7.313432836e-05
-2.976622586e-20
7.313432836e-05
-4.964051579e-22
7.313432836e-05
7.968972846e-21
7.313432836e-05
1.380023218e-20
7.313432836e-05
-1.682099527e-21
7.313432836e-05
-1.07727616e-20
7.313432836e-05
-1.499618851e-20
7.313432836e-05
1.261567217e-20
7.313432836e-05
4.563870782e-20
7.313432836e-05
4.693237259e-20
7.313432836e-05
2.812984243e-20
7.313432836e-05
-3.329389852e-20
7.313432836e-05
-2.414291608e-20
7.313432836e-05
-9.460367647e-21
7.313432836e-05
-4.369675626e-20
7.313432836e-05
-4.494014137e-20
7.313432836e-05
-1.893892493e-20
7.313432836e-05
-2.018508694e-20
7.313432836e-05
-5.103424742e-20
7.313432836e-05
7.162778302e-21
7.313432836e-05
3.533855377e-20
7.313432836e-05
4.668844944e-20
7.313432836e-05
4.919243506e-20
7.313432836e-05
1.350698951e-20
7.313432836e-05
1.76873593e-20
7.313432836e-05
1.175604901e-20
7.313432836e-05
2.779522374e-20
7.313432836e-05
2.634451865e-21
7.313432836e-05
-5.032496992e-20
7.313432836e-05
-1.120289168e-20
7.313432836e-05
-1.1387853e-20
7.313432836e-05
-6.51832174e-20
7.313432836e-05
-4.50635091e-20
7.313432836e-05
-2.10079926e-20
7.313432836e-05
-1.300715167e-20
7.313432836e-05
1.989517568e-20
7.313432836e-05
1.792381521e-20
7.313432836e-05
4.342990129e-21
7.313432836e-05
-1.668686386e-20
7.313432836e-05
2.057458446e-21
7.313432836e-05
-3.436177974e-20
7.237289331e-21
7.462686567e-05
2.675189979e-20
7.462686567e-05
3.993126779e-20
7.462686567e-05
4.964733682e-20
7.462686567e-05
6.032762949e-20
7.462686567e-05
5.30283003e-20
7.462686567e-05
4.371636653e-20
7.462686567e-05
3.13562137e-20
7.462686567e-05
3.29660944e-20
7.462686567e-05
3.430146402e-20
7.462686567e-05
2.460191639e-20
7.462686567e-05
1.492447294e-20
7.462686567e-05
-6.055348007e-21
7.462686567e-05
-3.313431167e-21
7.462686567e-05
-1.547066476e-20
7.462686567e-05
-3.316060118e-20
7.462686567e-05
-3.85771416e-20
7.462686567e-05
-4.271696954e-20
7.462686567e-05
-2.044369197e-20
7.462686567e-05
-1.800120762e-20
7.462686567e-05
-9.512305442e-21
7.462686567e-05
1.608455429e-20
7.462686567e-05
8.564917114e-21
7.462686567e-05
-8.307073397e-21
7.462686567e-05
-1.034734329e-21
7.462686567e-05
-2.259831324e-22
7.462686567e-05
-1.20827291e-20
7.462686567e-05
-2.145654904e-20
7.462686567e-05
-2.256736217e-20
7.462686567e-05
-1.402726292e-21
7.462686567e-05
-2.134368302e-20
7.462686567e-05
-5.264108616e-20
7.462686567e-05
-4.652491618e-20
7.462686567e-05
-3.17927183e-20
7.462686567e-05
-2.322596381e-20
7.462686567e-05
5.86380815e-22
7.462686567e-05
1.811124285e-20
7.462686567e-05
2.838590194e-20
7.462686567e-05
6.536806744e-21
7.462686567e-05
1.144743533e-21
7.462686567e-05
-1.7445734e-20
7.462686567e-05
-2.6591318e-20
7.462686567e-05
-1.913196737e-20
7.462686567e-05
-3.905686264e-20
7.462686567e-05
-4.814018758e-20
7.462686567e-05
-2.355453998e-20
7.462686567e-05
-1.426527606e-20
7.462686567e-05
6.558342311e-21
7.462686567e-05
2.946294112e-20
7.462686567e-05
1.076471142e-20
7.462686567e-05
-4.940026346e-21
7.462686567e-05
4.156308846e-21
7.462686567e-05
1.986512728e-20
7.462686567e-05
3.439852424e-20
7.462686567e-05
4.627910827e-20
7.462686567e-05
3.183773653e-20
7.462686567e-05
4.526801213e-20
7.462686567e-05
3.403069272e-20
7.462686567e-05
6.849488816e-21
7.462686567e-05
1.083620754e-20
7.462686567e-05
1.355224006e-20
7.462686567e-05
6.323207539e-21
7.462686567e-05
-1.153360492e-20
7.462686567e-05
-8.656736107e-21
7.462686567e-05
2.840186017e-21
7.462686567e-05
2.258141065e-20
7.462686567e-05
2.641817388e-20
7.462686567e-05
4.407561046e-21
7.462686567e-05
4.256548672e-22
7.462686567e-05
-1.455943965e-20
7.462686567e-05
-2.124759132e-20
7.462686567e-05
-1.211258859e-21
7.462686567e-05
2.148774107e-20
7.462686567e-05
-1.821548963e-21
7.462686567e-05
8.436887151e-21
7.462686567e-05
1.775620137e-20
7.462686567e-05
7.720286574e-22
7.462686567e-05
8.872680352e-21
7.462686567e-05
1.35985517e-20
7.462686567e-05
1.488248239e-20
7.462686567e-05
-1.540833206e-21
7.462686567e-05
-1.114222927e-20
7.462686567e-05
-2.806636523e-21
7.462686567e-05
2.697183056e-21
7.462686567e-05
3.970230995e-21
7.462686567e-05
5.26577948e-21
7.462686567e-05
-3.609414392e-20
7.462686567e-05
-3.156938409e-20
7.462686567e-05
3.906134245e-21
7.462686567e-05
8.6747738e-21
7.462686567e-05
1.071196896e-20
7.462686567e-05
1.765207783e-20
7.462686567e-05
-1.284098354e-20
7.462686567e-05
-3.483160421e-20
7.462686567e-05
-3.645975615e-21
7.462686567e-05
-1.761684516e-20
7.462686567e-05
-3.464239256e-20
7.462686567e-05
3.81209446e-21
7.462686567e-05
6.226272735e-21
7.462686567e-05
-1.788447487e-20
7.462686567e-05
-9.091381253e-21
7.462686567e-05
8.110875806e-21
7.462686567e-05
2.822702772e-21
7.462686567e-05
1.009475325e-20
7.462686567e-05
-4.210857839e-21
7.462686567e-05
-4.274924146e-20
7.462686567e-05
-4.257288444e-20
7.462686567e-05
4.294856085e-21
7.462686567e-05
1.878367245e-21
7.462686567e-05
5.577996571e-21
7.462686567e-05
-1.788253196e-21
7.462686567e-05
2.864878703e-20
7.462686567e-05
3.266319847e-20
7.462686567e-05
2.046349676e-20
7.462686567e-05
3.206053667e-20
7.462686567e-05
2.824301099e-20
7.462686567e-05
3.876229275e-20
7.462686567e-05
1.552882018e-20
7.462686567e-05
-5.805935649e-21
7.462686567e-05
2.460719956e-21
7.462686567e-05
2.064076114e-20
7.462686567e-05
2.126007502e-20
7.462686567e-05
1.088086352e-20
7.462686567e-05
-1.7802725e-20
7.462686567e-05
-4.237285147e-20
7.462686567e-05
-5.728514049e-20
7.462686567e-05
-6.375350164e-20
7.462686567e-05
-2.374489002e-20
7.462686567e-05
-2.125702679e-20
7.462686567e-05
-5.117898687e-21
7.462686567e-05
3.256328433e-20
7.462686567e-05
4.878306638e-20
7.462686567e-05
3.643908307e-20
7.462686567e-05
-1.751698817e-21
7.462686567e-05
-3.042996397e-20
7.462686567e-05
-2.96851494e-20
7.462686567e-05
-3.922068191e-20
7.462686567e-05
-3.150300619e-20
7.462686567e-05
-2.360357154e-20
7.462686567e-05
1.151606721e-20
7.462686567e-05
8.764514274e-21
7.462686567e-05
-3.045459899e-20
7.462686567e-05
2.813029646e-20
7.462686567e-05
7.131024599e-20
7.462686567e-05
4.858789074e-20
7.462686567e-05
3.782367199e-20
7.462686567e-05
5.593060398e-20
7.462686567e-05
5.85532219e-20
7.462686567e-05
4.370488595e-20
7.462686567e-05
5.888240207e-21
7.462686567e-05
-9.23258123e-21
7.462686567e-05
-6.505827027e-21
7.462686567e-05
-5.295015272e-20
7.462686567e-05
-6.606347772e-20
7.462686567e-05
-9.913364604e-21
7.462686567e-05
1.366948522e-20
7.462686567e-05
3.070402146e-21
7.462686567e-05
-1.551432698e-23
7.462686567e-05
-1.43209258e-20
7.462686567e-05
-1.87580835e-20
7.462686567e-05
-2.65551416e-20
7.462686567e-05
6.669595567e-21
7.462686567e-05
1.475389215e-20
7.462686567e-05
-9.75187489e-21
7.462686567e-05
1.568745952e-21
7.462686567e-05
-8.453410746e-21
7.462686567e-05
1.672897294e-20
7.462686567e-05
4.576383334e-20
7.462686567e-05
5.123994584e-20
7.462686567e-05
3.672379737e-20
7.462686567e-05
-2.541448185e-20
7.462686567e-05
-3.329623999e-20
7.462686567e-05
-3.394860804e-20
7.462686567e-05
-4.524863837e-20
7.462686567e-05
-4.366331859e-20
7.462686567e-05
-2.007890132e-20
7.462686567e-05
-1.347144326e-20
7.462686567e-05
-5.469803252e-20
7.462686567e-05
-4.386895232e-22
7.462686567e-05
3.702894035e-20
7.462686567e-05
3.863163632e-20
7.462686567e-05
3.039068761e-20
7.462686567e-05
3.458233469e-20
7.462686567e-05
3.460334378e-20
7.462686567e-05
1.135713295e-20
7.462686567e-05
7.374795997e-21
7.462686567e-05
-1.032294369e-20
7.462686567e-05
-2.059470976e-20
7.462686567e-05
-2.039021554e-20
7.462686567e-05
-3.984594169e-20
7.462686567e-05
-5.974240858e-20
7.462686567e-05
-4.011488156e-20
7.462686567e-05
-8.807872222e-21
7.462686567e-05
-6.082944966e-21
7.462686567e-05
9.016502118e-21
7.462686567e-05
4.07040505e-20
7.462686567e-05
-1.424262327e-20
7.462686567e-05
-2.116832005e-20
7.462686567e-05
-7.38375949e-21
7.462686567e-05
-4.126727816e-21
1.562640756e-20
7.462686567e-05
2.385845971e-20
7.462686567e-05
2.958873931e-20
7.462686567e-05
5.42150201e-20
7.462686567e-05
3.994423163e-20
7.462686567e-05
3.998949205e-20
7.462686567e-05
4.778763838e-20
7.462686567e-05
4.817125477e-20
7.462686567e-05
2.558304069e-20
7.462686567e-05
6.146913781e-22
7.462686567e-05
2.432520528e-20
7.462686567e-05
1.439144883e-20
7.462686567e-05
-3.458102511e-21
7.462686567e-05
2.528093188e-21
7.462686567e-05
-1.087221319e-20
7.462686567e-05
-1.02330709e-20
7.462686567e-05
-2.127733571e-20
7.462686567e-05
-3.354146511e-20
7.462686567e-05
-3.169294328e-20
7.462686567e-05
-1.950826072e-20
7.462686567e-05
-9.198925809e-21
7.462686567e-05
1.854576439e-21
7.462686567e-05
2.097699103e-21
7.462686567e-05
-1.221458536e-20
7.462686567e-05
-1.221474759e-21
7.462686567e-05
-9.238455774e-21
7.462686567e-05
-1.836440609e-20
7.462686567e-05
-3.786040543e-20
7.462686567e-05
-1.297843342e-20
7.462686567e-05
5.050351384e-21
7.462686567e-05
-2.228910364e-20
7.462686567e-05
-3.654335288e-20
7.462686567e-05
-4.453241611e-20
7.462686567e-05
-4.100917067e-20
7.462686567e-05
-2.049127927e-20
7.462686567e-05
6.646235012e-21
7.462686567e-05
1.45436905e-20
7.462686567e-05
2.708755433e-20
7.462686567e-05
-5.153674031e-22
7.462686567e-05
-1.018833339e-20
7.462686567e-05
-1.762166093e-20
7.462686567e-05
-1.492107923e-20
7.462686567e-05
-9.18824335e-21
7.462686567e-05
-3.563441353e-20
7.462686567e-05
-6.544738379e-20
7.462686567e-05
-4.441741699e-20
7.462686567e-05
-1.633042515e-20
7.462686567e-05
5.036958147e-21
7.462686567e-05
3.414700208e-20
7.462686567e-05
3.361847978e-20
7.462686567e-05
1.613664478e-21
7.462686567e-05
5.014323923e-21
7.462686567e-05
2.381774705e-20
7.462686567e-05
2.775276168e-20
7.462686567e-05
2.120656642e-20
7.462686567e-05
5.080737191e-20
7.462686567e-05
5.127505208e-20
7.462686567e-05
3.972157195e-20
7.462686567e-05
9.472512516e-21
7.462686567e-05
-2.645895991e-22
7.462686567e-05
2.560282177e-21
7.462686567e-05
-1.167539569e-20
7.462686567e-05
4.452363298e-21
7.462686567e-05
2.897705433e-21
7.462686567e-05
9.891830132e-21
7.462686567e-05
1.879334805e-20
7.462686567e-05
2.015994894e-20
7.462686567e-05
-1.059841541e-20
7.462686567e-05
3.268698955e-22
7.462686567e-05
-1.805267099e-20
7.462686567e-05
-2.885436729e-20
7.462686567e-05
2.068808002e-20
7.462686567e-05
1.920127268e-20
7.462686567e-05
-2.447943585e-21
7.462686567e-05
7.319232702e-23
7.462686567e-05
1.900268783e-20
7.462686567e-05
6.911525763e-21
7.462686567e-05
-1.375882047e-20
7.462686567e-05
2.153098145e-20
7.462686567e-05
2.92924376e-20
7.462686567e-05
-8.07326085e-21
7.462686567e-05
-3.614813171e-20
7.462686567e-05
-5.349098828e-21
7.462686567e-05
-4.805262439e-21
7.462686567e-05
9.623203933e-21
7.462686567e-05
1.660907201e-20
7.462686567e-05
-4.261900009e-20
7.462686567e-05
-2.833573602e-20
7.462686567e-05
-9.93697306e-21
7.462686567e-05
8.829420508e-21
7.462686567e-05
8.934587604e-21
7.462686567e-05
9.734353359e-21
7.462686567e-05
-1.219641375e-20
7.462686567e-05
-1.70015672e-20
7.462686567e-05
-5.101884571e-21
7.462686567e-05
-1.256507199e-20
7.462686567e-05
-2.590343682e-20
7.462686567e-05
-8.617579038e-21
7.462686567e-05
-1.793689062e-20
7.462686567e-05
-1.536531861e-20
7.462686567e-05
-5.462590331e-21
7.462686567e-05
-2.911967652e-21
7.462686567e-05
-1.345726278e-20
7.462686567e-05
8.323382888e-21
7.462686567e-05
-6.756429899e-21
7.462686567e-05
-4.311859422e-20
7.462686567e-05
-3.460502573e-20
7.462686567e-05
1.129470903e-20
7.462686567e-05
1.598879911e-20
7.462686567e-05
-1.293379967e-20
7.462686567e-05
-1.679695927e-21
7.462686567e-05
3.028360111e-20
7.462686567e-05
5.093513701e-20
7.462686567e-05
4.237760733e-20
7.462686567e-05
7.457277438e-21
7.462686567e-05
2.45876124e-20
7.462686567e-05
4.174646842e-20
7.462686567e-05
7.014681533e-21
7.462686567e-05
-6.323299391e-21
7.462686567e-05
2.301313454e-20
7.462686567e-05
2.687442752e-20
7.462686567e-05
7.007982955e-21
7.462686567e-05
6.076090658e-21
7.462686567e-05
-1.300139735e-20
7.462686567e-05
-4.064025656e-20
7.462686567e-05
-4.485366236e-20
7.462686567e-05
-4.654211099e-20
7.462686567e-05
-3.683004307e-20
7.462686567e-05
-4.018431638e-20
7.462686567e-05
2.200681692e-21
7.462686567e-05
1.837468504e-20
7.462686567e-05
4.880677e-20
7.462686567e-05
4.838543396e-20
7.462686567e-05
-3.925860088e-22
7.462686567e-05
-1.75857408e-20
7.462686567e-05
-5.53378262e-20
7.462686567e-05
-4.295061795e-20
7.462686567e-05
-2.168182478e-20
7.462686567e-05
-1.969394206e-20
7.462686567e-05
1.659892823e-21
7.462686567e-05
-1.134967989e-20
7.462686567e-05
-4.34259246e-21
7.462686567e-05
3.948576007e-20
7.462686567e-05
8.123843691e-20
7.462686567e-05
4.582935665e-20
7.462686567e-05
3.276086335e-20
7.462686567e-05
5.023035865e-20
7.462686567e-05
4.928066241e-20
7.462686567e-05
3.249013265e-20
7.462686567e-05
3.016812897e-20
7.462686567e-05
1.025298226e-21
7.462686567e-05
2.825175816e-23
7.462686567e-05
-6.268167141e-20
7.462686567e-05
-6.589310833e-20
7.462686567e-05
-4.510591574e-22
7.462686567e-05
-1.646404073e-20
7.462686567e-05
-1.965126089e-20
7.462686567e-05
1.160749913e-20
7.462686567e-05
2.224943439e-20
7.462686567e-05
-1.803130569e-20
7.462686567e-05
-3.966848021e-20
7.462686567e-05
-6.376606202e-21
7.462686567e-05
-7.114627309e-22
7.462686567e-05
-3.899505148e-21
7.462686567e-05
3.422885088e-21
7.462686567e-05
1.096016431e-20
7.462686567e-05
2.233325174e-20
7.462686567e-05
4.318534614e-20
7.462686567e-05
6.791872279e-20
7.462686567e-05
3.302197396e-20
7.462686567e-05
-2.699774647e-20
7.462686567e-05
-1.94065752e-20
7.462686567e-05
-5.44814455e-20
7.462686567e-05
-6.646640977e-20
7.462686567e-05
-4.194773573e-20
7.462686567e-05
-4.084900569e-20
7.462686567e-05
-1.571141092e-20
7.462686567e-05
-5.247573347e-20
7.462686567e-05
-4.832506257e-21
7.462686567e-05
5.476505708e-20
7.462686567e-05
1.617004781e-20
7.462686567e-05
2.658569454e-20
7.462686567e-05
5.072270951e-20
7.462686567e-05
4.619040892e-20
7.462686567e-05
4.055559502e-20
7.462686567e-05
-3.060478263e-20
7.462686567e-05
-1.413028535e-20
7.462686567e-05
6.75765481e-21
7.462686567e-05
-2.005612542e-20
7.462686567e-05
-4.016931479e-20
7.462686567e-05
-5.760659961e-20
7.462686567e-05
-3.342628274e-20
7.462686567e-05
6.646541236e-22
7.462686567e-05
9.321188481e-21
7.462686567e-05
-1.086670096e-21
7.462686567e-05
1.963197228e-20
7.462686567e-05
-7.507976196e-23
7.462686567e-05
-2.064252647e-20
7.462686567e-05
1.16443229e-21
7.462686567e-05
-2.93658711e-21
2.064595073e-20
7.313432836e-05
1.153182595e-20
7.313432836e-05
3.246462275e-20
7.313432836e-05
2.790187469e-20
7.313432836e-05
2.122853654e-20
7.313432836e-05
3.624937944e-20
7.313432836e-05
4.612315858e-20
7.313432836e-05
4.437216796e-20
7.313432836e-05
2.207289871e-20
7.313432836e-05
5.787289864e-21
7.313432836e-05
1.467514716e-20
7.313432836e-05
1.10564841e-20
7.313432836e-05
1.724999424e-21
7.313432836e-05
1.247593754e-21
7.313432836e-05
-3.981547071e-21
7.313432836e-05
-4.234025729e-21
7.313432836e-05
-2.227533797e-20
7.313432836e-05
-2.309587621e-20
7.313432836e-05
-2.63691486e-20
7.313432836e-05
-3.172040421e-20
7.313432836e-05
-8.551750551e-22
7.313432836e-05
7.113776287e-21
7.313432836e-05
-1.364307698e-20
7.313432836e-05
6.486060712e-21
7.313432836e-05
-1.659522741e-21
7.313432836e-05
-7.100703472e-21
7.313432836e-05
-2.089475816e-20
7.313432836e-05
-4.599834051e-20
7.313432836e-05
-2.093118269e-20
7.313432836e-05
1.565700729e-20
7.313432836e-05
4.757387439e-21
7.313432836e-05
-4.13156584e-20
7.313432836e-05
-5.73164688e-20
7.313432836e-05
-2.996522686e-20
7.313432836e-05
8.951756186e-21
7.313432836e-05
1.128042498e-20
7.313432836e-05
8.230347307e-21
7.313432836e-05
2.064327758e-20
7.313432836e-05
1.79246946e-20
7.313432836e-05
-1.84377178e-20
7.313432836e-05
-3.774086078e-20
7.313432836e-05
-3.634194924e-21
7.313432836e-05
2.131325495e-20
7.313432836e-05
-3.690608579e-20
7.313432836e-05
-6.384652513e-20
7.313432836e-05
-4.622953029e-20
7.313432836e-05
-4.046474015e-20
7.313432836e-05
7.252254319e-21
7.313432836e-05
3.501690532e-20
7.313432836e-05
3.357634946e-20
7.313432836e-05
8.99058057e-21
7.313432836e-05
1.427921221e-20
7.313432836e-05
1.72303947e-20
7.313432836e-05
3.392879653e-20
7.313432836e-05
6.729294647e-21
7.313432836e-05
1.603337398e-20
7.313432836e-05
5.423982528e-20
7.313432836e-05
5.649475285e-20
7.313432836e-05
7.653400895e-21
7.313432836e-05
3.075301515e-21
7.313432836e-05
-8.738157926e-22
7.313432836e-05
-1.298863054e-20
7.313432836e-05
-6.371401955e-21
7.313432836e-05
7.9685052e-21
7.313432836e-05
2.324950266e-20
7.313432836e-05
2.020282646e-20
7.313432836e-05
2.320255145e-20
7.313432836e-05
-1.673555193e-20
7.313432836e-05
-2.902853579e-21
7.313432836e-05
-7.012406778e-21
7.313432836e-05
-2.546532617e-20
7.313432836e-05
3.050442148e-20
7.313432836e-05
1.939772971e-20
7.313432836e-05
-1.805937112e-20
7.313432836e-05
1.000614581e-20
7.313432836e-05
2.361084212e-20
7.313432836e-05
-2.629706676e-21
7.313432836e-05
-2.267635301e-20
7.313432836e-05
2.55327924e-20
7.313432836e-05
3.125154795e-20
7.313432836e-05
2.409193126e-21
7.313432836e-05
-2.949926603e-20
7.313432836e-05
-2.899922886e-20
7.313432836e-05
-1.83964987e-20
7.313432836e-05
1.466668487e-20
7.313432836e-05
2.35051004e-20
7.313432836e-05
-2.656459568e-20
7.313432836e-05
-4.163565945e-20
7.313432836e-05
-1.641033878e-20
7.313432836e-05
1.190879807e-20
7.313432836e-05
1.885978952e-20
7.313432836e-05
7.82276487e-22
7.313432836e-05
-1.304564278e-20
7.313432836e-05
-1.402759262e-20
7.313432836e-05
9.322775965e-21
7.313432836e-05
-6.446020489e-21
7.313432836e-05
-1.396219902e-21
7.313432836e-05
-1.903061731e-20
7.313432836e-05
-3.638086816e-20
7.313432836e-05
-1.573794164e-20
7.313432836e-05
-3.831425697e-21
7.313432836e-05
-2.266968996e-20
7.313432836e-05
-2.813604339e-20
7.313432836e-05
1.016322295e-20
7.313432836e-05
1.103160887e-21
7.313432836e-05
-2.482736079e-20
7.313432836e-05
-4.460129859e-20
7.313432836e-05
1.02273015e-20
7.313432836e-05
4.172418794e-20
7.313432836e-05
-1.897395063e-20
7.313432836e-05
-1.418437311e-20
7.313432836e-05
1.819270473e-20
7.313432836e-05
6.859035218e-20
7.313432836e-05
4.58925929e-20
7.313432836e-05
8.810931574e-21
7.313432836e-05
5.166847782e-21
7.313432836e-05
2.10495202e-20
7.313432836e-05
1.821983458e-20
7.313432836e-05
3.061491028e-21
7.313432836e-05
1.350794607e-20
7.313432836e-05
3.847691592e-20
7.313432836e-05
1.041667862e-20
7.313432836e-05
-1.650121018e-20
7.313432836e-05
-3.065573473e-20
7.313432836e-05
-2.715275317e-20
7.313432836e-05
-4.004129372e-20
7.313432836e-05
-2.632465416e-20
7.313432836e-05
-3.66032722e-20
7.313432836e-05
-4.79415346e-20
7.313432836e-05
-1.096466684e-20
7.313432836e-05
2.058386034e-20
7.313432836e-05
4.207167145e-20
7.313432836e-05
4.099732276e-20
7.313432836e-05
3.429835527e-21
7.313432836e-05
-9.765856814e-21
7.313432836e-05
-5.283952695e-20
7.313432836e-05
-4.505107754e-20
7.313432836e-05
-1.657630148e-20
7.313432836e-05
1.074306726e-20
7.313432836e-05
-8.936873864e-21
7.313432836e-05
-2.825906858e-20
7.313432836e-05
4.054216444e-21
7.313432836e-05
7.782794256e-20
7.313432836e-05
8.038548441e-20
7.313432836e-05
3.947871185e-21
7.313432836e-05
9.849715569e-21
7.313432836e-05
6.509853963e-20
7.313432836e-05
4.909260314e-20
7.313432836e-05
1.825245265e-20
7.313432836e-05
4.711492367e-20
7.313432836e-05
2.657946605e-20
7.313432836e-05
-2.333120034e-21
7.313432836e-05
-7.43672076e-20
7.313432836e-05
-6.994286779e-20
7.313432836e-05
1.287765903e-20
7.313432836e-05
-2.315877577e-20
7.313432836e-05
-3.354182872e-20
7.313432836e-05
6.580489963e-21
7.313432836e-05
1.011490339e-20
7.313432836e-05
-6.298924122e-21
7.313432836e-05
-4.605148471e-20
7.313432836e-05
-1.222830296e-20
7.313432836e-05
-2.21902839e-21
7.313432836e-05
-5.841048069e-21
7.313432836e-05
2.586436507e-21
7.313432836e-05
1.019923308e-20
7.313432836e-05
2.855623703e-20
7.313432836e-05
3.628142886e-20
7.313432836e-05
7.345655704e-20
7.313432836e-05
1.611298111e-20
7.313432836e-05
-1.717109669e-20
7.313432836e-05
1.129801828e-20
7.313432836e-05
-8.010962972e-20
7.313432836e-05
-8.540736268e-20
7.313432836e-05
-2.939169602e-20
7.313432836e-05
-3.321617629e-20
7.313432836e-05
-8.437214069e-21
7.313432836e-05
-7.246166439e-20
7.313432836e-05
-2.288115144e-20
7.313432836e-05
8.093575903e-20
7.313432836e-05
-1.987195449e-21
7.313432836e-05
2.089584033e-20
7.313432836e-05
8.582173367e-20
7.313432836e-05
6.205334307e-20
7.313432836e-05
3.840416042e-20
7.313432836e-05
-6.479756223e-20
7.313432836e-05
-2.069435847e-20
7.313432836e-05
4.698902337e-20
7.313432836e-05
-8.732918583e-21
7.313432836e-05
-7.506203073e-20
7.313432836e-05
-5.465741332e-20
7.313432836e-05
6.714739773e-21
7.313432836e-05
1.380746274e-20
7.313432836e-05
2.631180906e-20
7.313432836e-05
-9.459390389e-21
7.313432836e-05
-5.420519842e-21
7.313432836e-05
-3.646072485e-21
7.313432836e-05
-6.359304325e-21
7.313432836e-05
3.435915757e-21
7.313432836e-05
4.194119987e-22
1.587536216e-20
7.014925373e-05
6.907460685e-21
7.014925373e-05
1.207515863e-20
7.014925373e-05
5.591511735e-21
7.014925373e-05
-3.319365263e-21
7.014925373e-05
3.055321417e-20
7.014925373e-05
4.797355814e-20
7.014925373e-05
3.431496803e-20
7.014925373e-05
1.77772016e-20
7.014925373e-05
5.729611459e-21
7.014925373e-05
1.137238073e-20
7.014925373e-05
5.241396377e-21
7.014925373e-05
1.66775553e-20
7.014925373e-05
-3.453082134e-22
7.014925373e-05
-4.401715566e-21
7.014925373e-05
3.818601216e-21
7.014925373e-05
-1.833620758e-20
7.014925373e-05
-7.150781005e-21
7.014925373e-05
-2.639277958e-20
7.014925373e-05
-3.155161807e-20
7.014925373e-05
-1.891250277e-20
7.014925373e-05
-1.020720701e-20
7.014925373e-05
6.420624028e-21
7.014925373e-05
1.262305548e-20
7.014925373e-05
2.52195531e-21
7.014925373e-05
-9.148391346e-21
7.014925373e-05
-9.414368927e-21
7.014925373e-05
-4.351567918e-20
7.014925373e-05
-2.783853516e-20
7.014925373e-05
1.751909532e-21
7.014925373e-05
7.793662292e-21
7.014925373e-05
-2.076128815e-20
7.014925373e-05
-3.441072047e-20
7.014925373e-05
-3.426553496e-20
7.014925373e-05
1.179272773e-20
7.014925373e-05
2.816726694e-20
7.014925373e-05
-8.82618083e-22
7.014925373e-05
1.64112861e-20
7.014925373e-05
6.573173627e-21
7.014925373e-05
-1.931361022e-20
7.014925373e-05
-1.357369132e-20
7.014925373e-05
-1.429095767e-20
7.014925373e-05
2.351231231e-20
7.014925373e-05
-2.175221243e-20
7.014925373e-05
-6.26450142e-20
7.014925373e-05
-4.488359731e-20
7.014925373e-05
-2.189790996e-20
7.014925373e-05
-6.909226101e-21
7.014925373e-05
2.251690777e-20
7.014925373e-05
4.848796681e-20
7.014925373e-05
6.678324448e-21
7.014925373e-05
6.453731094e-21
7.014925373e-05
1.263614486e-20
7.014925373e-05
1.357756925e-20
7.014925373e-05
3.43799166e-21
7.014925373e-05
1.034999003e-20
7.014925373e-05
4.863217795e-20
7.014925373e-05
3.974846237e-20
7.014925373e-05
1.380662326e-20
7.014925373e-05
-4.998080323e-21
7.014925373e-05
9.591971344e-21
7.014925373e-05
4.436184218e-21
7.014925373e-05
-7.856396395e-21
7.014925373e-05
1.172203567e-20
7.014925373e-05
3.622283275e-21
7.014925373e-05
2.237453253e-20
7.014925373e-05
2.12877007e-20
7.014925373e-05
-9.707475099e-21
7.014925373e-05
-3.212447853e-21
7.014925373e-05
-5.778797271e-21
7.014925373e-05
-8.17336493e-21
7.014925373e-05
3.068723937e-20
7.014925373e-05
1.391597947e-22
7.014925373e-05
-1.132512328e-20
7.014925373e-05
2.065747771e-20
7.014925373e-05
2.223906211e-20
7.014925373e-05
-2.152662403e-20
7.014925373e-05
-4.045855958e-20
7.014925373e-05
3.012252807e-20
7.014925373e-05
3.54577149e-20
7.014925373e-05
4.393425791e-21
7.014925373e-05
-2.332383922e-20
7.014925373e-05
-2.875368369e-20
7.014925373e-05
-2.847438224e-20
7.014925373e-05
-1.30344062e-21
7.014925373e-05
2.561154482e-20
7.014925373e-05
7.403873566e-21
7.014925373e-05
-4.336120405e-20
7.014925373e-05
-4.398326727e-20
7.014925373e-05
7.947596864e-21
7.014925373e-05
2.141579131e-20
7.014925373e-05
-1.405984068e-20
7.014925373e-05
-5.044685991e-21
7.014925373e-05
1.218913702e-20
7.014925373e-05
1.016044723e-20
7.014925373e-05
-1.578561579e-20
7.014925373e-05
1.260224914e-20
7.014925373e-05
-1.892509734e-20
7.014925373e-05
-5.334436708e-20
7.014925373e-05
-8.68740053e-21
7.014925373e-05
2.814860742e-21
7.014925373e-05
-2.555428821e-20
7.014925373e-05
-4.5074058e-20
7.014925373e-05
1.713342252e-20
7.014925373e-05
2.404699693e-20
7.014925373e-05
-3.815950398e-20
7.014925373e-05
-5.264603356e-20
7.014925373e-05
1.839575348e-20
7.014925373e-05
4.95224799e-20
7.014925373e-05
-3.320274969e-20
7.014925373e-05
-3.241206616e-20
7.014925373e-05
2.073823336e-20
7.014925373e-05
8.507944024e-20
7.014925373e-05
5.74323848e-20
7.014925373e-05
6.838283117e-21
7.014925373e-05
-2.154829008e-20
7.014925373e-05
6.920108072e-21
7.014925373e-05
3.042939912e-20
7.014925373e-05
1.763924534e-20
7.014925373e-05
1.564969023e-20
7.014925373e-05
3.049568143e-20
7.014925373e-05
1.600200479e-20
7.014925373e-05
-3.363059482e-20
7.014925373e-05
-5.243951228e-20
7.014925373e-05
-1.316060286e-20
7.014925373e-05
-9.243288513e-21
7.014925373e-05
-2.674687989e-20
7.014925373e-05
-3.836225037e-20
7.014925373e-05
-6.330713183e-20
7.014925373e-05
-1.860083501e-20
7.014925373e-05
4.996363785e-21
7.014925373e-05
2.020462909e-20
7.014925373e-05
5.05600512e-20
7.014925373e-05
2.444708517e-20
7.014925373e-05
7.115382354e-21
7.014925373e-05
-8.241543013e-20
7.014925373e-05
-1.293626699e-20
7.014925373e-05
3.447575512e-20
7.014925373e-05
6.898022573e-21
7.014925373e-05
-3.911555729e-20
7.014925373e-05
-6.777320362e-20
7.014925373e-05
1.372304796e-20
7.014925373e-05
1.021046171e-19
7.014925373e-05
7.407153297e-20
7.014925373e-05
-3.757490548e-20
7.014925373e-05
-3.978859386e-21
7.014925373e-05
8.798285137e-20
7.014925373e-05
3.730876619e-20
7.014925373e-05
2.470641495e-20
7.014925373e-05
4.381482068e-20
7.014925373e-05
5.442680865e-20
7.014925373e-05
2.998662043e-20
7.014925373e-05
-1.050408579e-19
7.014925373e-05
-6.615403622e-20
7.014925373e-05
2.899387763e-20
7.014925373e-05
-4.443580208e-20
7.014925373e-05
-2.815451235e-20
7.014925373e-05
1.460110901e-20
7.014925373e-05
-6.922584894e-21
7.014925373e-05
-5.797749203e-21
7.014925373e-05
-5.454093628e-20
7.014925373e-05
-4.111069653e-21
7.014925373e-05
4.999584102e-22
7.014925373e-05
9.560186687e-23
7.014925373e-05
8.984766107e-21
7.014925373e-05
-5.419113409e-21
7.014925373e-05
1.025382965e-20
7.014925373e-05
3.327547725e-20
7.014925373e-05
6.417603913e-20
7.014925373e-05
9.622315503e-21
7.014925373e-05
-1.398078691e-20
7.014925373e-05
3.097910528e-20
7.014925373e-05
-9.903351714e-20
7.014925373e-05
-9.295945337e-20
7.014925373e-05
-1.291864824e-20
7.014925373e-05
-3.290505298e-20
7.014925373e-05
-1.430658089e-20
7.014925373e-05
-1.02231385e-19
7.014925373e-05
-1.460776192e-20
7.014925373e-05
1.205702811e-19
7.014925373e-05
-3.018296709e-20
7.014925373e-05
7.614379811e-22
7.014925373e-05
9.406125756e-20
7.014925373e-05
6.043738268e-20
7.014925373e-05
5.27790508e-20
7.014925373e-05
-6.839855384e-20
7.014925373e-05
-4.102275464e-20
7.014925373e-05
5.964110286e-20
7.014925373e-05
-2.816594688e-21
7.014925373e-05
-8.232693344e-20
7.014925373e-05
-5.591177103e-20
7.014925373e-05
2.437851761e-20
7.014925373e-05
3.934110356e-20
7.014925373e-05
2.66192389e-20
7.014925373e-05
-4.028641555e-20
7.014925373e-05
-2.456141331e-20
7.014925373e-05
-9.055572797e-21
7.014925373e-05
-8.076173861e-21
7.014925373e-05
2.999281418e-20
7.014925373e-05
3.729667119e-20
2.28941074e-20
6.567164179e-05
1.768960975e-21
6.567164179e-05
-4.005010069e-21
6.567164179e-05
-5.19524213e-21
6.567164179e-05
-7.435612501e-21
6.567164179e-05
3.017650027e-20
6.567164179e-05
3.618255778e-20
6.567164179e-05
2.125570882e-20
6.567164179e-05
1.701759142e-20
6.567164179e-05
-1.793969975e-21
6.567164179e-05
1.272843463e-21
6.567164179e-05
2.36453196e-20
6.567164179e-05
3.047512414e-20
6.567164179e-05
-3.365208509e-21
6.567164179e-05
4.324510972e-21
6.567164179e-05
1.608812298e-20
6.567164179e-05
-1.241490589e-20
6.567164179e-05
-8.442615597e-21
6.567164179e-05
-1.936884873e-20
6.567164179e-05
-3.629788752e-20
6.567164179e-05
-2.833122032e-20
6.567164179e-05
-4.121670304e-22
6.567164179e-05
1.437818145e-20
6.567164179e-05
1.28097529e-20
6.567164179e-05
7.359770261e-21
6.567164179e-05
-1.032128634e-20
6.567164179e-05
-3.351061101e-20
6.567164179e-05
-3.885822541e-20
6.567164179e-05
-2.918060484e-20
6.567164179e-05
2.700510893e-21
6.567164179e-05
1.456126859e-21
6.567164179e-05
-1.790428064e-20
6.567164179e-05
-1.878570536e-20
6.567164179e-05
-8.297710146e-21
6.567164179e-05
1.82204726e-21
6.567164179e-05
2.622164713e-20
6.567164179e-05
1.321891386e-21
6.567164179e-05
1.511010017e-20
6.567164179e-05
9.198952457e-21
6.567164179e-05
-5.520825968e-21
6.567164179e-05
9.754537604e-21
6.567164179e-05
-3.507949541e-20
6.567164179e-05
5.902397011e-21
6.567164179e-05
-1.266345774e-21
6.567164179e-05
-4.621918266e-20
6.567164179e-05
-3.982925832e-20
6.567164179e-05
-1.925084434e-20
6.567164179e-05
-8.163524282e-21
6.567164179e-05
1.829988852e-20
6.567164179e-05
3.42190228e-20
6.567164179e-05
7.685515187e-21
6.567164179e-05
1.032112521e-20
6.567164179e-05
9.707259613e-21
6.567164179e-05
1.089399768e-21
6.567164179e-05
-7.532594055e-21
6.567164179e-05
3.734640991e-22
6.567164179e-05
5.313826724e-20
6.567164179e-05
3.387164834e-20
6.567164179e-05
1.700718806e-20
6.567164179e-05
-8.754579816e-21
6.567164179e-05
1.911500786e-20
6.567164179e-05
3.738378285e-21
6.567164179e-05
-1.068020453e-20
6.567164179e-05
1.827373233e-20
6.567164179e-05
7.33694567e-21
6.567164179e-05
6.156775858e-21
6.567164179e-05
1.409615134e-20
6.567164179e-05
-1.069723095e-20
6.567164179e-05
4.474517611e-22
6.567164179e-05
8.074337346e-22
6.567164179e-05
-9.584191002e-21
6.567164179e-05
4.878628336e-20
6.567164179e-05
-5.550847076e-21
6.567164179e-05
-1.620710323e-20
6.567164179e-05
1.273889689e-20
6.567164179e-05
2.936626308e-20
6.567164179e-05
-2.113644093e-20
6.567164179e-05
-4.35162551e-20
6.567164179e-05
4.088567714e-20
6.567164179e-05
4.994343606e-20
6.567164179e-05
-1.19606324e-20
6.567164179e-05
-2.337512188e-20
6.567164179e-05
-2.508153283e-20
6.567164179e-05
-1.512543588e-20
6.567164179e-05
-3.028869124e-21
6.567164179e-05
2.554700913e-20
6.567164179e-05
8.252632648e-21
6.567164179e-05
-3.176994579e-20
6.567164179e-05
-4.794065897e-20
6.567164179e-05
-2.182910707e-21
6.567164179e-05
2.457058289e-20
6.567164179e-05
-1.011598954e-20
6.567164179e-05
-1.244966059e-20
6.567164179e-05
2.974573579e-20
6.567164179e-05
5.364448071e-21
6.567164179e-05
-2.167105612e-20
6.567164179e-05
2.481673862e-20
6.567164179e-05
-9.863813258e-21
6.567164179e-05
-5.691555176e-20
6.567164179e-05
4.681884987e-21
6.567164179e-05
1.888506681e-20
6.567164179e-05
-3.60727968e-20
6.567164179e-05
-4.793568944e-20
6.567164179e-05
1.693940808e-20
6.567164179e-05
3.162357147e-20
6.567164179e-05
-3.175934305e-20
6.567164179e-05
-5.186062852e-20
6.567164179e-05
2.503518743e-20
6.567164179e-05
4.677329052e-20
6.567164179e-05
-3.608116798e-20
6.567164179e-05
-3.227755824e-20
6.567164179e-05
1.3345919e-20
6.567164179e-05
5.416457316e-20
6.567164179e-05
5.342542619e-20
6.567164179e-05
1.604130262e-20
6.567164179e-05
-6.956471381e-21
6.567164179e-05
2.831029381e-21
6.567164179e-05
3.277907918e-20
6.567164179e-05
-3.875075355e-22
6.567164179e-05
1.350847545e-20
6.567164179e-05
4.098483733e-20
6.567164179e-05
-1.950979642e-21
6.567164179e-05
-4.862312529e-20
6.567164179e-05
-4.430170514e-20
6.567164179e-05
1.757631629e-20
6.567164179e-05
8.737085398e-21
6.567164179e-05
-3.231159775e-20
6.567164179e-05
-2.966126882e-20
6.567164179e-05
-6.779589894e-20
6.567164179e-05
-2.426916863e-20
6.567164179e-05
1.32109682e-20
6.567164179e-05
1.253869533e-20
6.567164179e-05
4.633069263e-20
6.567164179e-05
1.057792689e-20
6.567164179e-05
-6.64769536e-21
6.567164179e-05
-7.203964828e-20
6.567164179e-05
7.041464617e-21
6.567164179e-05
4.443480131e-20
6.567164179e-05
-2.955344007e-21
6.567164179e-05
-4.642471239e-20
6.567164179e-05
-7.571077082e-20
6.567164179e-05
1.413362629e-20
6.567164179e-05
8.121141803e-20
6.567164179e-05
6.860323004e-20
6.567164179e-05
-4.816985921e-20
6.567164179e-05
-1.336593589e-20
6.567164179e-05
9.56056247e-20
6.567164179e-05
4.026949818e-20
6.567164179e-05
1.686978094e-20
6.567164179e-05
4.762239655e-20
6.567164179e-05
6.737244521e-20
6.567164179e-05
4.199100712e-20
6.567164179e-05
-1.137634498e-19
6.567164179e-05
-6.847132659e-20
6.567164179e-05
2.036302991e-20
6.567164179e-05
-3.933810181e-20
6.567164179e-05
-2.795986639e-20
6.567164179e-05
3.504196428e-20
6.567164179e-05
-1.460751462e-20
6.567164179e-05
-1.243790225e-20
6.567164179e-05
-4.57676504e-20
6.567164179e-05
1.325197932e-20
6.567164179e-05
-1.21029545e-20
6.567164179e-05
-1.661599356e-20
6.567164179e-05
1.12530822e-20
6.567164179e-05
-2.529828374e-21
6.567164179e-05
1.793730191e-20
6.567164179e-05
3.356497049e-20
6.567164179e-05
7.228400747e-20
6.567164179e-05
-1.864518025e-21
6.567164179e-05
-9.524424369e-21
6.567164179e-05
4.758094547e-20
6.567164179e-05
-1.055961153e-19
6.567164179e-05
-9.672496567e-20
6.567164179e-05
-2.594025906e-21
6.567164179e-05
-4.580045588e-20
6.567164179e-05
-4.968458004e-21
6.567164179e-05
-1.239759149e-19
6.567164179e-05
-3.084556975e-20
6.567164179e-05
1.335047323e-19
6.567164179e-05
-1.167435361e-20
6.567164179e-05
1.180505232e-20
6.567164179e-05
9.247909918e-20
6.567164179e-05
4.921516766e-20
6.567164179e-05
4.948605882e-20
6.567164179e-05
-7.250194298e-20
6.567164179e-05
-2.961421202e-20
6.567164179e-05
8.834974796e-20
6.567164179e-05
-4.697903958e-21
6.567164179e-05
-8.31168904e-20
6.567164179e-05
-6.208479822e-20
6.567164179e-05
2.993197479e-20
6.567164179e-05
6.592731084e-20
6.567164179e-05
2.66872129e-20
6.567164179e-05
-4.551889724e-20
6.567164179e-05
-4.219385021e-20
6.567164179e-05
-2.588652621e-20
6.567164179e-05
3.661722532e-21
6.567164179e-05
3.604898316e-20
6.567164179e-05
3.629026342e-20
6.445755396e-21
5.970149254e-05
-1.658851674e-21
5.970149254e-05
2.644723279e-21
5.970149254e-05
-9.58005491e-21
5.970149254e-05
-6.657448387e-21
5.970149254e-05
2.958900515e-20
5.970149254e-05
1.845413175e-20
5.970149254e-05
1.40419645e-20
5.970149254e-05
3.317481172e-20
5.970149254e-05
-1.602175987e-20
5.970149254e-05
-1.144153722e-20
5.970149254e-05
2.376503703e-20
5.970149254e-05
2.117051693e-20
5.970149254e-05
-8.973071021e-22
5.970149254e-05
1.777860218e-20
5.970149254e-05
3.148447039e-20
5.970149254e-05
-1.768366808e-20
5.970149254e-05
-9.633657623e-21
5.970149254e-05
-1.371355238e-20
5.970149254e-05
-4.231924271e-20
5.970149254e-05
-3.146646585e-20
5.970149254e-05
-7.470913566e-21
5.970149254e-05
9.85188255e-21
5.970149254e-05
2.904416916e-20
5.970149254e-05
1.645679098e-20
5.970149254e-05
-1.069885332e-20
5.970149254e-05
-3.441992654e-20
5.970149254e-05
-3.872340836e-20
5.970149254e-05
-1.876420465e-20
5.970149254e-05
-5.223362957e-21
5.970149254e-05
-1.984488038e-20
5.970149254e-05
-2.054290397e-20
5.970149254e-05
-1.089406388e-20
5.970149254e-05
-4.277153436e-21
5.970149254e-05
7.339308757e-21
5.970149254e-05
4.511855193e-20
5.970149254e-05
-5.126159815e-21
5.970149254e-05
1.000312589e-20
5.970149254e-05
-3.421670283e-21
5.970149254e-05
-6.854783021e-21
5.970149254e-05
1.103670142e-20
5.970149254e-05
-3.566030551e-20
5.970149254e-05
-5.721875942e-21
5.970149254e-05
1.29179049e-20
5.970149254e-05
-1.534417699e-20
5.970149254e-05
-2.353604492e-20
5.970149254e-05
-1.098175087e-20
5.970149254e-05
-1.674052207e-20
5.970149254e-05
-1.092425173e-20
5.970149254e-05
1.350459546e-20
5.970149254e-05
1.050862724e-20
5.970149254e-05
1.307307796e-20
5.970149254e-05
1.539573491e-20
5.970149254e-05
1.259625084e-20
5.970149254e-05
-8.619407455e-21
5.970149254e-05
-1.206241604e-20
5.970149254e-05
4.447886009e-20
5.970149254e-05
4.212034671e-20
5.970149254e-05
-8.506472394e-21
5.970149254e-05
-1.652151581e-20
5.970149254e-05
1.299413644e-20
5.970149254e-05
7.008075195e-21
5.970149254e-05
1.720927107e-21
5.970149254e-05
1.706838199e-20
5.970149254e-05
-1.646548165e-21
5.970149254e-05
1.141981275e-20
5.970149254e-05
6.474335882e-21
5.970149254e-05
-9.195890294e-21
5.970149254e-05
1.206522328e-20
5.970149254e-05
-1.179273362e-21
5.970149254e-05
-9.549231427e-21
5.970149254e-05
5.627652218e-20
5.970149254e-05
-6.714232734e-21
5.970149254e-05
-3.224109896e-20
5.970149254e-05
2.74015463e-20
5.970149254e-05
3.528890268e-20
5.970149254e-05
-3.233229834e-20
5.970149254e-05
-5.49301146e-20
5.970149254e-05
4.458214391e-20
5.970149254e-05
5.262190102e-20
5.970149254e-05
-9.326180269e-21
5.970149254e-05
-2.197110595e-20
5.970149254e-05
-2.773368049e-20
5.970149254e-05
-2.338253509e-20
5.970149254e-05
3.815158364e-21
5.970149254e-05
5.063420121e-20
5.970149254e-05
-1.093062594e-20
5.970149254e-05
-2.987392368e-20
5.970149254e-05
-4.500730281e-20
5.970149254e-05
-1.164680632e-21
5.970149254e-05
2.088119735e-20
5.970149254e-05
-8.75336957e-21
5.970149254e-05
4.20781176e-21
5.970149254e-05
3.238759065e-20
5.970149254e-05
6.040118715e-21
5.970149254e-05
-2.587208061e-20
5.970149254e-05
4.293021115e-20
5.970149254e-05
-1.386087466e-20
5.970149254e-05
-6.167999979e-20
5.970149254e-05
-8.181243252e-22
5.970149254e-05
3.05693881e-20
5.970149254e-05
-2.88035444e-20
5.970149254e-05
-5.122148705e-20
5.970149254e-05
1.406402651e-20
5.970149254e-05
3.710993457e-20
5.970149254e-05
-2.324775087e-20
5.970149254e-05
-4.364408242e-20
5.970149254e-05
2.481472816e-20
5.970149254e-05
4.498249375e-20
5.970149254e-05
-2.537753969e-20
5.970149254e-05
-3.338709152e-20
5.970149254e-05
-1.513860677e-20
5.970149254e-05
4.841468183e-20
5.970149254e-05
5.363715141e-20
5.970149254e-05
7.309753862e-21
5.970149254e-05
-1.50951434e-20
5.970149254e-05
1.864527142e-21
5.970149254e-05
3.163870254e-20
5.970149254e-05
8.718931452e-21
5.970149254e-05
5.229513477e-21
5.970149254e-05
2.400055223e-20
5.970149254e-05
2.355740376e-20
5.970149254e-05
-5.047618841e-20
5.970149254e-05
-4.356020167e-20
5.970149254e-05
4.152864302e-20
5.970149254e-05
1.180012936e-20
5.970149254e-05
-3.398753752e-20
5.970149254e-05
-2.901756211e-20
5.970149254e-05
-5.13755985e-20
5.970149254e-05
-1.428617043e-20
5.970149254e-05
-8.845586856e-21
5.970149254e-05
8.380172484e-22
5.970149254e-05
3.952456001e-20
5.970149254e-05
8.840940856e-21
5.970149254e-05
-6.106102002e-21
5.970149254e-05
-7.619234497e-20
5.970149254e-05
1.998829232e-20
5.970149254e-05
7.230459123e-20
5.970149254e-05
5.503250701e-21
5.970149254e-05
-5.932816615e-20
5.970149254e-05
-8.663339223e-20
5.970149254e-05
3.287962e-20
5.970149254e-05
7.929281988e-20
5.970149254e-05
5.481377752e-20
5.970149254e-05
-6.881397523e-20
5.970149254e-05
-2.013507253e-20
5.970149254e-05
1.082754314e-19
5.970149254e-05
1.58225902e-20
5.970149254e-05
1.072640232e-20
5.970149254e-05
6.25899278e-20
5.970149254e-05
6.533968197e-20
5.970149254e-05
3.889976156e-20
5.970149254e-05
-1.181665355e-19
5.970149254e-05
-6.975348182e-20
5.970149254e-05
4.384425934e-20
5.970149254e-05
-5.261122748e-20
5.970149254e-05
-1.934786016e-20
5.970149254e-05
4.053836784e-20
5.970149254e-05
-2.208912285e-20
5.970149254e-05
-4.695064543e-21
5.970149254e-05
-3.48742471e-20
5.970149254e-05
1.012465445e-20
5.970149254e-05
-6.23216796e-21
5.970149254e-05
-7.317144979e-21
5.970149254e-05
2.089865343e-21
5.970149254e-05
-1.953788531e-21
5.970149254e-05
1.180759186e-20
5.970149254e-05
1.82125221e-20
5.970149254e-05
8.242485913e-20
5.970149254e-05
-1.037965253e-20
5.970149254e-05
-8.668109413e-21
5.970149254e-05
4.852180336e-20
5.970149254e-05
-1.139520919e-19
5.970149254e-05
-8.290406583e-20
5.970149254e-05
1.198658937e-20
5.970149254e-05
-3.200019568e-20
5.970149254e-05
-7.191596887e-21
5.970149254e-05
-1.305840015e-19
5.970149254e-05
-2.398004104e-20
5.970149254e-05
1.402635086e-19
5.970149254e-05
-2.778395186e-20
5.970149254e-05
1.124427317e-20
5.970149254e-05
1.055983491e-19
5.970149254e-05
4.629635461e-20
5.970149254e-05
3.811368177e-20
5.970149254e-05
-9.085213991e-20
5.970149254e-05
-4.212913776e-20
5.970149254e-05
1.065735257e-19
5.970149254e-05
8.998164344e-21
5.970149254e-05
-1.001932966e-19
5.970149254e-05
-5.264136883e-20
5.970149254e-05
4.263430384e-20
5.970149254e-05
7.06312532e-20
5.970149254e-05
4.165967916e-20
5.970149254e-05
-4.913484357e-20
5.970149254e-05
-5.326711715e-20
5.970149254e-05
-3.87364375e-20
5.970149254e-05
-6.783094941e-21
5.970149254e-05
5.31100516e-20
5.970149254e-05
2.700973857e-20
1.115429169e-20
5.223880597e-05
-2.797030767e-21
5.223880597e-05
-1.18686229e-20
5.223880597e-05
4.667707398e-21
5.223880597e-05
-9.506035531e-23
5.223880597e-05
3.044635599e-21
5.223880597e-05
3.533941917e-21
5.223880597e-05
2.177776148e-20
5.223880597e-05
1.540099567e-20
5.223880597e-05
-1.83824175e-20
5.223880597e-05
2.181586819e-21
5.223880597e-05
1.709658462e-20
5.223880597e-05
1.739366447e-20
5.223880597e-05
7.970117843e-21
5.223880597e-05
3.595509072e-20
5.223880597e-05
1.623579852e-20
5.223880597e-05
-2.002567438e-20
5.223880597e-05
3.104320156e-23
5.223880597e-05
-7.169870157e-21
5.223880597e-05
-4.3355155e-20
5.223880597e-05
-3.046029107e-20
5.223880597e-05
-5.233398991e-21
5.223880597e-05
8.707484959e-21
5.223880597e-05
1.556852972e-20
5.223880597e-05
2.595083028e-20
5.223880597e-05
-4.375180778e-22
5.223880597e-05
-3.846478583e-20
5.223880597e-05
-4.00155737e-20
5.223880597e-05
-1.084800441e-20
5.223880597e-05
-6.222245298e-21
5.223880597e-05
-2.831649286e-20
5.223880597e-05
-1.314506299e-20
5.223880597e-05
4.501348196e-21
5.223880597e-05
-6.309077667e-21
5.223880597e-05
1.026355007e-20
5.223880597e-05
3.13300488e-20
5.223880597e-05
1.809223212e-21
5.223880597e-05
-1.460921918e-21
5.223880597e-05
-1.130924848e-20
5.223880597e-05
-1.475788025e-20
5.223880597e-05
1.632221234e-20
5.223880597e-05
-1.55548353e-20
5.223880597e-05
2.240152328e-21
5.223880597e-05
6.651615277e-21
5.223880597e-05
-3.945628651e-21
5.223880597e-05
-9.996354061e-21
5.223880597e-05
-5.362270105e-21
5.223880597e-05
-1.500018247e-20
5.223880597e-05
-9.293739594e-21
5.223880597e-05
7.280890035e-21
5.223880597e-05
-3.545525919e-21
5.223880597e-05
1.185791071e-20
5.223880597e-05
6.159165241e-21
5.223880597e-05
2.512107529e-21
5.223880597e-05
1.385262373e-21
5.223880597e-05
-5.474574926e-21
5.223880597e-05
4.786144885e-20
5.223880597e-05
2.157843238e-20
5.223880597e-05
-2.296813488e-20
5.223880597e-05
-1.158510246e-20
5.223880597e-05
3.720587537e-21
5.223880597e-05
1.275224006e-20
5.223880597e-05
8.1941371e-21
5.223880597e-05
8.663627238e-21
5.223880597e-05
4.530040803e-21
5.223880597e-05
4.528412458e-21
5.223880597e-05
6.494712717e-21
5.223880597e-05
-1.351583559e-20
5.223880597e-05
1.934443567e-20
5.223880597e-05
1.804629664e-20
5.223880597e-05
-1.696611339e-20
5.223880597e-05
5.255961777e-20
5.223880597e-05
-1.66200148e-20
5.223880597e-05
-4.327787818e-20
5.223880597e-05
3.125924512e-20
5.223880597e-05
5.451717505e-20
5.223880597e-05
-2.040272859e-20
5.223880597e-05
-7.175975212e-20
5.223880597e-05
3.874822304e-20
5.223880597e-05
6.573688295e-20
5.223880597e-05
-8.941588218e-21
5.223880597e-05
-2.031443788e-20
5.223880597e-05
-2.922030836e-20
5.223880597e-05
-2.716159523e-20
5.223880597e-05
6.676272817e-21
5.223880597e-05
5.055675754e-20
5.223880597e-05
-8.246436456e-21
5.223880597e-05
-3.621266547e-20
5.223880597e-05
-3.731963636e-20
5.223880597e-05
1.473882913e-20
5.223880597e-05
7.929677306e-21
5.223880597e-05
-1.757078024e-20
5.223880597e-05
1.90155526e-20
5.223880597e-05
5.218068204e-20
5.223880597e-05
2.762774676e-21
5.223880597e-05
-4.625653937e-20
5.223880597e-05
3.167223418e-20
5.223880597e-05
-1.496429037e-20
5.223880597e-05
-6.106474738e-20
5.223880597e-05
7.355211397e-21
5.223880597e-05
4.348138346e-20
5.223880597e-05
-3.83594953e-20
5.223880597e-05
-5.775936231e-20
5.223880597e-05
3.175460432e-20
5.223880597e-05
5.922544833e-20
5.223880597e-05
-2.933543193e-20
5.223880597e-05
-6.216135532e-20
5.223880597e-05
2.913255195e-20
5.223880597e-05
4.642908134e-20
5.223880597e-05
-3.109832981e-20
5.223880597e-05
-2.505910435e-20
5.223880597e-05
-2.331312955e-20
5.223880597e-05
5.042566716e-20
5.223880597e-05
4.363541415e-20
5.223880597e-05
-4.966084339e-21
5.223880597e-05
-1.609702454e-20
5.223880597e-05
3.602426638e-21
5.223880597e-05
2.645426288e-20
5.223880597e-05
-6.424029705e-21
5.223880597e-05
-1.994393886e-21
5.223880597e-05
2.85953138e-20
5.223880597e-05
3.007051942e-20
5.223880597e-05
-4.431522348e-20
5.223880597e-05
-4.477793944e-20
5.223880597e-05
4.196247032e-20
5.223880597e-05
9.470650725e-21
5.223880597e-05
-3.558946649e-20
5.223880597e-05
-7.478961834e-21
5.223880597e-05
-4.096988397e-20
5.223880597e-05
-5.176525782e-21
5.223880597e-05
-1.694462673e-20
5.223880597e-05
-1.088821449e-20
5.223880597e-05
3.394288242e-20
5.223880597e-05
8.743813118e-21
5.223880597e-05
1.955593928e-21
5.223880597e-05
-8.440551164e-20
5.223880597e-05
2.601785259e-20
5.223880597e-05
1.105045309e-19
5.223880597e-05
1.478693413e-20
5.223880597e-05
-8.602289675e-20
5.223880597e-05
-9.909033582e-20
5.223880597e-05
4.41064503e-20
5.223880597e-05
8.394551837e-20
5.223880597e-05
3.50927849e-20
5.223880597e-05
-8.669803288e-20
5.223880597e-05
-7.004574079e-21
5.223880597e-05
1.152310528e-19
5.223880597e-05
-9.320495014e-21
5.223880597e-05
-1.953742425e-20
5.223880597e-05
4.826570595e-20
5.223880597e-05
9.611230374e-20
5.223880597e-05
2.994503642e-20
5.223880597e-05
-1.493554657e-19
5.223880597e-05
-6.09858653e-20
5.223880597e-05
7.673992391e-20
5.223880597e-05
-6.271753234e-20
5.223880597e-05
-2.212659309e-20
5.223880597e-05
4.57301669e-20
5.223880597e-05
-5.465750296e-21
5.223880597e-05
-2.746331111e-21
5.223880597e-05
-4.65045513e-20
5.223880597e-05
2.969768182e-20
5.223880597e-05
7.52817868e-21
5.223880597e-05
-1.09072671e-20
5.223880597e-05
-5.776589252e-21
5.223880597e-05
-1.366550778e-20
5.223880597e-05
-1.186541672e-21
5.223880597e-05
2.713096174e-20
5.223880597e-05
7.112562284e-20
5.223880597e-05
-2.456851817e-20
5.223880597e-05
5.37526413e-21
5.223880597e-05
6.527580714e-20
5.223880597e-05
-1.190391211e-19
5.223880597e-05
-6.707714663e-20
5.223880597e-05
2.77354625e-20
5.223880597e-05
-2.403412572e-20
5.223880597e-05
-8.536833741e-22
5.223880597e-05
-1.346858316e-19
5.223880597e-05
-1.817530794e-20
5.223880597e-05
1.53073231e-19
5.223880597e-05
-5.745107778e-20
5.223880597e-05
2.610844568e-21
5.223880597e-05
1.137583551e-19
5.223880597e-05
3.210449999e-20
5.223880597e-05
2.540113983e-20
5.223880597e-05
-1.094861316e-19
5.223880597e-05
-2.522805055e-20
5.223880597e-05
1.222568113e-19
5.223880597e-05
3.078439946e-21
5.223880597e-05
-1.055773456e-19
5.223880597e-05
-5.898879712e-20
5.223880597e-05
5.246044846e-20
5.223880597e-05
7.620360272e-20
5.223880597e-05
2.089121017e-20
5.223880597e-05
-5.321104354e-20
5.223880597e-05
-1.995550017e-20
5.223880597e-05
-1.573305185e-20
5.223880597e-05
-2.929531568e-20
5.223880597e-05
3.92807791e-20
5.223880597e-05
2.30081021e-20
2.454738138e-20
4.328358209e-05
-1.29268027e-20
4.328358209e-05
-7.713000443e-21
4.328358209e-05
6.695144839e-21
4.328358209e-05
4.151798253e-21
4.328358209e-05
-1.186813814e-20
4.328358209e-05
-2.007528123e-20
4.328358209e-05
1.698192403e-20
4.328358209e-05
4.94313992e-21
4.328358209e-05
-1.576038311e-20
4.328358209e-05
-1.973231962e-21
4.328358209e-05
1.376781087e-20
4.328358209e-05
1.811128725e-20
4.328358209e-05
2.654435756e-20
4.328358209e-05
2.327691074e-20
4.328358209e-05
7.038740181e-21
4.328358209e-05
-1.974988e-20
4.328358209e-05
8.320107042e-21
4.328358209e-05
-9.084277248e-21
4.328358209e-05
-3.645752354e-20
4.328358209e-05
-2.287852851e-20
4.328358209e-05
1.288839607e-20
4.328358209e-05
9.038505595e-21
4.328358209e-05
1.238728945e-20
4.328358209e-05
1.019222223e-20
4.328358209e-05
-9.872823486e-21
4.328358209e-05
-2.039483412e-20
4.328358209e-05
-2.17017769e-20
4.328358209e-05
-7.099490092e-22
4.328358209e-05
-1.616111594e-20
4.328358209e-05
-3.135529789e-20
4.328358209e-05
-1.478039835e-20
4.328358209e-05
1.198832278e-20
4.328358209e-05
1.105108534e-20
4.328358209e-05
8.042918836e-21
4.328358209e-05
1.862575798e-20
4.328358209e-05
-4.297120136e-21
4.328358209e-05
5.374118518e-22
4.328358209e-05
-1.368465561e-20
4.328358209e-05
-1.136163954e-21
4.328358209e-05
2.674465416e-20
4.328358209e-05
-2.872712444e-20
4.328358209e-05
7.832010519e-21
4.328358209e-05
2.161441049e-20
4.328358209e-05
-6.100120728e-21
4.328358209e-05
-1.493750484e-20
4.328358209e-05
-4.454666588e-21
4.328358209e-05
2.9080913e-21
4.328358209e-05
-1.111206444e-20
4.328358209e-05
2.671831579e-21
4.328358209e-05
-1.579092552e-20
4.328358209e-05
-6.49678569e-21
4.328358209e-05
1.464509434e-20
4.328358209e-05
-4.474051715e-22
4.328358209e-05
-1.140562887e-21
4.328358209e-05
3.164252916e-21
4.328358209e-05
3.692824801e-20
4.328358209e-05
6.849812148e-21
4.328358209e-05
-2.393275497e-20
4.328358209e-05
-3.966147008e-21
4.328358209e-05
4.530545214e-21
4.328358209e-05
1.548334878e-20
4.328358209e-05
1.706495604e-20
4.328358209e-05
7.528573844e-22
4.328358209e-05
-1.429554138e-20
4.328358209e-05
6.075569165e-21
4.328358209e-05
6.361051882e-21
4.328358209e-05
-1.541120481e-21
4.328358209e-05
2.819190637e-20
4.328358209e-05
2.0066313e-20
4.328358209e-05
-2.095132443e-20
4.328358209e-05
3.155913963e-20
4.328358209e-05
-2.559415816e-20
4.328358209e-05
-3.15358716e-20
4.328358209e-05
4.066468559e-20
4.328358209e-05
4.615452505e-20
4.328358209e-05
-3.31069113e-20
4.328358209e-05
-5.816513442e-20
4.328358209e-05
4.730812622e-20
4.328358209e-05
4.928262638e-20
4.328358209e-05
-5.302703245e-21
4.328358209e-05
-1.770844076e-20
4.328358209e-05
-1.995645117e-20
4.328358209e-05
-1.842538679e-20
4.328358209e-05
-1.674819252e-21
4.328358209e-05
2.926365095e-20
4.328358209e-05
9.821998849e-21
4.328358209e-05
-2.013412733e-20
4.328358209e-05
-2.905682696e-20
4.328358209e-05
2.502188617e-20
4.328358209e-05
1.771506049e-20
4.328358209e-05
-2.415302825e-20
4.328358209e-05
1.569557322e-21
4.328358209e-05
3.396381463e-20
4.328358209e-05
-3.973523098e-21
4.328358209e-05
-4.143014608e-20
4.328358209e-05
1.873833153e-20
4.328358209e-05
-1.51758565e-20
4.328358209e-05
-4.084990446e-20
4.328358209e-05
2.082608999e-20
4.328358209e-05
3.590223521e-20
4.328358209e-05
-2.512943451e-20
4.328358209e-05
-5.924074715e-20
4.328358209e-05
3.19624942e-20
4.328358209e-05
6.25264498e-20
4.328358209e-05
-2.066991855e-20
4.328358209e-05
-6.052921203e-20
4.328358209e-05
2.405787328e-20
4.328358209e-05
4.465379575e-20
4.328358209e-05
-3.127799269e-20
4.328358209e-05
-3.307432293e-20
4.328358209e-05
-9.241703759e-21
4.328358209e-05
5.083677231e-20
4.328358209e-05
3.696976771e-20
4.328358209e-05
-1.161995734e-20
4.328358209e-05
-3.331917698e-20
4.328358209e-05
-2.398768587e-21
4.328358209e-05
3.205432204e-20
4.328358209e-05
2.020013294e-21
4.328358209e-05
-2.399451476e-20
4.328358209e-05
2.080765774e-20
4.328358209e-05
3.576042549e-20
4.328358209e-05
-2.670454246e-20
4.328358209e-05
-3.248119287e-20
4.328358209e-05
2.570652745e-20
4.328358209e-05
9.593493404e-21
4.328358209e-05
-1.935388672e-20
4.328358209e-05
-1.671235447e-20
4.328358209e-05
-2.198466253e-20
4.328358209e-05
1.955960762e-20
4.328358209e-05
-2.28886374e-20
4.328358209e-05
-3.696977427e-20
4.328358209e-05
1.431762584e-20
4.328358209e-05
1.58862642e-20
4.328358209e-05
9.921291305e-21
4.328358209e-05
-8.538099342e-20
4.328358209e-05
1.854305385e-20
4.328358209e-05
9.808194888e-20
4.328358209e-05
2.993770473e-20
4.328358209e-05
-6.891878209e-20
4.328358209e-05
-8.713599292e-20
4.328358209e-05
3.719716992e-20
4.328358209e-05
7.203994326e-20
4.328358209e-05
1.561979575e-20
4.328358209e-05
-8.467748018e-20
4.328358209e-05
-5.09260444e-21
4.328358209e-05
9.994920308e-20
4.328358209e-05
-2.388951645e-20
4.328358209e-05
-2.112716619e-20
4.328358209e-05
5.14226952e-20
4.328358209e-05
7.103026129e-20
4.328358209e-05
1.476689157e-20
4.328358209e-05
-1.320056668e-19
4.328358209e-05
-4.377589714e-20
4.328358209e-05
8.239353326e-20
4.328358209e-05
-4.607602464e-20
4.328358209e-05
-2.646374803e-20
4.328358209e-05
3.921359815e-20
4.328358209e-05
1.466157243e-20
4.328358209e-05
1.097458794e-20
4.328358209e-05
-4.735748299e-20
4.328358209e-05
1.462116841e-20
4.328358209e-05
1.393600456e-20
4.328358209e-05
7.613342997e-22
4.328358209e-05
-1.259960158e-20
4.328358209e-05
-2.402842329e-20
4.328358209e-05
6.400896678e-21
4.328358209e-05
2.030863553e-20
4.328358209e-05
6.769243556e-20
4.328358209e-05
-2.182888841e-20
4.328358209e-05
-1.178646442e-20
4.328358209e-05
4.721411509e-20
4.328358209e-05
-9.234481943e-20
4.328358209e-05
-4.560875617e-20
4.328358209e-05
3.035192472e-20
4.328358209e-05
-9.260131482e-21
4.328358209e-05
1.4687423e-20
4.328358209e-05
-1.324149776e-19
4.328358209e-05
-3.222979459e-20
4.328358209e-05
1.355786027e-19
4.328358209e-05
-4.750423792e-20
4.328358209e-05
-2.330115151e-21
4.328358209e-05
1.023618433e-19
4.328358209e-05
2.936452431e-20
4.328358209e-05
1.067049205e-20
4.328358209e-05
-1.058320152e-19
4.328358209e-05
-1.79581188e-20
4.328358209e-05
1.110535753e-19
4.328358209e-05
1.616074725e-20
4.328358209e-05
-8.375630754e-20
4.328358209e-05
-7.104119046e-20
4.328358209e-05
3.94340623e-20
4.328358209e-05
8.494071674e-20
4.328358209e-05
1.756124809e-20
4.328358209e-05
-4.379991059e-20
4.328358209e-05
-1.591919313e-20
4.328358209e-05
-2.689578828e-20
4.328358209e-05
-1.734674324e-20
4.328358209e-05
3.398559648e-20
4.328358209e-05
2.87700028e-20
2.638649712e-20
3.28358209e-05
1.006524757e-20
3.28358209e-05
-1.854516314e-20
3.28358209e-05
8.564677582e-21
3.28358209e-05
6.29488087e-21
3.28358209e-05
-1.684544055e-20
3.28358209e-05
-2.038865879e-20
3.28358209e-05
1.658999141e-20
3.28358209e-05
3.194978156e-20
3.28358209e-05
-1.609526165e-20
3.28358209e-05
-6.617422315e-21
3.28358209e-05
9.426071296e-21
3.28358209e-05
-5.961871899e-21
3.28358209e-05
4.990793574e-21
3.28358209e-05
2.843555801e-20
3.28358209e-05
9.851376005e-21
3.28358209e-05
-1.45855631e-20
3.28358209e-05
1.99835071e-20
3.28358209e-05
-2.2884443e-20
3.28358209e-05
-3.620126123e-20
3.28358209e-05
-7.039726557e-21
3.28358209e-05
7.452199707e-21
3.28358209e-05
5.512401062e-21
3.28358209e-05
2.317906734e-20
3.28358209e-05
1.254019833e-20
3.28358209e-05
-2.141260409e-20
3.28358209e-05
-2.751075312e-20
3.28358209e-05
-1.909656605e-20
3.28358209e-05
6.213420725e-21
3.28358209e-05
-1.077949141e-20
3.28358209e-05
-3.495185554e-20
3.28358209e-05
-1.015617724e-20
3.28358209e-05
9.003561388e-21
3.28358209e-05
2.296349623e-20
3.28358209e-05
1.659598885e-20
3.28358209e-05
1.119680062e-20
3.28358209e-05
-2.493955894e-20
3.28358209e-05
-1.219366927e-20
3.28358209e-05
-6.478744874e-21
3.28358209e-05
2.652492203e-20
3.28358209e-05
3.281333765e-20
3.28358209e-05
-4.170828983e-20
3.28358209e-05
-7.271159273e-21
3.28358209e-05
1.779393372e-20
3.28358209e-05
-6.794972018e-21
3.28358209e-05
-5.09972917e-21
3.28358209e-05
8.630697719e-21
3.28358209e-05
7.127443709e-21
3.28358209e-05
-1.209499478e-20
3.28358209e-05
-3.729678225e-21
3.28358209e-05
-1.671679375e-20
3.28358209e-05
-5.738868707e-22
3.28358209e-05
1.115572168e-20
3.28358209e-05
-1.10983327e-21
3.28358209e-05
-1.660906539e-21
3.28358209e-05
2.26872622e-21
3.28358209e-05
3.162687236e-20
3.28358209e-05
3.5583545e-21
3.28358209e-05
-2.540601253e-20
3.28358209e-05
-4.563331667e-21
3.28358209e-05
-2.461479792e-21
3.28358209e-05
6.511498582e-21
3.28358209e-05
1.474368492e-20
3.28358209e-05
4.088234473e-21
3.28358209e-05
-1.324028485e-20
3.28358209e-05
-1.0699846e-21
3.28358209e-05
1.374370191e-20
3.28358209e-05
3.739745674e-21
3.28358209e-05
2.670645231e-20
3.28358209e-05
3.7833591e-21
3.28358209e-05
-2.071185654e-20
3.28358209e-05
1.914768284e-20
3.28358209e-05
-2.858933305e-20
3.28358209e-05
-1.903890849e-20
3.28358209e-05
3.838480788e-20
3.28358209e-05
2.237572861e-20
3.28358209e-05
-2.646235472e-20
3.28358209e-05
-3.833966708e-20
3.28358209e-05
2.880411366e-20
3.28358209e-05
2.817766501e-20
3.28358209e-05
-6.434862329e-22
3.28358209e-05
1.482902247e-20
3.28358209e-05
-1.654858681e-20
3.28358209e-05
-3.84735787e-20
3.28358209e-05
-6.330767311e-21
3.28358209e-05
3.726902647e-20
3.28358209e-05
3.318326124e-21
3.28358209e-05
-1.61986257e-20
3.28358209e-05
-1.499050157e-20
3.28358209e-05
2.225134835e-20
3.28358209e-05
1.908332566e-20
3.28358209e-05
-1.761690418e-20
3.28358209e-05
-1.148333728e-20
3.28358209e-05
2.111846124e-20
3.28358209e-05
1.006083085e-20
3.28358209e-05
-3.155507092e-20
3.28358209e-05
1.2884908e-20
3.28358209e-05
-9.593102264e-21
3.28358209e-05
-3.138706182e-20
3.28358209e-05
1.458302598e-20
3.28358209e-05
2.244342413e-20
3.28358209e-05
-2.180690052e-20
3.28358209e-05
-3.795075139e-20
3.28358209e-05
2.47035619e-20
3.28358209e-05
3.724921573e-20
3.28358209e-05
-7.824449104e-21
3.28358209e-05
-3.144565486e-20
3.28358209e-05
1.451450479e-20
3.28358209e-05
1.901670649e-20
3.28358209e-05
-1.307531725e-20
3.28358209e-05
-1.98924654e-20
3.28358209e-05
-2.267944997e-20
3.28358209e-05
4.752617288e-20
3.28358209e-05
2.545744416e-20
3.28358209e-05
-2.330880971e-20
3.28358209e-05
-2.584932922e-20
3.28358209e-05
-1.302462169e-20
3.28358209e-05
2.141109744e-20
3.28358209e-05
7.580279732e-21
3.28358209e-05
-1.522683532e-20
3.28358209e-05
1.853016612e-21
3.28358209e-05
2.175057416e-20
3.28358209e-05
-1.548905602e-20
3.28358209e-05
-2.024671216e-20
3.28358209e-05
3.048428522e-20
3.28358209e-05
1.372171873e-20
3.28358209e-05
-1.069787905e-20
3.28358209e-05
-5.516999232e-21
3.28358209e-05
-1.489083857e-20
3.28358209e-05
1.649011639e-20
3.28358209e-05
-2.969475886e-20
3.28358209e-05
-2.433380074e-20
3.28358209e-05
1.768575951e-20
3.28358209e-05
-2.990890035e-22
3.28358209e-05
1.050524057e-20
3.28358209e-05
-5.882831983e-20
3.28358209e-05
1.621085976e-20
3.28358209e-05
9.647933112e-20
3.28358209e-05
1.756620862e-20
3.28358209e-05
-7.592090704e-20
3.28358209e-05
-6.872259206e-20
3.28358209e-05
2.995746102e-20
3.28358209e-05
5.621777625e-20
3.28358209e-05
1.488519326e-20
3.28358209e-05
-8.278557052e-20
3.28358209e-05
-1.468133729e-20
3.28358209e-05
9.631653379e-20
3.28358209e-05
-1.551617453e-20
3.28358209e-05
-3.88624292e-20
3.28358209e-05
4.320959162e-20
3.28358209e-05
6.648850463e-20
3.28358209e-05
1.202973988e-20
3.28358209e-05
-1.133893001e-19
3.28358209e-05
-3.606559556e-20
3.28358209e-05
7.525632602e-20
3.28358209e-05
-4.040114416e-20
3.28358209e-05
-1.562835128e-20
3.28358209e-05
4.87017788e-20
3.28358209e-05
7.174251239e-21
3.28358209e-05
1.261111827e-20
3.28358209e-05
-3.895179082e-20
3.28358209e-05
1.719383767e-20
3.28358209e-05
1.830829401e-20
3.28358209e-05
1.202535986e-21
3.28358209e-05
-1.505115935e-20
3.28358209e-05
-1.890835169e-20
3.28358209e-05
4.728724545e-21
3.28358209e-05
1.740388803e-20
3.28358209e-05
4.705500067e-20
3.28358209e-05
-1.805081397e-20
3.28358209e-05
-1.698538198e-20
3.28358209e-05
4.342210828e-20
3.28358209e-05
-6.417399343e-20
3.28358209e-05
-3.621942645e-20
3.28358209e-05
4.75413855e-20
3.28358209e-05
-1.993625864e-21
3.28358209e-05
-6.281359764e-21
3.28358209e-05
-9.845534608e-20
3.28358209e-05
-2.992270035e-21
3.28358209e-05
1.084231296e-19
3.28358209e-05
-5.113096777e-20
3.28358209e-05
-8.481980471e-21
3.28358209e-05
8.820860661e-20
3.28358209e-05
9.764817558e-21
3.28358209e-05
-1.427839281e-20
3.28358209e-05
-8.914354882e-20
3.28358209e-05
-2.31259541e-21
3.28358209e-05
1.128648198e-19
3.28358209e-05
-1.015542864e-21
3.28358209e-05
-8.222749654e-20
3.28358209e-05
-2.96372693e-20
3.28358209e-05
3.423014055e-20
3.28358209e-05
4.181795448e-20
3.28358209e-05
2.025767266e-20
3.28358209e-05
-2.695252556e-20
3.28358209e-05
-1.537702924e-20
3.28358209e-05
-2.448543034e-20
3.28358209e-05
-2.205093926e-20
3.28358209e-05
2.662775029e-20
3.28358209e-05
2.082087051e-20
3.620710377e-20
2.089552239e-05
1.387374441e-20
2.089552239e-05
2.012284565e-21
2.089552239e-05
-3.541010489e-21
2.089552239e-05
-1.596754352e-20
2.089552239e-05
-1.912816647e-20
2.089552239e-05
-2.35334384e-20
2.089552239e-05
9.869023237e-21
2.089552239e-05
2.618568601e-20
2.089552239e-05
-2.034177464e-21
2.089552239e-05
-5.073451125e-22
2.089552239e-05
1.019979069e-20
2.089552239e-05
-3.626140784e-21
2.089552239e-05
2.716821287e-21
2.089552239e-05
2.130679052e-20
2.089552239e-05
-9.806242427e-21
2.089552239e-05
-1.158623661e-20
2.089552239e-05
4.654052571e-21
2.089552239e-05
-1.090846011e-20
2.089552239e-05
-1.488091457e-20
2.089552239e-05
3.425843339e-21
2.089552239e-05
1.819313927e-20
2.089552239e-05
2.014371414e-21
2.089552239e-05
4.432176785e-21
2.089552239e-05
1.338327637e-20
2.089552239e-05
-6.655016765e-21
2.089552239e-05
-1.912967722e-20
2.089552239e-05
-2.340064002e-20
2.089552239e-05
1.44071387e-21
2.089552239e-05
3.287885374e-22
2.089552239e-05
-3.069482368e-20
2.089552239e-05
-1.15989509e-20
2.089552239e-05
2.015545111e-20
2.089552239e-05
1.394288988e-20
2.089552239e-05
1.067163144e-20
2.089552239e-05
8.531041128e-21
2.089552239e-05
-2.935100627e-20
2.089552239e-05
-3.647902794e-21
2.089552239e-05
1.277837301e-20
2.089552239e-05
3.374465404e-21
2.089552239e-05
1.902571627e-20
2.089552239e-05
-1.792448175e-20
2.089552239e-05
-9.850332845e-21
2.089552239e-05
3.859473696e-21
2.089552239e-05
1.897404457e-21
2.089552239e-05
-9.031162197e-21
2.089552239e-05
1.952217466e-21
2.089552239e-05
1.384335508e-20
2.089552239e-05
-3.488876372e-21
2.089552239e-05
-4.072050974e-21
2.089552239e-05
-1.719021873e-20
2.089552239e-05
7.48589246e-21
2.089552239e-05
1.456434051e-20
2.089552239e-05
-3.664226384e-21
2.089552239e-05
-2.233437452e-21
2.089552239e-05
2.222994624e-21
2.089552239e-05
9.338685993e-21
2.089552239e-05
4.257304684e-21
2.089552239e-05
-6.567974828e-21
2.089552239e-05
1.809763134e-22
2.089552239e-05
-1.098130485e-23
2.089552239e-05
-1.5329665e-21
2.089552239e-05
2.292588988e-21
2.089552239e-05
1.932244912e-21
2.089552239e-05
-2.631332558e-21
2.089552239e-05
1.13354523e-21
2.089552239e-05
6.094955929e-21
2.089552239e-05
9.357338495e-21
2.089552239e-05
7.67994098e-21
2.089552239e-05
-9.049000529e-21
2.089552239e-05
-1.316180727e-20
2.089552239e-05
5.263379471e-21
2.089552239e-05
-2.089541823e-20
2.089552239e-05
1.282991038e-21
2.089552239e-05
2.810794544e-20
2.089552239e-05
2.20740146e-21
2.089552239e-05
-2.832389919e-20
2.089552239e-05
-6.770144359e-21
2.089552239e-05
4.528531468e-20
2.089552239e-05
7.808620938e-21
2.089552239e-05
-1.264707729e-21
2.089552239e-05
1.072476127e-20
2.089552239e-05
-1.660149977e-20
2.089552239e-05
-2.295358011e-20
2.089552239e-05
5.605789171e-21
2.089552239e-05
1.484249165e-20
2.089552239e-05
-5.75598679e-21
2.089552239e-05
-8.388962517e-21
2.089552239e-05
-1.138468221e-20
2.089552239e-05
2.01492063e-20
2.089552239e-05
9.083733403e-21
2.089552239e-05
-2.074784522e-20
2.089552239e-05
-2.376862967e-20
2.089552239e-05
1.750597298e-20
2.089552239e-05
2.717507918e-20
2.089552239e-05
-4.054419423e-21
2.089552239e-05
5.217388745e-21
2.089552239e-05
-5.679747637e-21
2.089552239e-05
-1.492137245e-20
2.089552239e-05
-9.093121936e-21
2.089552239e-05
1.932832409e-20
2.089552239e-05
8.713816595e-21
2.089552239e-05
-2.928012296e-20
2.089552239e-05
-4.240414572e-21
2.089552239e-05
1.365264707e-20
2.089552239e-05
8.446423009e-21
2.089552239e-05
-9.037194124e-23
2.089552239e-05
-5.367932946e-21
2.089552239e-05
-3.451615425e-21
2.089552239e-05
1.655792153e-21
2.089552239e-05
1.415074609e-21
2.089552239e-05
-2.118783554e-20
2.089552239e-05
1.210681791e-20
2.089552239e-05
1.017624423e-20
2.089552239e-05
2.492743251e-21
2.089552239e-05
-3.923839788e-22
2.089552239e-05
-1.264773021e-20
2.089552239e-05
-4.174477245e-21
2.089552239e-05
1.038251537e-20
2.089552239e-05
6.661133249e-21
2.089552239e-05
-7.115414393e-21
2.089552239e-05
-2.890506369e-21
2.089552239e-05
-1.223614278e-20
2.089552239e-05
-1.353531472e-20
2.089552239e-05
1.245302545e-20
2.089552239e-05
1.058836181e-20
2.089552239e-05
8.445376731e-21
2.089552239e-05
1.088585234e-20
2.089552239e-05
-1.167152222e-20
2.089552239e-05
-2.066522255e-21
2.089552239e-05
-1.491055033e-20
2.089552239e-05
-5.750786641e-21
2.089552239e-05
9.947200656e-21
2.089552239e-05
-9.276964922e-21
2.089552239e-05
1.324490307e-20
2.089552239e-05
-3.171901265e-20
2.089552239e-05
2.973679546e-21
2.089552239e-05
5.67137206e-20
2.089552239e-05
1.790471948e-20
2.089552239e-05
-3.143476092e-20
2.089552239e-05
-5.124968879e-20
2.089552239e-05
8.968055674e-21
2.089552239e-05
2.612747496e-20
2.089552239e-05
1.411401371e-20
2.089552239e-05
-4.398981169e-20
2.089552239e-05
-1.173470271e-20
2.089552239e-05
6.361093685e-20
2.089552239e-05
-1.294336121e-20
2.089552239e-05
-3.658755915e-20
2.089552239e-05
2.903085335e-20
2.089552239e-05
4.799164898e-20
2.089552239e-05
1.247965047e-20
2.089552239e-05
-5.361158152e-20
2.089552239e-05
-3.127233113e-20
2.089552239e-05
2.778095121e-20
2.089552239e-05
-1.894115738e-20
2.089552239e-05
2.063445518e-21
2.089552239e-05
2.124736909e-20
2.089552239e-05
-7.953745332e-21
2.089552239e-05
1.498110147e-20
2.089552239e-05
-1.38658715e-20
2.089552239e-05
1.962669105e-21
2.089552239e-05
7.812126924e-22
2.089552239e-05
8.994521419e-21
2.089552239e-05
8.077437717e-22
2.089552239e-05
-1.411680272e-20
2.089552239e-05
-1.050712399e-20
2.089552239e-05
1.089972872e-20
2.089552239e-05
5.176362446e-20
2.089552239e-05
-1.715009037e-20
2.089552239e-05
-1.688003029e-20
2.089552239e-05
2.500391854e-20
2.089552239e-05
-4.373180815e-20
2.089552239e-05
-1.824428002e-20
2.089552239e-05
4.422781711e-20
2.089552239e-05
-1.005218532e-20
2.089552239e-05
-3.723814715e-21
2.089552239e-05
-5.104758086e-20
2.089552239e-05
-7.278289211e-21
2.089552239e-05
7.510110854e-20
2.089552239e-05
-2.641731219e-20
2.089552239e-05
-1.169439841e-20
2.089552239e-05
4.419814868e-20
2.089552239e-05
-4.535266585e-21
2.089552239e-05
-5.284791425e-21
2.089552239e-05
-4.404396028e-20
2.089552239e-05
-4.673091064e-21
2.089552239e-05
4.845075361e-20
2.089552239e-05
-9.210172854e-21
2.089552239e-05
-2.873040789e-20
2.089552239e-05
-2.290122159e-21
2.089552239e-05
1.451844655e-20
2.089552239e-05
7.423184359e-21
2.089552239e-05
1.90937624e-20
2.089552239e-05
-4.090956843e-21
2.089552239e-05
-1.011709403e-20
2.089552239e-05
-3.509462344e-20
2.089552239e-05
-2.469849595e-20
2.089552239e-05
3.794368246e-20
2.089552239e-05
2.587480495e-20
1.430690007e-20
7.462686567e-06
7.462686567e-06
7.462686567e-06
7.462686567e-06
7.462686567e-06
7.462686567e-06
7.462686567e-06
7.462686567e-06
7.462686567e-06
7.462686567e-06
7.462686567e-06
7.462686567e-06
7.462686567e-06
7.462686567e-06
7.462686567e-06
7.462686567e-06
7.462686567e-06
7.462686567e-06
7.462686567e-06
7.462686567e-06
7.462686567e-06
7.462686567e-06
7.462686567e-06
7.462686567e-06
7.462686567e-06
7.462686567e-06
7.462686567e-06
7.462686567e-06
7.462686567e-06
7.462686567e-06
7.462686567e-06
7.462686567e-06
7.462686567e-06
7.462686567e-06
7.462686567e-06
7.462686567e-06
7.462686567e-06
7.462686567e-06
7.462686567e-06
7.462686567e-06
7.462686567e-06
7.462686567e-06
7.462686567e-06
7.462686567e-06
7.462686567e-06
7.462686567e-06
7.462686567e-06
7.462686567e-06
7.462686567e-06
7.462686567e-06
7.462686567e-06
7.462686567e-06
7.462686567e-06
7.462686567e-06
7.462686567e-06
7.462686567e-06
7.462686567e-06
7.462686567e-06
7.462686567e-06
7.462686567e-06
7.462686567e-06
7.462686567e-06
7.462686567e-06
7.462686567e-06
7.462686567e-06
7.462686567e-06
7.462686567e-06
7.462686567e-06
7.462686567e-06
7.462686567e-06
7.462686567e-06
7.462686567e-06
7.462686567e-06
7.462686567e-06
7.462686567e-06
7.462686567e-06
7.462686567e-06
7.462686567e-06
7.462686567e-06
7.462686567e-06
7.462686567e-06
7.462686567e-06
7.462686567e-06
7.462686567e-06
7.462686567e-06
7.462686567e-06
7.462686567e-06
7.462686567e-06
7.462686567e-06
7.462686567e-06
7.462686567e-06
7.462686567e-06
7.462686567e-06
7.462686567e-06
7.462686567e-06
7.462686567e-06
7.462686567e-06
7.462686567e-06
7.462686567e-06
7.462686567e-06
7.462686567e-06
7.462686567e-06
7.462686567e-06
7.462686567e-06
7.462686567e-06
7.462686567e-06
7.462686567e-06
7.462686567e-06
7.462686567e-06
7.462686567e-06
7.462686567e-06
7.462686567e-06
7.462686567e-06
7.462686567e-06
7.462686567e-06
7.462686567e-06
7.462686567e-06
7.462686567e-06
7.462686567e-06
7.462686567e-06
7.462686567e-06
7.462686567e-06
7.462686567e-06
7.462686567e-06
7.462686567e-06
7.462686567e-06
7.462686567e-06
7.462686567e-06
7.462686567e-06
7.462686567e-06
7.462686567e-06
7.462686567e-06
7.462686567e-06
7.462686567e-06
7.462686567e-06
7.462686567e-06
7.462686567e-06
7.462686567e-06
7.462686567e-06
7.462686567e-06
7.462686567e-06
7.462686567e-06
7.462686567e-06
7.462686567e-06
7.462686567e-06
7.462686567e-06
7.462686567e-06
7.462686567e-06
7.462686567e-06
7.462686567e-06
7.462686567e-06
7.462686567e-06
7.462686567e-06
7.462686567e-06
7.462686567e-06
7.462686567e-06
7.462686567e-06
7.462686567e-06
7.462686567e-06
7.462686567e-06
7.462686567e-06
7.462686567e-06
7.462686567e-06
7.462686567e-06
7.462686567e-06
7.462686567e-06
7.462686567e-06
7.462686567e-06
7.462686567e-06
7.462686567e-06
7.462686567e-06
7.462686567e-06
7.462686567e-06
7.462686567e-06
7.462686567e-06
7.462686567e-06
7.462686567e-06
7.462686567e-06
7.462686567e-06
7.462686567e-06
7.462686567e-06
7.462686567e-06
7.462686567e-06
7.462686567e-06
7.462686567e-06
7.462686567e-06
7.462686567e-06
7.462686567e-06
7.462686567e-06
7.462686567e-06
7.462686567e-06
7.462686567e-06
7.462686567e-06
7.462686567e-06
7.462686567e-06
7.462686567e-06
7.462686567e-06
7.462686567e-06
7.462686567e-06
)
;

boundaryField
{
    inlet
    {
        type            cyclic;
        value           nonuniform List<scalar> 
20
(
-5.970149254e-05
-6.567164179e-05
-7.014925373e-05
-7.313432836e-05
-7.462686567e-05
-7.462686567e-05
-7.313432836e-05
-7.014925373e-05
-6.567164179e-05
-5.970149254e-05
-5.223880597e-05
-4.328358209e-05
-3.28358209e-05
-2.089552239e-05
-7.462686567e-06
-5.223880597e-05
-4.328358209e-05
-3.28358209e-05
-2.089552239e-05
-7.462686567e-06
)
;
    }
    outlet
    {
        type            cyclic;
        value           nonuniform List<scalar> 
20
(
5.970149254e-05
6.567164179e-05
7.014925373e-05
7.313432836e-05
7.462686567e-05
7.462686567e-05
7.313432836e-05
7.014925373e-05
6.567164179e-05
5.970149254e-05
5.223880597e-05
4.328358209e-05
3.28358209e-05
2.089552239e-05
7.462686567e-06
5.223880597e-05
4.328358209e-05
3.28358209e-05
2.089552239e-05
7.462686567e-06
)
;
    }
    topWall
    {
        type            calculated;
        value           uniform 0;
    }
    bottomWall
    {
        type            calculated;
        value           uniform 0;
    }
    frontAndBack
    {
        type            empty;
        value           nonuniform List<scalar> 0();
    }
}


// ************************************************************************* //
