/*--------------------------------*- C++ -*----------------------------------*\
  =========                 |
  \\      /  F ield         | OpenFOAM: The Open Source CFD Toolbox
   \\    /   O peration     | Website:  https://openfoam.org
    \\  /    A nd           | Version:  10
     \\/     M anipulation  |
\*---------------------------------------------------------------------------*/
FoamFile
{
    format      ascii;
    class       volVectorField;
    location    "1500";
    object      U;
}
// * * * * * * * * * * * * * * * * * * * * * * * * * * * * * * * * * * * * * //

dimensions      [0 1 -1 0 0 0 0];

internalField   nonuniform List<vector> 
4000
(
(0.1492537313 8.553422748e-16 0)
(0.1492537313 1.466271012e-16 0)
(0.1492537313 1.968688708e-17 0)
(0.1492537313 1.539620616e-17 0)
(0.1492537313 -1.102618693e-17 0)
(0.1492537313 -3.92559241e-18 0)
(0.1492537313 7.400111427e-18 0)
(0.1492537313 6.736454405e-18 0)
(0.1492537313 -2.186336682e-17 0)
(0.1492537313 1.292350432e-17 0)
(0.1492537313 5.430591077e-18 0)
(0.1492537313 -1.168640994e-17 0)
(0.1492537313 1.785706081e-18 0)
(0.1492537313 1.020591132e-17 0)
(0.1492537313 1.754939293e-17 0)
(0.1492537313 -1.788117946e-17 0)
(0.1492537313 -2.888300655e-17 0)
(0.1492537313 9.370461966e-18 0)
(0.1492537313 -3.427177616e-18 0)
(0.1492537313 2.207449962e-17 0)
(0.1492537313 2.073248565e-17 0)
(0.1492537313 -5.421670602e-17 0)
(0.1492537313 -1.695053458e-17 0)
(0.1492537313 3.782014372e-17 0)
(0.1492537313 1.066453233e-17 0)
(0.1492537313 1.935723239e-17 0)
(0.1492537313 -2.25889704e-17 0)
(0.1492537313 1.374673348e-17 0)
(0.1492537313 1.337479328e-17 0)
(0.1492537313 -3.856984136e-17 0)
(0.1492537313 7.873550249e-18 0)
(0.1492537313 -2.002163371e-17 0)
(0.1492537313 1.121031114e-17 0)
(0.1492537313 -6.005827047e-18 0)
(0.1492537313 -3.829648512e-17 0)
(0.1492537313 8.554926094e-17 0)
(0.1492537313 -4.51525262e-17 0)
(0.1492537313 -2.636990334e-17 0)
(0.1492537313 1.1697126e-18 0)
(0.1492537313 1.362309115e-17 0)
(0.1492537313 7.063032079e-17 0)
(0.1492537313 -4.970915367e-17 0)
(0.1492537313 1.989396689e-17 0)
(0.1492537313 -5.241194712e-17 0)
(0.1492537313 -3.849208464e-18 0)
(0.1492537313 3.276262688e-17 0)
(0.1492537313 -1.145478679e-17 0)
(0.1492537313 4.472531046e-17 0)
(0.1492537313 -4.551053668e-17 0)
(0.1492537313 -1.95287391e-17 0)
(0.1492537313 3.535450728e-17 0)
(0.1492537313 -4.794536167e-18 0)
(0.1492537313 5.013521319e-17 0)
(0.1492537313 -3.711316628e-17 0)
(0.1492537313 -4.143277149e-17 0)
(0.1492537313 3.669496351e-17 0)
(0.1492537313 5.874927387e-17 0)
(0.1492537313 -4.702712094e-17 0)
(0.1492537313 2.70458801e-18 0)
(0.1492537313 1.695552756e-17 0)
(0.1492537313 -1.071914596e-17 0)
(0.1492537313 -5.585674035e-19 0)
(0.1492537313 1.247548927e-17 0)
(0.1492537313 -4.558495789e-18 0)
(0.1492537313 -4.69941549e-17 0)
(0.1492537313 4.162342413e-17 0)
(0.1492537313 3.940260511e-17 0)
(0.1492537313 -3.389625304e-17 0)
(0.1492537313 -4.526564044e-17 0)
(0.1492537313 8.91388462e-17 0)
(0.1492537313 -5.794245406e-17 0)
(0.1492537313 -2.871448727e-17 0)
(0.1492537313 1.540123153e-16 0)
(0.1492537313 -1.023754817e-16 0)
(0.1492537313 -1.001845247e-16 0)
(0.1492537313 8.772412795e-17 0)
(0.1492537313 7.228079988e-17 0)
(0.1492537313 1.322630995e-17 0)
(0.1492537313 -1.708773102e-16 0)
(0.1492537313 3.917063116e-17 0)
(0.1492537313 1.225427045e-16 0)
(0.1492537313 -1.334943004e-17 0)
(0.1492537313 2.292716934e-18 0)
(0.1492537313 -7.945730754e-17 0)
(0.1492537313 1.13446055e-18 0)
(0.1492537313 4.423655651e-17 0)
(0.1492537313 6.133091738e-17 0)
(0.1492537313 1.121924152e-18 0)
(0.1492537313 -1.6936718e-16 0)
(0.1492537313 4.801147576e-17 0)
(0.1492537313 1.024274576e-16 0)
(0.1492537313 -1.263637076e-17 0)
(0.1492537313 -9.509471098e-17 0)
(0.1492537313 5.586980695e-17 0)
(0.1492537313 5.617114674e-17 0)
(0.1492537313 -1.22375676e-16 0)
(0.1492537313 1.099422528e-16 0)
(0.1492537313 2.643573166e-17 0)
(0.1492537313 -1.204985042e-16 0)
(0.1492537313 -1.515745227e-17 0)
(0.1492537313 5.71271693e-17 0)
(0.1492537313 1.188071919e-16 0)
(0.1492537313 -1.0275261e-16 0)
(0.1492537313 -9.851716727e-17 0)
(0.1492537313 7.84415395e-17 0)
(0.1492537313 1.078768598e-16 0)
(0.1492537313 -3.982952766e-19 0)
(0.1492537313 -2.289980169e-16 0)
(0.1492537313 8.594718677e-18 0)
(0.1492537313 2.133449466e-16 0)
(0.1492537313 -8.79479759e-17 0)
(0.1492537313 -1.120435975e-16 0)
(0.1492537313 9.210819357e-17 0)
(0.1492537313 -5.15478186e-18 0)
(0.1492537313 1.080708579e-16 0)
(0.1492537313 -9.875068793e-17 0)
(0.1492537313 -1.199106808e-16 0)
(0.1492537313 1.230361292e-16 0)
(0.1492537313 1.164997664e-16 0)
(0.1492537313 -1.221773782e-17 0)
(0.1492537313 -2.306751509e-16 0)
(0.1492537313 1.18494787e-17 0)
(0.1492537313 2.201686336e-16 0)
(0.1492537313 -8.810551162e-17 0)
(0.1492537313 -1.038961548e-16 0)
(0.1492537313 8.681197321e-17 0)
(0.1492537313 1.158098315e-16 0)
(0.1492537313 -1.256944389e-17 0)
(0.1492537313 -2.06694676e-16 0)
(0.1492537313 1.279621031e-16 0)
(0.1492537313 3.671958961e-18 0)
(0.1492537313 -1.253192194e-16 0)
(0.1492537313 9.402854487e-17 0)
(0.1492537313 -1.06845933e-16 0)
(0.1492537313 2.077990877e-16 0)
(0.1492537313 6.649769593e-19 0)
(0.1492537313 -2.110747202e-16 0)
(0.1492537313 8.887619297e-17 0)
(0.1492537313 1.302409054e-17 0)
(0.1492537313 1.095545258e-16 0)
(0.1492537313 -1.685296287e-17 0)
(0.1492537313 -1.980027295e-16 0)
(0.1492537313 7.534596468e-18 0)
(0.1492537313 1.080330486e-16 0)
(0.1492537313 -4.595563062e-18 0)
(0.1492537313 -3.223245593e-17 0)
(0.1492537313 2.328300002e-16 0)
(0.1492537313 -7.220727871e-17 0)
(0.1492537313 -2.939347291e-16 0)
(0.1492537313 9.685265838e-17 0)
(0.1492537313 8.817254878e-17 0)
(0.1492537313 1.247400097e-16 0)
(0.1492537313 -1.064531529e-16 0)
(0.1492537313 -2.279742396e-16 0)
(0.1492537313 3.350475345e-16 0)
(0.1492537313 1.131637081e-16 0)
(0.1492537313 -2.16700121e-16 0)
(0.1492537313 -1.032815695e-16 0)
(0.1492537313 -1.090308992e-16 0)
(0.1492537313 2.14705291e-16 0)
(0.1492537313 8.771728676e-17 0)
(0.1492537313 -8.953832704e-18 0)
(0.1492537313 -8.190056731e-17 0)
(0.1492537313 -9.726713153e-17 0)
(0.1492537313 1.793852665e-16 0)
(0.1492537313 -1.001323556e-16 0)
(0.1492537313 1.290439981e-17 0)
(0.1492537313 -1.03323443e-16 0)
(0.1492537313 -6.044473405e-18 0)
(0.1492537313 2.801812124e-16 0)
(0.1492537313 -2.028166734e-16 0)
(0.1492537313 5.911775588e-18 0)
(0.1492537313 1.981656253e-17 0)
(0.1492537313 -2.051181558e-16 0)
(0.1492537313 3.400374368e-16 0)
(0.1492537313 -3.33353714e-17 0)
(0.1492537313 -1.298549389e-16 0)
(0.1492537313 5.024103874e-17 0)
(0.1492537313 -2.48361228e-16 0)
(0.1492537313 3.230708188e-16 0)
(0.1492537313 1.965443443e-17 0)
(0.1492537313 -1.437887784e-16 0)
(0.1492537313 1.457281869e-17 0)
(0.1492537313 -1.292341228e-17 0)
(0.1492537313 1.021437629e-16 0)
(0.1492537313 -1.629915697e-16 0)
(0.1492537313 -1.550963225e-16 0)
(0.1492537313 3.314547706e-16 0)
(0.1492537313 1.350378459e-16 0)
(0.1492537313 -2.507765058e-16 0)
(0.1492537313 -9.846574322e-17 0)
(0.1492537313 1.187743584e-16 0)
(0.1492537313 -1.51392701e-17 0)
(0.1492537313 -8.134018361e-17 0)
(0.1492537313 2.082712897e-16 0)
(0.1492537313 -2.302764733e-16 0)
(0.1492537313 1.288883027e-16 0)
(0.1492537313 2.287901277e-16 0)
(0.1492537313 -3.221672315e-16 0)
(0.1492537313 1.061080001e-16 0)
(0.4179104478 2.007111808e-15 0)
(0.4179104478 3.862410195e-16 0)
(0.4179104478 1.842993821e-16 0)
(0.4179104478 8.581050733e-17 0)
(0.4179104478 -2.524220094e-17 0)
(0.4179104478 -6.623504647e-17 0)
(0.4179104478 -2.37461317e-17 0)
(0.4179104478 5.287339024e-17 0)
(0.4179104478 -6.271000703e-18 0)
(0.4179104478 2.727740579e-17 0)
(0.4179104478 2.810327569e-17 0)
(0.4179104478 -1.703523481e-17 0)
(0.4179104478 -4.012143794e-17 0)
(0.4179104478 -1.91729271e-17 0)
(0.4179104478 3.094714171e-17 0)
(0.4179104478 -4.337615523e-17 0)
(0.4179104478 -5.083981157e-17 0)
(0.4179104478 2.841060131e-17 0)
(0.4179104478 -5.420558524e-17 0)
(0.4179104478 1.756636781e-18 0)
(0.4179104478 2.551860043e-17 0)
(0.4179104478 -6.929661221e-17 0)
(0.4179104478 -1.14440632e-16 0)
(0.4179104478 4.959472179e-17 0)
(0.4179104478 1.4881528e-16 0)
(0.4179104478 3.595056964e-17 0)
(0.4179104478 -5.92992915e-17 0)
(0.4179104478 6.296482181e-17 0)
(0.4179104478 3.333673418e-17 0)
(0.4179104478 -8.547656614e-17 0)
(0.4179104478 2.829073189e-17 0)
(0.4179104478 -7.858198882e-18 0)
(0.4179104478 -6.243030783e-17 0)
(0.4179104478 2.308215464e-17 0)
(0.4179104478 -9.475278696e-17 0)
(0.4179104478 4.140908708e-17 0)
(0.4179104478 -1.516051278e-17 0)
(0.4179104478 -1.777292482e-17 0)
(0.4179104478 -1.659888833e-17 0)
(0.4179104478 1.979959355e-17 0)
(0.4179104478 7.797426986e-17 0)
(0.4179104478 6.195975007e-18 0)
(0.4179104478 7.352439074e-17 0)
(0.4179104478 -1.464347736e-16 0)
(0.4179104478 2.678612831e-17 0)
(0.4179104478 -1.765769867e-17 0)
(0.4179104478 -1.105127924e-16 0)
(0.4179104478 7.721583499e-17 0)
(0.4179104478 -4.648031097e-17 0)
(0.4179104478 9.761240323e-17 0)
(0.4179104478 9.543414908e-17 0)
(0.4179104478 -9.87657048e-17 0)
(0.4179104478 -3.233955529e-17 0)
(0.4179104478 5.475575028e-17 0)
(0.4179104478 -5.783366675e-17 0)
(0.4179104478 -4.891790971e-17 0)
(0.4179104478 1.297366126e-16 0)
(0.4179104478 -3.23129727e-17 0)
(0.4179104478 3.237283561e-17 0)
(0.4179104478 8.363632769e-17 0)
(0.4179104478 -1.1745715e-16 0)
(0.4179104478 1.288170263e-17 0)
(0.4179104478 1.856630699e-17 0)
(0.4179104478 -1.024864485e-16 0)
(0.4179104478 -2.328925574e-17 0)
(0.4179104478 1.331814938e-16 0)
(0.4179104478 -7.106050729e-17 0)
(0.4179104478 1.760058339e-18 0)
(0.4179104478 1.732887577e-16 0)
(0.4179104478 -5.009277514e-17 0)
(0.4179104478 -2.370277074e-16 0)
(0.4179104478 4.694435006e-17 0)
(0.4179104478 2.081758332e-16 0)
(0.4179104478 -1.236898785e-16 0)
(0.4179104478 -1.502400741e-16 0)
(0.4179104478 1.166607431e-16 0)
(0.4179104478 1.460803969e-16 0)
(0.4179104478 -2.159374766e-17 0)
(0.4179104478 -3.001746901e-16 0)
(0.4179104478 8.596545862e-17 0)
(0.4179104478 1.436889445e-16 0)
(0.4179104478 -1.005458216e-16 0)
(0.4179104478 4.54725022e-18 0)
(0.4179104478 4.568072117e-17 0)
(0.4179104478 1.575249638e-16 0)
(0.4179104478 1.085938934e-16 0)
(0.4179104478 -1.315150688e-16 0)
(0.4179104478 -2.153665155e-16 0)
(0.4179104478 -8.111353911e-17 0)
(0.4179104478 1.704610692e-16 0)
(0.4179104478 3.203349385e-16 0)
(0.4179104478 -2.337281759e-16 0)
(0.4179104478 -2.373625833e-16 0)
(0.4179104478 2.867884768e-16 0)
(0.4179104478 3.265604033e-17 0)
(0.4179104478 -1.914950423e-16 0)
(0.4179104478 1.154231356e-16 0)
(0.4179104478 1.568949717e-16 0)
(0.4179104478 -2.263012455e-16 0)
(0.4179104478 -2.192347518e-16 0)
(0.4179104478 3.281620091e-16 0)
(0.4179104478 1.305845609e-16 0)
(0.4179104478 -9.609950738e-17 0)
(0.4179104478 -1.081667192e-16 0)
(0.4179104478 4.013457025e-17 0)
(0.4179104478 1.371752267e-16 0)
(0.4179104478 -1.170942326e-16 0)
(0.4179104478 -1.260874622e-16 0)
(0.4179104478 4.222091672e-17 0)
(0.4179104478 2.033079488e-16 0)
(0.4179104478 -1.870953532e-16 0)
(0.4179104478 -1.625389085e-16 0)
(0.4179104478 2.11097078e-16 0)
(0.4179104478 1.689578246e-16 0)
(0.4179104478 4.981379726e-17 0)
(0.4179104478 -1.544401059e-16 0)
(0.4179104478 -2.317906137e-16 0)
(0.4179104478 2.260105606e-16 0)
(0.4179104478 2.356707111e-16 0)
(0.4179104478 -1.820337649e-16 0)
(0.4179104478 -1.395147557e-16 0)
(0.4179104478 7.41593764e-18 0)
(0.4179104478 9.386273749e-17 0)
(0.4179104478 -1.173446783e-17 0)
(0.4179104478 1.283476007e-16 0)
(0.4179104478 4.351361571e-17 0)
(0.4179104478 -1.020388827e-16 0)
(0.4179104478 -1.159005367e-16 0)
(0.4179104478 -1.997594118e-16 0)
(0.4179104478 2.56977506e-16 0)
(0.4179104478 5.173139343e-17 0)
(0.4179104478 -1.269996655e-16 0)
(0.4179104478 1.528057843e-16 0)
(0.4179104478 -2.044810627e-16 0)
(0.4179104478 -8.623023434e-17 0)
(0.4179104478 1.313773194e-16 0)
(0.4179104478 -4.527905219e-17 0)
(0.4179104478 -3.436527907e-17 0)
(0.4179104478 1.771006369e-16 0)
(0.4179104478 9.472499293e-18 0)
(0.4179104478 -2.506143304e-16 0)
(0.4179104478 -1.515564924e-16 0)
(0.4179104478 2.258162882e-17 0)
(0.4179104478 1.942313021e-16 0)
(0.4179104478 7.128922754e-17 0)
(0.4179104478 3.784562322e-17 0)
(0.4179104478 2.009834887e-16 0)
(0.4179104478 -8.308408201e-17 0)
(0.4179104478 -2.481554316e-16 0)
(0.4179104478 3.207461453e-17 0)
(0.4179104478 4.785508946e-17 0)
(0.4179104478 2.40360999e-16 0)
(0.4179104478 -6.012249605e-17 0)
(0.4179104478 -3.352183122e-16 0)
(0.4179104478 4.943776946e-16 0)
(0.4179104478 1.7478178e-16 0)
(0.4179104478 -3.44926231e-16 0)
(0.4179104478 -2.083570375e-16 0)
(0.4179104478 -1.36037783e-16 0)
(0.4179104478 3.27518749e-16 0)
(0.4179104478 2.02225502e-16 0)
(0.4179104478 -2.347167407e-16 0)
(0.4179104478 -3.3742993e-17 0)
(0.4179104478 1.652821307e-16 0)
(0.4179104478 -6.121635503e-17 0)
(0.4179104478 -2.135717069e-16 0)
(0.4179104478 -5.208511701e-17 0)
(0.4179104478 1.340648449e-17 0)
(0.4179104478 1.680682866e-16 0)
(0.4179104478 2.435513332e-16 0)
(0.4179104478 -1.269834162e-16 0)
(0.4179104478 -5.294687239e-17 0)
(0.4179104478 2.891292378e-16 0)
(0.4179104478 -5.150818388e-16 0)
(0.4179104478 5.574959485e-17 0)
(0.4179104478 9.935273238e-17 0)
(0.4179104478 -3.951478888e-17 0)
(0.4179104478 2.825058003e-16 0)
(0.4179104478 -4.613750167e-16 0)
(0.4179104478 3.992023426e-16 0)
(0.4179104478 1.072538148e-16 0)
(0.4179104478 -3.381622394e-16 0)
(0.4179104478 2.710880937e-16 0)
(0.4179104478 -5.016096359e-16 0)
(0.4179104478 3.021787904e-17 0)
(0.4179104478 6.247587832e-16 0)
(0.4179104478 -4.463253902e-16 0)
(0.4179104478 1.488795066e-16 0)
(0.4179104478 3.359326278e-16 0)
(0.4179104478 -3.266589199e-16 0)
(0.4179104478 -3.256493042e-16 0)
(0.4179104478 1.695495393e-16 0)
(0.4179104478 -6.991461541e-17 0)
(0.4179104478 -3.930678802e-17 0)
(0.4179104478 2.285082318e-16 0)
(0.4179104478 1.220151667e-16 0)
(0.4179104478 3.610809648e-17 0)
(0.4179104478 -1.776129941e-16 0)
(0.4179104478 -2.845266278e-16 0)
(0.4179104478 2.526320224e-16 0)
(0.6567164179 1.791985898e-15 0)
(0.6567164179 7.152814965e-16 0)
(0.6567164179 3.786224499e-16 0)
(0.6567164179 1.831390123e-16 0)
(0.6567164179 3.16882729e-17 0)
(0.6567164179 -4.610137214e-17 0)
(0.6567164179 -9.863855214e-18 0)
(0.6567164179 3.536781382e-17 0)
(0.6567164179 1.17020562e-17 0)
(0.6567164179 8.130842542e-17 0)
(0.6567164179 4.5847278e-17 0)
(0.6567164179 -3.48367351e-18 0)
(0.6567164179 -4.25775375e-17 0)
(0.6567164179 -7.586091379e-17 0)
(0.6567164179 -2.054466092e-17 0)
(0.6567164179 -1.080965391e-16 0)
(0.6567164179 -7.611422093e-17 0)
(0.6567164179 1.785984906e-17 0)
(0.6567164179 -3.065503153e-17 0)
(0.6567164179 -7.581434402e-17 0)
(0.6567164179 -4.296777325e-17 0)
(0.6567164179 -1.562682266e-16 0)
(0.6567164179 -1.37938407e-16 0)
(0.6567164179 1.306285302e-16 0)
(0.6567164179 1.624441047e-16 0)
(0.6567164179 2.046986364e-17 0)
(0.6567164179 8.741834203e-17 0)
(0.6567164179 7.792123205e-17 0)
(0.6567164179 -4.276812691e-17 0)
(0.6567164179 -1.847283508e-16 0)
(0.6567164179 2.966581054e-17 0)
(0.6567164179 7.189727326e-17 0)
(0.6567164179 -1.639185175e-16 0)
(0.6567164179 -2.05453633e-17 0)
(0.6567164179 -1.774891589e-16 0)
(0.6567164179 -1.117993367e-17 0)
(0.6567164179 3.988189179e-17 0)
(0.6567164179 7.172285498e-17 0)
(0.6567164179 -7.417409029e-18 0)
(0.6567164179 3.02978538e-17 0)
(0.6567164179 1.181443782e-17 0)
(0.6567164179 -4.751804839e-17 0)
(0.6567164179 2.386060517e-16 0)
(0.6567164179 -1.537913444e-16 0)
(0.6567164179 -9.139964719e-17 0)
(0.6567164179 2.085043887e-17 0)
(0.6567164179 -1.53199066e-16 0)
(0.6567164179 3.832487071e-18 0)
(0.6567164179 5.117103691e-17 0)
(0.6567164179 -7.549743179e-18 0)
(0.6567164179 1.137475162e-16 0)
(0.6567164179 -4.392016099e-17 0)
(0.6567164179 -6.964048252e-17 0)
(0.6567164179 1.021643521e-16 0)
(0.6567164179 3.035958996e-18 0)
(0.6567164179 -6.616008642e-17 0)
(0.6567164179 -2.496404223e-17 0)
(0.6567164179 -2.386517761e-17 0)
(0.6567164179 2.36540177e-16 0)
(0.6567164179 5.767511039e-17 0)
(0.6567164179 -2.234847953e-16 0)
(0.6567164179 1.055815478e-16 0)
(0.6567164179 4.298696424e-17 0)
(0.6567164179 -1.346226651e-16 0)
(0.6567164179 4.339123367e-17 0)
(0.6567164179 4.535449501e-17 0)
(0.6567164179 -7.057046532e-17 0)
(0.6567164179 8.724382431e-17 0)
(0.6567164179 1.904762948e-16 0)
(0.6567164179 -2.148981321e-16 0)
(0.6567164179 -3.759439926e-16 0)
(0.6567164179 2.037430386e-16 0)
(0.6567164179 1.16250241e-16 0)
(0.6567164179 -1.06347821e-16 0)
(0.6567164179 -1.414881468e-16 0)
(0.6567164179 1.51171892e-16 0)
(0.6567164179 2.718037999e-16 0)
(0.6567164179 -2.314716141e-16 0)
(0.6567164179 -3.031228918e-16 0)
(0.6567164179 1.239435016e-16 0)
(0.6567164179 2.266645238e-16 0)
(0.6567164179 -2.420171841e-16 0)
(0.6567164179 -1.261026465e-16 0)
(0.6567164179 4.534816148e-16 0)
(0.6567164179 1.575783095e-16 0)
(0.6567164179 5.882427918e-17 0)
(0.6567164179 -1.439571858e-17 0)
(0.6567164179 -3.889517908e-16 0)
(0.6567164179 -1.050618769e-16 0)
(0.6567164179 3.428301496e-16 0)
(0.6567164179 1.625893921e-16 0)
(0.6567164179 -1.970705549e-16 0)
(0.6567164179 -1.042249951e-16 0)
(0.6567164179 1.566911922e-16 0)
(0.6567164179 -3.091164746e-18 0)
(0.6567164179 -1.960148899e-16 0)
(0.6567164179 1.752887788e-16 0)
(0.6567164179 1.096685015e-16 0)
(0.6567164179 -1.878375266e-16 0)
(0.6567164179 -2.496172012e-16 0)
(0.6567164179 9.159472289e-17 0)
(0.6567164179 4.078434594e-16 0)
(0.6567164179 1.695006706e-16 0)
(0.6567164179 -9.682981415e-17 0)
(0.6567164179 -3.256605676e-16 0)
(0.6567164179 2.105721602e-16 0)
(0.6567164179 -1.066121983e-17 0)
(0.6567164179 -3.12418171e-16 0)
(0.6567164179 1.235791653e-16 0)
(0.6567164179 2.771487987e-16 0)
(0.6567164179 -1.463506922e-17 0)
(0.6567164179 -2.915751595e-16 0)
(0.6567164179 1.495916234e-16 0)
(0.6567164179 1.011579841e-16 0)
(0.6567164179 -1.062562438e-17 0)
(0.6567164179 7.293454765e-17 0)
(0.6567164179 -3.689176093e-16 0)
(0.6567164179 2.224404384e-16 0)
(0.6567164179 4.950593385e-16 0)
(0.6567164179 -1.808741848e-16 0)
(0.6567164179 -4.294098102e-16 0)
(0.6567164179 -1.915167806e-17 0)
(0.6567164179 2.889168057e-16 0)
(0.6567164179 3.283097295e-16 0)
(0.6567164179 5.286518621e-17 0)
(0.6567164179 -3.322617568e-16 0)
(0.6567164179 3.630207606e-17 0)
(0.6567164179 -2.655120833e-16 0)
(0.6567164179 -2.794435726e-16 0)
(0.6567164179 3.529279878e-16 0)
(0.6567164179 2.583655851e-16 0)
(0.6567164179 -3.53194092e-17 0)
(0.6567164179 -2.99479338e-16 0)
(0.6567164179 -2.351387002e-16 0)
(0.6567164179 7.028550123e-17 0)
(0.6567164179 1.742067392e-16 0)
(0.6567164179 -1.354173937e-16 0)
(0.6567164179 -9.535924306e-17 0)
(0.6567164179 2.630050033e-16 0)
(0.6567164179 -1.86753615e-16 0)
(0.6567164179 -4.963422194e-16 0)
(0.6567164179 -2.549667169e-17 0)
(0.6567164179 1.870635498e-16 0)
(0.6567164179 1.97958459e-16 0)
(0.6567164179 3.2594265e-16 0)
(0.6567164179 -1.157624959e-16 0)
(0.6567164179 1.63881101e-16 0)
(0.6567164179 2.679552137e-16 0)
(0.6567164179 -1.407842707e-16 0)
(0.6567164179 -2.83304427e-16 0)
(0.6567164179 -2.390629856e-16 0)
(0.6567164179 5.109861319e-16 0)
(0.6567164179 3.132368882e-16 0)
(0.6567164179 -3.03945665e-16 0)
(0.6567164179 2.416126708e-16 0)
(0.6567164179 1.536079684e-16 0)
(0.6567164179 -3.829448498e-16 0)
(0.6567164179 -2.21264048e-16 0)
(0.6567164179 -4.284621046e-18 0)
(0.6567164179 3.384699479e-16 0)
(0.6567164179 6.726695384e-17 0)
(0.6567164179 -1.136953636e-16 0)
(0.6567164179 2.596016714e-16 0)
(0.6567164179 1.970189599e-16 0)
(0.6567164179 -7.299020984e-16 0)
(0.6567164179 -2.83023921e-16 0)
(0.6567164179 1.636876894e-16 0)
(0.6567164179 8.589685533e-17 0)
(0.6567164179 4.360685758e-16 0)
(0.6567164179 2.157106416e-17 0)
(0.6567164179 -2.456724231e-16 0)
(0.6567164179 2.61061374e-17 0)
(0.6567164179 4.189949263e-16 0)
(0.6567164179 -2.299493488e-16 0)
(0.6567164179 -2.128875758e-16 0)
(0.6567164179 -3.374386765e-16 0)
(0.6567164179 2.846515357e-17 0)
(0.6567164179 5.103140602e-16 0)
(0.6567164179 -3.162563241e-16 0)
(0.6567164179 1.01200965e-16 0)
(0.6567164179 4.065230395e-16 0)
(0.6567164179 -3.900738873e-16 0)
(0.6567164179 3.948580586e-17 0)
(0.6567164179 -1.495386269e-17 0)
(0.6567164179 -1.082344292e-16 0)
(0.6567164179 5.586634732e-16 0)
(0.6567164179 -3.388114876e-16 0)
(0.6567164179 -1.791467912e-16 0)
(0.6567164179 3.334858851e-16 0)
(0.6567164179 -4.377954873e-16 0)
(0.6567164179 -1.883381337e-16 0)
(0.6567164179 8.572557651e-17 0)
(0.6567164179 -1.765944723e-16 0)
(0.6567164179 1.839386897e-16 0)
(0.6567164179 4.056655659e-16 0)
(0.6567164179 -2.14654184e-16 0)
(0.6567164179 -1.185875433e-16 0)
(0.6567164179 4.425829789e-17 0)
(0.6567164179 -6.377143764e-16 0)
(0.6567164179 2.637174581e-16 0)
(0.8656716418 1.473624105e-15 0)
(0.8656716418 8.723506069e-16 0)
(0.8656716418 5.650563609e-16 0)
(0.8656716418 2.88257128e-16 0)
(0.8656716418 1.077535896e-16 0)
(0.8656716418 3.762795567e-17 0)
(0.8656716418 1.070126572e-16 0)
(0.8656716418 -1.133519977e-17 0)
(0.8656716418 1.511581406e-17 0)
(0.8656716418 1.262881764e-16 0)
(0.8656716418 2.329763184e-17 0)
(0.8656716418 2.052085578e-17 0)
(0.8656716418 2.450692358e-17 0)
(0.8656716418 -1.508767807e-16 0)
(0.8656716418 -8.34069612e-17 0)
(0.8656716418 -9.974166894e-17 0)
(0.8656716418 -1.448863636e-16 0)
(0.8656716418 2.447050283e-18 0)
(0.8656716418 -6.638459898e-17 0)
(0.8656716418 -1.330108567e-16 0)
(0.8656716418 -8.925682114e-17 0)
(0.8656716418 -2.617852196e-16 0)
(0.8656716418 -1.835549511e-16 0)
(0.8656716418 1.735611591e-16 0)
(0.8656716418 1.868621794e-16 0)
(0.8656716418 1.302611564e-16 0)
(0.8656716418 1.742078991e-16 0)
(0.8656716418 4.338703721e-17 0)
(0.8656716418 -1.448759723e-16 0)
(0.8656716418 -2.324882264e-16 0)
(0.8656716418 7.650315066e-17 0)
(0.8656716418 2.601346241e-18 0)
(0.8656716418 -2.553272741e-16 0)
(0.8656716418 -1.094293171e-16 0)
(0.8656716418 -1.7832421e-16 0)
(0.8656716418 -7.969520108e-18 0)
(0.8656716418 1.286749283e-16 0)
(0.8656716418 1.049178027e-16 0)
(0.8656716418 -3.842232162e-17 0)
(0.8656716418 -1.265324672e-17 0)
(0.8656716418 8.385767366e-17 0)
(0.8656716418 -2.316730054e-17 0)
(0.8656716418 1.405353632e-16 0)
(0.8656716418 -1.886454537e-16 0)
(0.8656716418 -1.237613149e-16 0)
(0.8656716418 2.493069274e-17 0)
(0.8656716418 -1.111711544e-16 0)
(0.8656716418 7.540234128e-18 0)
(0.8656716418 5.257599968e-17 0)
(0.8656716418 5.867592113e-17 0)
(0.8656716418 6.843480061e-17 0)
(0.8656716418 -8.04077352e-17 0)
(0.8656716418 8.356170379e-17 0)
(0.8656716418 1.358773874e-16 0)
(0.8656716418 -1.686358635e-16 0)
(0.8656716418 -1.451379313e-16 0)
(0.8656716418 1.5552318e-16 0)
(0.8656716418 5.991702748e-17 0)
(0.8656716418 1.662385924e-16 0)
(0.8656716418 4.951377192e-17 0)
(0.8656716418 -1.255913052e-16 0)
(0.8656716418 1.158425938e-16 0)
(0.8656716418 7.932793343e-17 0)
(0.8656716418 -1.054716265e-16 0)
(0.8656716418 7.815300995e-18 0)
(0.8656716418 1.067388947e-16 0)
(0.8656716418 -3.665499197e-17 0)
(0.8656716418 9.482896794e-17 0)
(0.8656716418 6.256938983e-17 0)
(0.8656716418 -3.558440286e-16 0)
(0.8656716418 -3.919418543e-16 0)
(0.8656716418 2.608291679e-16 0)
(0.8656716418 8.781299936e-17 0)
(0.8656716418 -1.365272114e-16 0)
(0.8656716418 -9.198726385e-17 0)
(0.8656716418 2.362949051e-17 0)
(0.8656716418 3.977496182e-16 0)
(0.8656716418 -1.65084868e-16 0)
(0.8656716418 -5.654801246e-16 0)
(0.8656716418 9.82886174e-17 0)
(0.8656716418 2.930326525e-16 0)
(0.8656716418 -2.540114188e-16 0)
(0.8656716418 2.224111724e-17 0)
(0.8656716418 5.601595385e-16 0)
(0.8656716418 1.667831046e-16 0)
(0.8656716418 5.066117754e-17 0)
(0.8656716418 1.269370599e-16 0)
(0.8656716418 -3.692933398e-16 0)
(0.8656716418 -3.24747387e-16 0)
(0.8656716418 4.873865765e-16 0)
(0.8656716418 -8.158979438e-20 0)
(0.8656716418 -2.712518213e-16 0)
(0.8656716418 -1.073822171e-16 0)
(0.8656716418 2.845353517e-16 0)
(0.8656716418 -2.505430723e-17 0)
(0.8656716418 -4.053858325e-16 0)
(0.8656716418 2.342911832e-16 0)
(0.8656716418 2.595896465e-16 0)
(0.8656716418 -2.938537191e-16 0)
(0.8656716418 -4.030603728e-16 0)
(0.8656716418 3.257479308e-16 0)
(0.8656716418 5.518612193e-16 0)
(0.8656716418 2.428405911e-17 0)
(0.8656716418 -1.599639985e-16 0)
(0.8656716418 -3.107656949e-16 0)
(0.8656716418 2.843886107e-16 0)
(0.8656716418 9.807175491e-17 0)
(0.8656716418 -3.963917185e-16 0)
(0.8656716418 1.650452888e-17 0)
(0.8656716418 2.417401704e-16 0)
(0.8656716418 -3.996338882e-17 0)
(0.8656716418 -1.823837211e-16 0)
(0.8656716418 -4.201573929e-17 0)
(0.8656716418 2.370030636e-16 0)
(0.8656716418 2.826686736e-16 0)
(0.8656716418 -3.119564345e-16 0)
(0.8656716418 -2.216568845e-16 0)
(0.8656716418 5.425147359e-16 0)
(0.8656716418 2.995918513e-16 0)
(0.8656716418 -2.452592157e-16 0)
(0.8656716418 -4.278784136e-16 0)
(0.8656716418 5.919960076e-17 0)
(0.8656716418 4.419020065e-16 0)
(0.8656716418 3.405537991e-16 0)
(0.8656716418 -7.725495904e-17 0)
(0.8656716418 -2.521793819e-16 0)
(0.8656716418 3.371927728e-17 0)
(0.8656716418 -6.69836692e-16 0)
(0.8656716418 -2.4152663e-16 0)
(0.8656716418 5.75518688e-16 0)
(0.8656716418 2.511387992e-16 0)
(0.8656716418 -5.681156929e-17 0)
(0.8656716418 -3.645005498e-16 0)
(0.8656716418 -3.299356563e-16 0)
(0.8656716418 9.936251791e-17 0)
(0.8656716418 6.688787287e-17 0)
(0.8656716418 -4.030355343e-17 0)
(0.8656716418 -2.711166238e-16 0)
(0.8656716418 7.583144895e-17 0)
(0.8656716418 8.222994685e-17 0)
(0.8656716418 -6.980744487e-16 0)
(0.8656716418 -7.149346459e-17 0)
(0.8656716418 1.966305743e-16 0)
(0.8656716418 3.904973214e-16 0)
(0.8656716418 5.832707297e-16 0)
(0.8656716418 -2.317881305e-16 0)
(0.8656716418 1.64313216e-16 0)
(0.8656716418 3.351489663e-16 0)
(0.8656716418 7.677188269e-17 0)
(0.8656716418 -5.253448336e-16 0)
(0.8656716418 -2.479156669e-16 0)
(0.8656716418 7.641196588e-16 0)
(0.8656716418 3.244824493e-17 0)
(0.8656716418 -3.664890481e-16 0)
(0.8656716418 6.526334033e-16 0)
(0.8656716418 1.622141326e-16 0)
(0.8656716418 -5.182367764e-16 0)
(0.8656716418 -3.017660754e-16 0)
(0.8656716418 -1.687130186e-16 0)
(0.8656716418 4.645222132e-16 0)
(0.8656716418 3.107433374e-17 0)
(0.8656716418 3.300372331e-17 0)
(0.8656716418 4.077138643e-16 0)
(0.8656716418 4.896184081e-18 0)
(0.8656716418 -7.530886411e-16 0)
(0.8656716418 -3.710838172e-16 0)
(0.8656716418 4.134672543e-16 0)
(0.8656716418 2.571472718e-16 0)
(0.8656716418 1.752233945e-16 0)
(0.8656716418 -6.858377973e-17 0)
(0.8656716418 2.772583481e-17 0)
(0.8656716418 9.739038069e-17 0)
(0.8656716418 -1.156879961e-16 0)
(0.8656716418 -3.157349776e-16 0)
(0.8656716418 2.558595442e-16 0)
(0.8656716418 -6.89462687e-16 0)
(0.8656716418 -8.849167441e-17 0)
(0.8656716418 7.500608953e-16 0)
(0.8656716418 -3.342523042e-16 0)
(0.8656716418 3.782800101e-16 0)
(0.8656716418 4.405347674e-16 0)
(0.8656716418 -4.244123799e-16 0)
(0.8656716418 -3.534127727e-16 0)
(0.8656716418 -1.661782973e-16 0)
(0.8656716418 3.54005096e-16 0)
(0.8656716418 5.235194727e-16 0)
(0.8656716418 -4.786673402e-16 0)
(0.8656716418 2.14923765e-16 0)
(0.8656716418 4.043733605e-16 0)
(0.8656716418 -9.139889045e-16 0)
(0.8656716418 -4.874988592e-16 0)
(0.8656716418 2.129069528e-16 0)
(0.8656716418 -9.72635132e-17 0)
(0.8656716418 3.255290507e-16 0)
(0.8656716418 2.75678198e-16 0)
(0.8656716418 -4.922884014e-16 0)
(0.8656716418 2.155604116e-16 0)
(0.8656716418 -1.725506275e-17 0)
(0.8656716418 -7.639486449e-16 0)
(0.8656716418 2.940384975e-16 0)
(1.044776119 1.32355562e-15 0)
(1.044776119 9.748712e-16 0)
(1.044776119 6.463201501e-16 0)
(1.044776119 3.983696626e-16 0)
(1.044776119 2.222724335e-16 0)
(1.044776119 1.814996212e-16 0)
(1.044776119 2.36044883e-16 0)
(1.044776119 3.893638493e-17 0)
(1.044776119 1.493091685e-17 0)
(1.044776119 2.155576087e-16 0)
(1.044776119 3.290352899e-17 0)
(1.044776119 4.063583932e-18 0)
(1.044776119 3.064327447e-17 0)
(1.044776119 -1.287574272e-16 0)
(1.044776119 -1.39033427e-16 0)
(1.044776119 -1.757098779e-16 0)
(1.044776119 -2.065322763e-16 0)
(1.044776119 -9.932068799e-17 0)
(1.044776119 -1.411162471e-16 0)
(1.044776119 -9.96879936e-17 0)
(1.044776119 -1.68988673e-16 0)
(1.044776119 -3.589437379e-16 0)
(1.044776119 -1.275481968e-16 0)
(1.044776119 1.370122117e-16 0)
(1.044776119 1.585085442e-16 0)
(1.044776119 2.734263637e-16 0)
(1.044776119 2.638601208e-16 0)
(1.044776119 5.413537173e-18 0)
(1.044776119 -3.019650632e-16 0)
(1.044776119 -2.424633186e-16 0)
(1.044776119 6.296209988e-17 0)
(1.044776119 -4.405751554e-17 0)
(1.044776119 -3.221459328e-16 0)
(1.044776119 -1.784041277e-16 0)
(1.044776119 -1.570917266e-16 0)
(1.044776119 -1.006880093e-17 0)
(1.044776119 1.676102896e-16 0)
(1.044776119 1.64589733e-16 0)
(1.044776119 4.599103979e-17 0)
(1.044776119 -1.195957684e-17 0)
(1.044776119 2.472412577e-17 0)
(1.044776119 -5.876688345e-17 0)
(1.044776119 1.524857587e-17 0)
(1.044776119 -1.524265509e-16 0)
(1.044776119 -1.386709048e-16 0)
(1.044776119 5.322353642e-17 0)
(1.044776119 -1.220469434e-16 0)
(1.044776119 -9.996873993e-17 0)
(1.044776119 8.253417997e-17 0)
(1.044776119 1.224172909e-16 0)
(1.044776119 6.191308146e-17 0)
(1.044776119 -7.589457051e-17 0)
(1.044776119 1.999216009e-16 0)
(1.044776119 1.672827005e-16 0)
(1.044776119 -1.964921052e-16 0)
(1.044776119 -1.222219308e-16 0)
(1.044776119 1.853592182e-16 0)
(1.044776119 1.238604483e-16 0)
(1.044776119 1.80783412e-16 0)
(1.044776119 1.807226285e-17 0)
(1.044776119 -1.096058499e-16 0)
(1.044776119 1.447345245e-16 0)
(1.044776119 2.037581178e-16 0)
(1.044776119 -6.859478655e-17 0)
(1.044776119 -3.968778459e-17 0)
(1.044776119 1.515202437e-16 0)
(1.044776119 7.819749352e-18 0)
(1.044776119 1.564762495e-16 0)
(1.044776119 -6.404067384e-19 0)
(1.044776119 -4.995902511e-16 0)
(1.044776119 -4.789407002e-16 0)
(1.044776119 2.348745182e-16 0)
(1.044776119 7.919980538e-17 0)
(1.044776119 -1.406861674e-16 0)
(1.044776119 -1.454169002e-16 0)
(1.044776119 3.649427212e-17 0)
(1.044776119 4.069748012e-16 0)
(1.044776119 -1.32937856e-16 0)
(1.044776119 -5.479059623e-16 0)
(1.044776119 1.330542324e-16 0)
(1.044776119 2.596830755e-16 0)
(1.044776119 -2.543782792e-16 0)
(1.044776119 1.273995802e-16 0)
(1.044776119 5.989356048e-16 0)
(1.044776119 1.611888477e-16 0)
(1.044776119 4.546028921e-17 0)
(1.044776119 1.429110496e-16 0)
(1.044776119 -2.990435951e-16 0)
(1.044776119 -2.996430737e-16 0)
(1.044776119 4.292414363e-16 0)
(1.044776119 -1.644952087e-16 0)
(1.044776119 -2.996338822e-16 0)
(1.044776119 -8.995498204e-17 0)
(1.044776119 2.530442359e-16 0)
(1.044776119 -4.151164793e-17 0)
(1.044776119 -4.112019555e-16 0)
(1.044776119 2.584167019e-16 0)
(1.044776119 2.939946593e-16 0)
(1.044776119 -2.834517473e-16 0)
(1.044776119 -3.933580284e-16 0)
(1.044776119 3.861175087e-16 0)
(1.044776119 5.610229696e-16 0)
(1.044776119 8.830619426e-18 0)
(1.044776119 -1.645811307e-16 0)
(1.044776119 -3.150953593e-16 0)
(1.044776119 2.02353334e-16 0)
(1.044776119 9.306647378e-17 0)
(1.044776119 -3.641575121e-16 0)
(1.044776119 1.134380102e-17 0)
(1.044776119 2.629573713e-16 0)
(1.044776119 -5.016085189e-17 0)
(1.044776119 -1.998456664e-16 0)
(1.044776119 -4.163917657e-17 0)
(1.044776119 2.985421807e-16 0)
(1.044776119 3.63597861e-16 0)
(1.044776119 -3.265472755e-16 0)
(1.044776119 -1.303295036e-16 0)
(1.044776119 6.147495247e-16 0)
(1.044776119 3.484895794e-16 0)
(1.044776119 -2.933149629e-16 0)
(1.044776119 -4.913480336e-16 0)
(1.044776119 6.230609249e-17 0)
(1.044776119 4.966507132e-16 0)
(1.044776119 3.155436671e-16 0)
(1.044776119 -1.845151686e-16 0)
(1.044776119 -3.156896334e-16 0)
(1.044776119 6.203630181e-17 0)
(1.044776119 -7.619463661e-16 0)
(1.044776119 -2.673870961e-16 0)
(1.044776119 6.690442263e-16 0)
(1.044776119 3.665282923e-16 0)
(1.044776119 1.353593935e-17 0)
(1.044776119 -4.324063718e-16 0)
(1.044776119 -4.428625966e-16 0)
(1.044776119 1.182698064e-16 0)
(1.044776119 2.200963425e-17 0)
(1.044776119 -1.0085951e-16 0)
(1.044776119 -3.280065123e-16 0)
(1.044776119 -4.156366584e-17 0)
(1.044776119 -2.107564016e-17 0)
(1.044776119 -6.99798423e-16 0)
(1.044776119 -5.859080824e-17 0)
(1.044776119 1.529879026e-16 0)
(1.044776119 5.612373783e-16 0)
(1.044776119 8.427983994e-16 0)
(1.044776119 -1.121461512e-16 0)
(1.044776119 2.606472454e-16 0)
(1.044776119 3.707164853e-16 0)
(1.044776119 -2.89976173e-17 0)
(1.044776119 -6.042807886e-16 0)
(1.044776119 -3.190562705e-16 0)
(1.044776119 7.761951769e-16 0)
(1.044776119 4.048830548e-17 0)
(1.044776119 -3.93714568e-16 0)
(1.044776119 7.192183804e-16 0)
(1.044776119 2.276837182e-16 0)
(1.044776119 -5.302062802e-16 0)
(1.044776119 -3.857613562e-16 0)
(1.044776119 -1.7400354e-16 0)
(1.044776119 5.089518128e-16 0)
(1.044776119 2.504053137e-17 0)
(1.044776119 1.323783312e-16 0)
(1.044776119 4.935832872e-16 0)
(1.044776119 -1.364329922e-16 0)
(1.044776119 -8.555222334e-16 0)
(1.044776119 -3.809938221e-16 0)
(1.044776119 5.259822061e-16 0)
(1.044776119 3.979501363e-16 0)
(1.044776119 1.921436594e-16 0)
(1.044776119 -9.838708972e-17 0)
(1.044776119 1.227497347e-16 0)
(1.044776119 6.28997041e-17 0)
(1.044776119 -2.777825535e-16 0)
(1.044776119 -3.479153054e-16 0)
(1.044776119 2.362453474e-16 0)
(1.044776119 -7.611750241e-16 0)
(1.044776119 -1.408780186e-16 0)
(1.044776119 7.900959782e-16 0)
(1.044776119 -2.594223518e-16 0)
(1.044776119 4.104451157e-16 0)
(1.044776119 5.321845126e-16 0)
(1.044776119 -4.10467844e-16 0)
(1.044776119 -5.305393409e-16 0)
(1.044776119 -1.626346416e-16 0)
(1.044776119 4.956793131e-16 0)
(1.044776119 6.016727721e-16 0)
(1.044776119 -4.690075038e-16 0)
(1.044776119 1.429836804e-16 0)
(1.044776119 2.775197305e-16 0)
(1.044776119 -1.017788036e-15 0)
(1.044776119 -6.228804204e-16 0)
(1.044776119 1.552962084e-16 0)
(1.044776119 2.323579916e-17 0)
(1.044776119 3.831799249e-16 0)
(1.044776119 1.278747151e-16 0)
(1.044776119 -5.404730827e-16 0)
(1.044776119 1.558131159e-16 0)
(1.044776119 -8.171179953e-17 0)
(1.044776119 -7.495767198e-16 0)
(1.044776119 2.981584088e-16 0)
(1.194029851 1.152390301e-15 0)
(1.194029851 9.676632146e-16 0)
(1.194029851 6.201438904e-16 0)
(1.194029851 4.681085411e-16 0)
(1.194029851 3.581600786e-16 0)
(1.194029851 2.922237384e-16 0)
(1.194029851 2.526479092e-16 0)
(1.194029851 1.740287249e-16 0)
(1.194029851 1.132739273e-16 0)
(1.194029851 2.648692651e-16 0)
(1.194029851 9.439216285e-17 0)
(1.194029851 1.259289626e-17 0)
(1.194029851 5.941323198e-17 0)
(1.194029851 -1.28139948e-16 0)
(1.194029851 -2.323664493e-16 0)
(1.194029851 -2.506996946e-16 0)
(1.194029851 -3.044391817e-16 0)
(1.194029851 -2.807906491e-16 0)
(1.194029851 -1.382616111e-16 0)
(1.194029851 -4.761460127e-17 0)
(1.194029851 -2.797297519e-16 0)
(1.194029851 -3.868661093e-16 0)
(1.194029851 -1.465782193e-17 0)
(1.194029851 8.669075169e-17 0)
(1.194029851 7.272858576e-17 0)
(1.194029851 3.534670021e-16 0)
(1.194029851 3.196505236e-16 0)
(1.194029851 -1.180054079e-17 0)
(1.194029851 -4.427761557e-16 0)
(1.194029851 -2.227058117e-16 0)
(1.194029851 4.396489992e-17 0)
(1.194029851 -1.094854062e-16 0)
(1.194029851 -3.121819167e-16 0)
(1.194029851 -1.726176205e-16 0)
(1.194029851 -1.281774367e-16 0)
(1.194029851 -5.283973669e-17 0)
(1.194029851 1.469825489e-16 0)
(1.194029851 2.989082089e-16 0)
(1.194029851 1.311727056e-16 0)
(1.194029851 -1.494930093e-17 0)
(1.194029851 -4.611232205e-17 0)
(1.194029851 -1.947759172e-16 0)
(1.194029851 -1.431711763e-16 0)
(1.194029851 -1.422855361e-16 0)
(1.194029851 -1.294517364e-16 0)
(1.194029851 -5.051391132e-17 0)
(1.194029851 -6.915995377e-17 0)
(1.194029851 -1.767308801e-16 0)
(1.194029851 8.925682434e-17 0)
(1.194029851 1.685178399e-16 0)
(1.194029851 7.353600113e-18 0)
(1.194029851 -4.07819102e-17 0)
(1.194029851 2.768380434e-16 0)
(1.194029851 2.180095933e-16 0)
(1.194029851 -1.059953267e-16 0)
(1.194029851 -1.240024233e-16 0)
(1.194029851 2.448366892e-16 0)
(1.194029851 2.544824681e-16 0)
(1.194029851 6.601209048e-17 0)
(1.194029851 3.940123288e-17 0)
(1.194029851 -3.792342634e-17 0)
(1.194029851 4.951022984e-17 0)
(1.194029851 2.921135295e-16 0)
(1.194029851 8.579988748e-17 0)
(1.194029851 -3.946489567e-17 0)
(1.194029851 1.833160658e-16 0)
(1.194029851 6.070927654e-17 0)
(1.194029851 9.954793041e-17 0)
(1.194029851 -9.03541258e-17 0)
(1.194029851 -4.946668371e-16 0)
(1.194029851 -6.104748969e-16 0)
(1.194029851 5.45819294e-17 0)
(1.194029851 1.890619924e-16 0)
(1.194029851 -5.271748814e-17 0)
(1.194029851 -1.241310294e-16 0)
(1.194029851 9.354284158e-17 0)
(1.194029851 2.826231756e-16 0)
(1.194029851 -1.83031249e-16 0)
(1.194029851 -3.30561883e-16 0)
(1.194029851 2.365014113e-16 0)
(1.194029851 2.505084637e-16 0)
(1.194029851 -1.912713665e-16 0)
(1.194029851 2.046886537e-16 0)
(1.194029851 3.91535565e-16 0)
(1.194029851 4.16436268e-17 0)
(1.194029851 1.319435894e-16 0)
(1.194029851 6.79867645e-17 0)
(1.194029851 -2.115983645e-16 0)
(1.194029851 -6.063641989e-17 0)
(1.194029851 2.456510623e-16 0)
(1.194029851 -3.362713862e-16 0)
(1.194029851 -3.628010517e-16 0)
(1.194029851 -1.155793592e-16 0)
(1.194029851 1.661469872e-16 0)
(1.194029851 1.693826248e-17 0)
(1.194029851 -2.326404447e-16 0)
(1.194029851 9.508264329e-17 0)
(1.194029851 2.324084991e-16 0)
(1.194029851 -1.027015082e-16 0)
(1.194029851 -3.397555523e-16 0)
(1.194029851 3.667282731e-16 0)
(1.194029851 5.970489802e-16 0)
(1.194029851 1.332618111e-18 0)
(1.194029851 -2.773209226e-16 0)
(1.194029851 -1.289817522e-16 0)
(1.194029851 9.590477128e-17 0)
(1.194029851 4.750919245e-17 0)
(1.194029851 -3.319881654e-16 0)
(1.194029851 -4.839739445e-17 0)
(1.194029851 3.533748381e-16 0)
(1.194029851 -1.908670095e-17 0)
(1.194029851 -2.242820509e-16 0)
(1.194029851 -4.231999659e-17 0)
(1.194029851 4.73194752e-16 0)
(1.194029851 4.781563174e-16 0)
(1.194029851 -2.684450677e-16 0)
(1.194029851 -1.273322221e-16 0)
(1.194029851 5.633173701e-16 0)
(1.194029851 1.777327857e-16 0)
(1.194029851 -2.273692283e-16 0)
(1.194029851 -1.671815187e-16 0)
(1.194029851 -1.158304248e-16 0)
(1.194029851 4.879091376e-16 0)
(1.194029851 2.49497251e-16 0)
(1.194029851 -4.424787158e-16 0)
(1.194029851 -3.71999364e-16 0)
(1.194029851 -7.716539188e-18 0)
(1.194029851 -6.879622369e-16 0)
(1.194029851 -2.445825518e-16 0)
(1.194029851 7.067889445e-16 0)
(1.194029851 5.491671274e-16 0)
(1.194029851 1.468764933e-16 0)
(1.194029851 -5.115186137e-16 0)
(1.194029851 -5.520721607e-16 0)
(1.194029851 1.570690026e-16 0)
(1.194029851 -5.952843208e-17 0)
(1.194029851 -2.409266256e-16 0)
(1.194029851 -2.026711664e-16 0)
(1.194029851 -1.665782481e-16 0)
(1.194029851 -1.884424134e-16 0)
(1.194029851 -4.356676597e-16 0)
(1.194029851 -2.342311004e-16 0)
(1.194029851 1.418707699e-16 0)
(1.194029851 8.20975813e-16 0)
(1.194029851 8.921265602e-16 0)
(1.194029851 1.375827147e-16 0)
(1.194029851 5.45375613e-16 0)
(1.194029851 4.56368557e-16 0)
(1.194029851 -4.032188602e-16 0)
(1.194029851 -6.79353655e-16 0)
(1.194029851 -2.56335854e-16 0)
(1.194029851 4.309438482e-16 0)
(1.194029851 1.448896559e-16 0)
(1.194029851 -3.22547914e-16 0)
(1.194029851 4.683907995e-16 0)
(1.194029851 4.591103817e-16 0)
(1.194029851 -4.061564384e-16 0)
(1.194029851 -4.301251722e-16 0)
(1.194029851 -1.563522953e-16 0)
(1.194029851 4.319535173e-16 0)
(1.194029851 1.039139263e-16 0)
(1.194029851 1.545068969e-16 0)
(1.194029851 3.897179005e-16 0)
(1.194029851 -2.375680592e-16 0)
(1.194029851 -7.340884612e-16 0)
(1.194029851 -2.370239281e-16 0)
(1.194029851 4.968317187e-16 0)
(1.194029851 3.434623763e-16 0)
(1.194029851 1.953080714e-16 0)
(1.194029851 -2.346653454e-17 0)
(1.194029851 2.062210637e-16 0)
(1.194029851 6.891032772e-17 0)
(1.194029851 -3.543092649e-16 0)
(1.194029851 -4.613664506e-16 0)
(1.194029851 3.879055999e-17 0)
(1.194029851 -4.755670048e-16 0)
(1.194029851 -1.610060533e-16 0)
(1.194029851 5.856128276e-16 0)
(1.194029851 1.398126398e-17 0)
(1.194029851 3.763698181e-16 0)
(1.194029851 3.911319799e-16 0)
(1.194029851 -3.951520108e-16 0)
(1.194029851 -5.159665997e-16 0)
(1.194029851 -9.536266297e-17 0)
(1.194029851 5.904595047e-16 0)
(1.194029851 5.760876745e-16 0)
(1.194029851 -5.131608135e-16 0)
(1.194029851 1.028817925e-16 0)
(1.194029851 1.656173332e-16 0)
(1.194029851 -1.004441659e-15 0)
(1.194029851 -6.589312018e-16 0)
(1.194029851 7.949395852e-17 0)
(1.194029851 1.883399389e-16 0)
(1.194029851 2.310273961e-16 0)
(1.194029851 -3.007162587e-16 0)
(1.194029851 -3.481804764e-16 0)
(1.194029851 2.681472743e-16 0)
(1.194029851 -1.226886672e-16 0)
(1.194029851 -6.215315625e-16 0)
(1.194029851 2.41895537e-16 0)
(1.313432836 8.650351351e-16 0)
(1.313432836 8.484869797e-16 0)
(1.313432836 6.143857883e-16 0)
(1.313432836 5.134370792e-16 0)
(1.313432836 4.382583605e-16 0)
(1.313432836 3.758918461e-16 0)
(1.313432836 2.657025382e-16 0)
(1.313432836 2.270684918e-16 0)
(1.313432836 3.116759947e-16 0)
(1.313432836 3.22111982e-16 0)
(1.313432836 1.794711641e-16 0)
(1.313432836 1.667272357e-17 0)
(1.313432836 3.453020369e-17 0)
(1.313432836 -1.525013538e-16 0)
(1.313432836 -3.545369393e-16 0)
(1.313432836 -3.386564952e-16 0)
(1.313432836 -4.18744905e-16 0)
(1.313432836 -3.515028646e-16 0)
(1.313432836 -1.353227894e-16 0)
(1.313432836 -5.988721656e-17 0)
(1.313432836 -2.750428626e-16 0)
(1.313432836 -2.178793335e-16 0)
(1.313432836 1.255932164e-17 0)
(1.313432836 5.150548192e-17 0)
(1.313432836 -1.274443678e-17 0)
(1.313432836 2.789921501e-16 0)
(1.313432836 3.537759997e-16 0)
(1.313432836 -6.147100651e-17 0)
(1.313432836 -4.641469063e-16 0)
(1.313432836 -2.2989738e-16 0)
(1.313432836 -1.07804626e-16 0)
(1.313432836 -1.906499591e-16 0)
(1.313432836 -2.744191086e-16 0)
(1.313432836 -1.870319438e-16 0)
(1.313432836 -1.773739412e-16 0)
(1.313432836 -3.455817166e-17 0)
(1.313432836 2.742307118e-16 0)
(1.313432836 3.744913361e-16 0)
(1.313432836 1.581102108e-16 0)
(1.313432836 -1.138680225e-16 0)
(1.313432836 -1.774135331e-16 0)
(1.313432836 -3.993550368e-16 0)
(1.313432836 -2.267508931e-16 0)
(1.313432836 -1.153726052e-16 0)
(1.313432836 -1.233459405e-16 0)
(1.313432836 -1.054984362e-16 0)
(1.313432836 -8.735686798e-17 0)
(1.313432836 -1.040876038e-16 0)
(1.313432836 8.374938147e-17 0)
(1.313432836 1.269018891e-16 0)
(1.313432836 1.622860594e-17 0)
(1.313432836 -2.119523282e-18 0)
(1.313432836 2.829938897e-16 0)
(1.313432836 3.297850827e-16 0)
(1.313432836 7.716263608e-17 0)
(1.313432836 -5.841029118e-17 0)
(1.313432836 1.21330417e-16 0)
(1.313432836 3.832468894e-16 0)
(1.313432836 1.946092799e-16 0)
(1.313432836 8.610566235e-18 0)
(1.313432836 -2.271119936e-17 0)
(1.313432836 3.022764867e-17 0)
(1.313432836 1.574593823e-16 0)
(1.313432836 1.459198055e-16 0)
(1.313432836 9.434461811e-17 0)
(1.313432836 2.059468117e-16 0)
(1.313432836 7.651137241e-17 0)
(1.313432836 5.206683589e-17 0)
(1.313432836 -1.874968591e-16 0)
(1.313432836 -6.216778833e-16 0)
(1.313432836 -5.108063198e-16 0)
(1.313432836 9.745610397e-17 0)
(1.313432836 1.424327419e-16 0)
(1.313432836 -9.101279336e-17 0)
(1.313432836 -2.40202207e-17 0)
(1.313432836 9.384490178e-17 0)
(1.313432836 3.544909551e-16 0)
(1.313432836 -1.564030511e-16 0)
(1.313432836 -2.984622848e-16 0)
(1.313432836 2.969838492e-16 0)
(1.313432836 3.542665553e-16 0)
(1.313432836 -7.106286976e-17 0)
(1.313432836 1.183783907e-16 0)
(1.313432836 2.545594004e-16 0)
(1.313432836 -5.303654677e-17 0)
(1.313432836 1.033185638e-16 0)
(1.313432836 1.153127071e-16 0)
(1.313432836 -1.094904874e-16 0)
(1.313432836 -5.454158894e-17 0)
(1.313432836 1.08737593e-16 0)
(1.313432836 -2.123366876e-16 0)
(1.313432836 -3.779834503e-16 0)
(1.313432836 -1.402174297e-16 0)
(1.313432836 4.890015303e-18 0)
(1.313432836 -6.008446633e-17 0)
(1.313432836 -2.835886127e-16 0)
(1.313432836 1.20851919e-16 0)
(1.313432836 3.544139584e-16 0)
(1.313432836 -9.047466899e-17 0)
(1.313432836 -3.456826407e-16 0)
(1.313432836 3.073521897e-16 0)
(1.313432836 6.257544786e-16 0)
(1.313432836 7.171911078e-17 0)
(1.313432836 -3.11273924e-16 0)
(1.313432836 -2.162605185e-16 0)
(1.313432836 8.688501136e-17 0)
(1.313432836 -3.607118421e-17 0)
(1.313432836 -4.033088625e-16 0)
(1.313432836 -1.907178202e-17 0)
(1.313432836 3.289666996e-16 0)
(1.313432836 1.351206333e-16 0)
(1.313432836 -7.514580248e-17 0)
(1.313432836 2.800718527e-17 0)
(1.313432836 4.239573739e-16 0)
(1.313432836 3.036729566e-16 0)
(1.313432836 -8.361430435e-17 0)
(1.313432836 -6.309745708e-17 0)
(1.313432836 3.629738992e-16 0)
(1.313432836 2.456499335e-16 0)
(1.313432836 -1.001459991e-16 0)
(1.313432836 -9.058061034e-17 0)
(1.313432836 -2.329455966e-17 0)
(1.313432836 2.702119648e-16 0)
(1.313432836 -4.508897554e-17 0)
(1.313432836 -4.776409764e-16 0)
(1.313432836 -3.711103435e-16 0)
(1.313432836 -2.661055941e-16 0)
(1.313432836 -5.687922148e-16 0)
(1.313432836 -1.155799343e-16 0)
(1.313432836 7.812467406e-16 0)
(1.313432836 5.041363563e-16 0)
(1.313432836 8.817389254e-17 0)
(1.313432836 -3.455871552e-16 0)
(1.313432836 -5.099095872e-16 0)
(1.313432836 1.439738723e-16 0)
(1.313432836 -1.132913889e-16 0)
(1.313432836 -3.077592528e-16 0)
(1.313432836 -3.793736091e-16 0)
(1.313432836 -7.719987279e-17 0)
(1.313432836 -3.153123258e-17 0)
(1.313432836 -4.766702551e-16 0)
(1.313432836 -2.301665087e-16 0)
(1.313432836 2.410775503e-16 0)
(1.313432836 9.437349546e-16 0)
(1.313432836 9.757747557e-16 0)
(1.313432836 1.597659589e-16 0)
(1.313432836 5.47167168e-16 0)
(1.313432836 4.798277345e-16 0)
(1.313432836 -3.230503351e-16 0)
(1.313432836 -6.830576969e-16 0)
(1.313432836 -3.352819631e-16 0)
(1.313432836 3.773694677e-16 0)
(1.313432836 3.052506787e-17 0)
(1.313432836 -3.823256767e-16 0)
(1.313432836 4.321988562e-16 0)
(1.313432836 4.585800393e-16 0)
(1.313432836 -2.757286521e-16 0)
(1.313432836 -3.680242386e-16 0)
(1.313432836 -1.338999383e-16 0)
(1.313432836 4.684178134e-16 0)
(1.313432836 1.130066525e-16 0)
(1.313432836 4.886038955e-17 0)
(1.313432836 2.004459296e-16 0)
(1.313432836 -1.447721024e-16 0)
(1.313432836 -5.722269059e-16 0)
(1.313432836 -2.250787001e-16 0)
(1.313432836 5.48081066e-16 0)
(1.313432836 3.864275294e-16 0)
(1.313432836 2.651598776e-16 0)
(1.313432836 -1.741768696e-16 0)
(1.313432836 -7.868566958e-17 0)
(1.313432836 1.710596837e-16 0)
(1.313432836 -3.186638757e-16 0)
(1.313432836 -5.083767758e-16 0)
(1.313432836 -2.294677306e-17 0)
(1.313432836 -4.650715944e-16 0)
(1.313432836 1.666584803e-17 0)
(1.313432836 4.284194022e-16 0)
(1.313432836 -1.461616048e-16 0)
(1.313432836 5.240723249e-16 0)
(1.313432836 4.836083758e-16 0)
(1.313432836 -2.883181676e-16 0)
(1.313432836 -4.242504321e-16 0)
(1.313432836 -1.665539737e-17 0)
(1.313432836 7.061461491e-16 0)
(1.313432836 3.754088893e-16 0)
(1.313432836 -5.887009981e-16 0)
(1.313432836 -1.308824525e-16 0)
(1.313432836 1.619439277e-16 0)
(1.313432836 -7.486048041e-16 0)
(1.313432836 -7.918965599e-16 0)
(1.313432836 -1.426582353e-16 0)
(1.313432836 1.279540629e-16 0)
(1.313432836 2.979474343e-16 0)
(1.313432836 -1.393461282e-16 0)
(1.313432836 -3.047911339e-16 0)
(1.313432836 5.437925964e-17 0)
(1.313432836 -1.386611575e-16 0)
(1.313432836 -3.556459272e-16 0)
(1.313432836 2.35993338e-16 0)
(1.402985075 7.41512188e-16 0)
(1.402985075 6.658505388e-16 0)
(1.402985075 6.397920797e-16 0)
(1.402985075 5.919371446e-16 0)
(1.402985075 5.133165485e-16 0)
(1.402985075 4.094365449e-16 0)
(1.402985075 3.340789688e-16 0)
(1.402985075 2.232681151e-16 0)
(1.402985075 4.804327756e-16 0)
(1.402985075 4.04801091e-16 0)
(1.402985075 1.501329218e-16 0)
(1.402985075 -8.869494258e-18 0)
(1.402985075 4.220149798e-17 0)
(1.402985075 -1.228262764e-16 0)
(1.402985075 -3.987803534e-16 0)
(1.402985075 -4.646706184e-16 0)
(1.402985075 -5.650729698e-16 0)
(1.402985075 -3.973614811e-16 0)
(1.402985075 -9.63620811e-17 0)
(1.402985075 -8.052317934e-17 0)
(1.402985075 -2.10963798e-16 0)
(1.402985075 -6.415095056e-18 0)
(1.402985075 1.413338202e-17 0)
(1.402985075 -3.45560362e-17 0)
(1.402985075 2.846637441e-17 0)
(1.402985075 5.92970436e-17 0)
(1.402985075 1.5893273e-16 0)
(1.402985075 -3.132232556e-17 0)
(1.402985075 -3.851019237e-16 0)
(1.402985075 -2.627789184e-16 0)
(1.402985075 -2.213210576e-16 0)
(1.402985075 -3.618153593e-16 0)
(1.402985075 -3.181149906e-16 0)
(1.402985075 -1.789036488e-16 0)
(1.402985075 -1.520647135e-16 0)
(1.402985075 6.901921567e-17 0)
(1.402985075 3.256109948e-16 0)
(1.402985075 3.527542457e-16 0)
(1.402985075 2.020902634e-16 0)
(1.402985075 -2.050554766e-16 0)
(1.402985075 -4.264123931e-16 0)
(1.402985075 -4.250882717e-16 0)
(1.402985075 -2.602872364e-16 0)
(1.402985075 -7.681107349e-17 0)
(1.402985075 -1.18897359e-16 0)
(1.402985075 -2.587268445e-16 0)
(1.402985075 -6.047625228e-17 0)
(1.402985075 1.854346382e-16 0)
(1.402985075 6.889062552e-17 0)
(1.402985075 5.590632679e-17 0)
(1.402985075 7.445622051e-17 0)
(1.402985075 1.960564105e-17 0)
(1.402985075 2.594683111e-16 0)
(1.402985075 3.904359871e-16 0)
(1.402985075 1.560234715e-16 0)
(1.402985075 5.44077891e-17 0)
(1.402985075 1.979881091e-16 0)
(1.402985075 3.335598134e-16 0)
(1.402985075 2.260207022e-16 0)
(1.402985075 6.54482691e-17 0)
(1.402985075 -4.06164417e-17 0)
(1.402985075 -3.77870239e-17 0)
(1.402985075 1.050159261e-16 0)
(1.402985075 1.132710082e-16 0)
(1.402985075 1.827553756e-16 0)
(1.402985075 2.359280852e-16 0)
(1.402985075 8.755725707e-17 0)
(1.402985075 -1.414422216e-17 0)
(1.402985075 -3.194094729e-16 0)
(1.402985075 -5.20529395e-16 0)
(1.402985075 -3.637429862e-16 0)
(1.402985075 3.256822268e-17 0)
(1.402985075 1.304726805e-16 0)
(1.402985075 -4.572116896e-17 0)
(1.402985075 -5.915976082e-17 0)
(1.402985075 4.026509292e-17 0)
(1.402985075 3.930406933e-16 0)
(1.402985075 -2.510341823e-17 0)
(1.402985075 -1.539571052e-16 0)
(1.402985075 3.642642112e-16 0)
(1.402985075 1.83518666e-16 0)
(1.402985075 -8.404471429e-18 0)
(1.402985075 1.041690479e-16 0)
(1.402985075 1.85933642e-16 0)
(1.402985075 7.054989961e-17 0)
(1.402985075 -3.86891554e-17 0)
(1.402985075 -5.212057185e-17 0)
(1.402985075 -3.042272577e-17 0)
(1.402985075 -1.499775422e-17 0)
(1.402985075 1.113491199e-16 0)
(1.402985075 -1.449092113e-16 0)
(1.402985075 -3.257510676e-16 0)
(1.402985075 -2.046790155e-16 0)
(1.402985075 -1.826734387e-16 0)
(1.402985075 -2.876413549e-17 0)
(1.402985075 -2.597645289e-16 0)
(1.402985075 -2.1201872e-17 0)
(1.402985075 2.808238611e-16 0)
(1.402985075 -2.862709532e-17 0)
(1.402985075 -2.008973866e-16 0)
(1.402985075 2.185917389e-16 0)
(1.402985075 5.18569141e-16 0)
(1.402985075 1.868961331e-16 0)
(1.402985075 -3.936426633e-16 0)
(1.402985075 -3.190503344e-16 0)
(1.402985075 -1.572966479e-17 0)
(1.402985075 -9.036671077e-17 0)
(1.402985075 -2.959743574e-16 0)
(1.402985075 -3.649857555e-17 0)
(1.402985075 2.479243843e-16 0)
(1.402985075 7.687493788e-17 0)
(1.402985075 4.238942606e-17 0)
(1.402985075 1.824766729e-16 0)
(1.402985075 4.141050228e-16 0)
(1.402985075 3.630789513e-16 0)
(1.402985075 5.017590416e-17 0)
(1.402985075 -1.762346869e-16 0)
(1.402985075 2.300297768e-16 0)
(1.402985075 3.059544605e-16 0)
(1.402985075 -1.283160661e-17 0)
(1.402985075 8.27568951e-17 0)
(1.402985075 4.925254654e-17 0)
(1.402985075 -4.366758914e-17 0)
(1.402985075 -2.729371064e-16 0)
(1.402985075 -5.948444279e-16 0)
(1.402985075 -5.475391382e-16 0)
(1.402985075 -2.187814484e-16 0)
(1.402985075 -4.850252742e-16 0)
(1.402985075 3.842984526e-18 0)
(1.402985075 7.827986976e-16 0)
(1.402985075 4.893700036e-16 0)
(1.402985075 1.92858474e-16 0)
(1.402985075 -4.127225334e-16 0)
(1.402985075 -3.887580042e-16 0)
(1.402985075 4.684103924e-17 0)
(1.402985075 -2.733599766e-16 0)
(1.402985075 -2.942131697e-16 0)
(1.402985075 -3.081727006e-16 0)
(1.402985075 -3.904434749e-17 0)
(1.402985075 -2.263885397e-17 0)
(1.402985075 -4.249853093e-16 0)
(1.402985075 3.927512805e-17 0)
(1.402985075 3.398526843e-16 0)
(1.402985075 8.160940959e-16 0)
(1.402985075 8.457631935e-16 0)
(1.402985075 2.895185123e-16 0)
(1.402985075 5.945973738e-16 0)
(1.402985075 4.170156551e-16 0)
(1.402985075 -1.463059216e-16 0)
(1.402985075 -5.203442071e-16 0)
(1.402985075 -3.882965054e-16 0)
(1.402985075 4.329131738e-17 0)
(1.402985075 -1.745964733e-16 0)
(1.402985075 -1.527488703e-16 0)
(1.402985075 4.147945021e-16 0)
(1.402985075 2.888034658e-16 0)
(1.402985075 -2.355847178e-16 0)
(1.402985075 -2.014028024e-16 0)
(1.402985075 -4.864014332e-17 0)
(1.402985075 3.258652581e-16 0)
(1.402985075 8.320712006e-17 0)
(1.402985075 -5.944734184e-18 0)
(1.402985075 2.671103722e-17 0)
(1.402985075 -8.789403234e-17 0)
(1.402985075 -4.008366854e-16 0)
(1.402985075 -2.022562358e-16 0)
(1.402985075 5.67141932e-16 0)
(1.402985075 4.504806846e-16 0)
(1.402985075 2.104250884e-16 0)
(1.402985075 -3.222529113e-16 0)
(1.402985075 -6.785690652e-17 0)
(1.402985075 8.841808591e-17 0)
(1.402985075 -3.620146868e-16 0)
(1.402985075 -3.974554623e-16 0)
(1.402985075 -7.089656729e-17 0)
(1.402985075 -2.961834425e-16 0)
(1.402985075 -2.664474555e-16 0)
(1.402985075 2.512395716e-16 0)
(1.402985075 3.482206069e-17 0)
(1.402985075 4.433695649e-16 0)
(1.402985075 5.383487815e-16 0)
(1.402985075 -1.000510875e-16 0)
(1.402985075 -1.293769523e-16 0)
(1.402985075 4.676101525e-17 0)
(1.402985075 5.443313266e-16 0)
(1.402985075 1.765532863e-16 0)
(1.402985075 -6.352857273e-16 0)
(1.402985075 -1.198659499e-16 0)
(1.402985075 1.228807064e-16 0)
(1.402985075 -6.60016084e-16 0)
(1.402985075 -7.971072918e-16 0)
(1.402985075 -2.25003333e-16 0)
(1.402985075 -1.923113454e-17 0)
(1.402985075 2.599055262e-16 0)
(1.402985075 4.321774732e-17 0)
(1.402985075 -3.42677555e-16 0)
(1.402985075 -2.499809407e-17 0)
(1.402985075 1.686114833e-17 0)
(1.402985075 -3.018062198e-16 0)
(1.402985075 1.273823066e-16 0)
(1.462686567 5.501345963e-16 0)
(1.462686567 4.705289761e-16 0)
(1.462686567 6.252822197e-16 0)
(1.462686567 6.286409045e-16 0)
(1.462686567 5.957717724e-16 0)
(1.462686567 4.611062372e-16 0)
(1.462686567 3.682091138e-16 0)
(1.462686567 3.104213085e-16 0)
(1.462686567 4.997247247e-16 0)
(1.462686567 3.099774959e-16 0)
(1.462686567 1.426503139e-16 0)
(1.462686567 -1.15825296e-17 0)
(1.462686567 -3.024428607e-17 0)
(1.462686567 -1.336024869e-16 0)
(1.462686567 -4.112569938e-16 0)
(1.462686567 -4.784583362e-16 0)
(1.462686567 -5.586671224e-16 0)
(1.462686567 -3.095395795e-16 0)
(1.462686567 -1.433531595e-16 0)
(1.462686567 -1.647589973e-16 0)
(1.462686567 -4.721507367e-17 0)
(1.462686567 2.772253408e-17 0)
(1.462686567 -8.217066224e-18 0)
(1.462686567 -8.235551924e-17 0)
(1.462686567 4.544955614e-17 0)
(1.462686567 -1.863925017e-17 0)
(1.462686567 -5.030704302e-17 0)
(1.462686567 -1.54781759e-16 0)
(1.462686567 -2.295663813e-16 0)
(1.462686567 -2.300465635e-16 0)
(1.462686567 -3.289607835e-16 0)
(1.462686567 -4.2427387e-16 0)
(1.462686567 -3.433304579e-16 0)
(1.462686567 -1.913857293e-16 0)
(1.462686567 -6.43122572e-17 0)
(1.462686567 1.735572768e-16 0)
(1.462686567 2.712098571e-16 0)
(1.462686567 2.186058541e-16 0)
(1.462686567 1.278594257e-16 0)
(1.462686567 -1.547333232e-16 0)
(1.462686567 -4.195824581e-16 0)
(1.462686567 -4.470209996e-16 0)
(1.462686567 -3.552616758e-16 0)
(1.462686567 -1.332988389e-16 0)
(1.462686567 -7.440551322e-17 0)
(1.462686567 -1.46728418e-16 0)
(1.462686567 -1.255150311e-17 0)
(1.462686567 2.927116023e-16 0)
(1.462686567 1.160643709e-16 0)
(1.462686567 -5.868779189e-17 0)
(1.462686567 1.270483762e-17 0)
(1.462686567 1.058337224e-16 0)
(1.462686567 2.477840092e-16 0)
(1.462686567 3.859290974e-16 0)
(1.462686567 2.963607209e-16 0)
(1.462686567 2.631955368e-16 0)
(1.462686567 2.708468026e-16 0)
(1.462686567 1.720599334e-16 0)
(1.462686567 2.495279506e-16 0)
(1.462686567 8.217709979e-17 0)
(1.462686567 1.218139887e-17 0)
(1.462686567 -9.861661081e-17 0)
(1.462686567 -1.360981471e-17 0)
(1.462686567 4.071528757e-17 0)
(1.462686567 2.528679658e-16 0)
(1.462686567 2.784316222e-16 0)
(1.462686567 7.840875002e-17 0)
(1.462686567 -5.610239163e-17 0)
(1.462686567 -2.191903473e-16 0)
(1.462686567 -3.169704422e-16 0)
(1.462686567 -3.027735201e-16 0)
(1.462686567 5.48989749e-17 0)
(1.462686567 1.229155892e-16 0)
(1.462686567 7.867758603e-17 0)
(1.462686567 -1.372195995e-16 0)
(1.462686567 -2.962270944e-17 0)
(1.462686567 3.500229383e-16 0)
(1.462686567 8.361628712e-17 0)
(1.462686567 -8.120776866e-17 0)
(1.462686567 2.199276381e-16 0)
(1.462686567 9.095760553e-17 0)
(1.462686567 6.181964807e-17 0)
(1.462686567 2.824908245e-17 0)
(1.462686567 1.526420465e-16 0)
(1.462686567 1.446592192e-16 0)
(1.462686567 -2.050132974e-16 0)
(1.462686567 -2.486786208e-16 0)
(1.462686567 -3.430964653e-17 0)
(1.462686567 8.192833635e-18 0)
(1.462686567 9.04437284e-17 0)
(1.462686567 4.692605711e-17 0)
(1.462686567 -1.964336783e-16 0)
(1.462686567 -2.677627725e-16 0)
(1.462686567 -2.17005486e-16 0)
(1.462686567 -3.712303583e-17 0)
(1.462686567 -2.681104337e-16 0)
(1.462686567 -1.508396796e-16 0)
(1.462686567 1.708085115e-16 0)
(1.462686567 1.345464795e-17 0)
(1.462686567 -1.93695774e-16 0)
(1.462686567 1.156474338e-16 0)
(1.462686567 4.335658878e-16 0)
(1.462686567 1.704044644e-16 0)
(1.462686567 -4.187848554e-16 0)
(1.462686567 -4.379538105e-16 0)
(1.462686567 -1.47761979e-16 0)
(1.462686567 -3.380198601e-17 0)
(1.462686567 -1.091559626e-16 0)
(1.462686567 -7.659647563e-18 0)
(1.462686567 1.604337897e-16 0)
(1.462686567 7.161669505e-17 0)
(1.462686567 2.231998504e-16 0)
(1.462686567 2.879898779e-16 0)
(1.462686567 3.155492483e-16 0)
(1.462686567 3.77669989e-16 0)
(1.462686567 1.993572019e-16 0)
(1.462686567 -8.682576638e-17 0)
(1.462686567 9.899714851e-17 0)
(1.462686567 2.594092182e-16 0)
(1.462686567 1.068871793e-16 0)
(1.462686567 1.283785267e-16 0)
(1.462686567 8.322277567e-17 0)
(1.462686567 -2.317570399e-16 0)
(1.462686567 -4.386272004e-16 0)
(1.462686567 -6.323374459e-16 0)
(1.462686567 -6.587852994e-16 0)
(1.462686567 -2.356015914e-16 0)
(1.462686567 -2.995445184e-16 0)
(1.462686567 7.026422395e-17 0)
(1.462686567 6.025963339e-16 0)
(1.462686567 5.004321952e-16 0)
(1.462686567 2.901248739e-16 0)
(1.462686567 -3.341863432e-16 0)
(1.462686567 -3.654463163e-16 0)
(1.462686567 -1.653703475e-16 0)
(1.462686567 -3.73375901e-16 0)
(1.462686567 -2.802500555e-16 0)
(1.462686567 -1.935157755e-16 0)
(1.462686567 -7.494916553e-18 0)
(1.462686567 1.063444698e-16 0)
(1.462686567 -3.220975358e-16 0)
(1.462686567 1.756781696e-16 0)
(1.462686567 4.761920537e-16 0)
(1.462686567 6.899349728e-16 0)
(1.462686567 6.375123672e-16 0)
(1.462686567 4.676341449e-16 0)
(1.462686567 6.012793252e-16 0)
(1.462686567 3.465369174e-16 0)
(1.462686567 -7.302754071e-17 0)
(1.462686567 -3.444189825e-16 0)
(1.462686567 -3.119924136e-16 0)
(1.462686567 -1.777304193e-16 0)
(1.462686567 -3.762945075e-16 0)
(1.462686567 -7.895877453e-17 0)
(1.462686567 3.209785724e-16 0)
(1.462686567 1.63037482e-16 0)
(1.462686567 -1.752649073e-16 0)
(1.462686567 -9.975724971e-17 0)
(1.462686567 -1.553665082e-16 0)
(1.462686567 1.166770002e-16 0)
(1.462686567 9.827590953e-17 0)
(1.462686567 5.251497259e-17 0)
(1.462686567 -8.543555699e-17 0)
(1.462686567 -8.815828658e-17 0)
(1.462686567 -2.322617604e-16 0)
(1.462686567 6.796369731e-18 0)
(1.462686567 5.396128708e-16 0)
(1.462686567 4.235788749e-16 0)
(1.462686567 2.53429216e-16 0)
(1.462686567 -3.08202633e-16 0)
(1.462686567 -1.961413221e-16 0)
(1.462686567 6.003968193e-18 0)
(1.462686567 -3.575252612e-16 0)
(1.462686567 -4.133938013e-16 0)
(1.462686567 -1.025952183e-16 0)
(1.462686567 -2.265129834e-16 0)
(1.462686567 -5.394600649e-16 0)
(1.462686567 9.518918419e-17 0)
(1.462686567 2.754397796e-16 0)
(1.462686567 4.881574206e-16 0)
(1.462686567 5.504082377e-16 0)
(1.462686567 5.148752004e-17 0)
(1.462686567 4.14338092e-17 0)
(1.462686567 7.22061875e-17 0)
(1.462686567 3.982036599e-16 0)
(1.462686567 8.236189477e-17 0)
(1.462686567 -5.910232134e-16 0)
(1.462686567 -1.198970337e-16 0)
(1.462686567 -1.442358929e-17 0)
(1.462686567 -6.421348918e-16 0)
(1.462686567 -6.356467266e-16 0)
(1.462686567 -2.001564296e-16 0)
(1.462686567 -1.029065337e-16 0)
(1.462686567 1.957190231e-16 0)
(1.462686567 1.295456779e-16 0)
(1.462686567 -1.338511061e-16 0)
(1.462686567 -1.094586352e-16 0)
(1.462686567 2.58790159e-17 0)
(1.462686567 -2.543727705e-16 0)
(1.462686567 1.044193814e-16 0)
(1.492537313 4.186941174e-16 0)
(1.492537313 4.20943641e-16 0)
(1.492537313 5.76532835e-16 0)
(1.492537313 6.18690151e-16 0)
(1.492537313 5.720428141e-16 0)
(1.492537313 5.000828119e-16 0)
(1.492537313 3.243990281e-16 0)
(1.492537313 3.565233607e-16 0)
(1.492537313 4.468814491e-16 0)
(1.492537313 2.474908901e-16 0)
(1.492537313 1.277942568e-16 0)
(1.492537313 -1.81652841e-17 0)
(1.492537313 -3.459378152e-17 0)
(1.492537313 -2.029149823e-16 0)
(1.492537313 -3.932856356e-16 0)
(1.492537313 -4.127738252e-16 0)
(1.492537313 -4.763558987e-16 0)
(1.492537313 -2.132223025e-16 0)
(1.492537313 -1.64383325e-16 0)
(1.492537313 -1.49088442e-16 0)
(1.492537313 1.181391243e-16 0)
(1.492537313 6.018542186e-17 0)
(1.492537313 -5.62393501e-17 0)
(1.492537313 -3.182239736e-17 0)
(1.492537313 1.387094883e-17 0)
(1.492537313 -1.253883105e-16 0)
(1.492537313 -2.06841861e-16 0)
(1.492537313 -2.027380466e-16 0)
(1.492537313 -5.760199536e-17 0)
(1.492537313 -2.36669877e-16 0)
(1.492537313 -4.763055797e-16 0)
(1.492537313 -4.528798453e-16 0)
(1.492537313 -3.608043796e-16 0)
(1.492537313 -2.24668068e-16 0)
(1.492537313 1.167765312e-17 0)
(1.492537313 1.925763975e-16 0)
(1.492537313 2.575198817e-16 0)
(1.492537313 8.510222841e-17 0)
(1.492537313 3.618552012e-17 0)
(1.492537313 -1.225499253e-16 0)
(1.492537313 -3.03460704e-16 0)
(1.492537313 -3.370134508e-16 0)
(1.492537313 -3.792365729e-16 0)
(1.492537313 -3.155815396e-16 0)
(1.492537313 -1.394119194e-16 0)
(1.492537313 -1.418701881e-16 0)
(1.492537313 4.115284919e-18 0)
(1.492537313 3.170957875e-16 0)
(1.492537313 1.280872339e-16 0)
(1.492537313 -7.211434743e-17 0)
(1.492537313 -5.696755625e-18 0)
(1.492537313 1.565831504e-16 0)
(1.492537313 2.928621273e-16 0)
(1.492537313 4.454272564e-16 0)
(1.492537313 3.643294807e-16 0)
(1.492537313 4.344456701e-16 0)
(1.492537313 3.368062258e-16 0)
(1.492537313 4.738976016e-17 0)
(1.492537313 1.569690809e-16 0)
(1.492537313 1.388233472e-16 0)
(1.492537313 8.449788879e-17 0)
(1.492537313 -1.210908741e-16 0)
(1.492537313 -1.435508054e-16 0)
(1.492537313 -1.737230071e-17 0)
(1.492537313 2.761896239e-16 0)
(1.492537313 2.949154425e-16 0)
(1.492537313 7.782176396e-17 0)
(1.492537313 -3.198188058e-17 0)
(1.492537313 -1.161584128e-16 0)
(1.492537313 -1.96081884e-16 0)
(1.492537313 -1.326727266e-16 0)
(1.492537313 1.270994077e-16 0)
(1.492537313 3.285749242e-17 0)
(1.492537313 1.311638015e-16 0)
(1.492537313 2.960747247e-17 0)
(1.492537313 4.804874494e-18 0)
(1.492537313 1.914598222e-16 0)
(1.492537313 1.195560911e-16 0)
(1.492537313 4.635930657e-17 0)
(1.492537313 6.92668498e-17 0)
(1.492537313 -1.660289448e-17 0)
(1.492537313 -1.41022517e-17 0)
(1.492537313 -1.404556477e-17 0)
(1.492537313 9.403759423e-17 0)
(1.492537313 9.267271229e-17 0)
(1.492537313 -3.236530031e-16 0)
(1.492537313 -3.300623506e-16 0)
(1.492537313 -2.39583459e-17 0)
(1.492537313 6.189774178e-17 0)
(1.492537313 1.043756205e-16 0)
(1.492537313 1.778963267e-16 0)
(1.492537313 -1.45252446e-16 0)
(1.492537313 -3.401576734e-16 0)
(1.492537313 -9.202116877e-17 0)
(1.492537313 -1.3437853e-16 0)
(1.492537313 -3.727554692e-16 0)
(1.492537313 -7.758726466e-17 0)
(1.492537313 1.139485044e-16 0)
(1.492537313 -1.077596482e-16 0)
(1.492537313 -1.455244912e-16 0)
(1.492537313 6.697216505e-17 0)
(1.492537313 2.115681894e-16 0)
(1.492537313 1.250528504e-16 0)
(1.492537313 -1.999613493e-16 0)
(1.492537313 -4.677641881e-16 0)
(1.492537313 -3.234849658e-16 0)
(1.492537313 4.121975005e-17 0)
(1.492537313 2.53936525e-17 0)
(1.492537313 2.884350868e-17 0)
(1.492537313 8.816104969e-17 0)
(1.492537313 1.601138714e-16 0)
(1.492537313 2.801701296e-16 0)
(1.492537313 2.654512812e-16 0)
(1.492537313 2.84048646e-16 0)
(1.492537313 3.075242585e-16 0)
(1.492537313 3.841869757e-16 0)
(1.492537313 5.262402715e-17 0)
(1.492537313 -4.243457114e-17 0)
(1.492537313 1.381566277e-16 0)
(1.492537313 2.013854339e-16 0)
(1.492537313 1.224095553e-16 0)
(1.492537313 1.484175911e-16 0)
(1.492537313 -2.021906942e-16 0)
(1.492537313 -5.100167159e-16 0)
(1.492537313 -5.861094836e-16 0)
(1.492537313 -6.286162154e-16 0)
(1.492537313 -2.265230569e-16 0)
(1.492537313 -2.131326981e-16 0)
(1.492537313 -2.689620868e-17 0)
(1.492537313 4.176011449e-16 0)
(1.492537313 5.086455953e-16 0)
(1.492537313 3.379310402e-16 0)
(1.492537313 -1.548093681e-16 0)
(1.492537313 -3.501748884e-16 0)
(1.492537313 -2.413690654e-16 0)
(1.492537313 -3.855931642e-16 0)
(1.492537313 -3.238908556e-16 0)
(1.492537313 -2.101814388e-16 0)
(1.492537313 8.155994539e-17 0)
(1.492537313 1.351537828e-16 0)
(1.492537313 -2.711825169e-16 0)
(1.492537313 2.421181997e-16 0)
(1.492537313 6.348712437e-16 0)
(1.492537313 6.267630297e-16 0)
(1.492537313 4.675496584e-16 0)
(1.492537313 5.046444888e-16 0)
(1.492537313 6.025796233e-16 0)
(1.492537313 3.928980426e-16 0)
(1.492537313 -1.900163258e-17 0)
(1.492537313 -1.810742596e-16 0)
(1.492537313 -1.957179924e-16 0)
(1.492537313 -3.660048027e-16 0)
(1.492537313 -5.361629163e-16 0)
(1.492537313 -1.14313716e-16 0)
(1.492537313 2.003332198e-16 0)
(1.492537313 7.760118438e-17 0)
(1.492537313 -1.537789287e-17 0)
(1.492537313 -1.261577583e-16 0)
(1.492537313 -2.593231625e-16 0)
(1.492537313 -1.200839753e-16 0)
(1.492537313 8.301405836e-17 0)
(1.492537313 1.6393036e-16 0)
(1.492537313 -6.010335163e-17 0)
(1.492537313 -6.380126978e-17 0)
(1.492537313 -1.252142956e-16 0)
(1.492537313 1.652181977e-16 0)
(1.492537313 4.468512325e-16 0)
(1.492537313 4.908038733e-16 0)
(1.492537313 3.428589597e-16 0)
(1.492537313 -3.193244288e-16 0)
(1.492537313 -3.082131802e-16 0)
(1.492537313 -1.872115897e-16 0)
(1.492537313 -4.356319066e-16 0)
(1.492537313 -4.517517094e-16 0)
(1.492537313 -1.696735374e-16 0)
(1.492537313 -1.721781059e-16 0)
(1.492537313 -5.034394828e-16 0)
(1.492537313 4.352665036e-17 0)
(1.492537313 3.563137642e-16 0)
(1.492537313 4.022131746e-16 0)
(1.492537313 3.92534764e-16 0)
(1.492537313 2.451508092e-16 0)
(1.492537313 2.532793403e-16 0)
(1.492537313 1.319684178e-16 0)
(1.492537313 1.803644138e-16 0)
(1.492537313 -3.024010216e-17 0)
(1.492537313 -3.585785067e-16 0)
(1.492537313 -1.829398126e-16 0)
(1.492537313 -2.609582524e-16 0)
(1.492537313 -6.241753411e-16 0)
(1.492537313 -4.422313591e-16 0)
(1.492537313 -1.436335088e-16 0)
(1.492537313 -1.005561014e-16 0)
(1.492537313 1.692578818e-16 0)
(1.492537313 3.053183908e-16 0)
(1.492537313 -5.808405079e-17 0)
(1.492537313 -1.758348727e-16 0)
(1.492537313 -4.343415985e-17 0)
(1.492537313 -1.79915714e-16 0)
(1.492537313 1.079417566e-16 0)
(1.492537313 2.491549691e-16 0)
(1.492537313 3.33683904e-16 0)
(1.492537313 5.322734389e-16 0)
(1.492537313 5.244027566e-16 0)
(1.492537313 4.836982001e-16 0)
(1.492537313 4.761586644e-16 0)
(1.492537313 4.166031265e-16 0)
(1.492537313 2.89903384e-16 0)
(1.492537313 1.757331803e-16 0)
(1.492537313 2.574987226e-16 0)
(1.492537313 1.614681916e-16 0)
(1.492537313 -3.943635904e-17 0)
(1.492537313 -1.238452143e-17 0)
(1.492537313 -1.294592699e-16 0)
(1.492537313 -2.15862489e-16 0)
(1.492537313 -2.851516807e-16 0)
(1.492537313 -3.904462441e-16 0)
(1.492537313 -2.878760811e-16 0)
(1.492537313 -1.775226455e-16 0)
(1.492537313 -8.955766316e-17 0)
(1.492537313 8.497201551e-17 0)
(1.492537313 4.582285674e-17 0)
(1.492537313 -9.760787464e-17 0)
(1.492537313 -2.781334097e-17 0)
(1.492537313 -2.691181555e-17 0)
(1.492537313 -1.577745172e-16 0)
(1.492537313 -3.232486044e-16 0)
(1.492537313 -2.046708313e-16 0)
(1.492537313 3.701770706e-17 0)
(1.492537313 -2.115060543e-16 0)
(1.492537313 -4.627815992e-16 0)
(1.492537313 -4.799602968e-16 0)
(1.492537313 -3.718140238e-16 0)
(1.492537313 -2.21157829e-16 0)
(1.492537313 1.304267937e-17 0)
(1.492537313 1.341361935e-16 0)
(1.492537313 2.745419532e-16 0)
(1.492537313 2.784659536e-17 0)
(1.492537313 -4.085995595e-17 0)
(1.492537313 -1.898818155e-16 0)
(1.492537313 -2.157844409e-16 0)
(1.492537313 -1.100898721e-16 0)
(1.492537313 -3.803004472e-16 0)
(1.492537313 -5.895330161e-16 0)
(1.492537313 -3.432015266e-16 0)
(1.492537313 -1.588012048e-16 0)
(1.492537313 7.35595775e-17 0)
(1.492537313 3.099936014e-16 0)
(1.492537313 2.155593784e-16 0)
(1.492537313 -2.018538713e-17 0)
(1.492537313 1.744236689e-17 0)
(1.492537313 2.160116692e-16 0)
(1.492537313 3.396965223e-16 0)
(1.492537313 3.564487531e-16 0)
(1.492537313 4.247455147e-16 0)
(1.492537313 4.830294465e-16 0)
(1.492537313 3.746926719e-16 0)
(1.492537313 1.006009425e-16 0)
(1.492537313 4.275957115e-17 0)
(1.492537313 6.755416307e-17 0)
(1.492537313 -1.882671658e-17 0)
(1.492537313 -2.617104507e-17 0)
(1.492537313 -8.70338145e-18 0)
(1.492537313 6.208077619e-17 0)
(1.492537313 2.229427821e-16 0)
(1.492537313 2.053078288e-16 0)
(1.492537313 -3.629570387e-17 0)
(1.492537313 3.138844414e-17 0)
(1.492537313 -1.66711442e-16 0)
(1.492537313 -2.452256934e-16 0)
(1.492537313 1.155757236e-16 0)
(1.492537313 2.054369897e-16 0)
(1.492537313 -2.795401166e-17 0)
(1.492537313 4.823326171e-17 0)
(1.492537313 2.076092513e-16 0)
(1.492537313 4.122030329e-17 0)
(1.492537313 -3.552825433e-17 0)
(1.492537313 1.624608058e-16 0)
(1.492537313 2.340979785e-16 0)
(1.492537313 -4.549725142e-17 0)
(1.492537313 -2.700936157e-16 0)
(1.492537313 -4.684180634e-17 0)
(1.492537313 -3.699562412e-18 0)
(1.492537313 8.41004058e-17 0)
(1.492537313 9.665785201e-17 0)
(1.492537313 -4.455095181e-16 0)
(1.492537313 -3.092698999e-16 0)
(1.492537313 -1.083231242e-17 0)
(1.492537313 7.853150983e-17 0)
(1.492537313 1.023368065e-16 0)
(1.492537313 1.17381564e-16 0)
(1.492537313 -1.267943654e-16 0)
(1.492537313 -2.676488878e-16 0)
(1.492537313 -5.173877937e-17 0)
(1.492537313 -1.7572301e-16 0)
(1.492537313 -3.030670158e-16 0)
(1.492537313 -3.469174949e-17 0)
(1.492537313 -4.87651237e-17 0)
(1.492537313 -1.717108216e-16 0)
(1.492537313 -9.467367354e-17 0)
(1.492537313 2.710351894e-17 0)
(1.492537313 -4.087374337e-17 0)
(1.492537313 9.279068508e-17 0)
(1.492537313 -7.108003504e-17 0)
(1.492537313 -3.960152255e-16 0)
(1.492537313 -3.815217607e-16 0)
(1.492537313 5.225565733e-17 0)
(1.492537313 9.033530513e-17 0)
(1.492537313 -2.977306409e-17 0)
(1.492537313 2.914835859e-18 0)
(1.492537313 3.064005701e-16 0)
(1.492537313 4.139721107e-16 0)
(1.492537313 3.201350159e-16 0)
(1.492537313 1.988488388e-16 0)
(1.492537313 2.866592906e-16 0)
(1.492537313 4.089902938e-16 0)
(1.492537313 1.147124149e-16 0)
(1.492537313 -6.416734216e-17 0)
(1.492537313 1.153206382e-16 0)
(1.492537313 2.31906319e-16 0)
(1.492537313 1.503265018e-16 0)
(1.492537313 8.589249247e-17 0)
(1.492537313 -1.382186207e-16 0)
(1.492537313 -4.108543512e-16 0)
(1.492537313 -5.179128084e-16 0)
(1.492537313 -5.688719445e-16 0)
(1.492537313 -3.187240927e-16 0)
(1.492537313 -2.768250406e-16 0)
(1.492537313 -1.158422306e-17 0)
(1.492537313 2.554864374e-16 0)
(1.492537313 4.68516852e-16 0)
(1.492537313 4.58055214e-16 0)
(1.492537313 1.424600532e-18 0)
(1.492537313 -2.405865343e-16 0)
(1.492537313 -4.297087321e-16 0)
(1.492537313 -4.391535943e-16 0)
(1.492537313 -2.831493783e-16 0)
(1.492537313 -1.895412186e-16 0)
(1.492537313 8.267642191e-17 0)
(1.492537313 -7.875165613e-18 0)
(1.492537313 -1.782283321e-16 0)
(1.492537313 3.330021024e-16 0)
(1.492537313 7.703261903e-16 0)
(1.492537313 4.973350786e-16 0)
(1.492537313 3.540914288e-16 0)
(1.492537313 5.172948411e-16 0)
(1.492537313 5.327628869e-16 0)
(1.492537313 4.175381678e-16 0)
(1.492537313 1.861833835e-16 0)
(1.492537313 -4.418053425e-17 0)
(1.492537313 -2.354241434e-17 0)
(1.492537313 -5.975761954e-16 0)
(1.492537313 -6.732106677e-16 0)
(1.492537313 -6.179940257e-17 0)
(1.492537313 -2.059942286e-17 0)
(1.492537313 -1.007031523e-16 0)
(1.492537313 7.20263914e-17 0)
(1.492537313 7.097723415e-17 0)
(1.492537313 -1.824403411e-16 0)
(1.492537313 -3.337108786e-16 0)
(1.492537313 -1.652255824e-18 0)
(1.492537313 6.461594992e-17 0)
(1.492537313 -5.396344823e-17 0)
(1.492537313 1.689331369e-17 0)
(1.492537313 3.287638348e-17 0)
(1.492537313 2.305454956e-16 0)
(1.492537313 4.489612131e-16 0)
(1.492537313 6.091353362e-16 0)
(1.492537313 3.541985713e-16 0)
(1.492537313 -2.75637984e-16 0)
(1.492537313 -2.816138244e-16 0)
(1.492537313 -4.360549769e-16 0)
(1.492537313 -5.49175862e-16 0)
(1.492537313 -4.255081218e-16 0)
(1.492537313 -3.09383677e-16 0)
(1.492537313 -1.597631581e-16 0)
(1.492537313 -5.332448916e-16 0)
(1.492537313 -4.390712981e-17 0)
(1.492537313 4.774745748e-16 0)
(1.492537313 2.901991581e-16 0)
(1.492537313 2.757999229e-16 0)
(1.492537313 4.388380096e-16 0)
(1.492537313 4.266433287e-16 0)
(1.492537313 2.526908638e-16 0)
(1.492537313 -1.300568003e-16 0)
(1.492537313 -1.449989274e-16 0)
(1.492537313 -5.910943694e-17 0)
(1.492537313 -1.763420306e-16 0)
(1.492537313 -3.945721066e-16 0)
(1.492537313 -6.22389669e-16 0)
(1.492537313 -3.406370308e-16 0)
(1.492537313 -6.370659877e-17 0)
(1.492537313 3.870418131e-18 0)
(1.492537313 5.934557239e-17 0)
(1.492537313 3.079035667e-16 0)
(1.492537313 -3.027879043e-17 0)
(1.492537313 -2.141138262e-16 0)
(1.492537313 -7.344798004e-17 0)
(1.492537313 -3.410415672e-17 0)
(1.492537313 1.992539777e-16 0)
(1.462686567 1.471492433e-16 0)
(1.462686567 3.394299548e-16 0)
(1.462686567 4.217582809e-16 0)
(1.462686567 3.043711051e-16 0)
(1.462686567 3.925142887e-16 0)
(1.462686567 4.943099454e-16 0)
(1.462686567 4.800548861e-16 0)
(1.462686567 2.242639673e-16 0)
(1.462686567 4.963670716e-17 0)
(1.462686567 1.917033332e-16 0)
(1.462686567 9.650747239e-17 0)
(1.462686567 -8.595177705e-19 0)
(1.462686567 4.361279347e-17 0)
(1.462686567 -5.747760336e-17 0)
(1.462686567 -7.735785403e-17 0)
(1.462686567 -2.156698545e-16 0)
(1.462686567 -2.877384245e-16 0)
(1.462686567 -2.923344101e-16 0)
(1.462686567 -2.737546534e-16 0)
(1.462686567 -3.124750181e-17 0)
(1.462686567 4.789238824e-17 0)
(1.462686567 -6.967199485e-17 0)
(1.462686567 -4.001599433e-17 0)
(1.462686567 -2.572103857e-17 0)
(1.462686567 -9.902973509e-17 0)
(1.462686567 -1.946172552e-16 0)
(1.462686567 -4.02076991e-16 0)
(1.462686567 -1.585083919e-16 0)
(1.462686567 1.034775457e-16 0)
(1.462686567 -1.013206548e-16 0)
(1.462686567 -3.962594757e-16 0)
(1.462686567 -5.050682125e-16 0)
(1.462686567 -3.63866284e-16 0)
(1.462686567 -7.709575905e-17 0)
(1.462686567 7.674536251e-17 0)
(1.462686567 1.316611464e-16 0)
(1.462686567 2.410909445e-16 0)
(1.462686567 9.879817691e-17 0)
(1.462686567 -1.682562612e-16 0)
(1.462686567 -3.101059343e-16 0)
(1.462686567 -8.599710984e-17 0)
(1.462686567 6.204575041e-17 0)
(1.462686567 -3.805861801e-16 0)
(1.462686567 -6.7362211e-16 0)
(1.462686567 -4.555365028e-16 0)
(1.462686567 -2.676582102e-16 0)
(1.462686567 5.784914088e-17 0)
(1.462686567 3.606617759e-16 0)
(1.462686567 3.364654814e-16 0)
(1.462686567 5.041375836e-17 0)
(1.462686567 1.053429103e-16 0)
(1.462686567 2.138632199e-16 0)
(1.462686567 2.742500895e-16 0)
(1.462686567 1.520350338e-16 0)
(1.462686567 3.628045178e-16 0)
(1.462686567 5.501597663e-16 0)
(1.462686567 4.724640539e-16 0)
(1.462686567 6.113012269e-17 0)
(1.462686567 2.508121858e-17 0)
(1.462686567 2.1946679e-18 0)
(1.462686567 -1.186489647e-16 0)
(1.462686567 -1.82439738e-17 0)
(1.462686567 6.026704218e-17 0)
(1.462686567 2.0551745e-16 0)
(1.462686567 2.238676513e-16 0)
(1.462686567 2.007413557e-16 0)
(1.462686567 -1.501956954e-16 0)
(1.462686567 -3.678504227e-17 0)
(1.462686567 -1.140983301e-16 0)
(1.462686567 -2.508050866e-16 0)
(1.462686567 2.496119637e-16 0)
(1.462686567 2.347421939e-16 0)
(1.462686567 -6.643456097e-17 0)
(1.462686567 2.32140881e-17 0)
(1.462686567 1.776455263e-16 0)
(1.462686567 1.061470044e-17 0)
(1.462686567 -1.650229836e-16 0)
(1.462686567 2.574918496e-16 0)
(1.462686567 2.78993523e-16 0)
(1.462686567 -5.206501933e-17 0)
(1.462686567 -3.033906863e-16 0)
(1.462686567 -1.642331306e-16 0)
(1.462686567 -1.521503263e-16 0)
(1.462686567 1.086632267e-16 0)
(1.462686567 1.663069218e-16 0)
(1.462686567 -3.384615077e-16 0)
(1.462686567 -3.609556323e-16 0)
(1.462686567 -1.367257191e-16 0)
(1.462686567 1.001684653e-16 0)
(1.462686567 1.35472462e-16 0)
(1.462686567 8.020025229e-17 0)
(1.462686567 -1.254172965e-16 0)
(1.462686567 -1.506338349e-16 0)
(1.462686567 3.069846906e-17 0)
(1.462686567 -9.991889267e-17 0)
(1.462686567 -1.698468758e-16 0)
(1.462686567 -1.367111203e-16 0)
(1.462686567 -2.831542358e-16 0)
(1.462686567 -1.743659125e-16 0)
(1.462686567 -6.963195332e-17 0)
(1.462686567 -1.376902803e-16 0)
(1.462686567 -2.078167656e-16 0)
(1.462686567 9.497797384e-17 0)
(1.462686567 -1.756835164e-17 0)
(1.462686567 -3.572165738e-16 0)
(1.462686567 -3.89111682e-16 0)
(1.462686567 1.183034314e-16 0)
(1.462686567 2.789489435e-16 0)
(1.462686567 -1.455918099e-16 0)
(1.462686567 -8.852251855e-17 0)
(1.462686567 2.724084342e-16 0)
(1.462686567 6.162062235e-16 0)
(1.462686567 4.451820334e-16 0)
(1.462686567 7.215000391e-17 0)
(1.462686567 1.151617549e-16 0)
(1.462686567 3.018081763e-16 0)
(1.462686567 1.732842133e-16 0)
(1.462686567 -3.442122373e-17 0)
(1.462686567 2.09659877e-16 0)
(1.462686567 3.2381384e-16 0)
(1.462686567 9.241456476e-17 0)
(1.462686567 -2.780718496e-17 0)
(1.462686567 -2.316456169e-16 0)
(1.462686567 -3.520962333e-16 0)
(1.462686567 -4.174938256e-16 0)
(1.462686567 -3.536580152e-16 0)
(1.462686567 -3.879957963e-16 0)
(1.462686567 -4.307738079e-16 0)
(1.462686567 -2.317737631e-17 0)
(1.462686567 1.730695068e-16 0)
(1.462686567 4.391258252e-16 0)
(1.462686567 4.362071619e-16 0)
(1.462686567 2.654946055e-17 0)
(1.462686567 -1.499841884e-16 0)
(1.462686567 -5.509757354e-16 0)
(1.462686567 -4.219230979e-16 0)
(1.462686567 -1.884121416e-16 0)
(1.462686567 -5.758930065e-17 0)
(1.462686567 -9.664288479e-18 0)
(1.462686567 -1.752754962e-16 0)
(1.462686567 -1.098602632e-18 0)
(1.462686567 5.927114732e-16 0)
(1.462686567 8.116178333e-16 0)
(1.462686567 2.637730497e-16 0)
(1.462686567 2.303045664e-16 0)
(1.462686567 5.557564911e-16 0)
(1.462686567 4.675229079e-16 0)
(1.462686567 2.48916208e-16 0)
(1.462686567 4.122190053e-16 0)
(1.462686567 1.507806824e-16 0)
(1.462686567 7.191545852e-19 0)
(1.462686567 -6.520350797e-16 0)
(1.462686567 -7.080126008e-16 0)
(1.462686567 3.653818544e-17 0)
(1.462686567 -1.551320862e-16 0)
(1.462686567 -2.920745369e-16 0)
(1.462686567 9.036491841e-17 0)
(1.462686567 1.681823822e-16 0)
(1.462686567 -1.316904924e-16 0)
(1.462686567 -4.365477174e-16 0)
(1.462686567 -7.647065609e-17 0)
(1.462686567 1.399820364e-17 0)
(1.462686567 -7.068401089e-17 0)
(1.462686567 3.430582869e-17 0)
(1.462686567 1.282871022e-16 0)
(1.462686567 2.541085027e-16 0)
(1.462686567 3.849675414e-16 0)
(1.462686567 6.667618716e-16 0)
(1.462686567 2.787500193e-16 0)
(1.462686567 -2.049439875e-16 0)
(1.462686567 -7.316842957e-17 0)
(1.462686567 -6.651901612e-16 0)
(1.462686567 -7.353400494e-16 0)
(1.462686567 -3.617887155e-16 0)
(1.462686567 -3.861116023e-16 0)
(1.462686567 -1.349566726e-16 0)
(1.462686567 -5.784694063e-16 0)
(1.462686567 -1.075983291e-16 0)
(1.462686567 5.996251252e-16 0)
(1.462686567 8.5623433e-17 0)
(1.462686567 2.568865645e-16 0)
(1.462686567 6.699544651e-16 0)
(1.462686567 5.578647513e-16 0)
(1.462686567 3.70968203e-16 0)
(1.462686567 -4.716763417e-16 0)
(1.462686567 -1.599924467e-16 0)
(1.462686567 2.476964337e-16 0)
(1.462686567 -1.739270328e-16 0)
(1.462686567 -5.594107012e-16 0)
(1.462686567 -5.219298868e-16 0)
(1.462686567 -1.412541411e-16 0)
(1.462686567 6.625200874e-17 0)
(1.462686567 1.664741083e-16 0)
(1.462686567 -3.119420224e-17 0)
(1.462686567 1.232791847e-16 0)
(1.462686567 -2.957417885e-17 0)
(1.462686567 -1.880148696e-16 0)
(1.462686567 1.35896646e-17 0)
(1.462686567 2.889548237e-17 0)
(1.462686567 1.952490517e-16 0)
(1.402985075 1.190839068e-16 0)
(1.402985075 2.243349353e-16 0)
(1.402985075 1.769092896e-16 0)
(1.402985075 9.797112881e-17 0)
(1.402985075 3.358224008e-16 0)
(1.402985075 4.607339082e-16 0)
(1.402985075 3.900920254e-16 0)
(1.402985075 2.219978785e-16 0)
(1.402985075 5.432840445e-17 0)
(1.402985075 1.26617715e-16 0)
(1.402985075 9.734214373e-17 0)
(1.402985075 8.684355762e-17 0)
(1.402985075 -2.317710364e-18 0)
(1.402985075 -5.455912575e-17 0)
(1.402985075 6.180218707e-18 0)
(1.402985075 -1.852365826e-16 0)
(1.402985075 -1.390608658e-16 0)
(1.402985075 -2.392402924e-16 0)
(1.402985075 -3.26630556e-16 0)
(1.402985075 -1.152739826e-16 0)
(1.402985075 -1.320037768e-17 0)
(1.402985075 -2.483439822e-17 0)
(1.402985075 8.147913627e-17 0)
(1.402985075 -7.650873973e-18 0)
(1.402985075 -7.999017282e-17 0)
(1.402985075 -1.404222121e-16 0)
(1.402985075 -4.441942711e-16 0)
(1.402985075 -2.580957089e-16 0)
(1.402985075 8.687617203e-17 0)
(1.402985075 6.705425033e-17 0)
(1.402985075 -3.111924626e-16 0)
(1.402985075 -4.865936521e-16 0)
(1.402985075 -3.351310637e-16 0)
(1.402985075 1.131794679e-16 0)
(1.402985075 1.987176113e-16 0)
(1.402985075 2.838241712e-17 0)
(1.402985075 1.726100669e-16 0)
(1.402985075 1.109837666e-16 0)
(1.402985075 -1.987687632e-16 0)
(1.402985075 -2.429530864e-16 0)
(1.402985075 -9.441122442e-17 0)
(1.402985075 2.294428527e-16 0)
(1.402985075 -2.949132971e-16 0)
(1.402985075 -6.583385925e-16 0)
(1.402985075 -4.730013743e-16 0)
(1.402985075 -3.10177582e-16 0)
(1.402985075 1.269845533e-17 0)
(1.402985075 3.052813284e-16 0)
(1.402985075 4.148330857e-16 0)
(1.402985075 1.057494927e-16 0)
(1.402985075 9.732855619e-17 0)
(1.402985075 1.373549344e-16 0)
(1.402985075 2.293399156e-16 0)
(1.402985075 5.405391874e-17 0)
(1.402985075 1.400678866e-16 0)
(1.402985075 5.371952536e-16 0)
(1.402985075 4.881628977e-16 0)
(1.402985075 9.18834055e-17 0)
(1.402985075 4.365099694e-18 0)
(1.402985075 6.214162874e-17 0)
(1.402985075 -4.249316494e-17 0)
(1.402985075 -6.517074538e-17 0)
(1.402985075 1.054461263e-16 0)
(1.402985075 1.328938153e-16 0)
(1.402985075 2.106222975e-16 0)
(1.402985075 2.36686044e-16 0)
(1.402985075 -1.441142387e-16 0)
(1.402985075 -3.731960632e-17 0)
(1.402985075 -5.770140361e-17 0)
(1.402985075 -1.730467906e-16 0)
(1.402985075 3.25738351e-16 0)
(1.402985075 9.612355978e-17 0)
(1.402985075 -1.586084975e-16 0)
(1.402985075 1.634559309e-16 0)
(1.402985075 2.286382043e-16 0)
(1.402985075 -1.152940469e-16 0)
(1.402985075 -3.19459247e-16 0)
(1.402985075 2.834632857e-16 0)
(1.402985075 3.35210968e-16 0)
(1.402985075 1.44078283e-17 0)
(1.402985075 -2.707502614e-16 0)
(1.402985075 -3.197238723e-16 0)
(1.402985075 -2.637834542e-16 0)
(1.402985075 4.563021765e-17 0)
(1.402985075 2.754645504e-16 0)
(1.402985075 -9.291404542e-17 0)
(1.402985075 -4.387187427e-16 0)
(1.402985075 -3.073773276e-16 0)
(1.402985075 1.147571315e-16 0)
(1.402985075 1.866865762e-16 0)
(1.402985075 -9.948638981e-17 0)
(1.402985075 -9.953758752e-17 0)
(1.402985075 1.198583464e-17 0)
(1.402985075 1.056208216e-16 0)
(1.402985075 -1.156837832e-16 0)
(1.402985075 5.700170389e-17 0)
(1.402985075 -2.120588706e-16 0)
(1.402985075 -4.562920375e-16 0)
(1.402985075 -1.348554332e-16 0)
(1.402985075 1.667330643e-17 0)
(1.402985075 -2.444829092e-16 0)
(1.402985075 -3.859485546e-16 0)
(1.402985075 1.153903257e-16 0)
(1.402985075 1.168260816e-16 0)
(1.402985075 -2.987900893e-16 0)
(1.402985075 -4.933390221e-16 0)
(1.402985075 1.581679671e-16 0)
(1.402985075 4.750287717e-16 0)
(1.402985075 -2.808675281e-16 0)
(1.402985075 -2.255121283e-16 0)
(1.402985075 2.054957076e-16 0)
(1.402985075 7.876607125e-16 0)
(1.402985075 5.449066203e-16 0)
(1.402985075 5.645119289e-17 0)
(1.402985075 -6.686095269e-17 0)
(1.402985075 1.595234799e-16 0)
(1.402985075 2.151393271e-16 0)
(1.402985075 1.064169107e-16 0)
(1.402985075 1.414495324e-16 0)
(1.402985075 3.537194543e-16 0)
(1.402985075 1.455900237e-16 0)
(1.402985075 -2.369027186e-16 0)
(1.402985075 -3.934770171e-16 0)
(1.402985075 -2.127099723e-16 0)
(1.402985075 -2.619395349e-16 0)
(1.402985075 -2.495972716e-16 0)
(1.402985075 -3.787833105e-16 0)
(1.402985075 -5.956507961e-16 0)
(1.402985075 -1.61673474e-16 0)
(1.402985075 1.107740042e-16 0)
(1.402985075 3.210017452e-16 0)
(1.402985075 4.770333671e-16 0)
(1.402985075 1.454571338e-16 0)
(1.402985075 2.547654356e-17 0)
(1.402985075 -6.791728937e-16 0)
(1.402985075 -3.251048276e-16 0)
(1.402985075 8.718162137e-17 0)
(1.402985075 9.319867642e-17 0)
(1.402985075 -2.694373785e-16 0)
(1.402985075 -4.719340649e-16 0)
(1.402985075 9.800684272e-17 0)
(1.402985075 8.906439749e-16 0)
(1.402985075 8.24315743e-16 0)
(1.402985075 -1.648672684e-16 0)
(1.402985075 -7.879304418e-18 0)
(1.402985075 7.68105471e-16 0)
(1.402985075 4.564680861e-16 0)
(1.402985075 2.072364096e-16 0)
(1.402985075 4.674941605e-16 0)
(1.402985075 4.358148883e-16 0)
(1.402985075 1.425679741e-16 0)
(1.402985075 -9.14536172e-16 0)
(1.402985075 -6.602049885e-16 0)
(1.402985075 2.335612907e-16 0)
(1.402985075 -3.79090745e-16 0)
(1.402985075 -3.133167613e-16 0)
(1.402985075 9.819271059e-17 0)
(1.402985075 2.700926171e-17 0)
(1.402985075 -4.842675889e-17 0)
(1.402985075 -5.172061575e-16 0)
(1.402985075 -9.249535617e-17 0)
(1.402985075 -1.508279791e-17 0)
(1.402985075 -3.17563511e-18 0)
(1.402985075 6.093312025e-17 0)
(1.402985075 2.427605565e-17 0)
(1.402985075 2.014258802e-16 0)
(1.402985075 3.473569837e-16 0)
(1.402985075 7.216028316e-16 0)
(1.402985075 9.99076239e-17 0)
(1.402985075 -1.482840761e-16 0)
(1.402985075 2.421498425e-16 0)
(1.402985075 -9.134484883e-16 0)
(1.402985075 -9.064401596e-16 0)
(1.402985075 -1.930680584e-16 0)
(1.402985075 -3.177737886e-16 0)
(1.402985075 -1.104349927e-16 0)
(1.402985075 -9.082718499e-16 0)
(1.402985075 -1.953615103e-16 0)
(1.402985075 1.02965771e-15 0)
(1.402985075 -1.854466767e-16 0)
(1.402985075 7.492319186e-17 0)
(1.402985075 9.065675143e-16 0)
(1.402985075 6.168272858e-16 0)
(1.402985075 4.93563181e-16 0)
(1.402985075 -6.768235639e-16 0)
(1.402985075 -3.291141149e-16 0)
(1.402985075 5.431808042e-16 0)
(1.402985075 -3.373273954e-17 0)
(1.402985075 -7.913391454e-16 0)
(1.402985075 -5.271223449e-16 0)
(1.402985075 1.5040323e-16 0)
(1.402985075 2.560699522e-16 0)
(1.402985075 2.632617762e-16 0)
(1.402985075 -2.730600827e-16 0)
(1.402985075 -1.55066834e-16 0)
(1.402985075 -6.838320631e-17 0)
(1.402985075 -5.822804133e-17 0)
(1.402985075 1.955462311e-16 0)
(1.402985075 1.748861873e-16 0)
(1.402985075 1.734775295e-16 0)
(1.313432836 1.094229204e-16 0)
(1.313432836 4.511676167e-17 0)
(1.313432836 1.134674749e-17 0)
(1.313432836 -6.374959068e-17 0)
(1.313432836 3.06829619e-16 0)
(1.313432836 4.235157065e-16 0)
(1.313432836 2.923160393e-16 0)
(1.313432836 1.85452499e-16 0)
(1.313432836 1.166420886e-17 0)
(1.313432836 6.565997376e-17 0)
(1.313432836 1.373314222e-16 0)
(1.313432836 2.576944271e-16 0)
(1.313432836 -1.682076026e-17 0)
(1.313432836 1.388727081e-17 0)
(1.313432836 1.317841943e-16 0)
(1.313432836 -1.472844846e-16 0)
(1.313432836 -8.016533932e-17 0)
(1.313432836 -2.476001042e-16 0)
(1.313432836 -3.381352948e-16 0)
(1.313432836 -2.343512539e-16 0)
(1.313432836 -6.098643758e-17 0)
(1.313432836 6.535167113e-17 0)
(1.313432836 1.342294569e-16 0)
(1.313432836 5.832837586e-17 0)
(1.313432836 -7.262777484e-17 0)
(1.313432836 -2.234258099e-16 0)
(1.313432836 -4.302362315e-16 0)
(1.313432836 -2.654071812e-16 0)
(1.313432836 2.901079893e-17 0)
(1.313432836 2.468030897e-17 0)
(1.313432836 -1.837341676e-16 0)
(1.313432836 -2.391199019e-16 0)
(1.313432836 -2.405120386e-16 0)
(1.313432836 3.00447569e-17 0)
(1.313432836 3.018894819e-16 0)
(1.313432836 1.454565519e-18 0)
(1.313432836 1.464212695e-16 0)
(1.313432836 7.943472821e-17 0)
(1.313432836 -1.056205554e-16 0)
(1.313432836 -3.762921518e-17 0)
(1.313432836 -2.605366741e-16 0)
(1.313432836 1.472258429e-16 0)
(1.313432836 -1.147671912e-16 0)
(1.313432836 -5.559120203e-16 0)
(1.313432836 -4.360128556e-16 0)
(1.313432836 -2.09253611e-16 0)
(1.313432836 -6.415482148e-17 0)
(1.313432836 2.078243316e-16 0)
(1.313432836 4.169282583e-16 0)
(1.313432836 8.910039137e-17 0)
(1.313432836 9.214308505e-17 0)
(1.313432836 9.268347339e-17 0)
(1.313432836 9.564506434e-17 0)
(1.313432836 -1.608288821e-17 0)
(1.313432836 2.99969366e-18 0)
(1.313432836 4.956777475e-16 0)
(1.313432836 4.233914056e-16 0)
(1.313432836 1.638114113e-16 0)
(1.313432836 -8.449525735e-17 0)
(1.313432836 1.426267985e-16 0)
(1.313432836 2.023029599e-17 0)
(1.313432836 -9.496683793e-17 0)
(1.313432836 1.822493465e-16 0)
(1.313432836 6.497217058e-17 0)
(1.313432836 1.548185252e-16 0)
(1.313432836 1.670115123e-16 0)
(1.313432836 -1.071426083e-16 0)
(1.313432836 -2.975370585e-17 0)
(1.313432836 -5.816444138e-17 0)
(1.313432836 -8.185769941e-17 0)
(1.313432836 4.441172092e-16 0)
(1.313432836 -1.904494221e-17 0)
(1.313432836 -1.507875981e-16 0)
(1.313432836 1.852450133e-16 0)
(1.313432836 2.506198433e-16 0)
(1.313432836 -2.39617416e-16 0)
(1.313432836 -4.413542938e-16 0)
(1.313432836 3.362047882e-16 0)
(1.313432836 4.351705071e-16 0)
(1.313432836 -5.189638623e-17 0)
(1.313432836 -2.503922653e-16 0)
(1.313432836 -2.637379197e-16 0)
(1.313432836 -2.045240261e-16 0)
(1.313432836 -2.789539676e-17 0)
(1.313432836 2.725089423e-16 0)
(1.313432836 4.998712223e-17 0)
(1.313432836 -3.605621893e-16 0)
(1.313432836 -4.371972743e-16 0)
(1.313432836 -2.194217789e-19 0)
(1.313432836 2.062913766e-16 0)
(1.313432836 -9.559267782e-17 0)
(1.313432836 -1.082376285e-16 0)
(1.313432836 1.738836878e-16 0)
(1.313432836 3.918452013e-17 0)
(1.313432836 -1.585732118e-16 0)
(1.313432836 2.621124803e-16 0)
(1.313432836 -1.473701861e-16 0)
(1.313432836 -6.012741782e-16 0)
(1.313432836 -5.76108053e-17 0)
(1.313432836 1.519143501e-16 0)
(1.313432836 -2.912199789e-16 0)
(1.313432836 -5.233691507e-16 0)
(1.313432836 1.384136018e-16 0)
(1.313432836 3.00129943e-16 0)
(1.313432836 -3.363025841e-16 0)
(1.313432836 -5.142739498e-16 0)
(1.313432836 2.102604756e-16 0)
(1.313432836 5.055151544e-16 0)
(1.313432836 -3.36935229e-16 0)
(1.313432836 -3.476152162e-16 0)
(1.313432836 1.268013599e-16 0)
(1.313432836 6.994547754e-16 0)
(1.313432836 6.190113921e-16 0)
(1.313432836 1.171101487e-16 0)
(1.313432836 -1.398687669e-16 0)
(1.313432836 2.462924576e-17 0)
(1.313432836 3.014100382e-16 0)
(1.313432836 1.374081647e-16 0)
(1.313432836 1.670276049e-16 0)
(1.313432836 3.506622138e-16 0)
(1.313432836 5.196116004e-17 0)
(1.313432836 -4.609312723e-16 0)
(1.313432836 -5.015658507e-16 0)
(1.313432836 8.441102257e-17 0)
(1.313432836 4.049837185e-17 0)
(1.313432836 -2.9108999e-16 0)
(1.313432836 -3.612523292e-16 0)
(1.313432836 -7.249412062e-16 0)
(1.313432836 -2.392776947e-16 0)
(1.313432836 1.23674917e-16 0)
(1.313432836 1.798635731e-16 0)
(1.313432836 4.708157962e-16 0)
(1.313432836 1.37611788e-16 0)
(1.313432836 4.963264245e-17 0)
(1.313432836 -7.743819521e-16 0)
(1.313432836 -2.240974119e-17 0)
(1.313432836 4.178249692e-16 0)
(1.313432836 3.453188999e-17 0)
(1.313432836 -4.587337385e-16 0)
(1.313432836 -7.55769824e-16 0)
(1.313432836 1.437131679e-16 0)
(1.313432836 9.428192991e-16 0)
(1.313432836 7.33992494e-16 0)
(1.313432836 -4.375364829e-16 0)
(1.313432836 -1.105952255e-16 0)
(1.313432836 9.52781378e-16 0)
(1.313432836 3.947207054e-16 0)
(1.313432836 1.917856358e-16 0)
(1.313432836 5.133878549e-16 0)
(1.313432836 6.268367648e-16 0)
(1.313432836 3.25253757e-16 0)
(1.313432836 -1.0742411e-15 0)
(1.313432836 -6.587860586e-16 0)
(1.313432836 2.51524639e-16 0)
(1.313432836 -4.417331027e-16 0)
(1.313432836 -3.019350283e-16 0)
(1.313432836 2.428063517e-16 0)
(1.313432836 -8.483849805e-17 0)
(1.313432836 -1.042765696e-16 0)
(1.313432836 -5.405561743e-16 0)
(1.313432836 3.750582049e-17 0)
(1.313432836 -3.614642218e-17 0)
(1.313432836 -4.16419355e-17 0)
(1.313432836 1.009101603e-16 0)
(1.313432836 -4.767164579e-17 0)
(1.313432836 8.52546497e-17 0)
(1.313432836 3.333952328e-16 0)
(1.313432836 7.457347109e-16 0)
(1.313432836 1.421682648e-17 0)
(1.313432836 -9.020629782e-17 0)
(1.313432836 4.208433453e-16 0)
(1.313432836 -1.075483008e-15 0)
(1.313432836 -9.691939444e-16 0)
(1.313432836 -4.434445461e-17 0)
(1.313432836 -3.858846539e-16 0)
(1.313432836 -1.152790092e-16 0)
(1.313432836 -1.139602803e-15 0)
(1.313432836 -2.337342594e-16 0)
(1.313432836 1.279610018e-15 0)
(1.313432836 -2.266240171e-16 0)
(1.313432836 3.860828305e-17 0)
(1.313432836 9.332822979e-16 0)
(1.313432836 6.071672235e-16 0)
(1.313432836 5.440336979e-16 0)
(1.313432836 -7.752486751e-16 0)
(1.313432836 -3.527859651e-16 0)
(1.313432836 8.05543842e-16 0)
(1.313432836 -3.926931894e-17 0)
(1.313432836 -8.687969101e-16 0)
(1.313432836 -5.709977133e-16 0)
(1.313432836 3.073351951e-16 0)
(1.313432836 5.541023325e-16 0)
(1.313432836 2.738462488e-16 0)
(1.313432836 -4.811826954e-16 0)
(1.313432836 -3.298704419e-16 0)
(1.313432836 -1.671711969e-16 0)
(1.313432836 -3.436578439e-17 0)
(1.313432836 3.780752332e-16 0)
(1.313432836 2.944999943e-16 0)
(1.313432836 1.338867677e-16 0)
(1.194029851 -1.736645091e-16 0)
(1.194029851 -3.396415942e-17 0)
(1.194029851 -9.777669813e-17 0)
(1.194029851 -9.107518294e-17 0)
(1.194029851 3.052408282e-16 0)
(1.194029851 2.890739788e-16 0)
(1.194029851 1.663577194e-16 0)
(1.194029851 2.421109527e-16 0)
(1.194029851 -6.788008101e-17 0)
(1.194029851 -6.643476082e-17 0)
(1.194029851 2.366113756e-16 0)
(1.194029851 2.642232058e-16 0)
(1.194029851 -3.362879575e-17 0)
(1.194029851 1.21983352e-16 0)
(1.194029851 2.670660662e-16 0)
(1.194029851 -1.363554339e-16 0)
(1.194029851 -9.685398967e-17 0)
(1.194029851 -1.439127255e-16 0)
(1.194029851 -3.949077109e-16 0)
(1.194029851 -3.316886222e-16 0)
(1.194029851 -6.138863237e-17 0)
(1.194029851 1.37543115e-16 0)
(1.194029851 2.285190665e-16 0)
(1.194029851 1.514808925e-16 0)
(1.194029851 -1.28945369e-16 0)
(1.194029851 -3.601671295e-16 0)
(1.194029851 -3.868026834e-16 0)
(1.194029851 -2.797433686e-16 0)
(1.194029851 -1.931378019e-17 0)
(1.194029851 -1.618059058e-17 0)
(1.194029851 -1.981357735e-16 0)
(1.194029851 -1.854463588e-16 0)
(1.194029851 -6.184567005e-17 0)
(1.194029851 6.10066179e-17 0)
(1.194029851 3.254886941e-16 0)
(1.194029851 -1.74114951e-17 0)
(1.194029851 1.377965152e-16 0)
(1.194029851 5.112120879e-18 0)
(1.194029851 -8.535024582e-17 0)
(1.194029851 1.078997613e-16 0)
(1.194029851 -3.333154962e-16 0)
(1.194029851 5.20200644e-18 0)
(1.194029851 3.580370228e-17 0)
(1.194029851 -3.078907288e-16 0)
(1.194029851 -3.113719543e-16 0)
(1.194029851 -1.547797564e-16 0)
(1.194029851 -1.503851508e-16 0)
(1.194029851 1.495376193e-17 0)
(1.194029851 3.015426152e-16 0)
(1.194029851 6.64150485e-17 0)
(1.194029851 9.194221121e-17 0)
(1.194029851 1.805857638e-16 0)
(1.194029851 5.125893561e-17 0)
(1.194029851 -9.489005684e-17 0)
(1.194029851 -2.579287503e-17 0)
(1.194029851 5.014384091e-16 0)
(1.194029851 3.449568528e-16 0)
(1.194029851 5.509939068e-17 0)
(1.194029851 -1.200677872e-16 0)
(1.194029851 1.672890887e-16 0)
(1.194029851 1.023074048e-16 0)
(1.194029851 -9.940032482e-17 0)
(1.194029851 1.402387799e-16 0)
(1.194029851 5.336031181e-17 0)
(1.194029851 8.062411559e-17 0)
(1.194029851 1.293099099e-16 0)
(1.194029851 -1.063250466e-16 0)
(1.194029851 3.757113909e-17 0)
(1.194029851 5.103660761e-17 0)
(1.194029851 -6.9641489e-17 0)
(1.194029851 4.796734492e-16 0)
(1.194029851 -6.134466751e-17 0)
(1.194029851 -2.352672034e-16 0)
(1.194029851 1.344187847e-16 0)
(1.194029851 3.677714609e-16 0)
(1.194029851 -2.200316841e-16 0)
(1.194029851 -5.421925587e-16 0)
(1.194029851 4.423185859e-16 0)
(1.194029851 5.044261599e-16 0)
(1.194029851 -1.312396505e-16 0)
(1.194029851 -2.843837692e-16 0)
(1.194029851 -2.997284635e-16 0)
(1.194029851 -1.25503547e-16 0)
(1.194029851 4.550386377e-17 0)
(1.194029851 3.116077439e-16 0)
(1.194029851 2.926605677e-17 0)
(1.194029851 -3.186134101e-16 0)
(1.194029851 -5.534443798e-16 0)
(1.194029851 -1.678147282e-18 0)
(1.194029851 2.966332575e-16 0)
(1.194029851 -1.212135165e-16 0)
(1.194029851 -5.104243714e-17 0)
(1.194029851 3.31571789e-16 0)
(1.194029851 8.79356951e-17 0)
(1.194029851 -2.608851646e-16 0)
(1.194029851 3.08698743e-16 0)
(1.194029851 -8.494864915e-17 0)
(1.194029851 -5.604264122e-16 0)
(1.194029851 6.809396823e-17 0)
(1.194029851 1.396900186e-16 0)
(1.194029851 -4.011020919e-16 0)
(1.194029851 -4.128870052e-16 0)
(1.194029851 2.154882456e-16 0)
(1.194029851 3.170611241e-16 0)
(1.194029851 -3.139464788e-16 0)
(1.194029851 -5.111915997e-16 0)
(1.194029851 2.561850129e-16 0)
(1.194029851 4.471570874e-16 0)
(1.194029851 -3.149349905e-16 0)
(1.194029851 -3.117306584e-16 0)
(1.194029851 8.378248829e-17 0)
(1.194029851 5.407728509e-16 0)
(1.194029851 4.155681524e-16 0)
(1.194029851 1.679424591e-16 0)
(1.194029851 -1.381361548e-16 0)
(1.194029851 4.057185486e-17 0)
(1.194029851 3.790781047e-16 0)
(1.194029851 5.521095423e-18 0)
(1.194029851 8.017526398e-17 0)
(1.194029851 3.748619393e-16 0)
(1.194029851 1.296948741e-16 0)
(1.194029851 -5.017482854e-16 0)
(1.194029851 -4.578652307e-16 0)
(1.194029851 2.26770395e-16 0)
(1.194029851 7.255234212e-17 0)
(1.194029851 -3.081616678e-16 0)
(1.194029851 -2.38924505e-16 0)
(1.194029851 -5.485771132e-16 0)
(1.194029851 -2.514909335e-16 0)
(1.194029851 1.833024439e-18 0)
(1.194029851 6.036457123e-17 0)
(1.194029851 4.340290225e-16 0)
(1.194029851 1.546576103e-16 0)
(1.194029851 -1.416905909e-16 0)
(1.194029851 -7.146166682e-16 0)
(1.194029851 1.933035831e-16 0)
(1.194029851 5.322514366e-16 0)
(1.194029851 -1.997232426e-17 0)
(1.194029851 -4.369393184e-16 0)
(1.194029851 -8.415054275e-16 0)
(1.194029851 2.071940838e-16 0)
(1.194029851 8.34347706e-16 0)
(1.194029851 5.666341459e-16 0)
(1.194029851 -5.452666819e-16 0)
(1.194029851 -1.366855441e-16 0)
(1.194029851 9.759170153e-16 0)
(1.194029851 2.582971085e-16 0)
(1.194029851 1.923691878e-16 0)
(1.194029851 4.63852876e-16 0)
(1.194029851 6.785581889e-16 0)
(1.194029851 5.844760362e-16 0)
(1.194029851 -1.180498136e-15 0)
(1.194029851 -7.421083966e-16 0)
(1.194029851 2.920083318e-16 0)
(1.194029851 -4.410897434e-16 0)
(1.194029851 -1.894874049e-16 0)
(1.194029851 3.744065461e-16 0)
(1.194029851 -2.883527991e-16 0)
(1.194029851 -1.08723257e-16 0)
(1.194029851 -3.246515304e-16 0)
(1.194029851 8.533216529e-17 0)
(1.194029851 -1.444035609e-16 0)
(1.194029851 -1.572412298e-16 0)
(1.194029851 1.226255023e-16 0)
(1.194029851 4.246039224e-18 0)
(1.194029851 2.515079873e-16 0)
(1.194029851 2.784603722e-16 0)
(1.194029851 6.403824404e-16 0)
(1.194029851 -9.436270508e-18 0)
(1.194029851 -1.249962466e-16 0)
(1.194029851 4.652921855e-16 0)
(1.194029851 -9.87037858e-16 0)
(1.194029851 -8.967879979e-16 0)
(1.194029851 -5.022790065e-17 0)
(1.194029851 -4.393404298e-16 0)
(1.194029851 -2.547450792e-17 0)
(1.194029851 -1.277924776e-15 0)
(1.194029851 -2.935390083e-16 0)
(1.194029851 1.425180567e-15 0)
(1.194029851 -1.475775091e-16 0)
(1.194029851 1.291232267e-16 0)
(1.194029851 9.972513018e-16 0)
(1.194029851 3.622259794e-16 0)
(1.194029851 3.893774479e-16 0)
(1.194029851 -6.633653659e-16 0)
(1.194029851 -3.644275874e-16 0)
(1.194029851 8.879466594e-16 0)
(1.194029851 2.709366843e-17 0)
(1.194029851 -8.342062604e-16 0)
(1.194029851 -6.509191941e-16 0)
(1.194029851 3.538114735e-16 0)
(1.194029851 7.2132872e-16 0)
(1.194029851 3.599045029e-16 0)
(1.194029851 -3.99023211e-16 0)
(1.194029851 -6.054036389e-16 0)
(1.194029851 -3.239191055e-16 0)
(1.194029851 5.796653821e-17 0)
(1.194029851 3.763223401e-16 0)
(1.194029851 5.151967729e-16 0)
(1.194029851 1.902280288e-16 0)
(1.044776119 3.983890253e-17 0)
(1.044776119 -3.205827526e-17 0)
(1.044776119 -2.46231255e-17 0)
(1.044776119 -2.145948165e-17 0)
(1.044776119 1.85169167e-16 0)
(1.044776119 1.046242187e-16 0)
(1.044776119 1.713559764e-16 0)
(1.044776119 2.075439628e-16 0)
(1.044776119 -2.00180354e-16 0)
(1.044776119 -3.332574131e-17 0)
(1.044776119 2.435216415e-16 0)
(1.044776119 1.909610405e-16 0)
(1.044776119 4.321313397e-17 0)
(1.044776119 2.924520899e-16 0)
(1.044776119 2.280104332e-16 0)
(1.044776119 -2.07824264e-16 0)
(1.044776119 -1.323464543e-17 0)
(1.044776119 -1.026998521e-16 0)
(1.044776119 -4.665410266e-16 0)
(1.044776119 -2.978582618e-16 0)
(1.044776119 -5.132829626e-17 0)
(1.044776119 8.601064669e-17 0)
(1.044776119 2.253734252e-16 0)
(1.044776119 2.144395321e-16 0)
(1.044776119 -5.251249839e-17 0)
(1.044776119 -3.430988248e-16 0)
(1.044776119 -3.773163323e-16 0)
(1.044776119 -1.205133669e-16 0)
(1.044776119 -7.064738504e-17 0)
(1.044776119 -2.930828035e-16 0)
(1.044776119 -1.639244284e-16 0)
(1.044776119 -3.159376322e-17 0)
(1.044776119 -6.79129528e-17 0)
(1.044776119 9.243115126e-17 0)
(1.044776119 3.81684043e-16 0)
(1.044776119 -6.851769166e-18 0)
(1.044776119 2.720045837e-17 0)
(1.044776119 -8.848240523e-17 0)
(1.044776119 -1.11557792e-16 0)
(1.044776119 1.584118253e-16 0)
(1.044776119 -2.646488209e-16 0)
(1.044776119 -1.818050545e-17 0)
(1.044776119 1.095173208e-16 0)
(1.044776119 -9.665109501e-17 0)
(1.044776119 -1.7786643e-16 0)
(1.044776119 -7.959417991e-17 0)
(1.044776119 -1.378074036e-16 0)
(1.044776119 -1.05651155e-16 0)
(1.044776119 6.802747237e-17 0)
(1.044776119 6.559487908e-17 0)
(1.044776119 1.320393684e-16 0)
(1.044776119 6.219151482e-17 0)
(1.044776119 8.648017336e-17 0)
(1.044776119 -3.939052146e-17 0)
(1.044776119 -9.828457423e-17 0)
(1.044776119 4.784013264e-16 0)
(1.044776119 3.428274338e-16 0)
(1.044776119 -1.624203422e-16 0)
(1.044776119 -1.398998084e-16 0)
(1.044776119 8.706037187e-17 0)
(1.044776119 7.56464405e-17 0)
(1.044776119 8.160908221e-17 0)
(1.044776119 1.278766133e-16 0)
(1.044776119 -1.922841048e-17 0)
(1.044776119 6.402955132e-17 0)
(1.044776119 7.358625276e-17 0)
(1.044776119 -1.036026725e-16 0)
(1.044776119 1.902962205e-16 0)
(1.044776119 6.522238542e-17 0)
(1.044776119 -1.62073771e-16 0)
(1.044776119 5.612840314e-16 0)
(1.044776119 -1.363446576e-16 0)
(1.044776119 -4.015398997e-16 0)
(1.044776119 3.516381248e-16 0)
(1.044776119 4.456152094e-16 0)
(1.044776119 -3.014891525e-16 0)
(1.044776119 -6.287141176e-16 0)
(1.044776119 4.037408298e-16 0)
(1.044776119 6.170045291e-16 0)
(1.044776119 -8.541572156e-17 0)
(1.044776119 -2.055077093e-16 0)
(1.044776119 -2.795100735e-16 0)
(1.044776119 -3.28702144e-16 0)
(1.044776119 2.388693501e-17 0)
(1.044776119 5.44802367e-16 0)
(1.044776119 -7.575008589e-17 0)
(1.044776119 -3.439364026e-16 0)
(1.044776119 -3.946773622e-16 0)
(1.044776119 5.866829892e-17 0)
(1.044776119 1.088698001e-16 0)
(1.044776119 -1.35076954e-16 0)
(1.044776119 1.398617764e-16 0)
(1.044776119 4.443806461e-16 0)
(1.044776119 4.237661746e-17 0)
(1.044776119 -3.839753851e-16 0)
(1.044776119 3.925224039e-16 0)
(1.044776119 -1.560438455e-16 0)
(1.044776119 -6.335269426e-16 0)
(1.044776119 1.449800346e-18 0)
(1.044776119 4.453424048e-16 0)
(1.044776119 -3.035156183e-16 0)
(1.044776119 -6.458015146e-16 0)
(1.044776119 2.092712798e-16 0)
(1.044776119 5.409010277e-16 0)
(1.044776119 -2.638309671e-16 0)
(1.044776119 -5.395328875e-16 0)
(1.044776119 2.857235851e-16 0)
(1.044776119 4.958994043e-16 0)
(1.044776119 -2.897526383e-16 0)
(1.044776119 -3.308961181e-16 0)
(1.044776119 -2.522629783e-16 0)
(1.044776119 4.966418635e-16 0)
(1.044776119 5.67777483e-16 0)
(1.044776119 -1.50789208e-17 0)
(1.044776119 -1.606175761e-16 0)
(1.044776119 2.972829124e-17 0)
(1.044776119 2.916516083e-16 0)
(1.044776119 2.58543505e-17 0)
(1.044776119 5.36598026e-19 0)
(1.044776119 2.658298661e-16 0)
(1.044776119 2.810751536e-16 0)
(1.044776119 -4.740193625e-16 0)
(1.044776119 -4.535281933e-16 0)
(1.044776119 4.582396456e-16 0)
(1.044776119 1.508302751e-16 0)
(1.044776119 -3.556672059e-16 0)
(1.044776119 -2.255762273e-16 0)
(1.044776119 -4.972302712e-16 0)
(1.044776119 -6.410076327e-17 0)
(1.044776119 -1.333586482e-16 0)
(1.044776119 -8.340629041e-17 0)
(1.044776119 3.605454213e-16 0)
(1.044776119 9.311875429e-17 0)
(1.044776119 1.856713086e-17 0)
(1.044776119 -8.614479265e-16 0)
(1.044776119 2.036452339e-16 0)
(1.044776119 9.991019875e-16 0)
(1.044776119 1.357149968e-16 0)
(1.044776119 -8.034468572e-16 0)
(1.044776119 -9.269397709e-16 0)
(1.044776119 4.163393995e-16 0)
(1.044776119 8.114859759e-16 0)
(1.044776119 4.798623069e-16 0)
(1.044776119 -8.284412966e-16 0)
(1.044776119 -1.52046354e-16 0)
(1.044776119 1.137057135e-15 0)
(1.044776119 2.123274891e-17 0)
(1.044776119 -5.152025163e-17 0)
(1.044776119 6.329215622e-16 0)
(1.044776119 8.267232789e-16 0)
(1.044776119 2.52736663e-16 0)
(1.044776119 -1.345979345e-15 0)
(1.044776119 -6.154551605e-16 0)
(1.044776119 6.47166957e-16 0)
(1.044776119 -6.092076315e-16 0)
(1.044776119 -2.490693802e-16 0)
(1.044776119 4.363018371e-16 0)
(1.044776119 -7.471976201e-17 0)
(1.044776119 -4.492870816e-17 0)
(1.044776119 -4.79335644e-16 0)
(1.044776119 2.370153301e-16 0)
(1.044776119 6.536709411e-17 0)
(1.044776119 -7.522087278e-17 0)
(1.044776119 -4.705436336e-17 0)
(1.044776119 -8.1628487e-17 0)
(1.044776119 -2.429747004e-17 0)
(1.044776119 2.22485863e-16 0)
(1.044776119 8.586868861e-16 0)
(1.044776119 -2.246406218e-16 0)
(1.044776119 2.341149669e-17 0)
(1.044776119 6.192132911e-16 0)
(1.044776119 -1.268670177e-15 0)
(1.044776119 -7.801868264e-16 0)
(1.044776119 2.508617264e-16 0)
(1.044776119 -2.350096602e-16 0)
(1.044776119 -4.503772879e-17 0)
(1.044776119 -1.364032267e-15 0)
(1.044776119 -2.30100408e-16 0)
(1.044776119 1.463072337e-15 0)
(1.044776119 -4.607077334e-16 0)
(1.044776119 5.706649221e-17 0)
(1.044776119 1.114159116e-15 0)
(1.044776119 4.810305964e-16 0)
(1.044776119 3.57795167e-16 0)
(1.044776119 -1.105546701e-15 0)
(1.044776119 -3.400827542e-16 0)
(1.044776119 1.234710969e-15 0)
(1.044776119 7.856756753e-17 0)
(1.044776119 -1.117378659e-15 0)
(1.044776119 -5.261333844e-16 0)
(1.044776119 5.115639691e-16 0)
(1.044776119 7.530611601e-16 0)
(1.044776119 2.950147132e-16 0)
(1.044776119 -5.837595622e-16 0)
(1.044776119 -2.954896014e-16 0)
(1.044776119 -2.719509081e-16 0)
(1.044776119 -2.017713542e-16 0)
(1.044776119 5.360907954e-16 0)
(1.044776119 1.796410525e-16 0)
(1.044776119 1.156593242e-16 0)
(0.8656716418 -2.113586482e-17 0)
(0.8656716418 -1.062295432e-16 0)
(0.8656716418 7.123446766e-17 0)
(0.8656716418 4.073700689e-17 0)
(0.8656716418 -5.505810709e-17 0)
(0.8656716418 -7.250556395e-17 0)
(0.8656716418 2.044336104e-16 0)
(0.8656716418 1.198692654e-16 0)
(0.8656716418 -1.686068207e-16 0)
(0.8656716418 7.652748798e-19 0)
(0.8656716418 1.416050025e-16 0)
(0.8656716418 1.836079631e-16 0)
(0.8656716418 1.930007822e-16 0)
(0.8656716418 2.911551019e-16 0)
(0.8656716418 1.47071373e-16 0)
(0.8656716418 -1.810009673e-16 0)
(0.8656716418 2.669028378e-17 0)
(0.8656716418 -9.964640807e-17 0)
(0.8656716418 -3.916305299e-16 0)
(0.8656716418 -2.924745057e-16 0)
(0.8656716418 3.315863053e-17 0)
(0.8656716418 1.092838267e-16 0)
(0.8656716418 1.391966643e-16 0)
(0.8656716418 1.791479421e-16 0)
(0.8656716418 -2.629870782e-17 0)
(0.8656716418 -2.792669893e-16 0)
(0.8656716418 -3.254644629e-16 0)
(0.8656716418 -8.571484571e-17 0)
(0.8656716418 -1.114003484e-16 0)
(0.8656716418 -3.11996342e-16 0)
(0.8656716418 -1.528713204e-16 0)
(0.8656716418 1.031144806e-16 0)
(0.8656716418 3.141046969e-17 0)
(0.8656716418 7.739974987e-17 0)
(0.8656716418 2.577976378e-16 0)
(0.8656716418 -3.102250354e-17 0)
(0.8656716418 -8.099670242e-18 0)
(0.8656716418 -1.257365396e-16 0)
(0.8656716418 -6.763248533e-17 0)
(0.8656716418 2.173809663e-16 0)
(0.8656716418 -2.592011575e-16 0)
(0.8656716418 4.713858441e-17 0)
(0.8656716418 1.921641604e-16 0)
(0.8656716418 -2.485659501e-17 0)
(0.8656716418 -1.314847905e-16 0)
(0.8656716418 -8.104371098e-17 0)
(0.8656716418 -5.651645988e-17 0)
(0.8656716418 -7.32113999e-17 0)
(0.8656716418 2.191559417e-17 0)
(0.8656716418 -9.666580355e-17 0)
(0.8656716418 4.825989736e-17 0)
(0.8656716418 8.468907029e-17 0)
(0.8656716418 2.567830148e-17 0)
(0.8656716418 1.045274996e-17 0)
(0.8656716418 -4.425403741e-17 0)
(0.8656716418 3.778020547e-16 0)
(0.8656716418 1.853008343e-16 0)
(0.8656716418 -2.241913683e-16 0)
(0.8656716418 -9.254423223e-17 0)
(0.8656716418 2.700108692e-17 0)
(0.8656716418 1.230565374e-16 0)
(0.8656716418 2.04136648e-16 0)
(0.8656716418 7.466201391e-17 0)
(0.8656716418 -1.111934281e-16 0)
(0.8656716418 3.459355293e-17 0)
(0.8656716418 5.461890911e-17 0)
(0.8656716418 -7.681312244e-17 0)
(0.8656716418 2.476709311e-16 0)
(0.8656716418 1.921218242e-16 0)
(0.8656716418 -1.843143431e-16 0)
(0.8656716418 4.493687962e-16 0)
(0.8656716418 -2.2257202e-16 0)
(0.8656716418 -3.870585541e-16 0)
(0.8656716418 3.945146363e-16 0)
(0.8656716418 4.631106707e-16 0)
(0.8656716418 -2.905634326e-16 0)
(0.8656716418 -6.251269537e-16 0)
(0.8656716418 3.991579325e-16 0)
(0.8656716418 5.812669051e-16 0)
(0.8656716418 -4.849918589e-17 0)
(0.8656716418 -1.838326623e-16 0)
(0.8656716418 -2.640167118e-16 0)
(0.8656716418 -2.997792274e-16 0)
(0.8656716418 -1.32369591e-17 0)
(0.8656716418 4.978780965e-16 0)
(0.8656716418 -4.229653299e-21 0)
(0.8656716418 -2.797027543e-16 0)
(0.8656716418 -3.046963873e-16 0)
(0.8656716418 1.61327939e-16 0)
(0.8656716418 1.143967737e-16 0)
(0.8656716418 -1.734441155e-16 0)
(0.8656716418 1.085799886e-16 0)
(0.8656716418 3.921904785e-16 0)
(0.8656716418 -2.314977404e-17 0)
(0.8656716418 -4.059502606e-16 0)
(0.8656716418 2.889236524e-16 0)
(0.8656716418 -1.688063588e-16 0)
(0.8656716418 -5.394204728e-16 0)
(0.8656716418 9.281613862e-17 0)
(0.8656716418 4.461556254e-16 0)
(0.8656716418 -2.605201221e-16 0)
(0.8656716418 -6.46521185e-16 0)
(0.8656716418 2.832184888e-16 0)
(0.8656716418 6.436074677e-16 0)
(0.8656716418 -2.259542271e-16 0)
(0.8656716418 -6.233404799e-16 0)
(0.8656716418 2.619852284e-16 0)
(0.8656716418 4.805027679e-16 0)
(0.8656716418 -3.03441941e-16 0)
(0.8656716418 -2.965523903e-16 0)
(0.8656716418 -2.56923588e-16 0)
(0.8656716418 4.863606009e-16 0)
(0.8656716418 4.957345856e-16 0)
(0.8656716418 -8.452489412e-17 0)
(0.8656716418 -2.300075341e-16 0)
(0.8656716418 -3.624068978e-17 0)
(0.8656716418 2.711823994e-16 0)
(0.8656716418 4.277910655e-17 0)
(0.8656716418 -1.333076194e-16 0)
(0.8656716418 1.788621818e-16 0)
(0.8656716418 3.321999527e-16 0)
(0.8656716418 -3.420538354e-16 0)
(0.8656716418 -3.620124847e-16 0)
(0.8656716418 4.177423378e-16 0)
(0.8656716418 1.058513854e-16 0)
(0.8656716418 -3.144068835e-16 0)
(0.8656716418 -1.610977936e-16 0)
(0.8656716418 -3.374610822e-16 0)
(0.8656716418 1.100571105e-16 0)
(0.8656716418 -2.129988033e-16 0)
(0.8656716418 -2.478757784e-16 0)
(0.8656716418 2.443591489e-16 0)
(0.8656716418 1.002694121e-16 0)
(0.8656716418 1.100989131e-16 0)
(0.8656716418 -8.651330328e-16 0)
(0.8656716418 1.995950108e-16 0)
(0.8656716418 1.094440233e-15 0)
(0.8656716418 2.618538929e-16 0)
(0.8656716418 -8.483510073e-16 0)
(0.8656716418 -9.424246671e-16 0)
(0.8656716418 4.368996853e-16 0)
(0.8656716418 7.646977905e-16 0)
(0.8656716418 3.036197976e-16 0)
(0.8656716418 -9.198160955e-16 0)
(0.8656716418 -1.174560369e-16 0)
(0.8656716418 1.12821806e-15 0)
(0.8656716418 -1.531079758e-16 0)
(0.8656716418 -2.549702938e-16 0)
(0.8656716418 5.830476791e-16 0)
(0.8656716418 8.653826619e-16 0)
(0.8656716418 1.240727868e-16 0)
(0.8656716418 -1.40250231e-15 0)
(0.8656716418 -5.233356749e-16 0)
(0.8656716418 8.212529619e-16 0)
(0.8656716418 -5.334883474e-16 0)
(0.8656716418 -2.718623464e-16 0)
(0.8656716418 4.214711411e-16 0)
(0.8656716418 9.765461603e-17 0)
(0.8656716418 6.521697445e-17 0)
(0.8656716418 -5.166758881e-16 0)
(0.8656716418 2.360884693e-16 0)
(0.8656716418 1.27591159e-16 0)
(0.8656716418 -2.119177475e-17 0)
(0.8656716418 -1.046371859e-16 0)
(0.8656716418 -2.051571458e-16 0)
(0.8656716418 -6.726393035e-17 0)
(0.8656716418 2.218019027e-16 0)
(0.8656716418 8.071447271e-16 0)
(0.8656716418 -2.505944292e-16 0)
(0.8656716418 1.987258035e-18 0)
(0.8656716418 5.980373299e-16 0)
(0.8656716418 -1.153235846e-15 0)
(0.8656716418 -5.954847607e-16 0)
(0.8656716418 3.803962751e-16 0)
(0.8656716418 -1.166577647e-16 0)
(0.8656716418 4.326340204e-17 0)
(0.8656716418 -1.341632209e-15 0)
(0.8656716418 -2.51204051e-16 0)
(0.8656716418 1.410025886e-15 0)
(0.8656716418 -5.881758333e-16 0)
(0.8656716418 -1.002473318e-17 0)
(0.8656716418 1.145751882e-15 0)
(0.8656716418 3.849794793e-16 0)
(0.8656716418 1.935291974e-16 0)
(0.8656716418 -1.220213853e-15 0)
(0.8656716418 -2.334120297e-16 0)
(0.8656716418 1.269834733e-15 0)
(0.8656716418 1.101697067e-16 0)
(0.8656716418 -1.023486356e-15 0)
(0.8656716418 -5.797778368e-16 0)
(0.8656716418 4.974581962e-16 0)
(0.8656716418 7.667035738e-16 0)
(0.8656716418 2.087572814e-16 0)
(0.8656716418 -5.468302748e-16 0)
(0.8656716418 -1.243428002e-16 0)
(0.8656716418 -2.179873534e-16 0)
(0.8656716418 -2.602396813e-16 0)
(0.8656716418 4.438202709e-16 0)
(0.8656716418 1.680861632e-16 0)
(0.8656716418 1.771322339e-16 0)
(0.6567164179 -7.775935263e-17 0)
(0.6567164179 -1.420656734e-16 0)
(0.6567164179 7.232311726e-17 0)
(0.6567164179 4.155407427e-17 0)
(0.6567164179 -1.613117391e-16 0)
(0.6567164179 -2.488418741e-16 0)
(0.6567164179 1.463067213e-16 0)
(0.6567164179 2.102306572e-16 0)
(0.6567164179 -1.490201826e-16 0)
(0.6567164179 -3.863598016e-17 0)
(0.6567164179 1.420199523e-16 0)
(0.6567164179 3.174642514e-17 0)
(0.6567164179 1.246099377e-16 0)
(0.6567164179 2.978921047e-16 0)
(0.6567164179 6.471889171e-17 0)
(0.6567164179 -1.74041822e-16 0)
(0.6567164179 1.541553886e-16 0)
(0.6567164179 -1.481898648e-16 0)
(0.6567164179 -3.83832852e-16 0)
(0.6567164179 -1.297991338e-16 0)
(0.6567164179 9.506093073e-17 0)
(0.6567164179 4.763344183e-17 0)
(0.6567164179 2.107672104e-16 0)
(0.6567164179 1.565531155e-16 0)
(0.6567164179 -1.88235392e-16 0)
(0.6567164179 -2.972174673e-16 0)
(0.6567164179 -2.071902546e-16 0)
(0.6567164179 3.510606074e-17 0)
(0.6567164179 -1.406422342e-16 0)
(0.6567164179 -3.392916771e-16 0)
(0.6567164179 -1.54133004e-16 0)
(0.6567164179 1.011009114e-16 0)
(0.6567164179 2.044635191e-16 0)
(0.6567164179 1.593940975e-16 0)
(0.6567164179 1.39066026e-16 0)
(0.6567164179 -1.947817949e-16 0)
(0.6567164179 -6.327338703e-17 0)
(0.6567164179 -1.008593287e-16 0)
(0.6567164179 1.263060059e-16 0)
(0.6567164179 3.0187161e-16 0)
(0.6567164179 -3.120001062e-16 0)
(0.6567164179 -1.74762843e-17 0)
(0.6567164179 1.378412138e-16 0)
(0.6567164179 -3.810597407e-17 0)
(0.6567164179 -7.248936668e-17 0)
(0.6567164179 8.871601951e-17 0)
(0.6567164179 3.656636004e-17 0)
(0.6567164179 -1.670242123e-16 0)
(0.6567164179 4.025642233e-17 0)
(0.6567164179 -2.373781931e-16 0)
(0.6567164179 -5.217436894e-17 0)
(0.6567164179 2.059646845e-16 0)
(0.6567164179 -4.985087136e-17 0)
(0.6567164179 -3.995305148e-17 0)
(0.6567164179 9.755262406e-17 0)
(0.6567164179 3.754722127e-16 0)
(0.6567164179 -3.549685392e-17 0)
(0.6567164179 -2.263763863e-16 0)
(0.6567164179 -4.371285706e-17 0)
(0.6567164179 1.285275338e-17 0)
(0.6567164179 1.608841579e-16 0)
(0.6567164179 5.246342249e-17 0)
(0.6567164179 -1.19713466e-17 0)
(0.6567164179 -4.301891882e-17 0)
(0.6567164179 2.006504697e-17 0)
(0.6567164179 1.2275427e-16 0)
(0.6567164179 2.689769791e-17 0)
(0.6567164179 2.531389288e-16 0)
(0.6567164179 1.466630548e-16 0)
(0.6567164179 -2.120541103e-16 0)
(0.6567164179 1.897366353e-16 0)
(0.6567164179 -2.603747657e-16 0)
(0.6567164179 -2.166653695e-16 0)
(0.6567164179 3.257533838e-16 0)
(0.6567164179 4.083946044e-16 0)
(0.6567164179 -2.644889386e-16 0)
(0.6567164179 -5.565751382e-16 0)
(0.6567164179 4.469060365e-16 0)
(0.6567164179 3.6470085e-16 0)
(0.6567164179 -6.482420945e-17 0)
(0.6567164179 -3.218660838e-17 0)
(0.6567164179 -2.153349603e-16 0)
(0.6567164179 -1.75077537e-16 0)
(0.6567164179 2.439208531e-17 0)
(0.6567164179 2.011648854e-16 0)
(0.6567164179 5.390476105e-17 0)
(0.6567164179 -1.828420137e-16 0)
(0.6567164179 -2.920951911e-16 0)
(0.6567164179 3.220901724e-16 0)
(0.6567164179 2.626009886e-16 0)
(0.6567164179 -2.528930594e-16 0)
(0.6567164179 -6.046461857e-17 0)
(0.6567164179 3.312827366e-16 0)
(0.6567164179 5.965069655e-17 0)
(0.6567164179 -4.274432983e-16 0)
(0.6567164179 8.431423129e-17 0)
(0.6567164179 -1.031368033e-16 0)
(0.6567164179 -3.306459796e-16 0)
(0.6567164179 2.854527088e-16 0)
(0.6567164179 1.71364786e-16 0)
(0.6567164179 -3.699097672e-16 0)
(0.6567164179 -3.40125123e-16 0)
(0.6567164179 3.603863743e-16 0)
(0.6567164179 4.379264186e-16 0)
(0.6567164179 -1.296982349e-16 0)
(0.6567164179 -4.408523667e-16 0)
(0.6567164179 1.714074754e-16 0)
(0.6567164179 2.333354022e-16 0)
(0.6567164179 -2.075209885e-16 0)
(0.6567164179 -2.246799894e-16 0)
(0.6567164179 -1.362546229e-17 0)
(0.6567164179 4.971120806e-16 0)
(0.6567164179 1.147146546e-16 0)
(0.6567164179 -1.306847525e-16 0)
(0.6567164179 -3.097389639e-16 0)
(0.6567164179 -2.047078108e-17 0)
(0.6567164179 2.728958036e-16 0)
(0.6567164179 -7.427980486e-17 0)
(0.6567164179 -1.714490387e-16 0)
(0.6567164179 2.24373371e-16 0)
(0.6567164179 2.756270968e-16 0)
(0.6567164179 -2.096136053e-16 0)
(0.6567164179 -2.75942419e-16 0)
(0.6567164179 1.616752527e-16 0)
(0.6567164179 6.329644588e-17 0)
(0.6567164179 -8.609062728e-17 0)
(0.6567164179 2.297587813e-18 0)
(0.6567164179 -1.305698241e-16 0)
(0.6567164179 9.2860537e-17 0)
(0.6567164179 -2.692118122e-16 0)
(0.6567164179 -2.909685914e-16 0)
(0.6567164179 1.673816482e-16 0)
(0.6567164179 9.408265823e-17 0)
(0.6567164179 1.499532543e-17 0)
(0.6567164179 -6.573694184e-16 0)
(0.6567164179 2.384547797e-16 0)
(0.6567164179 9.110511408e-16 0)
(0.6567164179 1.830568526e-16 0)
(0.6567164179 -5.767559168e-16 0)
(0.6567164179 -8.171537896e-16 0)
(0.6567164179 2.743431046e-16 0)
(0.6567164179 7.033616881e-16 0)
(0.6567164179 4.398359468e-17 0)
(0.6567164179 -8.020135264e-16 0)
(0.6567164179 -5.450334171e-17 0)
(0.6567164179 9.503436022e-16 0)
(0.6567164179 -2.08698786e-16 0)
(0.6567164179 -2.885967387e-16 0)
(0.6567164179 3.017885155e-16 0)
(0.6567164179 7.309571429e-16 0)
(0.6567164179 4.055290032e-16 0)
(0.6567164179 -1.317355136e-15 0)
(0.6567164179 -5.10025408e-16 0)
(0.6567164179 7.370145265e-16 0)
(0.6567164179 -3.78992823e-16 0)
(0.6567164179 -1.244920557e-16 0)
(0.6567164179 4.643897953e-16 0)
(0.6567164179 -2.831796249e-17 0)
(0.6567164179 1.210975963e-16 0)
(0.6567164179 -2.970580709e-16 0)
(0.6567164179 1.320226823e-16 0)
(0.6567164179 8.83655667e-17 0)
(0.6567164179 -5.586440407e-17 0)
(0.6567164179 -8.217741296e-17 0)
(0.6567164179 -2.18040043e-16 0)
(0.6567164179 2.704524642e-16 0)
(0.6567164179 2.004895153e-16 0)
(0.6567164179 3.622575924e-16 0)
(0.6567164179 -1.008088569e-16 0)
(0.6567164179 -2.551471855e-16 0)
(0.6567164179 4.020796235e-16 0)
(0.6567164179 -5.791387304e-16 0)
(0.6567164179 -3.996310099e-16 0)
(0.6567164179 2.559598767e-16 0)
(0.6567164179 -1.426336579e-16 0)
(0.6567164179 9.187184018e-17 0)
(0.6567164179 -1.16077418e-15 0)
(0.6567164179 -1.801082654e-16 0)
(0.6567164179 1.314133242e-15 0)
(0.6567164179 -3.874995951e-16 0)
(0.6567164179 -5.346034971e-17 0)
(0.6567164179 9.188549064e-16 0)
(0.6567164179 4.161283024e-17 0)
(0.6567164179 -8.124812422e-17 0)
(0.6567164179 -7.507113592e-16 0)
(0.6567164179 -1.043502611e-16 0)
(0.6567164179 9.654901566e-16 0)
(0.6567164179 4.860351732e-17 0)
(0.6567164179 -6.688401901e-16 0)
(0.6567164179 -6.41984524e-16 0)
(0.6567164179 3.103248606e-16 0)
(0.6567164179 7.182750007e-16 0)
(0.6567164179 2.150781932e-16 0)
(0.6567164179 -2.263132818e-16 0)
(0.6567164179 -3.248480462e-16 0)
(0.6567164179 -2.765060652e-16 0)
(0.6567164179 -1.239796941e-16 0)
(0.6567164179 1.670702068e-16 0)
(0.6567164179 3.751274096e-16 0)
(0.6567164179 4.745245314e-16 0)
(0.4179104478 2.048087141e-16 0)
(0.4179104478 -6.082502648e-17 0)
(0.4179104478 9.068785242e-18 0)
(0.4179104478 -7.543176998e-17 0)
(0.4179104478 -2.018225516e-16 0)
(0.4179104478 -2.383753748e-16 0)
(0.4179104478 1.336167073e-16 0)
(0.4179104478 2.892326995e-16 0)
(0.4179104478 -9.09528254e-17 0)
(0.4179104478 -2.143764939e-17 0)
(0.4179104478 8.434408128e-17 0)
(0.4179104478 -3.152992215e-17 0)
(0.4179104478 5.799749635e-17 0)
(0.4179104478 2.428634253e-16 0)
(0.4179104478 -9.096158845e-18 0)
(0.4179104478 -1.535301157e-16 0)
(0.4179104478 1.071518222e-16 0)
(0.4179104478 -1.639318999e-16 0)
(0.4179104478 -2.511725656e-16 0)
(0.4179104478 -3.123415198e-17 0)
(0.4179104478 1.614174013e-16 0)
(0.4179104478 6.622161604e-17 0)
(0.4179104478 9.430982146e-17 0)
(0.4179104478 1.164954415e-16 0)
(0.4179104478 -1.209448122e-16 0)
(0.4179104478 -2.188688209e-16 0)
(0.4179104478 -2.240865884e-16 0)
(0.4179104478 4.34926681e-17 0)
(0.4179104478 -5.363618129e-17 0)
(0.4179104478 -3.56759859e-16 0)
(0.4179104478 -9.198957767e-17 0)
(0.4179104478 1.780103342e-16 0)
(0.4179104478 1.74147986e-16 0)
(0.4179104478 1.200470731e-16 0)
(0.4179104478 1.164330903e-16 0)
(0.4179104478 -2.62321717e-16 0)
(0.4179104478 -8.645327153e-17 0)
(0.4179104478 3.554439155e-17 0)
(0.4179104478 1.378621794e-16 0)
(0.4179104478 2.730632749e-16 0)
(0.4179104478 -3.208851915e-16 0)
(0.4179104478 -7.02995334e-17 0)
(0.4179104478 1.348607758e-16 0)
(0.4179104478 -2.29191248e-17 0)
(0.4179104478 -8.157655599e-17 0)
(0.4179104478 1.403141053e-17 0)
(0.4179104478 1.225271335e-16 0)
(0.4179104478 -5.317959295e-17 0)
(0.4179104478 -7.052570151e-17 0)
(0.4179104478 -1.556968071e-16 0)
(0.4179104478 4.252920482e-17 0)
(0.4179104478 1.068645637e-16 0)
(0.4179104478 -7.048656146e-18 0)
(0.4179104478 -1.46738462e-17 0)
(0.4179104478 -1.182075391e-17 0)
(0.4179104478 2.258736587e-16 0)
(0.4179104478 9.027087431e-17 0)
(0.4179104478 -2.096988607e-16 0)
(0.4179104478 -2.216225444e-17 0)
(0.4179104478 -1.58820571e-17 0)
(0.4179104478 -4.897371707e-18 0)
(0.4179104478 1.356288088e-16 0)
(0.4179104478 4.568157618e-17 0)
(0.4179104478 -1.216723865e-16 0)
(0.4179104478 7.516100764e-18 0)
(0.4179104478 8.90556557e-17 0)
(0.4179104478 6.434012242e-17 0)
(0.4179104478 2.138315681e-16 0)
(0.4179104478 -6.431097924e-17 0)
(0.4179104478 -2.039308118e-16 0)
(0.4179104478 1.780163286e-16 0)
(0.4179104478 -2.88442447e-16 0)
(0.4179104478 -1.378543524e-16 0)
(0.4179104478 4.025881685e-16 0)
(0.4179104478 1.373255097e-16 0)
(0.4179104478 -3.419947877e-16 0)
(0.4179104478 -2.364955057e-16 0)
(0.4179104478 4.172119655e-16 0)
(0.4179104478 2.408759363e-16 0)
(0.4179104478 -6.373926564e-18 0)
(0.4179104478 1.39492121e-16 0)
(0.4179104478 -1.536497372e-16 0)
(0.4179104478 -3.765847316e-16 0)
(0.4179104478 -2.565084688e-17 0)
(0.4179104478 3.220652362e-16 0)
(0.4179104478 -3.323042553e-17 0)
(0.4179104478 -1.286620712e-16 0)
(0.4179104478 -8.189665539e-17 0)
(0.4179104478 2.138249034e-16 0)
(0.4179104478 9.419319917e-17 0)
(0.4179104478 -2.058282078e-16 0)
(0.4179104478 -1.865594664e-16 0)
(0.4179104478 2.098137716e-16 0)
(0.4179104478 1.744243933e-16 0)
(0.4179104478 -1.845765229e-16 0)
(0.4179104478 1.526883594e-16 0)
(0.4179104478 -9.199032783e-17 0)
(0.4179104478 -2.711658689e-16 0)
(0.4179104478 -1.952893886e-17 0)
(0.4179104478 3.053203221e-16 0)
(0.4179104478 -1.98105238e-17 0)
(0.4179104478 -4.575645214e-16 0)
(0.4179104478 9.144379532e-17 0)
(0.4179104478 3.364136358e-16 0)
(0.4179104478 -1.969198558e-17 0)
(0.4179104478 -1.994305095e-16 0)
(0.4179104478 6.372418252e-17 0)
(0.4179104478 1.49132669e-16 0)
(0.4179104478 -8.25303837e-17 0)
(0.4179104478 -1.315637494e-16 0)
(0.4179104478 -2.933323832e-16 0)
(0.4179104478 3.418374e-16 0)
(0.4179104478 2.958601694e-16 0)
(0.4179104478 -1.787851595e-16 0)
(0.4179104478 -1.494020734e-16 0)
(0.4179104478 -1.559410694e-16 0)
(0.4179104478 9.131537422e-17 0)
(0.4179104478 1.27546429e-16 0)
(0.4179104478 -7.227402098e-17 0)
(0.4179104478 -6.7435407e-17 0)
(0.4179104478 1.227634434e-16 0)
(0.4179104478 -1.681022922e-16 0)
(0.4179104478 -1.89525433e-16 0)
(0.4179104478 2.873656485e-16 0)
(0.4179104478 1.770798121e-16 0)
(0.4179104478 -3.241736138e-17 0)
(0.4179104478 -2.561028372e-17 0)
(0.4179104478 -1.547086224e-16 0)
(0.4179104478 1.464225174e-16 0)
(0.4179104478 -2.313904349e-16 0)
(0.4179104478 -1.896732059e-16 0)
(0.4179104478 1.522056551e-16 0)
(0.4179104478 -5.378895315e-17 0)
(0.4179104478 1.763455225e-16 0)
(0.4179104478 -5.430437671e-16 0)
(0.4179104478 9.495002957e-17 0)
(0.4179104478 8.953521813e-16 0)
(0.4179104478 2.244375029e-16 0)
(0.4179104478 -6.688787007e-16 0)
(0.4179104478 -6.692352866e-16 0)
(0.4179104478 2.479249396e-16 0)
(0.4179104478 4.395584446e-16 0)
(0.4179104478 1.900627679e-16 0)
(0.4179104478 -7.418594945e-16 0)
(0.4179104478 -1.426242011e-16 0)
(0.4179104478 9.010002054e-16 0)
(0.4179104478 -2.014621423e-16 0)
(0.4179104478 -4.431371714e-16 0)
(0.4179104478 4.715155932e-16 0)
(0.4179104478 6.130290188e-16 0)
(0.4179104478 1.063303427e-17 0)
(0.4179104478 -8.953792892e-16 0)
(0.4179104478 -2.852512168e-16 0)
(0.4179104478 6.314574942e-16 0)
(0.4179104478 -3.823859552e-16 0)
(0.4179104478 -1.281269086e-16 0)
(0.4179104478 3.924133644e-16 0)
(0.4179104478 8.199175852e-17 0)
(0.4179104478 1.38843724e-16 0)
(0.4179104478 -3.619553067e-16 0)
(0.4179104478 1.434113259e-16 0)
(0.4179104478 1.591179443e-16 0)
(0.4179104478 9.362675747e-17 0)
(0.4179104478 -1.241274354e-16 0)
(0.4179104478 -2.102635535e-16 0)
(0.4179104478 -1.458827621e-16 0)
(0.4179104478 1.63218792e-16 0)
(0.4179104478 6.611126192e-16 0)
(0.4179104478 -2.837768405e-16 0)
(0.4179104478 -1.149915786e-16 0)
(0.4179104478 4.153113877e-16 0)
(0.4179104478 -7.256463658e-16 0)
(0.4179104478 -2.810106241e-16 0)
(0.4179104478 5.833630951e-16 0)
(0.4179104478 -3.881833707e-19 0)
(0.4179104478 -4.425301578e-17 0)
(0.4179104478 -8.462611006e-16 0)
(0.4179104478 -4.277047371e-17 0)
(0.4179104478 9.914462452e-16 0)
(0.4179104478 -5.264488857e-16 0)
(0.4179104478 -1.288734379e-16 0)
(0.4179104478 7.369962901e-16 0)
(0.4179104478 1.059816601e-16 0)
(0.4179104478 -7.17107561e-17 0)
(0.4179104478 -8.684125588e-16 0)
(0.4179104478 5.016206635e-18 0)
(0.4179104478 9.838357754e-16 0)
(0.4179104478 -5.408447487e-17 0)
(0.4179104478 -7.057721994e-16 0)
(0.4179104478 -1.24304729e-16 0)
(0.4179104478 3.131860592e-16 0)
(0.4179104478 2.420225219e-16 0)
(0.4179104478 1.77913023e-16 0)
(0.4179104478 -2.602784759e-16 0)
(0.4179104478 -1.828616384e-17 0)
(0.4179104478 -2.834796481e-16 0)
(0.4179104478 -3.282679379e-16 0)
(0.4179104478 3.971955399e-16 0)
(0.4179104478 2.183109514e-16 0)
(0.4179104478 2.144539412e-16 0)
(0.1492537313 6.253878754e-17 0)
(0.1492537313 8.145686518e-18 0)
(0.1492537313 2.156462854e-17 0)
(0.1492537313 -4.042931178e-17 0)
(0.1492537313 -1.027337436e-16 0)
(0.1492537313 -1.028373995e-16 0)
(0.1492537313 8.277031359e-17 0)
(0.1492537313 1.311218919e-16 0)
(0.1492537313 -3.144541436e-17 0)
(0.1492537313 -2.367469551e-17 0)
(0.1492537313 1.798043335e-17 0)
(0.1492537313 -2.116048683e-17 0)
(0.1492537313 1.903135252e-17 0)
(0.1492537313 1.01463205e-16 0)
(0.1492537313 -1.710436906e-17 0)
(0.1492537313 -5.514725021e-17 0)
(0.1492537313 8.262209393e-17 0)
(0.1492537313 -7.30885477e-17 0)
(0.1492537313 -1.192503148e-16 0)
(0.1492537313 3.563484454e-17 0)
(0.1492537313 8.423835571e-17 0)
(0.1492537313 -7.273062979e-18 0)
(0.1492537313 4.868022761e-17 0)
(0.1492537313 6.087074031e-17 0)
(0.1492537313 -5.30517055e-17 0)
(0.1492537313 -1.011241351e-16 0)
(0.1492537313 -1.119740817e-16 0)
(0.1492537313 4.853664655e-17 0)
(0.1492537313 1.14893376e-19 0)
(0.1492537313 -1.806530848e-16 0)
(0.1492537313 -3.881566741e-17 0)
(0.1492537313 9.300557627e-17 0)
(0.1492537313 5.489886259e-17 0)
(0.1492537313 6.798004785e-17 0)
(0.1492537313 6.314606538e-17 0)
(0.1492537313 -1.891912426e-16 0)
(0.1492537313 -2.50985244e-17 0)
(0.1492537313 2.520307681e-17 0)
(0.1492537313 6.130075135e-17 0)
(0.1492537313 1.58859361e-16 0)
(0.1492537313 -1.775068366e-16 0)
(0.1492537313 -1.601736177e-17 0)
(0.1492537313 5.149393022e-17 0)
(0.1492537313 -3.210651054e-17 0)
(0.1492537313 -4.451527603e-17 0)
(0.1492537313 1.959521263e-17 0)
(0.1492537313 7.452874103e-17 0)
(0.1492537313 5.505667907e-18 0)
(0.1492537313 -1.833660247e-17 0)
(0.1492537313 -7.981163912e-17 0)
(0.1492537313 3.284857563e-17 0)
(0.1492537313 4.713962325e-17 0)
(0.1492537313 4.321581017e-18 0)
(0.1492537313 -6.156777553e-18 0)
(0.1492537313 -4.337761108e-17 0)
(0.1492537313 8.416512466e-17 0)
(0.1492537313 4.153373135e-17 0)
(0.1492537313 -8.002498077e-17 0)
(0.1492537313 -7.198524008e-18 0)
(0.1492537313 -4.264374454e-18 0)
(0.1492537313 -4.975049364e-17 0)
(0.1492537313 6.869965989e-17 0)
(0.1492537313 4.515136571e-17 0)
(0.1492537313 -7.473167521e-17 0)
(0.1492537313 3.278601758e-18 0)
(0.1492537313 1.816161936e-17 0)
(0.1492537313 3.285439721e-17 0)
(0.1492537313 8.610101921e-17 0)
(0.1492537313 -3.127073785e-17 0)
(0.1492537313 -9.030402315e-17 0)
(0.1492537313 1.029521847e-16 0)
(0.1492537313 -1.547832527e-16 0)
(0.1492537313 -2.886813395e-17 0)
(0.1492537313 2.441718534e-16 0)
(0.1492537313 -1.789455284e-17 0)
(0.1492537313 -2.094821265e-16 0)
(0.1492537313 -4.232184802e-17 0)
(0.1492537313 2.574650182e-16 0)
(0.1492537313 4.890467096e-17 0)
(0.1492537313 -3.36376954e-17 0)
(0.1492537313 2.337408241e-17 0)
(0.1492537313 -7.554844823e-17 0)
(0.1492537313 -1.627418614e-16 0)
(0.1492537313 1.140428575e-17 0)
(0.1492537313 1.978491365e-16 0)
(0.1492537313 -7.306005115e-17 0)
(0.1492537313 -6.845678139e-17 0)
(0.1492537313 -2.170059362e-17 0)
(0.1492537313 1.309353721e-16 0)
(0.1492537313 2.915689383e-17 0)
(0.1492537313 -1.238260754e-16 0)
(0.1492537313 -1.219178649e-16 0)
(0.1492537313 7.445629638e-17 0)
(0.1492537313 1.358509436e-16 0)
(0.1492537313 -2.778674742e-17 0)
(0.1492537313 9.820571582e-17 0)
(0.1492537313 -5.753623809e-17 0)
(0.1492537313 -1.107434798e-16 0)
(0.1492537313 -2.935137905e-17 0)
(0.1492537313 1.253785884e-16 0)
(0.1492537313 7.514142348e-17 0)
(0.1492537313 -2.058723692e-16 0)
(0.1492537313 4.570848805e-17 0)
(0.1492537313 1.032934299e-16 0)
(0.1492537313 -2.88913769e-17 0)
(0.1492537313 -3.654128024e-17 0)
(0.1492537313 5.381179432e-17 0)
(0.1492537313 2.383916709e-17 0)
(0.1492537313 -6.673159359e-17 0)
(0.1492537313 2.601034999e-17 0)
(0.1492537313 -1.849107498e-16 0)
(0.1492537313 9.745806895e-17 0)
(0.1492537313 1.102221735e-16 0)
(0.1492537313 -3.536714744e-17 0)
(0.1492537313 -3.004890103e-18 0)
(0.1492537313 -7.577520645e-17 0)
(0.1492537313 -1.085906906e-17 0)
(0.1492537313 6.29166484e-17 0)
(0.1492537313 2.592976443e-17 0)
(0.1492537313 -6.540651045e-17 0)
(0.1492537313 -1.834730296e-17 0)
(0.1492537313 -1.092381764e-16 0)
(0.1492537313 -5.529141318e-17 0)
(0.1492537313 2.233279276e-16 0)
(0.1492537313 5.530619021e-17 0)
(0.1492537313 -5.242110338e-17 0)
(0.1492537313 4.871657338e-17 0)
(0.1492537313 -1.110550968e-16 0)
(0.1492537313 6.793020191e-17 0)
(0.1492537313 -8.010804542e-17 0)
(0.1492537313 -2.082031248e-17 0)
(0.1492537313 1.051532427e-16 0)
(0.1492537313 -1.330559472e-16 0)
(0.1492537313 1.071454407e-16 0)
(0.1492537313 -2.621817693e-16 0)
(0.1492537313 -7.589575768e-18 0)
(0.1492537313 4.032907791e-16 0)
(0.1492537313 8.874895914e-17 0)
(0.1492537313 -3.104728593e-16 0)
(0.1492537313 -2.570668358e-16 0)
(0.1492537313 1.960467194e-16 0)
(0.1492537313 1.558844368e-16 0)
(0.1492537313 1.165798548e-16 0)
(0.1492537313 -3.813557502e-16 0)
(0.1492537313 -1.433632465e-16 0)
(0.1492537313 4.650031176e-16 0)
(0.1492537313 -8.574013835e-17 0)
(0.1492537313 -2.287429007e-16 0)
(0.1492537313 2.819326837e-16 0)
(0.1492537313 2.503510354e-16 0)
(0.1492537313 -6.858268307e-17 0)
(0.1492537313 -4.071936906e-16 0)
(0.1492537313 -1.388885653e-16 0)
(0.1492537313 3.222600306e-16 0)
(0.1492537313 -2.047730502e-16 0)
(0.1492537313 2.529738911e-18 0)
(0.1492537313 2.35673617e-16 0)
(0.1492537313 -1.463182881e-17 0)
(0.1492537313 7.810612021e-17 0)
(0.1492537313 -2.014488428e-16 0)
(0.1492537313 4.01250998e-17 0)
(0.1492537313 5.345597969e-18 0)
(0.1492537313 4.712111565e-17 0)
(0.1492537313 7.859219373e-18 0)
(0.1492537313 -4.350809406e-17 0)
(0.1492537313 -9.827173039e-17 0)
(0.1492537313 3.563775984e-17 0)
(0.1492537313 4.068549365e-16 0)
(0.1492537313 -1.957793776e-16 0)
(0.1492537313 -9.939656067e-17 0)
(0.1492537313 2.142452784e-16 0)
(0.1492537313 -4.240257475e-16 0)
(0.1492537313 -3.470830056e-17 0)
(0.1492537313 4.349274354e-16 0)
(0.1492537313 -5.304511587e-17 0)
(0.1492537313 -1.010881708e-17 0)
(0.1492537313 -4.123525159e-16 0)
(0.1492537313 -2.889711361e-17 0)
(0.1492537313 4.9729128e-16 0)
(0.1492537313 -3.614402792e-16 0)
(0.1492537313 -2.272871489e-17 0)
(0.1492537313 4.036745635e-16 0)
(0.1492537313 -4.730722812e-17 0)
(0.1492537313 -5.252782332e-18 0)
(0.1492537313 -4.616537045e-16 0)
(0.1492537313 -4.183850432e-17 0)
(0.1492537313 4.705438054e-16 0)
(0.1492537313 -1.079052276e-16 0)
(0.1492537313 -3.272971846e-16 0)
(0.1492537313 1.163761814e-16 0)
(0.1492537313 2.114134514e-16 0)
(0.1492537313 -6.067097015e-18 0)
(0.1492537313 7.799009322e-17 0)
(0.1492537313 -1.285425351e-16 0)
(0.1492537313 6.234653645e-18 0)
(0.1492537313 -1.844333044e-16 0)
(0.1492537313 -1.529061977e-16 0)
(0.1492537313 3.207637444e-16 0)
(0.1492537313 5.25897275e-17 0)
(0.1492537313 -2.907385381e-17 0)
)
;

boundaryField
{
    inlet
    {
        type            cyclic;
    }
    outlet
    {
        type            cyclic;
    }
    topWall
    {
        type            fixedValue;
        value           uniform (0 0 0);
    }
    bottomWall
    {
        type            fixedValue;
        value           uniform (0 0 0);
    }
    frontAndBack
    {
        type            empty;
    }
}


// ************************************************************************* //
